N,cid,n_core,lifespan,c_max,n_consciousness,n_ingestions
500,0,5,21500.0,33,0,0
500,2,3,25000.0,21,0,0
500,12,4,19000.0,30,1,1
500,13,5,25000.0,51,4,4
500,14,5,25000.0,32,0,0
500,19,5,25000.0,37,1,1
500,20,2,16500.0,12,0,0
500,26,6,6000.0,41,0,0
500,27,5,25000.0,30,0,0
500,28,5,25000.0,35,1,1
500,35,2,6500.0,12,0,0
500,43,2,1500.0,10,1,1
500,57,5,25000.0,38,2,2
500,65,2,2000.0,11,0,0
500,67,5,25000.0,37,0,0
500,68,5,19500.0,37,0,0
500,76,2,3000.0,13,0,0
500,84,2,1000.0,6,0,0
500,89,3,1500.0,8,0,0
500,91,2,1500.0,9,0,0
500,94,3,2500.0,12,0,0
500,95,5,2500.0,22,0,0
500,96,2,2000.0,7,0,0
500,98,2,2500.0,10,0,0
500,100,2,2000.0,9,1,1
500,102,2,2000.0,10,0,0
500,103,2,2500.0,9,0,0
500,105,5,25000.0,23,1,1
500,107,3,3000.0,10,0,0
500,108,5,4500.0,25,0,0
500,109,2,3500.0,10,0,0
500,110,2,3500.0,8,0,0
500,112,3,9000.0,18,0,0
500,113,2,8000.0,9,0,0
500,115,2,7500.0,9,0,0
500,117,5,25000.0,32,0,0
500,119,5,25000.0,22,0,0
500,120,5,6500.0,33,0,0
500,123,2,5500.0,11,0,0
500,124,5,23500.0,23,0,0
500,125,2,6000.0,9,0,0
500,126,2,7500.0,10,0,0
500,127,2,7500.0,11,0,0
500,130,2,6000.0,9,0,0
500,131,2,6500.0,9,0,0
500,132,2,6500.0,10,0,0
500,133,2,7500.0,9,0,0
500,136,5,25000.0,30,0,0
500,137,5,14000.0,19,0,0
500,138,4,25000.0,18,0,0
500,139,5,7500.0,23,0,0
500,140,5,10000.0,19,0,0
500,142,2,11500.0,11,0,0
500,146,5,8500.0,33,0,0
500,147,2,9500.0,10,0,0
500,148,2,8500.0,9,0,0
500,152,2,8500.0,11,0,0
500,157,2,8500.0,11,0,0
500,158,5,14000.0,21,0,0
500,159,5,25000.0,23,0,0
500,160,5,25000.0,23,0,0
500,161,2,9000.0,10,0,0
500,162,2,9000.0,10,0,0
500,163,2,9000.0,10,0,0
500,165,4,25000.0,19,0,0
500,166,5,25000.0,24,0,0
500,167,3,10500.0,14,0,0
500,168,5,25000.0,26,0,0
500,169,5,12500.0,29,0,0
500,172,2,11500.0,12,0,0
500,174,2,11000.0,10,0,0
500,176,5,25000.0,33,0,0
500,181,2,13000.0,11,0,0
500,183,2,12500.0,11,0,0
500,185,5,19000.0,20,0,0
500,186,3,13500.0,17,0,0
500,188,2,14000.0,13,0,0
500,189,4,15500.0,22,0,0
500,193,2,16500.0,10,0,0
500,194,7,25000.0,29,0,0
500,196,2,14500.0,10,0,0
500,198,2,15500.0,11,0,0
500,200,2,14500.0,12,0,0
500,203,5,15000.0,25,0,0
500,205,2,15000.0,10,0,0
500,207,2,16000.0,10,0,0
500,211,5,25000.0,22,0,0
500,212,5,25000.0,27,0,0
500,215,5,25000.0,23,0,0
500,216,4,25000.0,26,0,0
500,217,5,21500.0,25,0,0
500,219,5,25000.0,28,0,0
500,220,5,18500.0,32,0,0
500,221,4,22000.0,27,0,0
500,222,3,19000.0,18,0,0
500,224,2,19000.0,11,0,0
500,226,2,19000.0,12,0,0
500,227,5,20000.0,25,0,0
500,228,5,24500.0,26,0,0
500,232,2,20500.0,9,0,0
500,233,2,21000.0,11,0,0
500,234,4,25000.0,25,0,0
500,235,2,25000.0,10,0,0
500,237,2,21000.0,10,0,0
500,240,2,21000.0,12,0,0
500,246,2,22000.0,11,0,0
500,248,5,25000.0,25,0,0
500,249,5,25000.0,26,0,0
500,250,4,25000.0,25,0,0
500,251,5,25000.0,33,0,0
500,252,2,23000.0,12,0,0
500,257,2,23000.0,10,0,0
500,258,2,24000.0,10,0,0
500,261,5,25000.0,25,0,0
500,265,2,25000.0,12,0,0
500,269,2,25000.0,11,0,0
500,270,2,25000.0,13,0,0
500,272,5,25000.0,24,0,0
500,279,3,25000.0,18,0,0
500,14,3,1000.0,6,0,0
500,19,2,3500.0,13,1,1
500,29,2,3500.0,12,2,2
500,30,5,25000.0,40,1,1
500,31,5,19000.0,41,1,1
500,54,5,25000.0,39,1,1
500,63,4,22000.0,29,0,0
500,65,3,25000.0,24,1,1
500,66,5,25000.0,38,1,1
500,69,4,25000.0,31,1,1
500,71,4,3000.0,25,2,2
500,72,3,3000.0,20,2,2
500,76,5,1000.0,7,0,0
500,84,2,2000.0,9,0,0
500,85,2,3500.0,15,1,1
500,88,4,25000.0,28,2,2
500,91,2,1000.0,9,0,0
500,93,2,1000.0,7,0,0
500,97,5,25000.0,24,2,2
500,98,4,25000.0,26,0,0
500,99,5,1500.0,10,0,0
500,100,3,3000.0,18,1,1
500,101,3,2000.0,9,0,0
500,104,5,25000.0,24,1,1
500,106,2,2500.0,5,1,1
500,107,2,2500.0,5,0,0
500,109,4,12500.0,17,0,0
500,110,5,25000.0,22,0,0
500,112,2,3500.0,10,0,0
500,114,3,8500.0,11,1,1
500,115,5,25000.0,24,0,0
500,117,2,4500.0,13,1,1
500,118,2,4500.0,10,0,0
500,119,2,5000.0,11,1,1
500,120,4,5000.0,19,0,0
500,121,5,7000.0,23,1,1
500,124,2,5500.0,11,0,0
500,125,5,14500.0,22,1,1
500,126,3,25000.0,18,0,0
500,127,2,5500.0,9,0,0
500,128,3,7000.0,19,0,0
500,129,2,8000.0,10,0,0
500,131,2,7000.0,10,0,0
500,135,2,6500.0,10,0,0
500,137,2,8500.0,9,0,0
500,139,2,7500.0,9,0,0
500,140,5,7500.0,26,0,0
500,141,5,25000.0,29,0,0
500,143,2,7500.0,11,0,0
500,147,3,8000.0,18,0,0
500,148,3,13000.0,14,0,0
500,149,2,12500.0,10,0,0
500,150,2,9000.0,11,0,0
500,151,2,11000.0,11,0,0
500,152,2,9000.0,9,0,0
500,155,2,10500.0,9,0,0
500,156,4,9500.0,25,0,0
500,157,5,11000.0,22,0,0
500,158,2,11500.0,10,0,0
500,161,2,9000.0,9,0,0
500,162,2,9500.0,9,0,0
500,163,2,17000.0,11,0,0
500,164,2,18000.0,10,0,0
500,165,5,25000.0,22,0,0
500,170,2,13000.0,10,0,0
500,176,2,11000.0,10,0,0
500,179,2,10500.0,11,0,0
500,180,2,10000.0,11,0,0
500,181,2,10000.0,11,0,0
500,182,2,10500.0,10,0,0
500,184,2,10500.0,10,0,0
500,185,2,11500.0,10,0,0
500,186,2,11500.0,12,0,0
500,187,2,10500.0,9,0,0
500,188,2,10500.0,12,0,0
500,190,2,10500.0,12,0,0
500,191,2,22500.0,10,0,0
500,193,2,13000.0,9,0,0
500,194,5,25000.0,22,0,0
500,195,5,25000.0,20,0,0
500,196,2,11000.0,10,0,0
500,197,2,14500.0,10,0,0
500,202,5,25000.0,26,0,0
500,203,5,25000.0,22,0,0
500,204,5,11500.0,22,0,0
500,206,4,25000.0,21,0,0
500,208,2,12000.0,9,0,0
500,209,2,11500.0,9,0,0
500,211,5,25000.0,23,0,0
500,212,5,25000.0,24,0,0
500,213,2,12000.0,11,0,0
500,215,5,25000.0,26,0,0
500,216,6,25000.0,30,0,0
500,217,4,25000.0,20,0,0
500,219,2,20500.0,10,0,0
500,221,2,12500.0,9,0,0
500,222,2,13000.0,9,0,0
500,226,2,13000.0,12,0,0
500,228,2,14500.0,10,0,0
500,231,3,14000.0,18,0,0
500,232,5,25000.0,32,0,0
500,236,2,13500.0,11,0,0
500,238,4,25000.0,23,0,0
500,249,5,16500.0,22,0,0
500,250,4,17500.0,25,0,0
500,253,5,25000.0,25,0,0
500,256,2,19500.0,11,0,0
500,257,3,16000.0,22,0,0
500,259,2,17000.0,12,0,0
500,261,2,15500.0,12,0,0
500,265,2,17500.0,11,0,0
500,266,2,17000.0,10,0,0
500,267,2,16000.0,12,0,0
500,268,2,17500.0,13,0,0
500,269,2,15500.0,11,0,0
500,270,2,16500.0,12,0,0
500,272,2,16000.0,11,0,0
500,273,2,16000.0,12,0,0
500,274,2,17500.0,10,0,0
500,275,5,16500.0,31,0,0
500,276,3,16500.0,17,0,0
500,278,2,16500.0,12,0,0
500,279,2,17500.0,11,0,0
500,280,2,19500.0,10,0,0
500,281,2,17000.0,11,0,0
500,283,2,16500.0,12,0,0
500,285,5,18000.0,27,0,0
500,286,7,25000.0,43,0,0
500,290,2,17000.0,12,0,0
500,291,2,18500.0,12,0,0
500,292,2,17000.0,12,0,0
500,294,7,25000.0,39,0,0
500,295,4,24000.0,25,0,0
500,297,2,18000.0,10,0,0
500,302,3,18000.0,17,0,0
500,303,2,20500.0,10,0,0
500,307,5,25000.0,29,0,0
500,309,5,22500.0,26,0,0
500,311,4,19500.0,23,0,0
500,316,4,25000.0,20,0,0
500,317,2,21000.0,12,0,0
500,323,2,21000.0,13,0,0
500,324,2,25000.0,8,0,0
500,327,2,24000.0,13,0,0
500,329,2,23500.0,11,0,0
500,330,5,25000.0,25,0,0
500,332,2,24000.0,12,0,0
500,333,4,25000.0,27,0,0
500,341,3,25000.0,18,0,0
500,342,2,23500.0,11,0,0
500,343,2,23000.0,12,0,0
500,346,2,23000.0,13,0,0
500,347,2,23000.0,12,0,0
500,348,2,23000.0,12,0,0
500,350,5,25000.0,28,0,0
500,352,4,25000.0,26,0,0
500,354,4,25000.0,27,0,0
500,356,3,25000.0,20,0,0
500,360,2,24000.0,13,0,0
500,362,4,25000.0,25,0,0
500,363,5,25000.0,32,0,0
500,364,2,24500.0,11,0,0
500,368,5,25000.0,28,0,0
500,369,3,25000.0,19,0,0
500,370,2,25000.0,12,0,0
500,376,4,25000.0,26,0,0
500,377,5,25000.0,33,0,0
500,378,2,25000.0,10,0,0
500,380,2,25000.0,10,0,0
500,2,5,25000.0,37,0,0
500,6,5,25000.0,37,0,0
500,7,5,25000.0,37,0,0
500,11,5,23500.0,33,0,0
500,12,5,25000.0,38,0,0
500,19,3,5000.0,23,1,1
500,23,4,25000.0,39,1,1
500,30,7,25000.0,56,2,2
500,38,5,25000.0,45,2,2
500,40,5,5500.0,37,0,0
500,41,4,2000.0,21,0,0
500,42,5,19000.0,37,0,0
500,43,2,3000.0,12,3,3
500,46,4,1500.0,10,0,0
500,58,2,1000.0,5,0,0
500,60,2,3000.0,15,1,1
500,64,3,3500.0,11,0,0
500,65,2,2500.0,9,0,0
500,67,4,25000.0,20,0,0
500,68,5,25000.0,26,1,1
500,70,2,4000.0,9,0,0
500,71,2,2500.0,14,1,1
500,72,2,2500.0,9,0,0
500,73,2,2000.0,6,0,0
500,76,5,25000.0,20,0,0
500,77,5,25000.0,19,0,0
500,79,2,6000.0,10,2,2
500,82,2,2500.0,9,1,1
500,83,5,25000.0,22,0,0
500,87,2,3500.0,10,0,0
500,89,2,4500.0,9,0,0
500,90,4,25000.0,19,0,0
500,91,3,4500.0,11,0,0
500,92,5,25000.0,33,0,0
500,93,4,4500.0,15,0,0
500,94,5,6000.0,19,0,0
500,97,2,5000.0,9,0,0
500,99,2,7000.0,11,0,0
500,100,3,6000.0,12,0,0
500,102,2,6000.0,8,0,0
500,103,3,7500.0,11,0,0
500,106,2,8500.0,9,0,0
500,108,5,9000.0,24,1,1
500,111,5,25000.0,24,0,0
500,112,5,12000.0,24,0,0
500,117,2,10000.0,12,0,0
500,118,4,9000.0,18,0,0
500,119,3,9500.0,12,0,0
500,121,2,8500.0,11,0,0
500,122,2,9500.0,9,0,0
500,124,2,8500.0,9,0,0
500,125,2,8500.0,12,0,0
500,127,5,11500.0,20,0,0
500,128,3,15000.0,16,0,0
500,130,2,9500.0,10,0,0
500,131,2,11500.0,10,0,0
500,132,2,10000.0,10,0,0
500,135,2,10500.0,10,0,0
500,140,2,10000.0,13,0,0
500,141,2,10000.0,10,0,0
500,142,2,11000.0,7,0,0
500,144,2,10000.0,9,0,0
500,146,2,10000.0,11,0,0
500,147,2,10000.0,9,0,0
500,151,3,12500.0,18,0,0
500,153,2,10000.0,11,0,0
500,155,7,25000.0,42,0,0
500,156,6,25000.0,30,0,0
500,157,2,10500.0,9,0,0
500,168,2,14000.0,11,0,0
500,169,2,11000.0,11,0,0
500,170,5,25000.0,22,0,0
500,171,5,12500.0,23,0,0
500,172,5,25000.0,25,0,0
500,178,2,13000.0,11,0,0
500,180,5,12500.0,25,0,0
500,181,2,14000.0,11,0,0
500,186,6,17500.0,32,0,0
500,187,3,13500.0,18,0,0
500,188,2,14000.0,10,0,0
500,192,2,15500.0,11,0,0
500,194,2,19000.0,11,0,0
500,198,2,16000.0,11,0,0
500,203,5,25000.0,25,0,0
500,205,2,17500.0,12,0,0
500,206,5,25000.0,29,0,0
500,207,6,25000.0,36,0,0
500,208,2,17000.0,11,0,0
500,209,2,17000.0,12,0,0
500,212,4,18000.0,24,0,0
500,213,3,18000.0,13,0,0
500,216,2,18000.0,13,0,0
500,218,4,23500.0,18,0,0
500,222,2,18500.0,12,0,0
500,227,2,19000.0,10,0,0
500,228,2,21500.0,12,0,0
500,230,5,25000.0,24,0,0
500,231,5,25000.0,26,0,0
500,232,5,24000.0,27,0,0
500,233,2,22500.0,11,0,0
500,236,5,19500.0,31,0,0
500,237,3,19500.0,17,0,0
500,238,8,25000.0,53,0,0
500,239,4,20000.0,24,0,0
500,240,5,25000.0,22,0,0
500,243,5,25000.0,26,0,0
500,245,2,22000.0,11,0,0
500,246,2,21000.0,10,0,0
500,248,2,21000.0,12,0,0
500,249,5,25000.0,28,0,0
500,250,4,21000.0,26,0,0
500,251,4,22000.0,26,0,0
500,252,4,23500.0,21,0,0
500,254,2,23000.0,10,0,0
500,256,2,22500.0,13,0,0
500,258,3,22500.0,18,0,0
500,259,5,25000.0,33,0,0
500,260,5,25000.0,25,0,0
500,262,2,23000.0,13,0,0
500,263,2,22500.0,11,0,0
500,264,2,23000.0,13,0,0
500,266,2,23000.0,11,0,0
500,267,2,22500.0,12,0,0
500,268,2,25000.0,12,0,0
500,271,4,25000.0,26,0,0
500,272,2,24500.0,10,0,0
500,274,2,23500.0,13,0,0
500,275,2,24500.0,11,0,0
500,280,2,23000.0,13,0,0
500,282,2,23000.0,13,0,0
500,283,2,23500.0,13,0,0
500,285,2,23000.0,11,0,0
500,286,2,23500.0,12,0,0
500,292,2,25000.0,11,0,0
500,293,4,24500.0,21,0,0
500,294,5,25000.0,36,0,0
500,299,5,25000.0,26,0,0
500,300,5,25000.0,24,0,0
500,301,2,25000.0,11,0,0
500,302,2,25000.0,13,0,0
500,305,5,25000.0,28,0,0
500,306,3,25000.0,20,0,0
500,307,2,25000.0,13,0,0
500,308,2,25000.0,11,0,0
500,0,4,25000.0,28,0,0
500,1,5,25000.0,41,1,1
500,15,5,25000.0,34,0,0
500,31,5,25000.0,41,2,2
500,34,5,25000.0,43,2,2
500,40,7,25000.0,51,0,0
500,60,5,25000.0,46,3,3
500,62,5,25000.0,50,3,3
500,66,5,25000.0,34,2,2
500,71,2,1000.0,1,0,0
500,76,2,1000.0,2,0,0
500,78,2,4000.0,15,1,1
500,79,4,22000.0,27,0,0
500,80,2,2000.0,9,0,0
500,81,2,2000.0,7,1,1
500,84,2,2500.0,8,0,0
500,85,2,8000.0,13,1,1
500,86,3,8500.0,15,0,0
500,87,3,3000.0,13,0,0
500,88,4,3500.0,22,2,2
500,90,2,2500.0,1,0,0
500,91,2,3500.0,10,1,1
500,92,2,4000.0,11,0,0
500,97,5,25000.0,32,2,2
500,100,2,5000.0,10,1,1
500,101,2,4000.0,10,0,0
500,104,3,3500.0,9,0,0
500,105,3,6000.0,11,0,0
500,106,5,12500.0,29,0,0
500,110,2,5000.0,9,0,0
500,111,2,4500.0,9,0,0
500,113,2,4500.0,9,0,0
500,114,2,6000.0,9,1,1
500,115,5,25000.0,23,0,0
500,116,3,7000.0,14,0,0
500,117,3,5500.0,18,0,0
500,119,2,5500.0,10,0,0
500,121,2,6500.0,10,0,0
500,126,4,9500.0,17,0,0
500,127,2,7000.0,9,0,0
500,128,3,11000.0,16,1,1
500,130,2,9500.0,9,0,0
500,131,2,8500.0,9,0,0
500,133,2,7500.0,10,0,0
500,135,2,7500.0,10,0,0
500,136,2,7500.0,10,0,0
500,137,2,9500.0,10,0,0
500,138,2,7500.0,11,0,0
500,140,2,7500.0,9,0,0
500,142,5,8500.0,27,0,0
500,143,5,25000.0,21,0,0
500,151,5,25000.0,20,0,0
500,152,5,25000.0,32,0,0
500,153,3,13000.0,13,0,0
500,154,2,10000.0,9,0,0
500,157,3,11500.0,17,0,0
500,158,6,25000.0,41,0,0
500,159,4,10000.0,20,0,0
500,160,3,17000.0,15,0,0
500,162,2,11000.0,11,0,0
500,163,4,25000.0,19,0,0
500,165,4,25000.0,20,0,0
500,166,5,25000.0,28,0,0
500,167,2,10500.0,12,0,0
500,168,2,10500.0,11,0,0
500,169,2,13500.0,10,0,0
500,171,2,10500.0,11,0,0
500,173,2,12000.0,12,0,0
500,174,2,12000.0,11,0,0
500,177,2,24500.0,9,0,0
500,182,5,25000.0,27,0,0
500,186,2,13000.0,11,0,0
500,189,5,25000.0,17,0,0
500,190,2,12500.0,9,0,0
500,197,2,14500.0,10,0,0
500,199,3,13500.0,17,0,0
500,202,2,13000.0,11,0,0
500,205,2,13000.0,11,0,0
500,206,2,13000.0,11,0,0
500,207,3,21500.0,17,0,0
500,208,3,20000.0,19,0,0
500,210,5,17500.0,21,0,0
500,214,2,14000.0,10,0,0
500,216,3,14500.0,18,0,0
500,217,3,15000.0,14,0,0
500,220,5,15500.0,25,0,0
500,221,5,25000.0,22,0,0
500,222,5,25000.0,25,0,0
500,223,5,17000.0,23,0,0
500,225,2,15500.0,10,0,0
500,226,2,16500.0,11,0,0
500,227,2,15000.0,12,0,0
500,240,2,15500.0,12,0,0
500,241,2,15500.0,11,0,0
500,243,5,25000.0,22,0,0
500,245,3,15500.0,11,0,0
500,249,3,20000.0,18,0,0
500,251,5,25000.0,25,0,0
500,252,2,16000.0,12,0,0
500,254,4,22000.0,25,0,0
500,256,5,19000.0,29,0,0
500,258,2,17500.0,9,0,0
500,259,2,18000.0,12,0,0
500,260,2,18000.0,12,0,0
500,261,9,25000.0,54,0,0
500,264,5,25000.0,24,0,0
500,282,4,22000.0,24,0,0
500,286,2,21500.0,11,0,0
500,288,2,22500.0,12,0,0
500,289,5,25000.0,26,0,0
500,290,2,22500.0,11,0,0
500,291,11,25000.0,66,0,0
500,292,5,25000.0,27,0,0
500,294,2,22500.0,12,0,0
500,297,2,22500.0,10,0,0
500,301,2,23000.0,9,0,0
500,303,2,23000.0,10,0,0
500,306,5,25000.0,30,0,0
500,307,3,23000.0,18,0,0
500,310,4,24500.0,21,0,0
500,311,2,24500.0,12,0,0
500,313,5,25000.0,30,0,0
500,314,4,25000.0,24,0,0
500,315,2,25000.0,12,0,0
500,317,2,25000.0,10,0,0
500,324,5,25000.0,33,0,0
500,326,2,25000.0,12,0,0
500,327,2,25000.0,11,0,0
500,4,7,25000.0,44,1,1
500,11,5,25000.0,39,2,2
500,12,5,25000.0,31,1,1
500,15,5,25000.0,38,1,1
500,31,5,25000.0,35,0,0
500,33,4,25000.0,36,1,1
500,38,5,4000.0,29,0,0
500,53,3,2500.0,20,0,0
500,54,3,1000.0,7,0,0
500,55,5,5000.0,32,1,1
500,56,4,1000.0,8,0,0
500,57,3,23000.0,22,1,1
500,58,4,25000.0,40,2,2
500,65,5,25000.0,39,1,1
500,66,5,25000.0,32,0,0
500,67,3,1000.0,7,0,0
500,68,5,25000.0,30,1,1
500,72,4,1500.0,8,0,0
500,74,2,2000.0,9,0,0
500,75,2,1500.0,8,0,0
500,76,5,2500.0,20,0,0
500,77,5,3000.0,18,2,2
500,78,5,9000.0,26,4,4
500,79,3,6500.0,11,0,0
500,80,4,5000.0,19,0,0
500,81,5,4500.0,20,1,1
500,86,2,4500.0,10,0,0
500,93,2,9000.0,14,1,1
500,100,2,8000.0,9,0,0
500,102,2,7000.0,9,0,0
500,103,7,25000.0,43,0,0
500,104,5,25000.0,23,0,0
500,105,2,7500.0,10,0,0
500,107,5,8000.0,22,0,0
500,108,3,12000.0,16,1,1
500,109,2,7500.0,10,0,0
500,110,2,9000.0,10,0,0
500,111,2,7500.0,9,0,0
500,112,2,8000.0,9,0,0
500,115,3,10000.0,18,0,0
500,116,2,9000.0,7,0,0
500,118,2,9000.0,10,0,0
500,121,2,9000.0,10,0,0
500,122,2,11000.0,10,0,0
500,124,2,9000.0,9,0,0
500,126,5,25000.0,22,0,0
500,127,5,25000.0,20,0,0
500,128,5,12000.0,30,0,0
500,135,5,14500.0,25,0,0
500,136,4,25000.0,20,0,0
500,137,5,11500.0,24,0,0
500,138,2,10000.0,9,0,0
500,141,3,14000.0,19,0,0
500,146,2,11000.0,10,0,0
500,148,2,11500.0,11,0,0
500,150,2,13000.0,11,0,0
500,152,2,17000.0,12,0,0
500,155,5,24500.0,19,0,0
500,158,2,16500.0,12,0,0
500,160,2,17500.0,11,0,0
500,163,2,14500.0,10,0,0
500,165,2,16000.0,9,0,0
500,166,2,15000.0,12,0,0
500,168,5,25000.0,20,0,0
500,170,5,25000.0,27,0,0
500,171,5,25000.0,23,0,0
500,172,5,17500.0,24,0,0
500,173,2,15000.0,11,0,0
500,177,3,25000.0,18,0,0
500,178,2,15500.0,10,0,0
500,180,2,15500.0,11,0,0
500,183,4,16000.0,25,0,0
500,184,4,25000.0,19,0,0
500,186,2,16500.0,11,0,0
500,190,2,17000.0,10,0,0
500,191,7,25000.0,48,0,0
500,192,2,19000.0,10,0,0
500,193,5,25000.0,22,0,0
500,195,3,18500.0,15,0,0
500,201,2,19000.0,10,0,0
500,202,2,19500.0,12,0,0
500,204,2,19500.0,10,0,0
500,205,2,20000.0,12,0,0
500,208,2,20500.0,12,0,0
500,209,2,20000.0,12,0,0
500,211,4,25000.0,16,0,0
500,214,5,25000.0,33,0,0
500,217,2,21500.0,12,0,0
500,218,3,24500.0,16,0,0
500,219,2,22500.0,12,0,0
500,220,2,23500.0,12,0,0
500,224,2,23000.0,11,0,0
500,228,2,23000.0,11,0,0
500,229,2,23000.0,11,0,0
500,231,3,23000.0,17,0,0
500,232,2,23000.0,9,0,0
500,233,2,23000.0,11,0,0
500,234,2,25000.0,12,0,0
500,236,5,25000.0,26,0,0
500,238,5,25000.0,25,0,0
500,239,2,25000.0,10,0,0
500,244,2,24500.0,12,0,0
500,245,4,25000.0,20,0,0
500,247,2,24500.0,12,0,0
500,248,2,25000.0,12,0,0
500,251,5,25000.0,26,0,0
500,259,5,25000.0,33,0,0
500,260,5,25000.0,24,0,0
500,261,5,25000.0,26,0,0
500,262,4,25000.0,26,0,0
500,263,4,25000.0,25,0,0
500,265,2,25000.0,12,0,0
500,0,5,25000.0,36,1,1
500,3,7,25000.0,49,0,0
500,4,5,25000.0,37,0,0
500,14,2,4500.0,12,1,1
500,20,4,19000.0,28,0,0
500,34,5,25000.0,36,0,0
500,35,4,25000.0,28,1,1
500,46,2,1000.0,7,0,0
500,52,5,25000.0,30,0,0
500,58,2,9000.0,13,0,0
500,60,5,25000.0,36,0,0
500,62,5,25000.0,39,1,1
500,69,5,25000.0,35,1,1
500,70,2,1000.0,8,0,0
500,74,2,1500.0,10,0,0
500,78,4,14500.0,29,0,0
500,82,2,4500.0,13,0,0
500,85,4,1500.0,13,0,0
500,86,4,3500.0,26,0,0
500,87,3,1500.0,17,0,0
500,92,4,25000.0,21,1,1
500,94,2,3000.0,11,0,0
500,96,2,1000.0,2,0,0
500,97,3,1500.0,9,0,0
500,98,5,25000.0,33,4,4
500,100,2,2500.0,7,1,1
500,101,2,4000.0,10,0,0
500,104,2,3000.0,10,0,0
500,108,2,5000.0,11,0,0
500,109,5,25000.0,19,0,0
500,110,3,5000.0,18,0,0
500,111,2,3500.0,9,0,0
500,115,2,4000.0,9,0,0
500,118,4,25000.0,18,0,0
500,119,5,25000.0,23,0,0
500,120,2,4000.0,9,0,0
500,121,2,5000.0,10,0,0
500,124,2,4000.0,9,0,0
500,126,2,4500.0,5,0,0
500,128,2,4500.0,9,0,0
500,129,2,6000.0,11,0,0
500,131,2,6000.0,10,0,0
500,132,2,6000.0,10,0,0
500,133,2,6000.0,10,0,0
500,134,2,6000.0,10,0,0
500,135,3,7500.0,14,0,0
500,136,2,8000.0,10,0,0
500,137,2,6500.0,10,0,0
500,138,3,8500.0,18,0,0
500,141,2,7000.0,8,0,0
500,144,2,10500.0,9,0,0
500,151,2,8000.0,9,0,0
500,154,4,25000.0,26,0,0
500,155,5,25000.0,18,0,0
500,157,5,25000.0,21,0,0
500,158,5,17500.0,22,0,0
500,161,2,9000.0,10,0,0
500,164,2,11500.0,11,0,0
500,165,2,10000.0,10,0,0
500,167,5,9500.0,21,0,0
500,168,4,9000.0,26,0,0
500,170,2,9500.0,10,0,0
500,171,2,19000.0,11,0,0
500,176,4,25000.0,19,0,0
500,177,5,19500.0,23,0,0
500,178,2,9500.0,10,0,0
500,182,5,25000.0,22,0,0
500,187,2,11000.0,10,0,0
500,189,5,25000.0,22,0,0
500,190,4,23500.0,22,0,0
500,192,2,11000.0,13,0,0
500,198,2,11500.0,10,0,0
500,204,4,25000.0,16,0,0
500,206,2,15500.0,9,0,0
500,207,2,12500.0,10,0,0
500,208,2,12500.0,11,0,0
500,210,4,25000.0,26,0,0
500,211,5,19000.0,25,0,0
500,212,3,17000.0,19,0,0
500,213,2,14500.0,11,0,0
500,214,2,17500.0,11,0,0
500,216,2,15000.0,9,0,0
500,219,5,16500.0,31,0,0
500,221,3,25000.0,18,0,0
500,222,3,16500.0,19,0,0
500,223,5,25000.0,22,0,0
500,224,2,16000.0,13,0,0
500,226,3,21500.0,14,0,0
500,227,3,19500.0,16,0,0
500,229,2,25000.0,10,0,0
500,236,4,17000.0,25,0,0
500,237,2,17500.0,9,0,0
500,238,2,18000.0,13,0,0
500,240,5,17500.0,26,0,0
500,242,2,21500.0,10,0,0
500,247,4,18000.0,22,0,0
500,248,4,25000.0,26,0,0
500,249,4,21000.0,19,0,0
500,252,2,18000.0,12,0,0
500,253,4,25000.0,16,0,0
500,255,2,18500.0,11,0,0
500,256,4,25000.0,21,0,0
500,257,4,25000.0,21,0,0
500,258,5,20000.0,24,0,0
500,259,3,19500.0,14,0,0
500,260,2,19500.0,12,0,0
500,264,2,20500.0,10,0,0
500,265,5,25000.0,24,0,0
500,266,4,25000.0,22,0,0
500,267,5,20500.0,28,0,0
500,268,3,23000.0,19,0,0
500,270,3,20000.0,19,0,0
500,272,2,20000.0,10,0,0
500,273,2,22500.0,10,0,0
500,274,2,20000.0,11,0,0
500,276,2,22500.0,9,0,0
500,279,2,20500.0,11,0,0
500,281,2,22500.0,11,0,0
500,282,4,22500.0,23,0,0
500,283,2,22500.0,13,0,0
500,286,5,22000.0,23,0,0
500,287,2,22500.0,12,0,0
500,290,5,25000.0,28,0,0
500,291,5,25000.0,30,0,0
500,297,2,23000.0,12,0,0
500,302,2,23000.0,12,0,0
500,304,2,23500.0,11,0,0
500,305,2,25000.0,13,0,0
500,307,2,24000.0,10,0,0
500,309,5,24000.0,31,0,0
500,310,2,24000.0,11,0,0
500,314,2,25000.0,12,0,0
500,316,9,25000.0,53,0,0
500,317,4,25000.0,25,0,0
500,318,4,25000.0,23,0,0
500,319,4,25000.0,24,0,0
500,323,2,25000.0,13,0,0
500,325,5,25000.0,24,0,0
500,326,2,25000.0,11,0,0
500,327,2,25000.0,12,0,0
500,4,2,19000.0,21,3,3
500,14,3,25000.0,21,1,1
500,18,4,25000.0,26,0,0
500,29,7,25000.0,63,2,2
500,30,5,25000.0,36,0,0
500,34,4,23000.0,42,3,3
500,41,3,2000.0,16,0,0
500,42,5,1000.0,10,0,0
500,50,5,25000.0,37,0,0
500,60,5,25000.0,35,2,2
500,70,2,1000.0,6,0,0
500,83,4,1000.0,7,0,0
500,87,2,1000.0,2,0,0
500,89,2,4000.0,12,0,0
500,92,5,25000.0,37,1,1
500,93,3,1000.0,6,0,0
500,94,2,1000.0,5,0,0
500,97,4,9000.0,26,1,1
500,98,4,25000.0,34,1,1
500,99,3,3000.0,14,1,1
500,104,2,9500.0,14,1,1
500,107,2,3500.0,11,0,0
500,108,2,6500.0,12,0,0
500,109,2,3500.0,12,0,0
500,110,2,3500.0,9,0,0
500,112,4,6500.0,16,0,0
500,113,5,25000.0,32,0,0
500,114,4,21500.0,25,0,0
500,115,5,25000.0,23,1,1
500,116,2,4000.0,10,0,0
500,119,2,6500.0,9,0,0
500,120,2,5500.0,11,0,0
500,121,2,4000.0,7,0,0
500,124,4,7500.0,20,0,0
500,125,2,10000.0,9,0,0
500,127,2,5000.0,9,0,0
500,129,2,7500.0,9,0,0
500,130,2,5000.0,10,0,0
500,132,2,9000.0,11,0,0
500,134,5,25000.0,22,1,1
500,135,7,6500.0,43,0,0
500,136,4,19000.0,20,0,0
500,137,2,5500.0,9,0,0
500,142,2,6500.0,10,0,0
500,144,4,25000.0,12,0,0
500,145,2,6500.0,10,0,0
500,147,2,7000.0,9,0,0
500,148,2,8500.0,10,0,0
500,149,2,7000.0,10,0,0
500,150,2,6500.0,9,0,0
500,151,2,6500.0,9,0,0
500,154,3,7000.0,16,0,0
500,155,2,7000.0,9,0,0
500,157,2,7000.0,9,0,0
500,158,5,25000.0,24,0,0
500,159,5,13500.0,23,0,0
500,160,5,25000.0,23,0,0
500,161,5,25000.0,25,0,0
500,162,3,15000.0,16,0,0
500,168,5,25000.0,19,0,0
500,171,5,10000.0,21,0,0
500,172,2,9000.0,11,0,0
500,173,2,9500.0,10,0,0
500,174,2,9500.0,11,0,0
500,175,2,9000.0,9,0,0
500,176,5,23000.0,32,0,0
500,177,4,11500.0,20,0,0
500,178,4,12000.0,18,0,0
500,179,3,12500.0,18,0,0
500,180,5,25000.0,21,0,0
500,181,5,25000.0,32,0,0
500,183,2,10000.0,9,0,0
500,185,5,10500.0,22,0,0
500,187,5,25000.0,22,0,0
500,190,2,13000.0,9,0,0
500,192,3,25000.0,17,0,0
500,197,2,13000.0,10,0,0
500,199,2,13000.0,10,0,0
500,200,5,25000.0,22,0,0
500,201,5,25000.0,22,0,0
500,202,3,25000.0,16,0,0
500,206,2,13000.0,11,0,0
500,214,2,13000.0,12,0,0
500,217,5,15500.0,24,0,0
500,218,5,21000.0,23,0,0
500,219,4,14500.0,23,0,0
500,223,3,20000.0,14,0,0
500,224,5,25000.0,24,0,0
500,226,3,15500.0,16,0,0
500,227,4,15500.0,26,0,0
500,231,2,18000.0,10,0,0
500,232,2,16500.0,9,0,0
500,241,3,17500.0,17,0,0
500,242,4,25000.0,18,0,0
500,244,2,16500.0,10,0,0
500,245,2,16500.0,11,0,0
500,246,3,25000.0,18,0,0
500,248,2,17500.0,10,0,0
500,250,2,19000.0,11,0,0
500,251,2,17500.0,12,0,0
500,252,2,17500.0,11,0,0
500,257,2,17500.0,12,0,0
500,258,3,18500.0,20,0,0
500,259,5,25000.0,22,0,0
500,262,3,23500.0,14,0,0
500,265,4,20000.0,20,0,0
500,267,2,19000.0,10,0,0
500,269,5,25000.0,22,0,0
500,270,2,21500.0,12,0,0
500,273,2,22000.0,13,0,0
500,277,2,20000.0,8,0,0
500,278,5,25000.0,25,0,0
500,279,5,25000.0,23,0,0
500,280,2,20000.0,11,0,0
500,281,2,24000.0,11,0,0
500,282,4,25000.0,17,0,0
500,283,2,21000.0,11,0,0
500,285,2,21000.0,12,0,0
500,286,2,22000.0,12,0,0
500,288,5,25000.0,26,0,0
500,289,5,25000.0,33,0,0
500,290,5,25000.0,32,0,0
500,292,2,21500.0,13,0,0
500,293,2,21500.0,12,0,0
500,294,4,23000.0,24,0,0
500,297,2,22000.0,13,0,0
500,300,8,25000.0,47,0,0
500,301,4,22500.0,25,0,0
500,302,4,25000.0,25,0,0
500,305,2,24500.0,11,0,0
500,310,2,25000.0,11,0,0
500,312,2,23500.0,13,0,0
500,313,5,25000.0,32,0,0
500,314,3,25000.0,15,0,0
500,315,4,24500.0,26,0,0
500,316,2,24500.0,12,0,0
500,318,5,25000.0,26,0,0
500,319,5,25000.0,31,0,0
500,322,2,24500.0,13,0,0
500,324,5,25000.0,34,0,0
500,327,2,25000.0,12,0,0
500,0,5,25000.0,36,0,0
500,20,5,25000.0,35,2,2
500,27,5,25000.0,41,2,2
500,34,5,25000.0,35,1,1
500,49,3,12000.0,34,3,3
500,51,5,25000.0,33,0,0
500,52,5,25000.0,35,0,0
500,53,2,1500.0,8,1,1
500,62,2,2000.0,8,1,1
500,65,5,25000.0,32,0,0
500,67,2,1000.0,5,1,1
500,70,2,1500.0,9,0,0
500,71,2,3000.0,15,2,2
500,72,2,3000.0,15,1,1
500,75,2,2000.0,9,0,0
500,76,2,4500.0,14,1,1
500,78,2,4500.0,13,1,1
500,79,2,2500.0,6,1,1
500,83,2,3000.0,11,1,1
500,87,2,3500.0,11,0,0
500,89,4,25000.0,30,1,1
500,90,2,3000.0,9,0,0
500,91,2,5000.0,10,0,0
500,92,2,4000.0,12,1,1
500,94,3,12000.0,13,2,2
500,95,3,4500.0,11,1,1
500,96,2,4500.0,11,1,1
500,97,2,7000.0,8,0,0
500,100,2,6500.0,8,0,0
500,101,2,4500.0,11,0,0
500,102,2,4500.0,9,0,0
500,104,2,6000.0,9,0,0
500,106,5,25000.0,22,0,0
500,107,3,7500.0,19,1,1
500,109,2,6500.0,9,0,0
500,113,2,5500.0,10,0,0
500,116,2,6000.0,9,0,0
500,119,5,25000.0,30,0,0
500,120,2,7500.0,10,0,0
500,121,2,7000.0,10,0,0
500,122,2,8000.0,10,0,0
500,126,5,25000.0,24,1,1
500,128,2,7000.0,9,0,0
500,130,2,7000.0,10,0,0
500,132,3,7500.0,18,0,0
500,133,2,10000.0,10,0,0
500,134,2,8500.0,11,0,0
500,135,2,10000.0,11,0,0
500,136,2,9500.0,12,0,0
500,137,2,10000.0,10,0,0
500,139,3,21500.0,18,0,0
500,140,3,10000.0,18,0,0
500,146,2,9000.0,12,0,0
500,148,5,17000.0,26,0,0
500,151,4,25000.0,26,0,0
500,152,5,25000.0,26,0,0
500,153,2,11000.0,9,0,0
500,156,5,25000.0,30,0,0
500,158,2,10500.0,9,0,0
500,159,2,10500.0,11,0,0
500,163,2,11000.0,11,0,0
500,164,2,11000.0,11,0,0
500,168,2,11500.0,11,0,0
500,169,4,11000.0,24,0,0
500,170,5,25000.0,33,0,0
500,171,3,10500.0,17,0,0
500,173,5,11500.0,21,0,0
500,174,3,12000.0,18,0,0
500,175,5,25000.0,22,0,0
500,183,3,15500.0,18,0,0
500,185,2,13000.0,10,0,0
500,186,2,13500.0,10,0,0
500,189,2,13000.0,10,0,0
500,190,3,17500.0,11,0,0
500,192,2,15000.0,9,0,0
500,194,2,13000.0,10,0,0
500,195,3,13500.0,12,0,0
500,196,5,25000.0,29,0,0
500,197,2,13500.0,11,0,0
500,200,2,14000.0,10,0,0
500,201,2,15000.0,11,0,0
500,203,5,25000.0,25,0,0
500,204,2,16000.0,11,0,0
500,208,5,25000.0,23,0,0
500,209,2,15500.0,10,0,0
500,211,2,15500.0,10,0,0
500,212,2,15500.0,10,0,0
500,213,5,25000.0,23,0,0
500,214,2,16500.0,10,0,0
500,216,2,17500.0,11,0,0
500,218,4,25000.0,19,0,0
500,219,3,17500.0,18,0,0
500,225,5,25000.0,25,0,0
500,226,5,21000.0,23,0,0
500,227,4,25000.0,21,0,0
500,228,2,18000.0,9,0,0
500,230,5,25000.0,27,0,0
500,235,2,18500.0,12,0,0
500,238,5,25000.0,24,0,0
500,239,2,22500.0,10,0,0
500,242,2,19500.0,11,0,0
500,245,4,25000.0,21,0,0
500,246,5,25000.0,27,0,0
500,247,3,21000.0,18,0,0
500,248,2,19500.0,11,0,0
500,249,2,20000.0,11,0,0
500,250,2,19500.0,10,0,0
500,251,2,19500.0,13,0,0
500,253,5,25000.0,29,0,0
500,255,3,21000.0,19,0,0
500,256,5,25000.0,30,0,0
500,262,4,23000.0,28,0,0
500,263,5,25000.0,32,0,0
500,265,2,25000.0,12,0,0
500,267,3,25000.0,18,0,0
500,269,5,25000.0,28,0,0
500,270,3,25000.0,16,0,0
500,271,3,24500.0,19,0,0
500,273,2,25000.0,11,0,0
500,274,2,24500.0,11,0,0
500,277,2,25000.0,12,0,0
500,281,2,25000.0,12,0,0
500,282,2,25000.0,12,0,0
500,284,5,25000.0,21,0,0
500,287,2,25000.0,11,0,0
500,3,5,25000.0,33,0,0
500,11,2,14000.0,13,0,0
500,20,4,25000.0,30,0,0
500,21,5,25000.0,35,0,0
500,45,5,25000.0,34,1,1
500,55,3,1000.0,3,0,0
500,56,5,25000.0,36,1,1
500,57,2,2500.0,11,0,0
500,59,5,25000.0,31,1,1
500,60,2,4000.0,20,1,1
500,61,3,3000.0,25,1,1
500,65,4,12000.0,34,1,1
500,66,3,2000.0,10,0,0
500,67,2,1000.0,4,0,0
500,69,2,1000.0,3,0,0
500,70,2,2000.0,12,0,0
500,72,5,25000.0,27,1,1
500,73,2,1500.0,9,0,0
500,74,2,1500.0,6,0,0
500,76,5,25000.0,21,2,2
500,77,2,1500.0,4,0,0
500,78,3,2500.0,9,0,0
500,79,2,2000.0,9,0,0
500,82,2,3500.0,14,1,1
500,83,2,2000.0,8,0,0
500,85,6,25000.0,33,0,0
500,87,2,2500.0,5,1,1
500,88,2,2500.0,14,1,1
500,90,8,25000.0,27,0,0
500,91,5,3500.0,23,0,0
500,92,2,3500.0,5,0,0
500,94,5,7500.0,22,0,0
500,95,3,9500.0,18,0,0
500,96,3,5500.0,15,0,0
500,97,8,25000.0,48,0,0
500,98,2,5000.0,9,0,0
500,99,2,5500.0,10,0,0
500,100,2,5000.0,10,0,0
500,102,3,15000.0,14,0,0
500,104,2,8000.0,9,0,0
500,105,2,10500.0,9,0,0
500,107,3,6000.0,16,0,0
500,108,2,8000.0,11,0,0
500,109,2,7000.0,10,0,0
500,114,2,7000.0,17,1,1
500,116,4,9500.0,16,0,0
500,118,4,17500.0,17,0,0
500,120,2,7500.0,11,0,0
500,122,2,7500.0,9,0,0
500,123,2,6500.0,6,0,0
500,124,2,6500.0,9,0,0
500,125,3,8000.0,10,0,0
500,126,4,9500.0,19,0,0
500,128,2,8000.0,10,0,0
500,129,2,8500.0,10,0,0
500,131,5,25000.0,28,0,0
500,132,3,11000.0,18,0,0
500,133,2,8000.0,10,0,0
500,138,2,9000.0,11,0,0
500,139,2,11000.0,9,0,0
500,140,5,25000.0,25,0,0
500,141,5,10000.0,22,0,0
500,144,4,19000.0,25,0,0
500,145,4,14500.0,25,0,0
500,148,2,9000.0,10,0,0
500,150,2,9000.0,10,0,0
500,151,2,9500.0,10,0,0
500,153,3,13000.0,15,0,0
500,155,2,9500.0,9,0,0
500,158,2,9500.0,9,0,0
500,159,2,14500.0,10,0,0
500,160,2,10000.0,11,0,0
500,161,4,16500.0,21,0,0
500,163,2,10000.0,10,0,0
500,165,2,10500.0,10,0,0
500,166,5,25000.0,15,0,0
500,168,7,25000.0,38,0,0
500,169,5,25000.0,22,0,0
500,171,2,10500.0,10,0,0
500,172,2,10500.0,11,0,0
500,174,2,10500.0,11,0,0
500,175,2,11000.0,11,0,0
500,176,2,10500.0,9,0,0
500,177,2,11500.0,10,0,0
500,178,2,14500.0,10,0,0
500,180,2,13000.0,11,0,0
500,181,2,11000.0,9,0,0
500,182,2,13000.0,10,0,0
500,183,2,13500.0,10,0,0
500,188,5,14500.0,23,0,0
500,189,4,25000.0,25,0,0
500,191,2,17000.0,12,0,0
500,196,2,14000.0,11,0,0
500,198,2,13000.0,11,0,0
500,199,2,12500.0,10,0,0
500,200,2,12000.0,10,0,0
500,202,2,13500.0,9,0,0
500,203,2,12500.0,9,0,0
500,208,5,25000.0,27,0,0
500,210,2,13000.0,10,0,0
500,211,2,12500.0,11,0,0
500,214,4,20000.0,24,0,0
500,215,5,25000.0,22,0,0
500,216,3,16500.0,19,0,0
500,217,2,13000.0,8,0,0
500,219,2,13500.0,10,0,0
500,220,2,15000.0,10,0,0
500,221,2,14500.0,10,0,0
500,222,2,14500.0,10,0,0
500,223,2,15000.0,10,0,0
500,226,3,15000.0,19,0,0
500,227,5,24000.0,26,0,0
500,228,2,16000.0,12,0,0
500,229,2,14000.0,11,0,0
500,230,2,17000.0,10,0,0
500,233,5,25000.0,31,0,0
500,234,3,15500.0,19,0,0
500,235,2,14500.0,11,0,0
500,239,2,15500.0,10,0,0
500,243,5,25000.0,24,0,0
500,244,4,17500.0,22,0,0
500,245,2,18000.0,12,0,0
500,246,2,15000.0,9,0,0
500,247,2,15500.0,10,0,0
500,248,2,15000.0,9,0,0
500,249,5,25000.0,24,0,0
500,250,3,16000.0,17,0,0
500,251,2,15500.0,11,0,0
500,252,2,15500.0,10,0,0
500,255,2,16500.0,11,0,0
500,261,2,16500.0,11,0,0
500,264,2,16500.0,11,0,0
500,265,2,18500.0,12,0,0
500,266,2,17500.0,11,0,0
500,267,2,17500.0,12,0,0
500,269,2,20500.0,11,0,0
500,272,2,17000.0,12,0,0
500,274,5,25000.0,26,0,0
500,275,7,25000.0,46,0,0
500,279,3,21000.0,18,0,0
500,280,2,18500.0,13,0,0
500,281,2,20000.0,10,0,0
500,282,2,18500.0,12,0,0
500,283,2,18500.0,12,0,0
500,284,2,22000.0,12,0,0
500,287,2,19500.0,13,0,0
500,289,4,20500.0,25,0,0
500,290,5,25000.0,26,0,0
500,291,5,20000.0,24,0,0
500,292,4,23000.0,19,0,0
500,293,3,25000.0,18,0,0
500,298,2,19500.0,13,0,0
500,303,2,20000.0,12,0,0
500,304,2,19500.0,12,0,0
500,305,2,20000.0,11,0,0
500,308,2,20500.0,10,0,0
500,310,5,25000.0,32,0,0
500,311,2,21000.0,13,0,0
500,312,2,20500.0,12,0,0
500,313,2,20000.0,12,0,0
500,314,2,21500.0,12,0,0
500,315,2,20000.0,12,0,0
500,316,2,22000.0,10,0,0
500,317,5,24500.0,29,0,0
500,319,2,24000.0,11,0,0
500,321,2,22500.0,12,0,0
500,322,5,22000.0,26,0,0
500,323,2,22000.0,13,0,0
500,324,2,21500.0,12,0,0
500,327,2,21500.0,13,0,0
500,329,5,24500.0,24,0,0
500,330,2,21500.0,11,0,0
500,332,5,25000.0,29,0,0
500,338,3,23500.0,19,0,0
500,339,5,25000.0,24,0,0
500,340,3,23500.0,20,0,0
500,345,2,25000.0,11,0,0
500,347,5,25000.0,25,0,0
500,348,5,25000.0,32,0,0
500,350,2,25000.0,13,0,0
500,355,5,25000.0,21,0,0
500,357,3,23500.0,18,0,0
500,359,5,25000.0,33,0,0
500,360,5,25000.0,35,0,0
500,361,5,25000.0,33,0,0
500,363,3,25000.0,20,0,0
500,364,2,25000.0,11,0,0
500,371,5,25000.0,30,0,0
500,372,5,25000.0,31,0,0
500,377,2,25000.0,13,0,0
500,380,2,25000.0,12,0,0
500,381,2,25000.0,11,0,0
500,11,2,1500.0,7,0,0
500,16,4,25000.0,32,2,2
500,20,5,25000.0,33,0,0
500,24,2,2000.0,13,0,0
500,28,3,9000.0,20,0,0
500,31,3,8000.0,16,1,1
500,32,4,7000.0,24,0,0
500,36,2,15000.0,12,0,0
500,43,5,25000.0,32,0,0
500,50,5,25000.0,45,2,2
500,51,5,25000.0,41,1,1
500,52,3,25000.0,20,1,1
500,59,5,25000.0,44,1,1
500,63,2,3500.0,12,0,0
500,65,2,5500.0,12,0,0
500,66,5,3000.0,40,1,1
500,73,2,11500.0,13,0,0
500,74,2,2000.0,13,0,0
500,78,5,5500.0,33,0,0
500,80,2,1000.0,6,0,0
500,82,2,1500.0,10,0,0
500,84,2,2500.0,10,1,1
500,86,2,1000.0,4,0,0
500,87,2,1000.0,3,0,0
500,88,5,25000.0,21,2,2
500,92,2,2500.0,8,0,0
500,93,2,3500.0,9,0,0
500,95,2,5000.0,9,0,0
500,96,2,1500.0,9,0,0
500,97,4,5000.0,20,1,1
500,98,3,3500.0,22,1,1
500,100,2,2500.0,9,0,0
500,103,3,2500.0,8,0,0
500,104,2,3500.0,10,0,0
500,107,5,25000.0,20,0,0
500,108,2,3000.0,7,0,0
500,110,2,9000.0,9,0,0
500,111,2,4500.0,8,0,0
500,113,2,5000.0,11,0,0
500,114,2,4500.0,7,0,0
500,115,2,5500.0,11,0,0
500,116,2,6000.0,9,0,0
500,117,2,8000.0,9,0,0
500,118,2,5000.0,7,0,0
500,119,5,25000.0,19,0,0
500,120,4,6000.0,20,0,0
500,121,3,5500.0,14,0,0
500,122,2,5500.0,10,0,0
500,124,5,12500.0,24,0,0
500,125,4,25000.0,25,0,0
500,126,5,25000.0,22,0,0
500,127,2,7000.0,11,0,0
500,131,2,7000.0,12,0,0
500,133,2,10000.0,13,0,0
500,134,5,10000.0,21,0,0
500,135,4,7000.0,22,0,0
500,136,4,8500.0,20,0,0
500,138,3,8500.0,11,0,0
500,139,3,8000.0,16,0,0
500,141,2,13500.0,10,0,0
500,142,4,8500.0,19,0,0
500,144,8,12000.0,56,0,0
500,145,2,8500.0,9,0,0
500,146,2,8500.0,10,0,0
500,147,2,10500.0,11,0,0
500,149,2,9000.0,10,0,0
500,151,2,12000.0,10,0,0
500,152,2,10000.0,9,0,0
500,154,2,10000.0,10,0,0
500,155,2,11000.0,9,0,0
500,156,5,25000.0,19,1,1
500,157,3,12500.0,19,0,0
500,158,4,25000.0,18,0,0
500,159,2,9500.0,11,0,0
500,162,2,9000.0,12,0,0
500,163,2,9500.0,9,0,0
500,164,2,15500.0,11,0,0
500,167,5,25000.0,20,0,0
500,168,4,10500.0,22,0,0
500,169,3,24500.0,19,0,0
500,170,2,9500.0,10,0,0
500,172,2,11500.0,10,0,0
500,173,3,24500.0,18,0,0
500,174,2,11000.0,10,0,0
500,175,2,10500.0,10,0,0
500,176,2,12500.0,11,0,0
500,177,2,11000.0,10,0,0
500,178,2,12000.0,9,0,0
500,179,2,13500.0,9,0,0
500,180,2,12500.0,11,0,0
500,182,2,11000.0,10,0,0
500,183,2,13500.0,11,0,0
500,190,2,11000.0,10,0,0
500,192,2,15500.0,11,0,0
500,194,5,25000.0,22,0,0
500,195,4,25000.0,21,0,0
500,196,4,25000.0,20,0,0
500,200,3,14000.0,14,0,0
500,201,5,13500.0,32,0,0
500,202,5,14500.0,21,0,0
500,203,3,15000.0,19,0,0
500,204,2,14000.0,11,0,0
500,206,2,14000.0,9,0,0
500,208,2,14500.0,10,0,0
500,210,2,14500.0,10,0,0
500,211,2,15000.0,11,0,0
500,213,2,14500.0,9,0,0
500,214,5,25000.0,22,0,0
500,216,5,25000.0,27,0,0
500,217,2,15500.0,10,0,0
500,219,2,15000.0,11,0,0
500,220,2,15500.0,11,0,0
500,222,2,15500.0,11,0,0
500,223,2,15000.0,9,0,0
500,225,2,17000.0,11,0,0
500,226,2,18500.0,12,0,0
500,227,2,19000.0,11,0,0
500,230,2,17500.0,11,0,0
500,231,2,15500.0,12,0,0
500,234,5,18500.0,25,0,0
500,236,3,16500.0,17,0,0
500,238,2,15500.0,9,0,0
500,239,2,15500.0,11,0,0
500,245,5,25000.0,23,0,0
500,246,5,25000.0,26,0,0
500,247,5,19500.0,22,0,0
500,248,3,19500.0,16,0,0
500,249,2,16500.0,12,0,0
500,251,2,18000.0,11,0,0
500,252,2,17500.0,12,0,0
500,256,2,17000.0,9,0,0
500,258,3,19000.0,16,0,0
500,259,3,18000.0,20,0,0
500,261,2,20000.0,12,0,0
500,266,3,21500.0,21,0,0
500,268,4,22500.0,25,0,0
500,270,2,21000.0,11,0,0
500,271,4,18500.0,23,0,0
500,272,5,19500.0,27,0,0
500,274,5,25000.0,27,0,0
500,275,5,25000.0,26,0,0
500,279,2,25000.0,12,0,0
500,282,5,25000.0,31,0,0
500,283,5,25000.0,31,0,0
500,286,5,25000.0,26,0,0
500,287,2,21500.0,12,0,0
500,288,2,21500.0,12,0,0
500,290,2,21000.0,10,0,0
500,293,3,23500.0,18,0,0
500,294,2,22000.0,11,0,0
500,296,2,23000.0,11,0,0
500,299,5,22000.0,32,0,0
500,301,4,25000.0,24,0,0
500,302,2,22500.0,11,0,0
500,303,2,22500.0,11,0,0
500,305,2,23000.0,13,0,0
500,306,2,23000.0,12,0,0
500,307,4,23000.0,25,0,0
500,309,4,25000.0,25,0,0
500,310,8,25000.0,54,0,0
500,311,5,25000.0,25,0,0
500,316,5,25000.0,33,0,0
500,317,3,24000.0,20,0,0
500,318,5,25000.0,32,0,0
500,319,2,24000.0,12,0,0
500,321,2,24000.0,13,0,0
500,323,2,24500.0,10,0,0
500,326,2,24500.0,12,0,0
500,327,2,25000.0,11,0,0
500,328,2,25000.0,12,0,0
500,329,2,25000.0,11,0,0
500,337,2,25000.0,13,0,0
500,338,4,25000.0,25,0,0
500,339,4,25000.0,25,0,0
500,340,3,25000.0,20,0,0
500,341,2,25000.0,12,0,0
500,5,4,25000.0,29,0,0
500,24,2,3000.0,13,0,0
500,35,5,25000.0,37,0,0
500,38,2,1500.0,5,0,0
500,43,3,17000.0,23,1,1
500,44,3,15500.0,22,1,1
500,46,5,25000.0,39,2,2
500,47,2,4000.0,15,1,1
500,51,2,2000.0,11,0,0
500,60,5,25000.0,37,0,0
500,61,2,1000.0,4,0,0
500,64,4,25000.0,17,0,0
500,65,5,25000.0,33,3,3
500,67,5,8500.0,36,2,2
500,68,5,5500.0,16,0,0
500,69,2,2500.0,10,0,0
500,70,2,7500.0,9,0,0
500,73,2,3000.0,14,1,1
500,79,5,25000.0,24,0,0
500,80,5,25000.0,25,1,1
500,81,5,25000.0,22,0,0
500,84,2,6000.0,10,0,0
500,85,2,3000.0,10,0,0
500,86,2,3000.0,6,0,0
500,87,2,3000.0,6,0,0
500,88,4,25000.0,26,0,0
500,89,4,25000.0,23,0,0
500,90,2,8500.0,12,1,1
500,91,2,3500.0,10,0,0
500,92,4,25000.0,25,1,1
500,99,2,4000.0,8,0,0
500,100,2,4000.0,8,0,0
500,101,3,5000.0,17,0,0
500,102,2,6000.0,8,0,0
500,103,2,5500.0,9,0,0
500,106,2,5500.0,10,0,0
500,108,2,6500.0,11,0,0
500,109,2,7500.0,10,0,0
500,113,2,8000.0,10,0,0
500,114,2,7000.0,10,0,0
500,117,5,8000.0,21,0,0
500,118,5,13500.0,18,0,0
500,119,2,9000.0,9,0,0
500,121,2,7500.0,8,0,0
500,122,4,11500.0,23,0,0
500,123,5,25000.0,22,0,0
500,124,6,8500.0,27,0,0
500,126,2,9000.0,11,0,0
500,127,2,8000.0,12,0,0
500,129,2,8500.0,11,0,0
500,131,3,11000.0,16,0,0
500,132,3,8500.0,15,0,0
500,133,3,8500.0,14,0,0
500,136,5,25000.0,24,0,0
500,138,4,10500.0,17,0,0
500,140,5,25000.0,29,0,0
500,141,5,25000.0,23,0,0
500,142,5,25000.0,22,0,0
500,143,2,11500.0,10,0,0
500,147,2,10500.0,11,0,0
500,148,5,25000.0,22,0,0
500,151,4,12000.0,25,0,0
500,152,5,25000.0,21,0,0
500,153,5,25000.0,24,0,0
500,154,3,12500.0,18,0,0
500,157,2,11500.0,10,0,0
500,160,4,13000.0,18,0,0
500,161,5,17000.0,34,0,0
500,164,2,14500.0,10,0,0
500,166,3,12500.0,18,0,0
500,167,5,25000.0,22,0,0
500,168,3,16500.0,17,0,0
500,170,2,13000.0,10,0,0
500,171,2,12500.0,10,0,0
500,174,2,13000.0,11,0,0
500,180,5,13500.0,21,0,0
500,181,3,14000.0,18,0,0
500,183,2,15000.0,12,0,0
500,185,2,14500.0,9,0,0
500,186,2,15000.0,11,0,0
500,187,5,25000.0,21,0,0
500,194,2,18000.0,9,0,0
500,195,5,18500.0,23,0,0
500,196,5,25000.0,23,0,0
500,199,2,16000.0,10,0,0
500,200,5,25000.0,24,0,0
500,201,5,17000.0,27,0,0
500,202,5,25000.0,24,0,0
500,203,5,19000.0,24,0,0
500,204,5,25000.0,27,0,0
500,207,2,19500.0,10,0,0
500,214,2,19000.0,10,0,0
500,216,2,19000.0,11,0,0
500,217,4,25000.0,19,0,0
500,218,5,25000.0,32,0,0
500,220,2,22000.0,9,0,0
500,224,4,25000.0,25,0,0
500,225,8,25000.0,53,0,0
500,227,5,25000.0,24,0,0
500,233,2,20500.0,13,0,0
500,235,4,23000.0,18,0,0
500,236,5,25000.0,20,0,0
500,237,5,25000.0,32,0,0
500,238,5,25000.0,21,0,0
500,239,6,25000.0,40,0,0
500,240,2,21500.0,12,0,0
500,244,5,25000.0,25,0,0
500,245,2,22000.0,11,0,0
500,247,2,22500.0,12,0,0
500,248,2,22500.0,9,0,0
500,252,5,25000.0,28,0,0
500,254,2,24500.0,12,0,0
500,255,5,25000.0,24,0,0
500,259,2,25000.0,9,0,0
500,261,2,24000.0,10,0,0
500,263,5,25000.0,29,0,0
500,265,2,25000.0,12,0,0
500,266,2,24500.0,13,0,0
500,272,2,25000.0,12,0,0
500,275,2,25000.0,10,0,0
500,276,2,25000.0,10,0,0
500,0,4,14500.0,31,1,1
500,8,5,25000.0,34,0,0
500,19,5,25000.0,59,1,1
500,30,4,10000.0,28,0,0
500,31,4,25000.0,38,1,1
500,33,5,25000.0,34,0,0
500,38,3,8000.0,33,1,1
500,39,5,9000.0,36,0,0
500,40,5,1000.0,12,0,0
500,48,4,25000.0,29,1,1
500,50,5,25000.0,37,0,0
500,56,5,25000.0,35,0,0
500,63,4,1500.0,11,0,0
500,64,5,2000.0,20,2,2
500,67,2,9500.0,12,0,0
500,83,2,1000.0,8,0,0
500,87,4,21000.0,30,0,0
500,89,4,25000.0,27,0,0
500,91,4,15000.0,28,0,0
500,92,4,25000.0,32,1,1
500,101,2,1000.0,7,0,0
500,102,3,1000.0,5,1,1
500,104,2,3000.0,12,1,1
500,106,4,25000.0,27,0,0
500,107,2,2000.0,10,0,0
500,109,2,1500.0,9,0,0
500,113,4,3500.0,26,1,1
500,115,5,6000.0,22,1,1
500,118,2,4500.0,11,0,0
500,121,5,25000.0,24,0,0
500,122,2,25000.0,9,0,0
500,124,2,3500.0,9,0,0
500,126,2,6500.0,11,0,0
500,130,2,4000.0,12,0,0
500,131,5,5500.0,32,0,0
500,133,3,8500.0,11,0,0
500,134,5,25000.0,21,0,0
500,135,5,25000.0,23,1,1
500,136,2,6000.0,9,0,0
500,137,2,6500.0,9,0,0
500,138,3,6500.0,18,0,0
500,139,5,22000.0,22,0,0
500,140,2,5500.0,9,0,0
500,141,2,6500.0,10,0,0
500,144,2,10500.0,9,0,0
500,146,2,6500.0,9,0,0
500,150,2,7500.0,9,0,0
500,151,5,25000.0,34,0,0
500,153,2,6500.0,9,0,0
500,154,2,8500.0,11,0,0
500,157,2,7000.0,10,0,0
500,160,3,18500.0,15,0,0
500,161,2,8500.0,9,0,0
500,164,2,9500.0,9,0,0
500,166,2,9500.0,10,0,0
500,167,3,10500.0,18,0,0
500,168,5,25000.0,22,0,0
500,169,2,10000.0,10,0,0
500,170,2,11500.0,9,0,0
500,171,2,10000.0,10,0,0
500,173,2,13500.0,10,0,0
500,174,2,11000.0,9,0,0
500,176,2,10000.0,10,0,0
500,177,2,10000.0,10,0,0
500,180,2,11500.0,9,0,0
500,182,2,13000.0,10,0,0
500,183,2,10500.0,10,0,0
500,186,2,11000.0,9,0,0
500,188,2,10500.0,12,0,0
500,189,2,10500.0,12,0,0
500,190,2,11500.0,9,0,0
500,191,2,12500.0,11,0,0
500,192,2,10500.0,9,0,0
500,194,3,14000.0,18,0,0
500,199,2,11000.0,10,0,0
500,200,2,11000.0,11,0,0
500,203,2,13000.0,11,0,0
500,205,5,22000.0,20,0,0
500,206,2,12000.0,12,0,0
500,207,2,13500.0,10,0,0
500,208,2,12000.0,12,0,0
500,209,3,13000.0,14,0,0
500,210,5,15000.0,24,0,0
500,212,2,14500.0,11,0,0
500,214,2,12500.0,11,0,0
500,216,2,14000.0,9,0,0
500,217,3,25000.0,15,0,0
500,219,2,15000.0,11,0,0
500,220,2,13000.0,10,0,0
500,223,2,16500.0,10,0,0
500,224,5,25000.0,24,0,0
500,227,3,15000.0,19,0,0
500,228,2,14000.0,11,0,0
500,230,2,14000.0,11,0,0
500,232,2,18500.0,12,0,0
500,233,2,15500.0,12,0,0
500,235,2,15000.0,13,0,0
500,236,2,16000.0,11,0,0
500,240,2,14500.0,9,0,0
500,244,2,15500.0,9,0,0
500,247,2,17000.0,10,0,0
500,249,5,25000.0,23,0,0
500,250,3,25000.0,18,0,0
500,251,2,16000.0,10,0,0
500,252,2,16500.0,11,0,0
500,253,2,18500.0,11,0,0
500,259,2,16500.0,10,0,0
500,260,4,25000.0,26,0,0
500,261,4,19500.0,22,0,0
500,262,4,19500.0,27,0,0
500,263,2,19000.0,12,0,0
500,264,2,16500.0,13,0,0
500,265,2,16500.0,11,0,0
500,267,5,25000.0,25,0,0
500,268,3,17500.0,18,0,0
500,269,3,17500.0,20,0,0
500,270,2,17000.0,10,0,0
500,272,2,17000.0,13,0,0
500,273,2,17000.0,11,0,0
500,275,3,20500.0,18,0,0
500,276,5,19500.0,25,0,0
500,278,2,18000.0,9,0,0
500,280,2,17500.0,9,0,0
500,284,5,18500.0,28,0,0
500,285,3,21000.0,18,0,0
500,286,5,25000.0,23,0,0
500,289,5,25000.0,23,0,0
500,290,2,19500.0,10,0,0
500,294,5,25000.0,32,0,0
500,298,2,20000.0,11,0,0
500,299,2,20000.0,9,0,0
500,301,5,25000.0,32,0,0
500,302,5,25000.0,28,0,0
500,306,5,22500.0,24,0,0
500,307,2,23500.0,12,0,0
500,308,2,22500.0,12,0,0
500,309,6,22500.0,32,0,0
500,310,6,25000.0,41,0,0
500,311,3,23000.0,19,0,0
500,313,2,22500.0,12,0,0
500,314,2,22000.0,13,0,0
500,316,2,24500.0,11,0,0
500,322,5,25000.0,25,0,0
500,324,2,22500.0,11,0,0
500,328,3,23000.0,20,0,0
500,330,2,23000.0,11,0,0
500,332,3,25000.0,17,0,0
500,333,3,24000.0,18,0,0
500,334,5,24000.0,28,0,0
500,337,2,24000.0,11,0,0
500,339,5,25000.0,25,0,0
500,340,5,25000.0,33,0,0
500,341,5,25000.0,25,0,0
500,342,2,25000.0,12,0,0
500,344,2,25000.0,12,0,0
500,346,4,25000.0,27,0,0
500,349,2,25000.0,11,0,0
500,6,5,25000.0,38,1,1
500,8,2,1000.0,5,0,0
500,15,4,25000.0,33,1,1
500,20,4,25000.0,32,1,1
500,26,2,11500.0,13,0,0
500,43,3,1000.0,10,0,0
500,44,3,8000.0,21,2,2
500,48,3,8500.0,20,1,1
500,59,5,25000.0,35,0,0
500,62,2,6500.0,13,0,0
500,72,5,25000.0,44,4,4
500,73,4,25000.0,27,0,0
500,76,2,2500.0,11,0,0
500,80,3,5000.0,21,0,0
500,89,4,23500.0,24,1,1
500,90,5,25000.0,19,0,0
500,92,2,2000.0,9,0,0
500,93,2,1000.0,10,0,0
500,94,2,3500.0,17,1,1
500,95,2,3000.0,10,0,0
500,96,2,1500.0,9,0,0
500,98,2,1500.0,10,0,0
500,101,2,1000.0,5,1,1
500,102,2,1000.0,8,0,0
500,103,2,2500.0,10,0,0
500,107,2,2500.0,9,0,0
500,108,2,1500.0,9,0,0
500,110,2,2500.0,7,0,0
500,111,2,5500.0,9,0,0
500,113,2,4000.0,9,0,0
500,114,2,3500.0,10,0,0
500,115,2,3000.0,7,0,0
500,116,5,25000.0,25,1,1
500,117,8,25000.0,47,1,1
500,119,2,7000.0,9,0,0
500,122,2,4000.0,9,0,0
500,123,2,7000.0,9,0,0
500,127,2,5000.0,10,0,0
500,128,3,5000.0,18,0,0
500,129,4,25000.0,24,0,0
500,130,4,25000.0,20,0,0
500,131,5,20000.0,25,0,0
500,133,2,5500.0,9,0,0
500,135,2,5500.0,10,1,1
500,136,5,25000.0,21,0,0
500,138,3,21000.0,18,0,0
500,139,4,6500.0,25,0,0
500,140,3,5500.0,14,0,0
500,141,2,8000.0,9,0,0
500,143,2,9500.0,12,0,0
500,145,2,5500.0,11,0,0
500,148,5,9000.0,26,0,0
500,149,3,6500.0,15,0,0
500,150,5,7500.0,20,0,0
500,151,5,7000.0,23,0,0
500,152,3,7000.0,14,0,0
500,155,2,8500.0,10,0,0
500,157,4,9000.0,16,0,0
500,158,5,25000.0,30,0,0
500,159,2,13500.0,9,0,0
500,162,2,9500.0,9,0,0
500,163,5,25000.0,22,0,0
500,166,2,11500.0,9,0,0
500,167,2,9000.0,11,0,0
500,168,5,25000.0,27,0,0
500,169,5,13500.0,23,0,0
500,170,2,10500.0,9,0,0
500,172,5,10000.0,20,0,0
500,174,4,25000.0,21,0,0
500,175,4,10000.0,19,0,0
500,176,5,25000.0,21,0,0
500,178,2,12500.0,10,0,0
500,179,5,12500.0,21,0,0
500,183,2,12500.0,12,0,0
500,184,2,14500.0,10,0,0
500,185,5,25000.0,18,0,0
500,190,2,16000.0,11,0,0
500,191,5,25000.0,22,0,0
500,192,3,15000.0,16,0,0
500,194,2,13000.0,11,0,0
500,196,4,25000.0,25,0,0
500,197,4,25000.0,16,0,0
500,198,3,18000.0,16,0,0
500,200,2,14000.0,11,0,0
500,201,2,14000.0,11,0,0
500,204,2,16500.0,11,0,0
500,205,2,14000.0,9,0,0
500,206,2,14500.0,10,0,0
500,208,2,15500.0,11,0,0
500,210,9,25000.0,61,0,0
500,211,3,20500.0,18,0,0
500,214,3,16500.0,18,0,0
500,216,2,14500.0,10,0,0
500,217,5,16000.0,34,0,0
500,221,2,15000.0,12,0,0
500,222,2,15500.0,11,0,0
500,225,4,16000.0,20,0,0
500,226,3,25000.0,12,0,0
500,227,2,16500.0,9,0,0
500,228,3,16500.0,18,0,0
500,229,4,24500.0,28,0,0
500,234,3,20000.0,19,0,0
500,235,5,25000.0,24,0,0
500,237,2,17500.0,11,0,0
500,239,2,17500.0,10,0,0
500,240,2,19000.0,10,0,0
500,241,2,18000.0,10,0,0
500,243,5,19000.0,24,0,0
500,245,2,18000.0,9,0,0
500,247,2,18500.0,10,0,0
500,255,2,18000.0,11,0,0
500,257,5,19500.0,26,0,0
500,258,5,19000.0,29,0,0
500,259,4,23000.0,21,0,0
500,264,2,20000.0,10,0,0
500,267,5,25000.0,31,0,0
500,269,5,25000.0,27,0,0
500,271,2,19500.0,11,0,0
500,273,2,19500.0,12,0,0
500,274,4,25000.0,25,0,0
500,276,2,22500.0,11,0,0
500,277,5,25000.0,28,0,0
500,279,2,20000.0,11,0,0
500,280,3,22000.0,17,0,0
500,283,2,20500.0,10,0,0
500,285,5,25000.0,27,0,0
500,286,4,24000.0,19,0,0
500,288,3,25000.0,19,0,0
500,291,3,25000.0,18,0,0
500,292,4,21500.0,26,0,0
500,298,4,25000.0,25,0,0
500,299,5,25000.0,24,0,0
500,301,4,23500.0,26,0,0
500,302,5,25000.0,28,0,0
500,303,8,25000.0,48,0,0
500,304,5,25000.0,26,0,0
500,306,2,22500.0,11,0,0
500,307,2,22500.0,10,0,0
500,309,2,23000.0,11,0,0
500,314,4,24000.0,24,0,0
500,315,3,24000.0,19,0,0
500,317,6,24000.0,38,0,0
500,320,5,25000.0,27,0,0
500,321,5,25000.0,23,0,0
500,322,3,25000.0,18,0,0
500,324,2,25000.0,11,0,0
500,330,5,25000.0,30,0,0
500,331,5,25000.0,31,0,0
500,333,2,25000.0,12,0,0
500,334,2,25000.0,12,0,0
500,12,5,7500.0,35,1,1
500,21,5,25000.0,31,0,0
500,31,5,25000.0,41,1,1
500,33,5,25000.0,54,3,3
500,34,5,25000.0,35,0,0
500,45,5,2000.0,20,3,3
500,48,5,25000.0,37,2,2
500,58,5,20000.0,32,0,0
500,62,5,5500.0,37,0,0
500,63,3,1000.0,7,0,0
500,64,5,8000.0,33,1,1
500,69,2,2000.0,13,0,0
500,71,2,1000.0,5,0,0
500,74,2,1000.0,7,0,0
500,77,4,6000.0,35,2,2
500,80,5,25000.0,24,1,1
500,81,2,5500.0,14,1,1
500,82,2,2500.0,11,0,0
500,89,2,1500.0,8,0,0
500,90,2,1500.0,3,0,0
500,91,5,2500.0,19,2,2
500,92,2,2500.0,7,0,0
500,94,2,6000.0,10,1,1
500,95,2,5000.0,10,0,0
500,96,2,3000.0,8,0,0
500,97,2,3500.0,11,0,0
500,100,5,25000.0,39,1,1
500,101,2,5000.0,10,0,0
500,102,2,3500.0,9,1,1
500,104,2,4000.0,10,1,1
500,106,5,25000.0,22,0,0
500,110,2,4000.0,8,0,0
500,111,2,5000.0,10,0,0
500,112,2,4500.0,10,0,0
500,113,4,25000.0,22,0,0
500,117,2,4500.0,10,0,0
500,118,2,4500.0,11,0,0
500,119,5,25000.0,23,0,0
500,123,5,5500.0,20,0,0
500,124,5,25000.0,22,0,0
500,125,5,6500.0,22,0,0
500,126,5,25000.0,21,0,0
500,129,2,6500.0,9,0,0
500,131,2,7500.0,9,0,0
500,134,2,6500.0,9,0,0
500,135,6,9500.0,39,0,0
500,136,3,7000.0,13,0,0
500,137,5,8500.0,17,0,0
500,138,5,25000.0,21,0,0
500,139,5,25000.0,24,0,0
500,140,5,9500.0,22,0,0
500,141,2,7500.0,9,0,0
500,142,2,20000.0,10,0,0
500,145,2,7500.0,9,0,0
500,146,2,7500.0,11,0,0
500,147,2,9500.0,10,0,0
500,150,2,10500.0,8,0,0
500,153,2,11000.0,10,0,0
500,157,2,8500.0,9,0,0
500,160,2,8500.0,13,0,0
500,161,2,8500.0,10,0,0
500,167,2,11500.0,12,0,0
500,171,4,12000.0,27,0,0
500,175,2,13500.0,11,0,0
500,176,2,12000.0,9,0,0
500,177,3,13500.0,17,0,0
500,178,3,14500.0,12,0,0
500,181,3,16000.0,18,0,0
500,182,2,12000.0,9,0,0
500,183,2,14000.0,12,0,0
500,184,2,12000.0,8,0,0
500,185,2,12000.0,9,0,0
500,186,3,13500.0,18,0,0
500,190,2,12500.0,11,0,0
500,191,2,19000.0,12,0,0
500,192,2,17500.0,9,0,0
500,194,5,25000.0,24,0,0
500,197,2,14000.0,12,0,0
500,199,2,14000.0,10,0,0
500,202,6,25000.0,41,0,0
500,203,3,14000.0,18,0,0
500,207,2,14000.0,12,0,0
500,209,4,25000.0,25,0,0
500,212,5,25000.0,18,0,0
500,213,2,15500.0,11,0,0
500,214,2,18000.0,12,0,0
500,217,5,19500.0,24,0,0
500,218,2,16000.0,11,0,0
500,219,2,16000.0,11,0,0
500,220,5,25000.0,21,0,0
500,221,3,21500.0,18,0,0
500,222,5,17000.0,23,0,0
500,223,4,22000.0,25,0,0
500,227,4,19000.0,22,0,0
500,228,4,25000.0,24,0,0
500,229,4,23000.0,15,0,0
500,231,2,18500.0,10,0,0
500,232,2,23000.0,11,0,0
500,233,2,18500.0,12,0,0
500,234,2,19500.0,10,0,0
500,235,2,21000.0,12,0,0
500,239,2,21000.0,12,0,0
500,240,4,18500.0,19,0,0
500,241,5,25000.0,30,0,0
500,242,2,19000.0,10,0,0
500,243,2,19000.0,11,0,0
500,244,3,25000.0,19,0,0
500,245,2,21000.0,10,0,0
500,252,2,20500.0,11,0,0
500,254,2,20500.0,12,0,0
500,255,9,25000.0,48,0,0
500,258,4,23000.0,21,0,0
500,259,3,25000.0,17,0,0
500,261,2,21000.0,12,0,0
500,262,2,22500.0,12,0,0
500,264,2,21000.0,12,0,0
500,267,2,21000.0,11,0,0
500,268,2,21500.0,12,0,0
500,270,5,21500.0,25,0,0
500,271,3,23000.0,20,0,0
500,272,4,22000.0,25,0,0
500,275,3,25000.0,18,0,0
500,276,5,25000.0,23,0,0
500,278,5,25000.0,26,0,0
500,279,3,24000.0,18,0,0
500,280,4,25000.0,23,0,0
500,289,3,25000.0,19,0,0
500,293,2,25000.0,9,0,0
500,294,2,24000.0,10,0,0
500,296,5,25000.0,33,0,0
500,298,5,25000.0,30,0,0
500,299,3,25000.0,20,0,0
500,300,3,25000.0,19,0,0
500,302,3,25000.0,19,0,0
500,305,2,25000.0,13,0,0
500,8,5,25000.0,51,1,1
500,19,3,6000.0,20,0,0
500,24,2,4000.0,11,0,0
500,25,3,23000.0,20,0,0
500,26,4,25000.0,29,1,1
500,31,5,25000.0,36,0,0
500,32,3,25000.0,22,1,1
500,48,5,25000.0,41,1,1
500,49,5,25000.0,36,0,0
500,54,3,13000.0,18,0,0
500,72,3,7000.0,24,1,1
500,73,3,25000.0,26,1,1
500,74,2,1000.0,5,0,0
500,81,2,16000.0,21,1,1
500,86,5,25000.0,37,1,1
500,102,5,25000.0,37,0,0
500,103,5,25000.0,26,1,1
500,104,5,4500.0,28,0,0
500,105,2,1500.0,9,0,0
500,109,2,2500.0,9,0,0
500,112,2,3500.0,11,1,1
500,114,2,2000.0,10,0,0
500,116,2,3000.0,9,1,1
500,119,5,25000.0,20,0,0
500,120,2,7000.0,10,0,0
500,122,2,3000.0,9,0,0
500,125,2,2500.0,10,0,0
500,126,2,2500.0,9,1,1
500,129,5,25000.0,24,0,0
500,130,5,25000.0,22,0,0
500,131,3,3000.0,15,0,0
500,133,2,4500.0,15,1,1
500,134,2,3000.0,10,0,0
500,136,3,4000.0,13,1,1
500,137,5,25000.0,24,0,0
500,139,2,6000.0,9,0,0
500,140,2,6000.0,9,0,0
500,143,2,8000.0,10,0,0
500,145,2,4000.0,10,0,0
500,146,2,4500.0,9,0,0
500,149,2,4000.0,9,0,0
500,151,2,6000.0,11,0,0
500,153,2,5000.0,10,0,0
500,154,2,7500.0,9,0,0
500,156,2,18000.0,10,0,0
500,158,5,25000.0,32,0,0
500,159,2,5000.0,9,0,0
500,160,2,6500.0,9,0,0
500,162,5,25000.0,26,0,0
500,163,5,25000.0,23,0,0
500,164,2,6500.0,9,0,0
500,166,2,6500.0,11,0,0
500,168,5,6000.0,32,0,0
500,169,2,6500.0,10,0,0
500,171,2,9500.0,9,0,0
500,175,3,19500.0,16,0,0
500,176,3,11500.0,12,0,0
500,177,3,11500.0,18,0,0
500,179,2,9000.0,9,0,0
500,180,2,8000.0,9,0,0
500,181,2,7000.0,10,0,0
500,182,2,7500.0,9,0,0
500,184,5,25000.0,21,0,0
500,185,4,9000.0,25,0,0
500,186,5,10000.0,23,0,0
500,187,3,8000.0,18,0,0
500,188,2,8000.0,10,0,0
500,189,2,8500.0,10,0,0
500,190,2,8500.0,10,0,0
500,191,2,8000.0,10,0,0
500,192,4,25000.0,16,0,0
500,194,2,8000.0,11,0,0
500,196,2,9000.0,9,0,0
500,197,2,10500.0,10,0,0
500,199,3,25000.0,15,0,0
500,200,2,8500.0,11,0,0
500,202,5,16000.0,23,0,0
500,204,5,11000.0,30,0,0
500,205,3,10000.0,19,0,0
500,207,2,11000.0,10,0,0
500,208,5,25000.0,21,0,0
500,210,5,25000.0,23,0,0
500,211,3,14500.0,18,0,0
500,212,2,15500.0,10,0,0
500,218,2,13000.0,11,0,0
500,219,2,11500.0,10,0,0
500,222,2,11500.0,9,0,0
500,223,4,22500.0,26,0,0
500,226,5,25000.0,29,0,0
500,227,5,13500.0,26,0,0
500,228,5,25000.0,22,0,0
500,230,2,14000.0,11,0,0
500,231,2,14000.0,12,0,0
500,234,2,13000.0,11,0,0
500,235,5,16500.0,22,0,0
500,236,2,16500.0,11,0,0
500,237,2,14500.0,11,0,0
500,239,5,25000.0,26,0,0
500,247,2,14500.0,11,0,0
500,250,4,15500.0,16,0,0
500,253,5,25000.0,28,0,0
500,255,5,25000.0,26,0,0
500,260,2,16500.0,9,0,0
500,261,5,25000.0,24,0,0
500,262,5,17500.0,31,0,0
500,263,5,25000.0,31,0,0
500,264,3,17000.0,19,0,0
500,265,2,17500.0,9,0,0
500,268,2,17500.0,13,0,0
500,269,3,20000.0,18,0,0
500,270,3,19000.0,16,0,0
500,275,2,17500.0,12,0,0
500,277,2,17500.0,11,0,0
500,279,2,18500.0,12,0,0
500,285,3,21500.0,17,0,0
500,286,2,18000.0,13,0,0
500,289,5,25000.0,22,0,0
500,290,2,18500.0,11,0,0
500,292,5,25000.0,29,0,0
500,293,5,25000.0,26,0,0
500,294,3,25000.0,18,0,0
500,296,3,24500.0,20,0,0
500,298,2,19000.0,11,0,0
500,300,2,22000.0,10,0,0
500,302,2,19500.0,12,0,0
500,303,2,19500.0,13,0,0
500,304,3,22000.0,14,0,0
500,305,5,21000.0,24,0,0
500,308,4,25000.0,24,0,0
500,311,2,20000.0,12,0,0
500,313,2,20500.0,13,0,0
500,314,2,20000.0,13,0,0
500,315,2,21500.0,12,0,0
500,316,2,21000.0,12,0,0
500,318,2,20000.0,13,0,0
500,321,2,20000.0,13,0,0
500,322,2,20500.0,11,0,0
500,324,3,20500.0,17,0,0
500,325,5,25000.0,28,0,0
500,327,2,21000.0,11,0,0
500,328,2,21500.0,12,0,0
500,329,2,21000.0,11,0,0
500,330,2,21000.0,11,0,0
500,331,2,21500.0,12,0,0
500,332,5,25000.0,32,0,0
500,333,5,21500.0,29,0,0
500,334,2,23000.0,13,0,0
500,337,4,25000.0,25,0,0
500,341,2,23000.0,9,0,0
500,343,5,25000.0,32,0,0
500,344,5,25000.0,31,0,0
500,345,4,25000.0,17,0,0
500,346,4,25000.0,21,0,0
500,347,5,22500.0,34,0,0
500,349,2,22500.0,12,0,0
500,351,5,25000.0,25,0,0
500,352,5,25000.0,32,0,0
500,353,4,25000.0,24,0,0
500,363,5,25000.0,36,0,0
500,364,2,25000.0,12,0,0
500,365,2,25000.0,13,0,0
500,369,2,25000.0,14,0,0
500,370,4,25000.0,26,0,0
500,372,2,25000.0,11,0,0
500,1,5,25000.0,34,1,1
500,5,5,25000.0,40,1,1
500,6,5,25000.0,38,1,1
500,22,3,18000.0,20,0,0
500,24,4,1000.0,10,0,0
500,48,2,4500.0,12,0,0
500,49,4,8500.0,28,0,0
500,56,5,25000.0,38,1,1
500,57,5,25000.0,43,1,1
500,59,4,24500.0,28,0,0
500,60,5,25000.0,36,0,0
500,62,2,1500.0,6,0,0
500,64,2,1500.0,13,0,0
500,66,5,25000.0,37,0,0
500,70,2,3500.0,11,0,0
500,73,4,2000.0,21,0,0
500,77,2,3500.0,13,2,2
500,78,3,17000.0,14,0,0
500,79,5,1500.0,17,0,0
500,80,4,3000.0,18,0,0
500,81,2,1500.0,11,1,1
500,83,2,1500.0,5,0,0
500,84,2,2500.0,9,0,0
500,86,2,1000.0,4,0,0
500,89,5,15000.0,23,0,0
500,91,4,2500.0,19,1,1
500,92,2,2000.0,9,0,0
500,93,2,2000.0,7,0,0
500,94,2,3000.0,9,0,0
500,95,2,4000.0,12,1,1
500,97,2,2500.0,10,1,1
500,99,5,6000.0,23,1,1
500,100,5,25000.0,19,1,1
500,101,5,25000.0,22,1,1
500,102,2,3500.0,10,0,0
500,103,2,3000.0,10,0,0
500,105,5,7500.0,22,0,0
500,106,2,4500.0,10,0,0
500,107,2,3500.0,10,0,0
500,108,2,16500.0,10,0,0
500,109,2,5500.0,10,0,0
500,110,6,25000.0,28,0,0
500,114,3,4500.0,13,0,0
500,117,2,4500.0,10,0,0
500,118,2,4500.0,10,0,0
500,121,2,7000.0,9,0,0
500,122,5,7000.0,21,0,0
500,123,2,7500.0,9,0,0
500,125,2,6000.0,9,0,0
500,128,2,8000.0,9,0,0
500,129,2,6000.0,9,0,0
500,130,2,8000.0,9,0,0
500,131,4,25000.0,23,0,0
500,133,2,6500.0,12,0,0
500,134,5,25000.0,23,0,0
500,135,4,16500.0,16,0,0
500,136,5,25000.0,24,0,0
500,137,2,8000.0,9,0,0
500,140,5,25000.0,23,0,0
500,143,2,8000.0,11,0,0
500,146,2,8000.0,11,0,0
500,147,2,9500.0,11,0,0
500,149,2,10500.0,12,0,0
500,150,4,11000.0,20,0,0
500,151,4,13500.0,22,0,0
500,152,2,8500.0,11,0,0
500,153,2,10500.0,10,0,0
500,154,2,10000.0,10,0,0
500,156,2,9500.0,11,0,0
500,157,2,9000.0,12,0,0
500,158,2,9000.0,10,0,0
500,161,2,9000.0,9,0,0
500,163,5,10000.0,24,0,0
500,164,3,10500.0,17,0,0
500,165,4,23500.0,25,0,0
500,168,5,25000.0,19,0,0
500,169,2,15500.0,10,0,0
500,173,2,11000.0,11,0,0
500,174,2,12000.0,9,0,0
500,175,4,11000.0,18,0,0
500,176,2,11000.0,9,0,0
500,177,2,10500.0,11,0,0
500,178,2,10500.0,11,0,0
500,179,2,13000.0,10,0,0
500,180,2,11000.0,12,0,0
500,181,2,10000.0,9,0,0
500,184,2,10500.0,10,0,0
500,185,2,10500.0,10,0,0
500,187,7,25000.0,33,0,0
500,188,5,10500.0,22,0,0
500,193,2,11500.0,11,0,0
500,194,3,13000.0,11,0,0
500,197,2,11500.0,11,0,0
500,199,2,12000.0,11,0,0
500,200,5,25000.0,24,0,0
500,201,5,16500.0,20,0,0
500,203,5,25000.0,32,0,0
500,204,2,12500.0,11,0,0
500,205,2,13500.0,10,0,0
500,207,2,12500.0,10,0,0
500,209,2,13000.0,11,0,0
500,211,2,15500.0,10,0,0
500,213,5,18000.0,24,0,0
500,215,2,14000.0,11,0,0
500,216,2,14000.0,10,0,0
500,224,2,20500.0,12,0,0
500,225,5,15500.0,22,0,0
500,226,3,13500.0,17,0,0
500,227,2,16000.0,11,0,0
500,228,2,15000.0,12,0,0
500,230,4,25000.0,21,0,0
500,231,5,15500.0,27,0,0
500,232,4,25000.0,24,0,0
500,234,2,16000.0,12,0,0
500,236,2,15000.0,10,0,0
500,238,5,25000.0,27,0,0
500,240,4,22000.0,25,0,0
500,242,2,17000.0,12,0,0
500,244,2,16000.0,12,0,0
500,245,2,16500.0,12,0,0
500,247,2,18000.0,11,0,0
500,248,5,25000.0,25,0,0
500,249,3,17500.0,18,0,0
500,251,5,25000.0,27,0,0
500,254,2,22000.0,9,0,0
500,261,7,25000.0,36,0,0
500,264,4,20500.0,29,0,0
500,269,2,17500.0,11,0,0
500,272,2,18500.0,12,0,0
500,274,3,18500.0,18,0,0
500,275,4,25000.0,19,0,0
500,278,2,19000.0,10,0,0
500,282,2,18500.0,11,0,0
500,283,5,22000.0,29,0,0
500,289,2,19500.0,11,0,0
500,290,3,20500.0,17,0,0
500,292,5,21000.0,25,0,0
500,294,2,23500.0,11,0,0
500,295,5,25000.0,27,0,0
500,296,2,22000.0,13,0,0
500,304,5,23000.0,26,0,0
500,311,2,25000.0,12,0,0
500,313,2,23000.0,13,0,0
500,320,3,25000.0,20,0,0
500,321,4,25000.0,27,0,0
500,322,3,23500.0,19,0,0
500,323,4,23500.0,23,0,0
500,326,2,23000.0,13,0,0
500,330,4,25000.0,19,0,0
500,332,5,24500.0,31,0,0
500,333,5,25000.0,25,0,0
500,334,2,24500.0,12,0,0
500,341,2,25000.0,12,0,0
500,342,5,25000.0,21,0,0
500,343,5,25000.0,25,0,0
500,344,5,25000.0,26,0,0
500,345,4,25000.0,23,0,0
500,346,3,25000.0,18,0,0
500,347,2,25000.0,12,0,0
500,348,2,25000.0,11,0,0
500,0,4,19000.0,27,0,0
500,6,4,17500.0,36,1,1
500,10,4,6000.0,37,1,1
500,11,5,25000.0,37,0,0
500,13,3,9500.0,20,0,0
500,28,5,25000.0,42,1,1
500,32,2,9000.0,13,0,0
500,36,5,25000.0,34,1,1
500,50,5,25000.0,36,1,1
500,58,5,8500.0,42,3,3
500,59,2,1500.0,10,0,0
500,64,2,2500.0,16,1,1
500,72,5,25000.0,37,0,0
500,73,5,25000.0,36,0,0
500,77,2,1000.0,11,0,0
500,78,5,10500.0,36,0,0
500,85,2,1500.0,8,0,0
500,89,2,6500.0,11,1,1
500,90,4,3000.0,26,0,0
500,91,5,5000.0,21,1,1
500,92,4,25000.0,29,1,1
500,93,3,2000.0,16,1,1
500,94,5,25000.0,29,0,0
500,98,2,2000.0,10,0,0
500,99,4,25000.0,23,0,0
500,100,2,2500.0,11,0,0
500,104,5,25000.0,24,0,0
500,106,2,3500.0,10,0,0
500,108,2,4000.0,9,0,0
500,109,2,6000.0,9,0,0
500,112,5,25000.0,23,0,0
500,114,2,4000.0,11,0,0
500,117,7,25000.0,43,0,0
500,118,2,4000.0,9,0,0
500,119,2,4000.0,10,0,0
500,120,4,11000.0,19,0,0
500,121,2,5000.0,12,0,0
500,124,2,5000.0,12,0,0
500,125,2,4500.0,10,0,0
500,126,2,4500.0,10,0,0
500,127,2,5000.0,9,0,0
500,128,2,9000.0,9,0,0
500,129,2,5500.0,11,1,1
500,132,2,6000.0,10,0,0
500,140,3,6000.0,16,0,0
500,141,5,25000.0,21,0,0
500,144,5,25000.0,23,0,0
500,145,4,9000.0,17,0,0
500,146,5,14000.0,23,0,0
500,147,3,17500.0,16,0,0
500,150,2,8000.0,9,0,0
500,151,2,8000.0,11,0,0
500,152,2,7500.0,10,0,0
500,154,2,7500.0,10,0,0
500,157,2,8500.0,11,0,0
500,159,5,13500.0,22,0,0
500,160,5,13500.0,19,0,0
500,161,2,10500.0,10,0,0
500,163,2,10000.0,9,0,0
500,164,5,25000.0,23,0,0
500,166,2,9000.0,10,0,0
500,169,2,10500.0,12,0,0
500,171,2,11500.0,10,0,0
500,172,5,25000.0,22,0,0
500,173,2,9500.0,9,0,0
500,175,2,10000.0,11,0,0
500,176,2,11000.0,10,0,0
500,178,5,25000.0,23,0,0
500,181,2,13000.0,9,0,0
500,183,2,11000.0,9,0,0
500,184,4,25000.0,25,0,0
500,185,4,25000.0,18,0,0
500,186,2,12000.0,12,0,0
500,189,2,11500.0,10,0,0
500,192,4,14000.0,20,0,0
500,195,5,25000.0,27,0,0
500,196,3,12500.0,16,0,0
500,197,2,14000.0,11,0,0
500,198,5,25000.0,20,0,0
500,199,5,22000.0,26,0,0
500,200,4,13000.0,21,0,0
500,203,2,13000.0,12,0,0
500,209,2,14000.0,11,0,0
500,212,2,14000.0,12,0,0
500,214,5,19000.0,32,0,0
500,217,2,15500.0,12,0,0
500,219,5,25000.0,22,0,0
500,225,3,19500.0,19,0,0
500,227,4,18500.0,21,0,0
500,232,2,15500.0,11,0,0
500,235,2,16000.0,10,0,0
500,236,2,16500.0,10,0,0
500,237,2,18500.0,10,0,0
500,238,5,25000.0,32,0,0
500,239,2,17000.0,10,0,0
500,242,2,18500.0,11,0,0
500,243,2,17500.0,13,0,0
500,247,2,17500.0,12,0,0
500,250,2,17500.0,13,0,0
500,258,2,17000.0,11,0,0
500,259,2,17000.0,10,0,0
500,265,5,19500.0,30,0,0
500,272,2,22000.0,13,0,0
500,273,2,18500.0,12,0,0
500,279,5,25000.0,29,0,0
500,280,2,19000.0,12,0,0
500,281,5,20000.0,21,0,0
500,282,5,21500.0,24,0,0
500,293,3,22000.0,18,0,0
500,294,4,25000.0,25,0,0
500,295,5,23000.0,25,0,0
500,299,6,25000.0,29,0,0
500,300,5,25000.0,29,0,0
500,301,2,21500.0,12,0,0
500,302,2,20500.0,12,0,0
500,303,8,25000.0,41,0,0
500,304,3,21000.0,19,0,0
500,308,2,22500.0,10,0,0
500,309,2,21500.0,11,0,0
500,313,2,21500.0,11,0,0
500,314,2,23500.0,11,0,0
500,317,2,22000.0,11,0,0
500,318,2,21500.0,11,0,0
500,319,5,25000.0,27,0,0
500,320,5,21500.0,24,0,0
500,321,2,24000.0,10,0,0
500,322,2,23000.0,12,0,0
500,323,2,21500.0,11,0,0
500,324,5,25000.0,32,0,0
500,327,2,22500.0,13,0,0
500,329,2,25000.0,11,0,0
500,332,2,22000.0,11,0,0
500,334,2,25000.0,11,0,0
500,337,2,22500.0,12,0,0
500,339,5,25000.0,28,0,0
500,340,4,25000.0,24,0,0
500,342,2,22500.0,11,0,0
500,344,2,24500.0,12,0,0
500,345,3,23000.0,17,0,0
500,346,5,25000.0,26,0,0
500,347,5,25000.0,29,0,0
500,348,4,24000.0,22,0,0
500,349,5,25000.0,28,0,0
500,350,3,24000.0,18,0,0
500,351,2,24000.0,11,0,0
500,359,2,24000.0,11,0,0
500,361,2,24500.0,12,0,0
500,362,2,25000.0,13,0,0
500,369,5,25000.0,35,0,0
500,372,5,25000.0,29,0,0
500,373,5,25000.0,30,0,0
500,0,3,14500.0,23,2,2
500,1,4,22000.0,29,0,0
500,5,2,2000.0,11,0,0
500,14,4,25000.0,34,2,2
500,35,4,25000.0,24,0,0
500,36,4,18000.0,25,0,0
500,47,4,15500.0,26,2,2
500,51,6,25000.0,48,1,1
500,52,5,25000.0,39,1,1
500,53,4,14000.0,26,0,0
500,54,3,25000.0,27,2,2
500,62,5,25000.0,35,0,0
500,63,5,7500.0,45,2,2
500,65,2,3000.0,12,0,0
500,70,3,3000.0,20,0,0
500,81,2,2000.0,11,0,0
500,93,2,1500.0,13,1,1
500,94,2,1000.0,7,0,0
500,95,5,25000.0,25,0,0
500,96,4,2500.0,15,2,2
500,97,4,25000.0,36,1,1
500,101,4,25000.0,17,0,0
500,103,5,5000.0,22,0,0
500,104,2,3500.0,4,1,1
500,106,2,5500.0,9,0,0
500,107,2,8000.0,9,0,0
500,109,2,5000.0,10,0,0
500,110,2,4500.0,9,0,0
500,114,2,7000.0,10,0,0
500,115,2,4500.0,6,0,0
500,116,2,25000.0,11,0,0
500,117,2,4500.0,9,0,0
500,118,2,5000.0,10,0,0
500,119,4,7000.0,19,0,0
500,120,5,25000.0,15,0,0
500,124,2,5500.0,12,0,0
500,125,2,5500.0,10,0,0
500,126,5,25000.0,29,0,0
500,130,2,7000.0,9,0,0
500,131,2,8000.0,9,0,0
500,132,2,6500.0,10,0,0
500,134,2,7000.0,10,0,0
500,137,5,25000.0,22,0,0
500,138,2,6500.0,9,0,0
500,140,3,11500.0,18,0,0
500,142,2,7000.0,9,0,0
500,146,5,25000.0,35,0,0
500,150,3,14500.0,15,0,0
500,153,2,9000.0,10,0,0
500,155,2,8500.0,10,0,0
500,158,3,9000.0,18,0,0
500,159,5,25000.0,23,0,0
500,160,3,11500.0,18,0,0
500,161,2,10500.0,12,0,0
500,166,2,12500.0,10,0,0
500,167,2,9500.0,10,0,0
500,169,2,13000.0,9,0,0
500,170,2,10000.0,9,0,0
500,171,5,25000.0,24,0,0
500,173,6,25000.0,32,0,0
500,174,2,13500.0,9,0,0
500,176,2,9500.0,9,0,0
500,177,2,9500.0,11,0,0
500,180,5,18500.0,25,0,0
500,181,5,25000.0,25,0,0
500,183,2,10000.0,9,0,0
500,186,3,11500.0,16,0,0
500,187,2,10500.0,12,0,0
500,192,2,11000.0,9,0,0
500,194,4,25000.0,18,0,0
500,195,5,25000.0,23,0,0
500,196,5,25000.0,24,0,0
500,200,2,11500.0,9,0,0
500,204,5,20500.0,25,0,0
500,205,2,13000.0,9,0,0
500,206,2,13500.0,10,0,0
500,207,5,25000.0,31,0,0
500,208,5,25000.0,22,0,0
500,209,2,13500.0,12,0,0
500,211,4,22500.0,18,0,0
500,213,2,14000.0,11,0,0
500,214,2,15000.0,10,0,0
500,215,2,15500.0,10,0,0
500,216,2,14500.0,8,0,0
500,219,2,18000.0,11,0,0
500,220,4,25000.0,16,0,0
500,221,4,25000.0,25,0,0
500,222,4,17500.0,20,0,0
500,223,5,25000.0,22,0,0
500,224,3,15000.0,17,0,0
500,231,5,25000.0,23,0,0
500,232,4,17000.0,23,0,0
500,233,2,15500.0,10,0,0
500,235,2,16500.0,10,0,0
500,239,5,25000.0,29,0,0
500,241,2,17500.0,11,0,0
500,244,2,17500.0,11,0,0
500,245,3,23500.0,18,0,0
500,248,3,25000.0,20,0,0
500,249,8,25000.0,49,0,0
500,250,5,25000.0,20,0,0
500,251,3,19000.0,18,0,0
500,255,2,18500.0,10,0,0
500,256,5,25000.0,28,0,0
500,257,2,19500.0,10,0,0
500,259,4,24000.0,19,0,0
500,262,4,20000.0,23,0,0
500,263,4,25000.0,25,0,0
500,264,3,21500.0,18,0,0
500,265,3,21000.0,18,0,0
500,268,2,22000.0,12,0,0
500,273,2,22000.0,13,0,0
500,281,5,25000.0,31,0,0
500,282,4,25000.0,24,0,0
500,283,2,23000.0,10,0,0
500,285,2,25000.0,10,0,0
500,288,2,23500.0,10,0,0
500,290,2,23000.0,13,0,0
500,292,2,24500.0,13,0,0
500,293,2,24000.0,9,0,0
500,295,2,22500.0,13,0,0
500,298,2,22500.0,11,0,0
500,299,2,23500.0,11,0,0
500,300,2,24000.0,11,0,0
500,301,2,23000.0,11,0,0
500,303,4,24500.0,25,0,0
500,304,3,25000.0,18,0,0
500,305,2,25000.0,12,0,0
500,306,3,23500.0,17,0,0
500,307,3,24000.0,19,0,0
500,312,2,23500.0,12,0,0
500,321,5,25000.0,27,0,0
500,323,5,25000.0,32,0,0
500,324,2,24000.0,11,0,0
500,326,5,25000.0,32,0,0
500,327,3,25000.0,16,0,0
500,328,2,24500.0,12,0,0
500,330,2,25000.0,13,0,0
500,331,3,25000.0,18,0,0
500,332,3,25000.0,19,0,0
500,333,3,25000.0,18,0,0
500,334,5,25000.0,25,0,0
500,335,2,25000.0,12,0,0
500,337,2,25000.0,11,0,0
500,340,2,25000.0,13,0,0
500,341,2,25000.0,9,0,0
500,342,2,25000.0,12,0,0
500,344,5,25000.0,29,0,0
500,345,2,25000.0,11,0,0
500,346,2,25000.0,11,0,0
500,0,4,25000.0,29,0,0
500,1,3,7500.0,20,0,0
500,14,3,2500.0,21,1,1
500,15,5,25000.0,39,0,0
500,28,3,25000.0,20,2,2
500,29,5,25000.0,35,0,0
500,38,2,2500.0,13,0,0
500,43,2,4500.0,14,1,1
500,54,3,25000.0,19,1,1
500,55,5,25000.0,41,1,1
500,56,2,1000.0,6,0,0
500,61,5,25000.0,37,0,0
500,62,3,25000.0,21,1,1
500,77,3,7500.0,20,0,0
500,80,4,8000.0,35,1,1
500,81,5,25000.0,39,0,0
500,89,2,2000.0,12,0,0
500,93,2,1500.0,12,0,0
500,94,2,3000.0,12,0,0
500,97,2,1500.0,11,0,0
500,99,2,2500.0,13,0,0
500,100,2,1000.0,8,0,0
500,103,2,1000.0,8,0,0
500,106,2,1500.0,6,1,1
500,108,4,25000.0,28,1,1
500,109,5,25000.0,33,0,0
500,110,5,8500.0,20,0,0
500,111,3,4500.0,19,1,1
500,114,5,15500.0,20,0,0
500,115,4,25000.0,16,1,1
500,117,2,2500.0,10,0,0
500,119,2,9000.0,10,0,0
500,120,2,2500.0,1,0,0
500,121,2,2500.0,9,0,0
500,122,2,3500.0,9,0,0
500,123,2,2500.0,8,0,0
500,124,2,25000.0,10,1,1
500,125,2,3000.0,9,0,0
500,126,2,3000.0,7,0,0
500,127,2,3500.0,7,0,0
500,128,5,25000.0,23,0,0
500,129,5,6500.0,34,0,0
500,131,3,5500.0,20,0,0
500,132,2,4000.0,12,0,0
500,134,2,4000.0,12,0,0
500,135,2,5000.0,10,0,0
500,136,2,4500.0,9,0,0
500,138,2,5000.0,10,0,0
500,140,4,25000.0,20,0,0
500,141,3,18000.0,18,0,0
500,142,2,5500.0,9,0,0
500,143,2,4500.0,10,0,0
500,146,2,5500.0,11,0,0
500,147,2,6500.0,9,0,0
500,149,5,25000.0,26,0,0
500,150,5,5500.0,21,0,0
500,151,5,25000.0,17,0,0
500,159,2,7000.0,11,0,0
500,160,5,25000.0,22,0,0
500,162,5,25000.0,22,0,0
500,163,2,7500.0,9,0,0
500,164,2,7500.0,10,0,0
500,165,2,8000.0,12,0,0
500,166,2,8000.0,9,0,0
500,170,3,12000.0,11,0,0
500,171,3,8000.0,16,0,0
500,172,5,25000.0,31,0,0
500,178,4,25000.0,17,0,0
500,179,5,25000.0,24,0,0
500,182,2,10500.0,12,0,0
500,185,2,10000.0,9,0,0
500,186,2,10000.0,11,0,0
500,187,2,10500.0,10,0,0
500,188,4,10000.0,27,0,0
500,189,5,25000.0,22,0,0
500,192,2,11000.0,9,0,0
500,193,2,11500.0,10,0,0
500,194,2,13500.0,9,0,0
500,195,2,10500.0,10,0,0
500,199,2,11500.0,10,0,0
500,202,2,10500.0,10,0,0
500,205,2,13500.0,10,0,0
500,207,5,11500.0,25,0,0
500,209,2,11500.0,11,0,0
500,210,4,25000.0,20,0,0
500,212,4,18500.0,25,0,0
500,213,4,12500.0,26,0,0
500,217,2,13500.0,11,0,0
500,219,3,19500.0,18,0,0
500,220,2,13000.0,12,0,0
500,221,2,19000.0,13,0,0
500,223,2,15000.0,11,0,0
500,225,2,15000.0,11,0,0
500,226,2,14000.0,11,0,0
500,228,2,15000.0,12,0,0
500,230,2,15000.0,11,0,0
500,231,2,14500.0,10,0,0
500,232,2,15000.0,10,0,0
500,233,5,25000.0,18,0,0
500,235,3,15000.0,19,0,0
500,239,4,16500.0,25,0,0
500,240,5,25000.0,23,0,0
500,242,2,16500.0,12,0,0
500,248,6,17500.0,32,0,0
500,249,2,16000.0,11,0,0
500,251,3,16500.0,17,0,0
500,252,2,19000.0,11,0,0
500,255,5,21500.0,24,0,0
500,256,4,17500.0,26,0,0
500,257,5,25000.0,21,0,0
500,258,5,18000.0,27,0,0
500,260,5,23500.0,25,0,0
500,263,5,25000.0,33,0,0
500,264,5,23000.0,26,0,0
500,265,3,20000.0,19,0,0
500,267,3,24000.0,20,0,0
500,273,5,25000.0,25,0,0
500,274,5,24000.0,27,0,0
500,277,2,21000.0,9,0,0
500,278,2,21000.0,13,0,0
500,279,2,20500.0,9,0,0
500,281,5,25000.0,26,0,0
500,282,5,25000.0,25,0,0
500,285,2,21000.0,12,0,0
500,289,4,22000.0,26,0,0
500,290,4,21500.0,22,0,0
500,292,5,25000.0,34,0,0
500,295,2,24500.0,10,0,0
500,299,5,25000.0,33,0,0
500,300,3,25000.0,17,0,0
500,301,2,23500.0,10,0,0
500,302,2,23000.0,11,0,0
500,304,2,23500.0,11,0,0
500,305,5,23500.0,26,0,0
500,306,5,25000.0,29,0,0
500,307,4,25000.0,26,0,0
500,308,4,24500.0,28,0,0
500,310,2,23500.0,10,0,0
500,312,4,25000.0,27,0,0
500,314,2,25000.0,10,0,0
500,315,2,24500.0,10,0,0
500,316,2,24000.0,11,0,0
500,318,2,24000.0,11,0,0
500,320,2,25000.0,13,0,0
500,321,4,25000.0,23,0,0
500,323,2,25000.0,12,0,0
500,328,5,25000.0,24,0,0
500,329,5,25000.0,27,0,0
500,13,4,17000.0,25,1,1
500,25,3,6500.0,20,0,0
500,32,2,5000.0,13,0,0
500,34,5,25000.0,45,1,1
500,41,5,3500.0,18,0,0
500,42,5,1500.0,10,0,0
500,46,5,25000.0,35,2,2
500,50,2,1000.0,2,0,0
500,54,2,2000.0,7,1,1
500,61,2,2000.0,6,1,1
500,62,2,3500.0,13,1,1
500,65,2,2000.0,10,1,1
500,69,5,25000.0,22,1,1
500,70,2,3000.0,12,1,1
500,72,5,5000.0,25,1,1
500,74,3,2500.0,9,1,1
500,75,2,3500.0,11,0,0
500,76,5,3000.0,17,1,1
500,77,2,2500.0,8,0,0
500,78,2,2500.0,4,0,0
500,79,2,5000.0,9,0,0
500,80,2,2500.0,5,1,1
500,83,7,25000.0,56,3,3
500,84,2,4000.0,12,2,2
500,86,5,6500.0,23,1,1
500,89,5,8000.0,31,2,2
500,90,4,25000.0,27,0,0
500,91,5,25000.0,19,0,0
500,92,2,6000.0,9,0,0
500,95,2,6000.0,9,0,0
500,98,3,8500.0,11,0,0
500,99,4,9000.0,20,0,0
500,100,2,10500.0,10,0,0
500,101,2,8500.0,12,0,0
500,106,3,7500.0,7,0,0
500,108,2,8500.0,9,0,0
500,110,2,7500.0,11,0,0
500,111,2,8000.0,9,0,0
500,113,2,8500.0,10,0,0
500,115,5,25000.0,24,0,0
500,116,3,10000.0,18,0,0
500,117,2,8500.0,8,0,0
500,118,5,25000.0,20,0,0
500,119,5,25000.0,18,0,0
500,123,3,25000.0,18,0,0
500,124,4,9500.0,17,0,0
500,126,3,14500.0,17,0,0
500,127,2,9500.0,11,0,0
500,132,2,9500.0,10,0,0
500,133,2,10000.0,9,0,0
500,134,2,9500.0,12,0,0
500,137,2,10500.0,11,0,0
500,140,5,25000.0,22,0,0
500,141,8,25000.0,50,0,0
500,142,3,25000.0,18,0,0
500,144,2,13000.0,11,0,0
500,146,5,15000.0,28,0,0
500,147,2,11500.0,10,0,0
500,148,5,25000.0,23,0,0
500,149,4,25000.0,23,0,0
500,151,3,18500.0,14,0,0
500,152,2,12000.0,10,0,0
500,153,2,13000.0,9,0,0
500,154,3,16000.0,16,0,0
500,155,2,14000.0,11,0,0
500,156,5,25000.0,23,0,0
500,157,7,25000.0,42,0,0
500,158,4,14000.0,18,0,0
500,161,2,15500.0,11,0,0
500,162,2,13000.0,10,0,0
500,167,4,17500.0,26,0,0
500,170,2,14500.0,12,0,0
500,171,2,14000.0,10,0,0
500,172,2,14500.0,9,0,0
500,173,2,20500.0,11,0,0
500,180,3,16500.0,18,0,0
500,183,2,16000.0,11,0,0
500,185,3,25000.0,18,0,0
500,188,5,25000.0,23,0,0
500,189,5,18500.0,24,0,0
500,193,2,15500.0,11,0,0
500,194,2,16500.0,11,0,0
500,196,2,15000.0,12,0,0
500,197,3,16000.0,18,0,0
500,199,2,15500.0,11,0,0
500,202,5,19000.0,21,0,0
500,207,2,17500.0,11,0,0
500,208,2,16500.0,11,0,0
500,209,2,16000.0,12,0,0
500,210,2,21000.0,11,0,0
500,213,2,16500.0,10,0,0
500,214,2,17000.0,12,0,0
500,218,5,25000.0,33,0,0
500,219,5,25000.0,26,0,0
500,221,4,25000.0,25,0,0
500,225,2,18000.0,10,0,0
500,229,4,25000.0,17,0,0
500,230,5,25000.0,29,0,0
500,233,2,18500.0,10,0,0
500,235,2,19000.0,11,0,0
500,237,2,19000.0,10,0,0
500,239,5,25000.0,27,0,0
500,240,5,20000.0,31,0,0
500,241,5,25000.0,24,0,0
500,242,5,25000.0,26,0,0
500,244,2,20000.0,11,0,0
500,249,2,21000.0,9,0,0
500,250,5,25000.0,25,0,0
500,251,5,24500.0,24,0,0
500,255,2,20500.0,13,0,0
500,257,5,25000.0,32,0,0
500,258,5,25000.0,31,0,0
500,262,2,21500.0,11,0,0
500,263,5,25000.0,27,0,0
500,264,3,25000.0,18,0,0
500,265,2,22000.0,13,0,0
500,268,2,23000.0,10,0,0
500,269,2,23500.0,9,0,0
500,270,5,25000.0,33,0,0
500,278,5,24500.0,26,0,0
500,279,5,23000.0,36,0,0
500,280,4,24000.0,24,0,0
500,284,2,25000.0,13,0,0
500,286,3,25000.0,19,0,0
500,287,5,25000.0,29,0,0
500,288,3,25000.0,18,0,0
500,294,5,25000.0,30,0,0
500,295,5,25000.0,30,0,0
500,298,5,25000.0,27,0,0
500,302,2,25000.0,11,0,0
500,0,5,25000.0,37,1,1
500,20,5,15000.0,35,1,1
500,21,5,25000.0,36,1,1
500,24,5,15500.0,39,0,0
500,31,5,25000.0,35,0,0
500,34,2,5500.0,13,0,0
500,39,5,20500.0,35,0,0
500,41,2,2000.0,9,1,1
500,47,5,25000.0,45,1,1
500,50,5,7500.0,38,0,0
500,53,2,8500.0,11,0,0
500,55,5,25000.0,39,1,1
500,59,5,25000.0,37,0,0
500,65,3,2000.0,21,1,1
500,71,5,25000.0,37,1,1
500,72,5,25000.0,41,4,4
500,77,5,25000.0,44,2,2
500,84,2,1500.0,9,0,0
500,85,2,1000.0,3,0,0
500,87,2,1500.0,9,0,0
500,88,3,3500.0,21,0,0
500,89,3,6500.0,21,1,1
500,98,2,2500.0,10,0,0
500,99,5,25000.0,22,0,0
500,100,2,2000.0,9,0,0
500,101,2,1500.0,12,1,1
500,105,2,1500.0,9,0,0
500,107,2,5000.0,10,0,0
500,109,2,3000.0,9,0,0
500,112,5,17000.0,18,0,0
500,114,2,2000.0,6,0,0
500,116,2,2500.0,8,0,0
500,117,3,12500.0,14,0,0
500,120,3,3000.0,19,0,0
500,121,5,25000.0,22,0,0
500,123,2,6000.0,10,0,0
500,124,2,9000.0,10,0,0
500,125,2,3500.0,9,0,0
500,126,2,4500.0,11,0,0
500,127,2,6000.0,11,0,0
500,128,2,3000.0,11,0,0
500,133,2,4000.0,9,0,0
500,134,2,3500.0,9,0,0
500,135,2,3500.0,10,0,0
500,143,5,7500.0,22,0,0
500,147,2,4500.0,9,0,0
500,148,2,5500.0,10,0,0
500,151,2,5500.0,10,0,0
500,152,2,7000.0,10,0,0
500,153,2,7500.0,10,0,0
500,154,2,6000.0,11,0,0
500,155,2,6000.0,9,0,0
500,157,2,6000.0,9,0,0
500,168,2,8500.0,9,0,0
500,169,5,25000.0,24,0,0
500,170,5,9000.0,22,0,0
500,171,2,7500.0,9,0,0
500,172,2,10500.0,11,0,0
500,174,3,8000.0,19,0,0
500,175,3,8000.0,18,0,0
500,176,2,7500.0,12,0,0
500,177,2,8000.0,10,0,0
500,178,3,8500.0,18,0,0
500,179,2,9500.0,9,0,0
500,180,2,8000.0,10,0,0
500,184,2,14000.0,10,0,0
500,188,2,10500.0,11,0,0
500,189,2,8500.0,10,0,0
500,192,5,25000.0,22,0,0
500,195,3,11500.0,19,0,0
500,198,2,10000.0,10,0,0
500,199,2,12000.0,10,0,0
500,200,2,10000.0,11,0,0
500,201,2,11000.0,10,0,0
500,203,8,25000.0,35,0,0
500,204,5,11500.0,22,0,0
500,205,5,21000.0,32,0,0
500,207,2,13500.0,12,0,0
500,209,2,10500.0,11,0,0
500,213,4,25000.0,16,0,0
500,214,4,11500.0,24,0,0
500,215,4,12000.0,18,0,0
500,216,5,25000.0,22,0,0
500,217,2,11500.0,12,0,0
500,220,2,11500.0,9,0,0
500,222,2,11500.0,11,0,0
500,223,2,12000.0,11,0,0
500,224,4,15000.0,25,0,0
500,225,3,15500.0,17,0,0
500,226,5,13500.0,24,0,0
500,229,2,12500.0,12,0,0
500,230,2,13000.0,10,0,0
500,232,2,16500.0,9,0,0
500,233,2,13000.0,10,0,0
500,234,2,13500.0,11,0,0
500,236,2,13000.0,12,0,0
500,237,2,13000.0,12,0,0
500,238,2,13500.0,10,0,0
500,239,2,13500.0,9,0,0
500,241,2,13500.0,10,0,0
500,242,2,15500.0,11,0,0
500,243,2,13000.0,11,0,0
500,245,5,25000.0,32,0,0
500,246,4,15000.0,24,0,0
500,247,5,25000.0,26,0,0
500,249,2,13500.0,12,0,0
500,250,2,19000.0,11,0,0
500,256,4,25000.0,19,0,0
500,257,4,20000.0,25,0,0
500,260,2,15000.0,11,0,0
500,264,2,16000.0,11,0,0
500,268,5,24000.0,23,0,0
500,271,5,17500.0,25,0,0
500,273,5,25000.0,25,0,0
500,274,5,25000.0,22,0,0
500,275,4,25000.0,25,0,0
500,279,2,16500.0,12,0,0
500,284,5,25000.0,23,0,0
500,288,2,19500.0,11,0,0
500,289,2,18500.0,12,0,0
500,296,2,21500.0,9,0,0
500,299,2,18000.0,11,0,0
500,300,2,18000.0,11,0,0
500,301,2,20000.0,10,0,0
500,303,5,25000.0,32,0,0
500,307,2,18500.0,11,0,0
500,312,2,19500.0,12,0,0
500,314,2,19500.0,10,0,0
500,317,2,19000.0,13,0,0
500,322,6,25000.0,34,0,0
500,323,5,20500.0,28,0,0
500,324,3,25000.0,19,0,0
500,325,3,25000.0,18,0,0
500,330,2,20500.0,11,0,0
500,336,2,21500.0,13,0,0
500,337,2,22500.0,14,0,0
500,340,4,21500.0,25,0,0
500,341,4,25000.0,26,0,0
500,342,3,21500.0,18,0,0
500,347,5,25000.0,26,0,0
500,348,3,22500.0,19,0,0
500,351,2,22500.0,12,0,0
500,352,5,24000.0,33,0,0
500,353,5,25000.0,28,0,0
500,356,5,24000.0,28,0,0
500,360,4,25000.0,25,0,0
500,361,3,25000.0,17,0,0
500,364,2,23500.0,12,0,0
500,367,2,23500.0,11,0,0
500,369,2,23500.0,12,0,0
500,373,2,23500.0,13,0,0
500,374,7,25000.0,42,0,0
500,377,3,25000.0,18,0,0
500,380,2,25000.0,12,0,0
500,0,4,25000.0,40,3,3
500,23,5,25000.0,38,0,0
500,24,6,25000.0,42,0,0
500,26,2,1500.0,9,0,0
500,29,5,25000.0,35,0,0
500,31,3,11500.0,34,5,5
500,36,6,25000.0,40,2,2
500,54,5,25000.0,38,1,1
500,55,4,25000.0,29,0,0
500,59,5,25000.0,42,2,2
500,61,2,14500.0,13,0,0
500,70,2,1500.0,7,0,0
500,71,2,1000.0,4,0,0
500,81,3,3000.0,19,0,0
500,83,2,1000.0,4,0,0
500,85,5,25000.0,31,1,1
500,86,4,10500.0,25,2,2
500,88,2,2500.0,5,0,0
500,89,2,4500.0,10,1,1
500,90,2,2500.0,5,0,0
500,92,2,3000.0,9,0,0
500,93,2,3500.0,9,0,0
500,95,4,25000.0,23,1,1
500,96,5,18500.0,30,0,0
500,97,2,6500.0,9,0,0
500,100,2,9000.0,11,1,1
500,103,2,3000.0,6,0,0
500,104,2,5000.0,14,1,1
500,109,4,25000.0,14,0,0
500,110,2,11500.0,10,0,0
500,111,2,3500.0,7,0,0
500,113,2,5500.0,10,0,0
500,114,2,8500.0,10,0,0
500,115,3,4000.0,14,0,0
500,116,5,25000.0,21,0,0
500,117,3,6000.0,14,0,0
500,118,2,4500.0,8,0,0
500,119,2,4500.0,11,0,0
500,120,2,6500.0,10,0,0
500,123,2,6500.0,11,0,0
500,124,5,25000.0,22,0,0
500,126,4,25000.0,26,0,0
500,128,2,6500.0,9,0,0
500,130,2,6000.0,11,0,0
500,131,5,25000.0,30,0,0
500,135,3,7000.0,19,0,0
500,138,4,25000.0,19,0,0
500,140,5,9000.0,24,0,0
500,142,2,7000.0,11,0,0
500,144,2,7500.0,9,0,0
500,145,3,10000.0,18,0,0
500,146,3,8500.0,19,0,0
500,147,5,7500.0,22,0,0
500,150,2,8000.0,10,0,0
500,152,5,12000.0,22,0,0
500,153,5,12500.0,22,0,0
500,154,3,11000.0,16,0,0
500,155,4,11500.0,25,0,0
500,156,5,14000.0,18,0,0
500,158,4,25000.0,25,0,0
500,159,5,25000.0,26,0,0
500,166,2,12500.0,9,0,0
500,168,2,13000.0,9,0,0
500,169,2,15500.0,11,0,0
500,170,5,16500.0,24,0,0
500,172,2,13500.0,10,0,0
500,175,2,14500.0,10,0,0
500,177,2,14500.0,9,0,0
500,180,2,12000.0,11,0,0
500,181,4,12500.0,24,0,0
500,182,5,25000.0,22,0,0
500,183,2,13000.0,10,0,0
500,188,2,13000.0,11,0,0
500,189,2,14500.0,11,0,0
500,191,2,13000.0,12,0,0
500,197,2,15000.0,12,0,0
500,198,2,14000.0,10,0,0
500,203,4,15500.0,20,0,0
500,205,2,14500.0,11,0,0
500,209,2,14500.0,11,0,0
500,210,2,14500.0,10,0,0
500,211,2,17000.0,12,0,0
500,213,2,15000.0,12,0,0
500,214,5,15500.0,25,0,0
500,215,5,25000.0,32,0,0
500,216,5,25000.0,21,0,0
500,217,2,16000.0,10,0,0
500,218,2,16500.0,11,0,0
500,220,3,16500.0,18,0,0
500,221,4,16500.0,17,0,0
500,222,5,20500.0,27,0,0
500,224,2,17500.0,11,0,0
500,225,2,17000.0,13,0,0
500,233,5,25000.0,27,0,0
500,234,5,21000.0,25,0,0
500,237,2,19000.0,12,0,0
500,239,5,24500.0,31,0,0
500,240,3,18000.0,16,0,0
500,242,5,25000.0,28,0,0
500,243,5,25000.0,27,0,0
500,244,2,25000.0,10,0,0
500,246,2,21500.0,10,0,0
500,253,2,20000.0,12,0,0
500,255,5,25000.0,22,0,0
500,256,2,21000.0,12,0,0
500,258,4,25000.0,20,0,0
500,263,5,24500.0,34,0,0
500,264,5,25000.0,25,0,0
500,265,7,25000.0,46,0,0
500,266,3,25000.0,17,0,0
500,270,4,25000.0,27,0,0
500,273,2,24500.0,12,0,0
500,276,4,25000.0,20,0,0
500,278,2,25000.0,10,0,0
500,280,3,25000.0,17,0,0
500,281,7,25000.0,40,0,0
500,282,2,25000.0,11,0,0
500,0,5,25000.0,34,0,0
500,11,5,25000.0,37,1,1
500,13,5,25000.0,44,1,1
500,18,5,25000.0,39,1,1
500,30,5,25000.0,32,0,0
500,37,5,25000.0,43,2,2
500,48,4,1500.0,14,1,1
500,68,4,25000.0,30,1,1
500,73,5,10500.0,51,3,3
500,74,5,25000.0,41,1,1
500,75,3,3000.0,20,0,0
500,78,5,2000.0,24,0,0
500,79,5,25000.0,38,2,2
500,85,2,2500.0,12,0,0
500,86,5,25000.0,35,1,1
500,87,4,25000.0,28,1,1
500,96,2,1000.0,5,1,1
500,100,5,25000.0,42,1,1
500,103,7,25000.0,37,3,3
500,104,5,25000.0,22,0,0
500,105,6,25000.0,23,0,0
500,110,2,3000.0,14,2,2
500,111,5,25000.0,28,0,0
500,114,5,19500.0,22,0,0
500,121,2,3500.0,10,0,0
500,123,2,3500.0,9,0,0
500,125,4,25000.0,20,0,0
500,126,4,25000.0,25,0,0
500,127,3,25000.0,14,0,0
500,128,2,4000.0,9,0,0
500,130,4,8500.0,17,0,0
500,131,2,5500.0,11,0,0
500,134,2,5500.0,10,0,0
500,136,2,5000.0,12,0,0
500,138,2,5500.0,9,0,0
500,147,3,8500.0,14,0,0
500,148,2,6500.0,10,0,0
500,149,2,7000.0,9,0,0
500,153,5,10500.0,22,0,0
500,156,2,7000.0,10,0,0
500,157,2,9000.0,10,0,0
500,158,2,7000.0,10,0,0
500,159,2,8000.0,9,0,0
500,160,2,7500.0,11,0,0
500,163,2,11500.0,9,0,0
500,164,2,7500.0,10,0,0
500,167,2,8500.0,10,0,0
500,168,2,7500.0,10,0,0
500,169,3,25000.0,14,0,0
500,171,2,8000.0,9,0,0
500,172,4,9500.0,29,0,0
500,174,2,8500.0,10,0,0
500,175,2,8500.0,10,0,0
500,178,2,15000.0,9,0,0
500,184,2,10500.0,10,0,0
500,186,2,10000.0,10,0,0
500,188,5,25000.0,24,0,0
500,189,5,25000.0,28,0,0
500,190,2,10000.0,11,0,0
500,191,2,11500.0,10,0,0
500,192,4,13000.0,26,0,0
500,194,2,11000.0,11,0,0
500,196,2,12000.0,10,0,0
500,198,2,11000.0,9,0,0
500,203,5,25000.0,24,0,0
500,204,4,13500.0,25,0,0
500,205,5,25000.0,25,0,0
500,206,2,12000.0,10,0,0
500,207,2,12000.0,10,0,0
500,211,2,13000.0,11,0,0
500,212,2,13500.0,11,0,0
500,214,2,13500.0,10,0,0
500,217,2,13500.0,10,0,0
500,224,5,17000.0,24,0,0
500,225,4,25000.0,17,0,0
500,226,3,16000.0,16,0,0
500,227,5,25000.0,21,0,0
500,228,4,19500.0,22,0,0
500,229,3,19500.0,18,0,0
500,230,2,14000.0,11,0,0
500,231,2,14000.0,11,0,0
500,233,2,15000.0,11,0,0
500,236,5,25000.0,24,0,0
500,237,5,14500.0,22,0,0
500,238,4,24500.0,23,0,0
500,241,2,15500.0,9,0,0
500,244,4,17500.0,20,0,0
500,245,4,18000.0,24,0,0
500,246,4,25000.0,19,0,0
500,247,5,25000.0,24,0,0
500,248,5,25000.0,35,0,0
500,252,2,16500.0,11,0,0
500,255,2,18000.0,12,0,0
500,256,4,25000.0,16,0,0
500,258,5,25000.0,25,0,0
500,263,3,25000.0,18,0,0
500,264,5,19000.0,24,0,0
500,265,4,20000.0,26,0,0
500,266,2,19500.0,12,0,0
500,268,3,20000.0,19,0,0
500,270,2,23000.0,11,0,0
500,272,4,25000.0,21,0,0
500,273,4,25000.0,19,0,0
500,276,4,24000.0,22,0,0
500,277,5,25000.0,23,0,0
500,278,4,22000.0,20,0,0
500,279,2,24000.0,12,0,0
500,281,2,21500.0,10,0,0
500,282,2,21500.0,9,0,0
500,285,2,22500.0,10,0,0
500,287,3,25000.0,19,0,0
500,290,2,22500.0,12,0,0
500,291,2,22500.0,11,0,0
500,294,3,25000.0,20,0,0
500,295,5,25000.0,24,0,0
500,296,5,25000.0,26,0,0
500,297,2,23500.0,12,0,0
500,298,2,23500.0,12,0,0
500,299,2,24000.0,10,0,0
500,302,6,25000.0,34,0,0
500,303,2,24500.0,12,0,0
500,304,4,25000.0,24,0,0
500,306,5,25000.0,30,0,0
500,307,6,25000.0,36,0,0
500,7,5,15500.0,33,1,1
500,8,5,25000.0,45,2,2
500,11,5,25000.0,39,1,1
500,14,5,25000.0,35,0,0
500,16,5,25000.0,35,0,0
500,19,5,25000.0,43,2,2
500,21,4,13500.0,28,2,2
500,33,4,8500.0,33,2,2
500,42,3,25000.0,18,0,0
500,43,5,25000.0,44,1,1
500,44,5,25000.0,33,0,0
500,63,5,14500.0,38,1,1
500,67,5,25000.0,33,0,0
500,69,2,2000.0,13,0,0
500,70,2,1000.0,4,0,0
500,79,3,2000.0,11,1,1
500,80,2,1000.0,9,0,0
500,85,2,2500.0,6,0,0
500,86,5,25000.0,22,0,0
500,87,4,25000.0,22,1,1
500,89,2,4000.0,9,0,0
500,90,2,5000.0,10,0,0
500,92,2,3500.0,9,0,0
500,94,2,4000.0,8,0,0
500,95,2,5500.0,10,0,0
500,96,3,5000.0,19,1,1
500,98,5,25000.0,26,0,0
500,99,5,8500.0,23,0,0
500,100,2,4500.0,7,0,0
500,102,2,4500.0,10,0,0
500,103,2,5500.0,8,1,1
500,104,2,5000.0,8,0,0
500,106,2,5000.0,5,0,0
500,108,2,6000.0,9,1,1
500,109,2,7500.0,9,0,0
500,111,2,6000.0,9,0,0
500,118,2,6000.0,10,0,0
500,120,6,25000.0,27,0,0
500,121,8,25000.0,47,0,0
500,122,5,25000.0,19,0,0
500,123,3,6000.0,12,0,0
500,124,2,6000.0,10,2,2
500,125,2,6000.0,10,0,0
500,128,2,6000.0,9,0,0
500,129,5,25000.0,22,0,0
500,130,2,6500.0,10,0,0
500,133,2,7000.0,10,0,0
500,134,3,24000.0,18,0,0
500,135,2,7000.0,11,0,0
500,136,2,7000.0,10,0,0
500,138,2,7000.0,10,0,0
500,140,2,8000.0,10,0,0
500,142,2,7500.0,9,0,0
500,144,2,7000.0,11,0,0
500,146,2,10500.0,10,0,0
500,147,2,9000.0,10,0,0
500,148,2,8000.0,11,0,0
500,149,2,12500.0,12,0,0
500,151,3,12500.0,11,0,0
500,152,3,8500.0,12,0,0
500,153,3,8500.0,14,0,0
500,154,2,8500.0,9,0,0
500,156,2,8500.0,7,0,0
500,157,2,10000.0,11,0,0
500,159,2,8500.0,9,0,0
500,160,5,25000.0,25,0,0
500,164,5,25000.0,21,0,0
500,165,5,25000.0,32,0,0
500,166,5,15500.0,22,0,0
500,168,2,10000.0,9,0,0
500,169,5,14000.0,25,0,0
500,170,5,25000.0,32,0,0
500,171,5,25000.0,26,0,0
500,172,2,10000.0,10,0,0
500,173,2,10000.0,10,0,0
500,175,2,10000.0,10,0,0
500,176,5,25000.0,22,0,0
500,177,3,16000.0,18,0,0
500,179,4,11000.0,18,0,0
500,181,2,14500.0,13,0,0
500,182,2,11000.0,10,0,0
500,185,3,22500.0,19,0,0
500,186,5,12000.0,22,0,0
500,195,4,25000.0,25,0,0
500,196,3,14500.0,18,0,0
500,197,5,25000.0,23,0,0
500,201,2,13000.0,9,0,0
500,202,2,15500.0,9,0,0
500,204,5,25000.0,22,0,0
500,205,7,16500.0,48,0,0
500,209,4,16000.0,25,0,0
500,212,2,15000.0,10,0,0
500,214,2,15000.0,10,0,0
500,216,2,15500.0,9,0,0
500,218,2,16500.0,11,0,0
500,219,2,18500.0,11,0,0
500,220,3,19500.0,19,0,0
500,221,5,25000.0,28,0,0
500,222,2,17000.0,10,0,0
500,224,4,17500.0,20,0,0
500,225,4,25000.0,19,0,0
500,227,2,18000.0,10,0,0
500,228,2,18500.0,10,0,0
500,239,2,19000.0,10,0,0
500,240,3,19000.0,17,0,0
500,242,2,19000.0,11,0,0
500,244,4,25000.0,16,0,0
500,250,2,21500.0,12,0,0
500,251,2,19500.0,11,0,0
500,252,2,19500.0,12,0,0
500,257,2,19500.0,11,0,0
500,258,2,22500.0,11,0,0
500,261,5,22500.0,32,0,0
500,262,5,24000.0,25,0,0
500,263,5,25000.0,25,0,0
500,264,5,25000.0,25,0,0
500,265,2,21000.0,10,0,0
500,269,2,22000.0,11,0,0
500,271,2,23500.0,11,0,0
500,272,5,25000.0,28,0,0
500,280,2,22000.0,11,0,0
500,281,3,25000.0,18,0,0
500,282,3,24500.0,18,0,0
500,286,2,23000.0,12,0,0
500,288,5,24500.0,28,0,0
500,290,2,24000.0,13,0,0
500,292,5,25000.0,24,0,0
500,299,2,25000.0,11,0,0
500,301,2,24500.0,12,0,0
500,302,4,25000.0,26,0,0
500,303,5,25000.0,23,0,0
500,310,2,25000.0,12,0,0
500,314,5,25000.0,27,0,0
500,315,4,25000.0,25,0,0
500,316,5,25000.0,25,0,0
500,317,5,25000.0,32,0,0
1000,2,3,1500.0,4,1,1
1000,25,2,2000.0,10,0,0
1000,29,5,25000.0,51,2,2
1000,36,3,22000.0,29,3,3
1000,37,4,2000.0,8,0,0
1000,52,4,25000.0,31,1,1
1000,54,5,25000.0,53,3,3
1000,58,5,21000.0,50,3,3
1000,65,5,1500.0,8,1,1
1000,66,5,25000.0,36,0,0
1000,73,2,1000.0,4,0,0
1000,77,5,25000.0,46,4,4
1000,78,4,14500.0,36,1,1
1000,84,2,1500.0,10,0,0
1000,85,2,1500.0,5,1,1
1000,93,6,25000.0,49,2,2
1000,94,5,4500.0,35,1,1
1000,95,5,25000.0,27,5,5
1000,96,2,2500.0,12,1,1
1000,100,4,4500.0,24,0,0
1000,102,2,4000.0,9,1,1
1000,104,2,2500.0,9,0,0
1000,105,2,2500.0,4,1,1
1000,106,3,2500.0,7,0,0
1000,107,2,2000.0,3,1,1
1000,108,4,6000.0,19,0,0
1000,111,2,9500.0,26,4,4
1000,115,5,25000.0,28,3,3
1000,117,2,3000.0,4,0,0
1000,119,2,3500.0,6,2,2
1000,121,2,4500.0,9,0,0
1000,125,2,5000.0,9,0,0
1000,128,3,5000.0,23,2,2
1000,129,2,5000.0,13,2,2
1000,130,2,4500.0,9,1,1
1000,131,2,4000.0,5,0,0
1000,132,4,6000.0,18,1,1
1000,137,2,4500.0,5,0,0
1000,138,3,8500.0,12,0,0
1000,139,4,5500.0,10,0,0
1000,140,5,9500.0,37,1,1
1000,141,4,25000.0,15,0,0
1000,142,5,25000.0,20,0,0
1000,143,5,9500.0,22,0,0
1000,146,5,25000.0,21,0,0
1000,147,2,6000.0,6,0,0
1000,149,5,25000.0,28,1,1
1000,151,3,7000.0,6,0,0
1000,153,2,9000.0,10,0,0
1000,154,2,8000.0,9,0,0
1000,157,2,7500.0,6,0,0
1000,158,2,7500.0,9,0,0
1000,159,2,8000.0,9,0,0
1000,162,4,11000.0,24,0,0
1000,163,5,25000.0,22,0,0
1000,165,2,9000.0,9,0,0
1000,166,5,25000.0,19,0,0
1000,167,2,10000.0,9,0,0
1000,173,2,14000.0,9,0,0
1000,175,5,25000.0,24,1,1
1000,177,5,25000.0,20,0,0
1000,178,4,14000.0,17,0,0
1000,179,4,13000.0,15,0,0
1000,180,3,25000.0,11,0,0
1000,181,2,12000.0,8,0,0
1000,182,2,12500.0,9,0,0
1000,183,2,13000.0,9,0,0
1000,185,2,13000.0,9,0,0
1000,186,2,13000.0,9,0,0
1000,191,2,12500.0,9,0,0
1000,193,2,12500.0,9,0,0
1000,194,5,25000.0,21,0,0
1000,195,5,25000.0,21,0,0
1000,196,2,14500.0,8,0,0
1000,197,2,13500.0,8,0,0
1000,200,2,13000.0,9,0,0
1000,202,2,13000.0,10,0,0
1000,205,3,21500.0,12,0,0
1000,207,2,16000.0,10,0,0
1000,209,3,16000.0,18,0,0
1000,210,2,14500.0,9,0,0
1000,211,2,15500.0,10,0,0
1000,212,2,15000.0,9,0,0
1000,214,2,14500.0,7,0,0
1000,216,5,25000.0,30,0,0
1000,218,2,15000.0,10,0,0
1000,220,2,15500.0,10,0,0
1000,223,2,19000.0,9,0,0
1000,224,2,16000.0,9,0,0
1000,228,2,16500.0,9,0,0
1000,230,5,18500.0,21,0,0
1000,232,2,18000.0,10,0,0
1000,233,2,20000.0,9,0,0
1000,234,2,18500.0,11,0,0
1000,235,2,17500.0,11,0,0
1000,240,2,17500.0,11,0,0
1000,241,2,18500.0,9,0,0
1000,242,2,17500.0,11,0,0
1000,245,2,18500.0,9,0,0
1000,246,5,22500.0,23,1,1
1000,247,5,25000.0,31,0,0
1000,248,3,20000.0,17,0,0
1000,253,2,20000.0,9,0,0
1000,254,2,19000.0,9,0,0
1000,259,2,18500.0,10,0,0
1000,260,5,25000.0,23,0,0
1000,262,2,19000.0,9,0,0
1000,263,2,19500.0,10,0,0
1000,264,2,20000.0,10,0,0
1000,267,2,20500.0,10,0,0
1000,270,4,21000.0,24,0,0
1000,271,5,21000.0,22,0,0
1000,275,5,23000.0,29,0,0
1000,277,5,25000.0,26,0,0
1000,279,2,20500.0,10,0,0
1000,281,5,25000.0,21,0,0
1000,282,2,21000.0,10,0,0
1000,284,2,22500.0,9,0,0
1000,285,2,21500.0,9,0,0
1000,286,2,21500.0,10,0,0
1000,287,2,21500.0,9,0,0
1000,288,2,23500.0,10,0,0
1000,291,5,22000.0,19,0,0
1000,292,2,22000.0,10,0,0
1000,293,2,22000.0,9,0,0
1000,294,2,23000.0,12,0,0
1000,296,2,22500.0,10,0,0
1000,299,2,22000.0,10,0,0
1000,304,5,25000.0,21,0,0
1000,305,5,25000.0,26,0,0
1000,306,5,25000.0,25,0,0
1000,307,3,25000.0,17,0,0
1000,308,2,24500.0,11,0,0
1000,309,2,24500.0,9,0,0
1000,310,2,23000.0,9,0,0
1000,312,2,22500.0,11,0,0
1000,315,2,23000.0,10,0,0
1000,316,5,25000.0,20,0,0
1000,317,2,23000.0,9,0,0
1000,320,2,23500.0,11,0,0
1000,321,5,25000.0,21,0,0
1000,322,3,24500.0,11,0,0
1000,324,2,24000.0,10,0,0
1000,330,3,25000.0,15,0,0
1000,0,3,17000.0,38,4,4
1000,7,5,25000.0,38,1,1
1000,9,2,2500.0,5,0,0
1000,23,3,17000.0,31,4,4
1000,27,5,25000.0,42,3,3
1000,31,5,25000.0,53,4,4
1000,39,5,25000.0,36,2,2
1000,42,2,2000.0,6,0,0
1000,44,5,25000.0,61,4,4
1000,46,5,25000.0,46,4,4
1000,48,2,4500.0,14,2,2
1000,49,2,2000.0,7,0,0
1000,53,5,25000.0,43,3,3
1000,55,2,2500.0,8,0,0
1000,57,2,2500.0,8,0,0
1000,58,2,1500.0,8,1,1
1000,59,2,3000.0,8,0,0
1000,63,3,3000.0,13,1,1
1000,68,5,25000.0,28,4,4
1000,69,5,25000.0,31,4,4
1000,70,2,2000.0,3,0,0
1000,71,2,2000.0,7,0,0
1000,72,2,2000.0,5,0,0
1000,75,4,25000.0,23,5,5
1000,76,2,3000.0,6,0,0
1000,78,2,3000.0,3,0,0
1000,80,2,4000.0,8,0,0
1000,82,2,3500.0,5,0,0
1000,83,2,6000.0,9,0,0
1000,84,2,4000.0,9,0,0
1000,85,2,9500.0,17,2,2
1000,86,2,4000.0,9,0,0
1000,93,3,4000.0,4,0,0
1000,94,2,4000.0,4,0,0
1000,97,2,4500.0,7,0,0
1000,101,2,7500.0,9,0,0
1000,103,2,7000.0,10,0,0
1000,104,2,6500.0,6,0,0
1000,105,2,7000.0,7,0,0
1000,108,5,25000.0,23,2,2
1000,109,2,7000.0,7,0,0
1000,110,2,7000.0,9,0,0
1000,111,2,9000.0,9,1,1
1000,117,4,24500.0,27,1,1
1000,118,5,25000.0,32,2,2
1000,119,2,8500.0,9,0,0
1000,120,2,9000.0,9,0,0
1000,122,2,8000.0,6,0,0
1000,124,2,8500.0,8,0,0
1000,125,2,10000.0,9,0,0
1000,126,2,8000.0,5,0,0
1000,129,3,9000.0,12,0,0
1000,130,3,9500.0,17,0,0
1000,131,4,25000.0,17,1,1
1000,132,2,9500.0,10,0,0
1000,133,2,9000.0,9,0,0
1000,139,5,25000.0,16,0,0
1000,140,2,9500.0,8,0,0
1000,141,2,10000.0,9,0,0
1000,142,5,25000.0,33,1,1
1000,144,2,12500.0,9,0,0
1000,145,2,11000.0,9,0,0
1000,149,5,25000.0,24,1,1
1000,150,2,12000.0,9,0,0
1000,153,5,25000.0,29,1,1
1000,154,2,13500.0,10,0,0
1000,155,2,13500.0,9,0,0
1000,157,2,16000.0,9,0,0
1000,158,2,13000.0,10,0,0
1000,161,2,13000.0,10,0,0
1000,163,2,13500.0,9,0,0
1000,165,2,13500.0,8,0,0
1000,166,2,16500.0,9,0,0
1000,167,2,13500.0,12,0,0
1000,168,2,16500.0,9,0,0
1000,171,2,14500.0,10,0,0
1000,172,2,18000.0,10,0,0
1000,173,2,13500.0,8,0,0
1000,174,2,13500.0,9,0,0
1000,177,5,16500.0,23,0,0
1000,178,2,13500.0,9,0,0
1000,179,5,25000.0,20,0,0
1000,180,5,25000.0,26,0,0
1000,181,3,14000.0,17,0,0
1000,182,2,14000.0,9,0,0
1000,185,2,14500.0,10,0,0
1000,186,2,14000.0,9,0,0
1000,188,5,25000.0,21,0,0
1000,190,2,17000.0,9,0,0
1000,194,2,16000.0,10,0,0
1000,195,2,17000.0,9,0,0
1000,196,2,17000.0,10,0,0
1000,198,4,17000.0,15,0,0
1000,199,4,25000.0,17,0,0
1000,200,3,18500.0,16,0,0
1000,201,4,25000.0,20,0,0
1000,202,3,25000.0,17,1,1
1000,205,2,18000.0,11,0,0
1000,211,2,18000.0,9,0,0
1000,213,2,16500.0,9,0,0
1000,216,2,16500.0,9,0,0
1000,219,2,18000.0,12,1,1
1000,223,2,17500.0,9,0,0
1000,225,2,17500.0,11,0,0
1000,226,2,18500.0,11,0,0
1000,228,2,20500.0,10,0,0
1000,231,2,19000.0,10,0,0
1000,232,2,18000.0,10,0,0
1000,234,3,23500.0,17,0,0
1000,235,7,25000.0,38,0,0
1000,236,4,22500.0,24,0,0
1000,239,2,19500.0,9,0,0
1000,240,2,20000.0,9,0,0
1000,241,3,20000.0,18,0,0
1000,244,3,22500.0,13,0,0
1000,245,2,20500.0,9,0,0
1000,246,2,25000.0,10,0,0
1000,247,2,20500.0,9,0,0
1000,248,2,21000.0,10,0,0
1000,251,2,22500.0,9,0,0
1000,256,2,22500.0,9,0,0
1000,259,2,21500.0,9,0,0
1000,260,2,22500.0,9,0,0
1000,262,3,25000.0,17,0,0
1000,263,2,22000.0,10,0,0
1000,264,2,22000.0,10,0,0
1000,268,5,25000.0,21,0,0
1000,269,5,25000.0,25,0,0
1000,270,2,25000.0,9,0,0
1000,275,3,24500.0,11,0,0
1000,276,2,25000.0,9,0,0
1000,278,2,24000.0,9,0,0
1000,279,4,25000.0,19,0,0
1000,281,2,24500.0,11,0,0
1000,282,2,24500.0,11,0,0
1000,283,2,24500.0,10,0,0
1000,284,5,25000.0,22,0,0
1000,285,2,25000.0,9,0,0
1000,0,5,25000.0,40,4,4
1000,8,5,25000.0,55,5,5
1000,9,5,25000.0,48,3,3
1000,25,4,25000.0,33,1,1
1000,27,5,25000.0,38,3,3
1000,28,4,20000.0,43,2,2
1000,44,2,1000.0,4,0,0
1000,46,2,2000.0,4,0,0
1000,50,4,9000.0,39,3,3
1000,54,5,1500.0,6,0,0
1000,63,5,25000.0,32,6,6
1000,64,3,1000.0,4,0,0
1000,65,2,7000.0,14,4,4
1000,68,2,3500.0,7,1,1
1000,69,2,2000.0,3,0,0
1000,71,5,25000.0,31,3,3
1000,77,2,4500.0,7,0,0
1000,78,2,7000.0,15,1,1
1000,79,2,8500.0,14,3,3
1000,80,2,14000.0,9,1,1
1000,81,2,4500.0,5,0,0
1000,84,2,6000.0,9,0,0
1000,86,4,25000.0,24,4,4
1000,87,4,24000.0,35,5,5
1000,88,4,6500.0,19,0,0
1000,91,2,13500.0,11,0,0
1000,92,2,5500.0,4,0,0
1000,93,2,6500.0,9,1,1
1000,98,3,6500.0,3,0,0
1000,100,2,6500.0,4,0,0
1000,105,2,7000.0,4,1,1
1000,107,3,7500.0,7,0,0
1000,110,2,9500.0,11,1,1
1000,111,4,25000.0,23,1,1
1000,112,2,8500.0,4,0,0
1000,115,2,9500.0,9,0,0
1000,116,2,8500.0,6,0,0
1000,117,2,8500.0,3,1,1
1000,119,2,13000.0,9,0,0
1000,120,2,9000.0,8,0,0
1000,121,2,10500.0,10,0,0
1000,123,2,10500.0,9,0,0
1000,125,5,17000.0,28,1,1
1000,126,5,25000.0,21,1,1
1000,127,2,10000.0,9,0,0
1000,128,2,10000.0,9,0,0
1000,131,2,11500.0,9,0,0
1000,132,2,12000.0,9,0,0
1000,133,2,11000.0,10,0,0
1000,135,2,10500.0,9,0,0
1000,138,2,11500.0,9,0,0
1000,139,5,25000.0,22,1,1
1000,140,3,13000.0,10,0,0
1000,142,2,13500.0,10,0,0
1000,145,2,12000.0,7,0,0
1000,146,2,13500.0,10,0,0
1000,147,2,12000.0,9,0,0
1000,149,2,12000.0,9,0,0
1000,150,4,25000.0,23,0,0
1000,152,2,13000.0,12,1,1
1000,154,2,13000.0,10,0,0
1000,155,2,14000.0,9,0,0
1000,156,2,13500.0,10,0,0
1000,157,2,16500.0,9,0,0
1000,158,5,25000.0,33,1,1
1000,160,5,25000.0,20,1,1
1000,162,2,14500.0,9,0,0
1000,167,3,17500.0,18,0,0
1000,171,2,15500.0,9,0,0
1000,172,2,16000.0,8,0,0
1000,176,2,16000.0,10,0,0
1000,177,2,16500.0,11,0,0
1000,178,2,16500.0,9,0,0
1000,183,2,16000.0,10,0,0
1000,184,5,19500.0,18,0,0
1000,188,3,17000.0,19,0,0
1000,189,5,18500.0,25,0,0
1000,190,3,18500.0,18,0,0
1000,191,3,17500.0,14,0,0
1000,195,5,25000.0,23,0,0
1000,196,5,25000.0,22,1,1
1000,197,4,25000.0,19,0,0
1000,199,2,23000.0,9,0,0
1000,200,2,19500.0,10,0,0
1000,201,2,20000.0,12,0,0
1000,203,2,20000.0,9,0,0
1000,205,2,21500.0,9,0,0
1000,206,2,20500.0,10,0,0
1000,207,2,20500.0,9,0,0
1000,209,2,20500.0,9,0,0
1000,213,2,20500.0,10,0,0
1000,214,2,22000.0,11,0,0
1000,218,2,22500.0,9,0,0
1000,219,2,24500.0,10,0,0
1000,220,2,22500.0,9,0,0
1000,223,2,23000.0,9,0,0
1000,225,5,25000.0,23,0,0
1000,226,2,23500.0,9,0,0
1000,227,2,24500.0,9,0,0
1000,229,2,23500.0,9,0,0
1000,231,2,24000.0,9,0,0
1000,232,2,25000.0,12,0,0
1000,234,5,25000.0,30,0,0
1000,235,2,25000.0,9,0,0
1000,238,2,25000.0,10,0,0
1000,239,2,24500.0,9,0,0
1000,244,2,25000.0,9,0,0
1000,247,5,25000.0,21,0,0
1000,248,4,25000.0,20,0,0
1000,249,5,25000.0,23,0,0
1000,250,2,25000.0,11,0,0
1000,251,2,25000.0,9,0,0
1000,0,5,25000.0,44,3,3
1000,8,4,17500.0,33,3,3
1000,9,3,8000.0,20,1,1
1000,12,5,18000.0,62,6,6
1000,16,2,2000.0,7,0,0
1000,26,3,3500.0,16,2,2
1000,29,5,25000.0,40,1,1
1000,30,5,7000.0,35,1,1
1000,31,5,25000.0,46,6,6
1000,43,3,1500.0,4,0,0
1000,45,2,1000.0,3,0,0
1000,51,2,1500.0,5,0,0
1000,52,2,1500.0,4,0,0
1000,56,3,24500.0,22,1,1
1000,58,5,25000.0,38,2,2
1000,59,2,1500.0,5,0,0
1000,60,2,2000.0,6,0,0
1000,63,2,1500.0,4,0,0
1000,64,2,1000.0,4,0,0
1000,65,2,3500.0,7,0,0
1000,67,2,1500.0,2,1,1
1000,68,2,1500.0,3,0,0
1000,71,4,10500.0,34,4,4
1000,73,2,3500.0,7,0,0
1000,74,5,6000.0,25,3,3
1000,75,5,25000.0,42,5,5
1000,76,3,2500.0,5,1,1
1000,78,2,5000.0,10,1,1
1000,79,2,3000.0,9,0,0
1000,81,2,4500.0,9,0,0
1000,83,2,4000.0,8,0,0
1000,86,2,4000.0,5,0,0
1000,87,4,25000.0,25,5,5
1000,88,3,4000.0,4,0,0
1000,90,2,5500.0,11,2,2
1000,92,2,13500.0,17,1,1
1000,93,2,5000.0,4,0,0
1000,97,5,25000.0,27,2,2
1000,99,4,8000.0,28,2,2
1000,100,5,25000.0,34,3,3
1000,103,2,11000.0,15,1,1
1000,104,2,12500.0,9,0,0
1000,105,2,8000.0,9,0,0
1000,106,4,25000.0,18,1,1
1000,113,2,9000.0,10,1,1
1000,116,2,10000.0,10,1,1
1000,118,2,8500.0,7,0,0
1000,119,2,15000.0,9,0,0
1000,120,2,9000.0,9,0,0
1000,123,4,9500.0,19,0,0
1000,124,2,9500.0,6,0,0
1000,127,2,11000.0,10,0,0
1000,129,2,10500.0,9,0,0
1000,130,2,11500.0,10,0,0
1000,131,2,11000.0,9,0,0
1000,133,2,11000.0,10,0,0
1000,134,2,13000.0,9,0,0
1000,135,2,12000.0,10,0,0
1000,136,2,12000.0,9,0,0
1000,137,2,14500.0,9,0,0
1000,139,2,14000.0,11,0,0
1000,140,2,12500.0,10,0,0
1000,143,2,17000.0,9,0,0
1000,144,2,14500.0,9,0,0
1000,145,2,14000.0,9,0,0
1000,146,2,13500.0,9,0,0
1000,147,3,16000.0,11,0,0
1000,148,2,14500.0,12,0,0
1000,150,2,14000.0,12,0,0
1000,151,2,15500.0,11,0,0
1000,152,2,14000.0,10,0,0
1000,154,2,14000.0,11,0,0
1000,158,5,25000.0,22,1,1
1000,159,5,25000.0,24,0,0
1000,163,4,16500.0,16,0,0
1000,164,5,25000.0,32,0,0
1000,166,5,25000.0,29,1,1
1000,167,2,17000.0,10,0,0
1000,170,2,20500.0,9,0,0
1000,171,2,17000.0,9,0,0
1000,172,2,20000.0,8,0,0
1000,173,2,17500.0,10,0,0
1000,175,4,18500.0,29,1,1
1000,176,2,19000.0,9,0,0
1000,180,3,21000.0,18,0,0
1000,181,2,18500.0,9,0,0
1000,182,2,19500.0,11,0,0
1000,184,2,19000.0,11,0,0
1000,186,2,18500.0,9,0,0
1000,191,2,19500.0,9,0,0
1000,194,2,19500.0,9,0,0
1000,196,2,19500.0,10,0,0
1000,199,2,21000.0,9,0,0
1000,200,4,25000.0,25,0,0
1000,201,2,20500.0,9,0,0
1000,203,5,25000.0,21,0,0
1000,204,2,21000.0,10,0,0
1000,206,2,20500.0,7,0,0
1000,209,2,23000.0,9,0,0
1000,210,2,20500.0,9,0,0
1000,212,2,20500.0,9,0,0
1000,213,3,21500.0,16,0,0
1000,216,4,25000.0,20,0,0
1000,217,3,25000.0,18,0,0
1000,218,2,22500.0,11,0,0
1000,220,2,23000.0,10,0,0
1000,221,2,23500.0,9,0,0
1000,223,4,24500.0,25,0,0
1000,224,2,23000.0,10,0,0
1000,225,2,22500.0,9,0,0
1000,227,2,23000.0,9,0,0
1000,229,2,23000.0,12,0,0
1000,232,2,25000.0,11,0,0
1000,234,2,24000.0,10,0,0
1000,236,2,23000.0,11,0,0
1000,239,2,23000.0,10,0,0
1000,242,2,23000.0,11,0,0
1000,243,2,23000.0,11,0,0
1000,246,5,25000.0,21,0,0
1000,250,2,24000.0,10,0,0
1000,251,2,23500.0,9,0,0
1000,252,5,25000.0,20,0,0
1000,256,5,25000.0,22,0,0
1000,258,4,25000.0,20,0,0
1000,260,2,25000.0,10,0,0
1000,265,5,25000.0,21,0,0
1000,0,4,4500.0,16,0,0
1000,8,6,25000.0,54,3,3
1000,9,4,10000.0,30,2,2
1000,22,3,25000.0,42,3,3
1000,25,5,25000.0,44,3,3
1000,28,5,25000.0,39,2,2
1000,29,6,24000.0,37,0,0
1000,31,5,25000.0,44,5,5
1000,32,3,2000.0,4,0,0
1000,60,5,4000.0,17,1,1
1000,64,2,1000.0,2,0,0
1000,73,4,25000.0,37,3,3
1000,97,5,25000.0,57,6,6
1000,98,5,25000.0,26,1,1
1000,101,2,2500.0,4,0,0
1000,106,5,25000.0,32,4,4
1000,107,2,6000.0,10,0,0
1000,108,2,5000.0,3,0,0
1000,109,5,25000.0,24,3,3
1000,112,2,6500.0,8,0,0
1000,113,2,8000.0,13,1,1
1000,114,2,6500.0,9,0,0
1000,116,2,6500.0,9,0,0
1000,117,3,6500.0,16,1,1
1000,119,2,8000.0,10,0,0
1000,120,4,9500.0,28,2,2
1000,125,2,8000.0,9,0,0
1000,126,2,7000.0,6,0,0
1000,127,2,7000.0,6,0,0
1000,128,2,10000.0,11,0,0
1000,129,2,8000.0,10,0,0
1000,134,5,25000.0,32,1,1
1000,135,2,9500.0,11,1,1
1000,137,3,8500.0,16,0,0
1000,138,5,8500.0,18,0,0
1000,139,2,9500.0,7,0,0
1000,140,2,9000.0,6,0,0
1000,141,2,11000.0,9,1,1
1000,143,2,9500.0,10,0,0
1000,144,2,10500.0,12,0,0
1000,148,2,9500.0,6,0,0
1000,151,2,10500.0,10,1,1
1000,152,2,9500.0,9,0,0
1000,153,5,12500.0,16,0,0
1000,154,3,10000.0,15,0,0
1000,155,2,12000.0,9,0,0
1000,156,2,18000.0,15,1,1
1000,157,2,11000.0,9,0,0
1000,163,2,10000.0,10,0,0
1000,165,2,10000.0,11,0,0
1000,166,5,25000.0,23,0,0
1000,167,3,11000.0,17,0,0
1000,168,4,18500.0,14,0,0
1000,169,2,11500.0,10,0,0
1000,170,5,25000.0,23,1,1
1000,171,3,25000.0,18,0,0
1000,172,3,12000.0,18,0,0
1000,173,2,12000.0,9,0,0
1000,174,2,15500.0,9,0,0
1000,176,2,13000.0,9,0,0
1000,177,2,12000.0,8,0,0
1000,178,2,12000.0,9,0,0
1000,179,2,13000.0,10,0,0
1000,180,2,14000.0,10,1,1
1000,183,3,12500.0,13,0,0
1000,184,4,25000.0,27,1,1
1000,185,4,13000.0,16,0,0
1000,186,4,25000.0,25,0,0
1000,187,4,25000.0,26,2,2
1000,188,3,14000.0,12,0,0
1000,189,2,14000.0,10,0,0
1000,192,2,14000.0,10,0,0
1000,194,2,14000.0,9,0,0
1000,196,2,14500.0,9,0,0
1000,197,4,20000.0,16,0,0
1000,199,2,15500.0,10,0,0
1000,201,3,20500.0,18,1,1
1000,202,5,19000.0,25,0,0
1000,204,3,18500.0,17,0,0
1000,205,2,16500.0,10,0,0
1000,206,2,16500.0,9,0,0
1000,207,2,16500.0,9,0,0
1000,208,2,16500.0,9,0,0
1000,212,2,18500.0,10,0,0
1000,214,2,17000.0,9,0,0
1000,215,2,17000.0,11,0,0
1000,218,2,17000.0,7,0,0
1000,220,2,17500.0,9,0,0
1000,221,2,20000.0,9,0,0
1000,223,5,25000.0,25,1,1
1000,224,2,19500.0,9,0,0
1000,225,3,25000.0,18,0,0
1000,226,2,21500.0,10,0,0
1000,228,3,21000.0,14,0,0
1000,230,4,25000.0,24,0,0
1000,234,2,21000.0,9,0,0
1000,237,4,25000.0,17,0,0
1000,238,5,25000.0,22,0,0
1000,239,5,24000.0,22,0,0
1000,242,4,25000.0,24,0,0
1000,247,2,25000.0,9,0,0
1000,248,2,23000.0,9,0,0
1000,250,4,25000.0,19,0,0
1000,251,3,25000.0,17,0,0
1000,252,2,23500.0,9,0,0
1000,254,2,24000.0,10,0,0
1000,255,2,23500.0,12,0,0
1000,256,2,25000.0,10,0,0
1000,260,2,25000.0,9,0,0
1000,261,2,25000.0,12,0,0
1000,263,5,25000.0,22,0,0
1000,264,5,25000.0,21,0,0
1000,265,2,25000.0,11,0,0
1000,266,2,25000.0,9,0,0
1000,267,5,25000.0,24,0,0
1000,3,3,18000.0,26,1,1
1000,11,4,25000.0,44,5,5
1000,13,4,25000.0,32,3,3
1000,20,4,25000.0,26,0,0
1000,30,3,25000.0,29,2,2
1000,47,5,25000.0,37,2,2
1000,48,5,25000.0,38,1,1
1000,49,4,25000.0,46,4,4
1000,51,3,5000.0,22,1,1
1000,54,5,25000.0,40,1,1
1000,55,4,25000.0,35,1,1
1000,69,5,25000.0,48,4,4
1000,73,5,18000.0,39,3,3
1000,74,2,2000.0,4,0,0
1000,77,2,6500.0,12,0,0
1000,78,5,25000.0,40,2,2
1000,79,2,1500.0,4,0,0
1000,83,2,4500.0,13,1,1
1000,84,2,4500.0,11,0,0
1000,89,2,2500.0,7,1,1
1000,91,2,3500.0,10,0,0
1000,92,5,25000.0,37,8,8
1000,94,2,3000.0,6,1,1
1000,96,2,3000.0,3,0,0
1000,99,2,4000.0,10,1,1
1000,100,5,14500.0,29,4,4
1000,101,5,6000.0,25,1,1
1000,102,2,4500.0,11,0,0
1000,103,2,3500.0,8,0,0
1000,104,2,4000.0,9,1,1
1000,106,2,4000.0,9,0,0
1000,109,2,4000.0,6,0,0
1000,110,2,4000.0,6,0,0
1000,112,2,4000.0,8,0,0
1000,113,2,4000.0,7,0,0
1000,114,2,4000.0,11,1,1
1000,115,2,4000.0,7,0,0
1000,116,2,5000.0,10,0,0
1000,117,2,4000.0,4,0,0
1000,118,2,4000.0,8,1,1
1000,121,2,4500.0,9,0,0
1000,122,2,4500.0,9,1,1
1000,123,2,6500.0,10,1,1
1000,128,2,5500.0,12,0,0
1000,131,3,11000.0,17,0,0
1000,132,2,6500.0,6,0,0
1000,136,2,7500.0,9,0,0
1000,137,2,9500.0,9,0,0
1000,139,2,9000.0,10,0,0
1000,140,2,7500.0,9,0,0
1000,141,2,7000.0,5,0,0
1000,144,3,7500.0,18,0,0
1000,145,5,25000.0,23,2,2
1000,147,2,8000.0,8,0,0
1000,148,2,9000.0,11,0,0
1000,151,2,7500.0,9,0,0
1000,152,2,8000.0,10,0,0
1000,153,2,10000.0,10,0,0
1000,154,2,7500.0,9,0,0
1000,156,2,9000.0,9,0,0
1000,157,4,14000.0,18,0,0
1000,158,2,9500.0,9,0,0
1000,163,2,9500.0,8,0,0
1000,165,2,9500.0,7,0,0
1000,166,5,25000.0,20,0,0
1000,169,2,10000.0,9,0,0
1000,170,4,24500.0,19,0,0
1000,171,2,11500.0,10,0,0
1000,172,2,12500.0,11,0,0
1000,174,2,11500.0,12,0,0
1000,175,2,11500.0,9,0,0
1000,178,2,12500.0,9,0,0
1000,183,2,12500.0,9,0,0
1000,185,2,12500.0,6,0,0
1000,186,5,23500.0,22,1,1
1000,187,3,16500.0,11,0,0
1000,188,5,25000.0,21,0,0
1000,190,2,14000.0,9,0,0
1000,191,2,13000.0,9,0,0
1000,192,2,13000.0,9,0,0
1000,195,2,15500.0,9,0,0
1000,197,2,15500.0,9,0,0
1000,198,2,14000.0,9,0,0
1000,200,2,13500.0,9,0,0
1000,202,2,13500.0,9,0,0
1000,203,3,15500.0,17,0,0
1000,205,2,14000.0,9,0,0
1000,206,5,15500.0,21,0,0
1000,207,3,16500.0,11,0,0
1000,208,4,25000.0,16,0,0
1000,211,4,25000.0,25,0,0
1000,215,2,17000.0,11,0,0
1000,217,2,17000.0,9,0,0
1000,219,3,17500.0,10,0,0
1000,222,2,17500.0,11,0,0
1000,224,2,18000.0,10,0,0
1000,225,2,18500.0,9,0,0
1000,226,2,19000.0,10,0,0
1000,228,4,18500.0,21,0,0
1000,230,5,25000.0,20,0,0
1000,231,3,19000.0,16,0,0
1000,232,5,25000.0,23,0,0
1000,234,2,19000.0,11,0,0
1000,237,2,22000.0,10,0,0
1000,239,2,19500.0,8,0,0
1000,240,5,25000.0,22,0,0
1000,242,2,20500.0,10,0,0
1000,244,2,21000.0,9,0,0
1000,245,2,23500.0,9,0,0
1000,247,5,25000.0,21,0,0
1000,248,5,25000.0,21,0,0
1000,249,2,21500.0,8,0,0
1000,251,2,22000.0,9,0,0
1000,252,2,22000.0,10,0,0
1000,255,2,21500.0,10,0,0
1000,256,5,25000.0,21,0,0
1000,259,5,23500.0,21,0,0
1000,260,2,22000.0,10,0,0
1000,262,5,25000.0,25,0,0
1000,265,4,25000.0,16,0,0
1000,266,5,25000.0,22,0,0
1000,267,2,23000.0,11,0,0
1000,268,2,23000.0,12,0,0
1000,270,4,25000.0,16,0,0
1000,273,5,25000.0,21,0,0
1000,274,2,25000.0,10,0,0
1000,275,2,24000.0,10,0,0
1000,276,2,24500.0,9,0,0
1000,277,2,25000.0,11,0,0
1000,278,2,25000.0,10,0,0
1000,279,2,24500.0,10,0,0
1000,282,2,24000.0,9,0,0
1000,283,2,25000.0,11,0,0
1000,284,4,25000.0,24,0,0
1000,285,3,25000.0,12,0,0
1000,287,2,25000.0,9,0,0
1000,288,2,25000.0,11,0,0
1000,289,5,25000.0,24,0,0
1000,290,2,25000.0,9,0,0
1000,291,2,25000.0,10,0,0
1000,292,2,25000.0,9,0,0
1000,293,2,25000.0,9,0,0
1000,294,2,25000.0,11,0,0
1000,295,2,25000.0,11,0,0
1000,298,2,25000.0,9,0,0
1000,299,2,25000.0,10,0,0
1000,3,3,18500.0,21,1,1
1000,10,5,25000.0,44,3,3
1000,11,4,16500.0,26,1,1
1000,13,5,25000.0,46,2,2
1000,14,3,8000.0,20,0,0
1000,16,5,12500.0,44,4,4
1000,17,2,10000.0,12,0,0
1000,18,2,6000.0,13,0,0
1000,22,4,25000.0,33,1,1
1000,23,4,21000.0,32,1,1
1000,31,5,25000.0,36,0,0
1000,35,5,25000.0,36,1,1
1000,38,3,3000.0,16,0,0
1000,44,5,25000.0,47,6,6
1000,53,4,25000.0,36,3,3
1000,54,9,25000.0,74,4,4
1000,55,4,2500.0,17,0,0
1000,59,2,1500.0,7,0,0
1000,65,5,9000.0,34,0,0
1000,66,4,25000.0,28,1,1
1000,67,5,25000.0,36,4,4
1000,69,2,1500.0,3,0,0
1000,70,2,4000.0,14,1,1
1000,71,2,2000.0,5,0,0
1000,74,2,2000.0,7,0,0
1000,78,3,5000.0,11,0,0
1000,79,2,3500.0,10,0,0
1000,82,4,5500.0,26,2,2
1000,83,5,25000.0,32,2,2
1000,89,3,6000.0,18,0,0
1000,90,3,6500.0,14,0,0
1000,91,5,25000.0,21,0,0
1000,92,4,8500.0,17,0,0
1000,93,2,4500.0,9,0,0
1000,96,2,4500.0,9,1,1
1000,97,2,4500.0,5,0,0
1000,100,2,5500.0,10,1,1
1000,101,2,5000.0,8,0,0
1000,103,2,5500.0,4,0,0
1000,105,2,5500.0,6,0,0
1000,106,5,25000.0,22,1,1
1000,107,2,6000.0,2,0,0
1000,108,2,6000.0,9,0,0
1000,109,5,25000.0,24,0,0
1000,111,2,7000.0,9,0,0
1000,112,2,7000.0,5,0,0
1000,114,2,7500.0,9,0,0
1000,115,5,25000.0,21,0,0
1000,117,2,7500.0,10,0,0
1000,119,2,12500.0,9,0,0
1000,121,2,7500.0,9,0,0
1000,124,2,9500.0,11,0,0
1000,126,2,8000.0,7,0,0
1000,129,2,9000.0,9,0,0
1000,131,5,11000.0,22,0,0
1000,132,4,12000.0,26,0,0
1000,133,2,9500.0,9,0,0
1000,135,3,10000.0,11,0,0
1000,136,4,25000.0,18,0,0
1000,140,2,11000.0,11,0,0
1000,143,4,25000.0,19,0,0
1000,146,2,11000.0,9,0,0
1000,151,3,11000.0,12,0,0
1000,153,2,11000.0,5,0,0
1000,155,5,25000.0,27,0,0
1000,158,2,17000.0,10,0,0
1000,160,5,25000.0,23,2,2
1000,163,2,13500.0,9,0,0
1000,169,3,17000.0,13,0,0
1000,170,4,18500.0,17,0,0
1000,173,2,14500.0,10,0,0
1000,174,2,13500.0,10,0,0
1000,175,3,14000.0,15,0,0
1000,176,2,14000.0,11,0,0
1000,177,2,14500.0,12,0,0
1000,178,2,14500.0,10,0,0
1000,179,2,16500.0,11,0,0
1000,180,2,15500.0,12,0,0
1000,182,2,14500.0,12,0,0
1000,185,2,16500.0,9,0,0
1000,187,2,15500.0,9,0,0
1000,188,5,25000.0,21,0,0
1000,189,2,16500.0,9,0,0
1000,194,4,25000.0,16,0,0
1000,195,5,25000.0,21,0,0
1000,196,2,17000.0,10,0,0
1000,197,2,17500.0,10,0,0
1000,198,2,18000.0,12,0,0
1000,199,3,25000.0,19,0,0
1000,201,3,25000.0,17,0,0
1000,202,2,21500.0,9,0,0
1000,203,2,18000.0,9,0,0
1000,208,2,18000.0,10,0,0
1000,211,4,22000.0,20,0,0
1000,214,2,19500.0,9,0,0
1000,215,2,19000.0,11,0,0
1000,217,2,21000.0,9,0,0
1000,218,2,19500.0,9,0,0
1000,219,2,19000.0,9,0,0
1000,220,2,19000.0,9,0,0
1000,221,2,21000.0,10,0,0
1000,223,2,19500.0,10,0,0
1000,224,2,24500.0,10,0,0
1000,225,2,21000.0,10,0,0
1000,226,4,25000.0,18,0,0
1000,227,2,21000.0,9,0,0
1000,231,2,21500.0,9,0,0
1000,233,2,21500.0,10,0,0
1000,235,2,22500.0,9,0,0
1000,237,2,20000.0,11,0,0
1000,239,5,25000.0,21,0,0
1000,240,5,25000.0,22,0,0
1000,241,2,22000.0,10,0,0
1000,242,2,21000.0,11,0,0
1000,245,4,24000.0,16,0,0
1000,247,5,25000.0,22,0,0
1000,248,3,25000.0,18,0,0
1000,250,2,22000.0,12,0,0
1000,251,2,22000.0,12,0,0
1000,253,2,25000.0,10,0,0
1000,255,2,21500.0,9,0,0
1000,256,5,25000.0,21,0,0
1000,257,2,25000.0,10,0,0
1000,259,2,23000.0,9,0,0
1000,260,2,24000.0,10,0,0
1000,261,2,22500.0,9,0,0
1000,262,2,22500.0,10,0,0
1000,263,4,25000.0,17,0,0
1000,264,5,23500.0,21,0,0
1000,265,5,25000.0,21,0,0
1000,272,5,25000.0,20,0,0
1000,273,2,25000.0,8,0,0
1000,274,2,24500.0,11,0,0
1000,276,2,25000.0,9,0,0
1000,277,5,25000.0,20,0,0
1000,280,5,25000.0,24,0,0
1000,281,2,25000.0,10,0,0
1000,282,2,25000.0,9,0,0
1000,0,5,25000.0,36,3,3
1000,8,4,25000.0,31,1,1
1000,9,4,15000.0,29,1,1
1000,12,2,2000.0,6,0,0
1000,17,5,25000.0,43,2,2
1000,18,3,4500.0,24,2,2
1000,21,2,2500.0,8,1,1
1000,33,5,25000.0,43,4,4
1000,37,2,11000.0,12,0,0
1000,42,5,25000.0,52,3,3
1000,62,2,2500.0,8,0,0
1000,64,2,1500.0,4,0,0
1000,66,2,2500.0,9,0,0
1000,72,3,12000.0,20,0,0
1000,73,2,3500.0,9,0,0
1000,74,2,14500.0,11,0,0
1000,77,3,3000.0,14,0,0
1000,78,5,25000.0,40,4,4
1000,82,2,3000.0,7,0,0
1000,83,2,2000.0,5,0,0
1000,85,2,2000.0,5,0,0
1000,86,2,1500.0,4,1,1
1000,88,3,25000.0,14,2,2
1000,89,5,25000.0,25,1,1
1000,90,5,25000.0,27,1,1
1000,91,3,8500.0,24,1,1
1000,92,5,25000.0,35,1,1
1000,93,4,25000.0,27,1,1
1000,94,4,25000.0,26,2,2
1000,95,2,2500.0,4,0,0
1000,97,2,3500.0,8,1,1
1000,98,3,25000.0,16,1,1
1000,100,2,3500.0,4,0,0
1000,102,2,6500.0,9,0,0
1000,104,4,5000.0,20,0,0
1000,107,2,5000.0,11,0,0
1000,110,2,6500.0,13,1,1
1000,111,2,4500.0,8,1,1
1000,112,5,25000.0,36,2,2
1000,114,2,5000.0,9,0,0
1000,115,2,5500.0,8,0,0
1000,119,2,5500.0,6,1,1
1000,120,2,6500.0,9,0,0
1000,121,2,6500.0,9,0,0
1000,122,2,5500.0,5,0,0
1000,123,2,7500.0,9,0,0
1000,126,2,5500.0,3,0,0
1000,127,2,8500.0,9,0,0
1000,128,2,8500.0,9,0,0
1000,129,3,7000.0,15,0,0
1000,130,2,7000.0,10,0,0
1000,131,2,6500.0,6,0,0
1000,132,2,6000.0,9,0,0
1000,134,2,7000.0,9,0,0
1000,136,2,6000.0,1,0,0
1000,137,5,25000.0,21,0,0
1000,138,5,8500.0,19,0,0
1000,139,3,7500.0,14,0,0
1000,140,4,10500.0,16,2,2
1000,142,2,8000.0,9,0,0
1000,143,2,8000.0,10,0,0
1000,144,2,10500.0,11,0,0
1000,145,2,8000.0,11,0,0
1000,146,5,25000.0,23,1,1
1000,147,5,15500.0,21,1,1
1000,148,2,10000.0,11,0,0
1000,149,2,9000.0,10,0,0
1000,151,5,25000.0,22,0,0
1000,153,5,25000.0,21,0,0
1000,154,5,25000.0,25,1,1
1000,155,2,10500.0,9,0,0
1000,158,2,9500.0,8,0,0
1000,161,2,11500.0,9,0,0
1000,164,2,10000.0,7,1,1
1000,165,2,10500.0,9,0,0
1000,167,2,10000.0,9,0,0
1000,168,2,10500.0,10,0,0
1000,169,2,14500.0,9,0,0
1000,170,2,12500.0,9,0,0
1000,175,5,11500.0,18,0,0
1000,177,2,25000.0,9,0,0
1000,179,5,25000.0,23,0,0
1000,181,3,13000.0,17,0,0
1000,184,2,13000.0,10,0,0
1000,185,2,15500.0,9,0,0
1000,188,5,25000.0,23,0,0
1000,193,2,14000.0,10,0,0
1000,198,2,15500.0,10,0,0
1000,199,2,15500.0,9,0,0
1000,200,2,15000.0,9,0,0
1000,201,2,15500.0,10,0,0
1000,203,2,15000.0,9,0,0
1000,204,2,15000.0,11,0,0
1000,205,5,18000.0,21,0,0
1000,206,4,16000.0,17,0,0
1000,207,3,24500.0,13,0,0
1000,208,5,19500.0,20,0,0
1000,209,4,19500.0,25,0,0
1000,210,2,18500.0,9,0,0
1000,212,2,19500.0,8,0,0
1000,214,2,16500.0,10,0,0
1000,215,2,17000.0,11,0,0
1000,216,2,24000.0,11,0,0
1000,217,2,17500.0,11,0,0
1000,219,5,25000.0,22,0,0
1000,220,4,18500.0,24,0,0
1000,225,4,25000.0,25,0,0
1000,227,4,25000.0,16,0,0
1000,228,4,22500.0,17,0,0
1000,229,2,20000.0,9,0,0
1000,237,2,20500.0,9,0,0
1000,239,2,23000.0,9,0,0
1000,240,2,21000.0,9,0,0
1000,241,3,21000.0,16,0,0
1000,242,3,25000.0,17,0,0
1000,245,2,20500.0,10,0,0
1000,247,5,25000.0,21,0,0
1000,248,5,22500.0,22,0,0
1000,249,2,24000.0,9,0,0
1000,251,5,25000.0,32,0,0
1000,252,2,22500.0,9,0,0
1000,256,2,23000.0,10,0,0
1000,259,2,24500.0,9,0,0
1000,260,2,23000.0,9,0,0
1000,262,2,25000.0,12,0,0
1000,264,2,23000.0,10,0,0
1000,265,2,25000.0,9,0,0
1000,269,5,25000.0,24,0,0
1000,270,2,24500.0,10,0,0
1000,272,2,25000.0,10,0,0
1000,277,2,25000.0,10,0,0
1000,278,5,25000.0,21,0,0
1000,279,2,25000.0,13,0,0
1000,282,2,25000.0,9,0,0
1000,284,2,25000.0,9,0,0
1000,285,2,25000.0,9,0,0
1000,287,2,25000.0,11,0,0
1000,288,3,25000.0,16,0,0
1000,290,2,25000.0,10,0,0
1000,293,2,25000.0,10,0,0
1000,13,7,25000.0,51,2,2
1000,25,5,25000.0,56,3,3
1000,30,4,25000.0,27,0,0
1000,38,8,25000.0,66,5,5
1000,39,5,25000.0,42,3,3
1000,40,5,25000.0,37,0,0
1000,48,5,25000.0,35,0,0
1000,49,4,13500.0,34,1,1
1000,64,5,1500.0,8,1,1
1000,66,6,25000.0,55,2,2
1000,70,4,25000.0,27,0,0
1000,71,5,16500.0,36,1,1
1000,72,5,25000.0,37,2,2
1000,75,4,25000.0,31,3,3
1000,76,5,25000.0,31,0,0
1000,77,4,3000.0,22,0,0
1000,78,3,2000.0,10,0,0
1000,79,2,3000.0,10,1,1
1000,83,2,3500.0,15,2,2
1000,86,2,1500.0,8,0,0
1000,88,2,3500.0,13,1,1
1000,89,2,2000.0,9,0,0
1000,92,5,25000.0,22,2,2
1000,93,3,2500.0,14,0,0
1000,96,2,3000.0,9,0,0
1000,98,2,2000.0,5,0,0
1000,99,2,2500.0,12,1,1
1000,101,2,2500.0,10,0,0
1000,104,2,2500.0,2,0,0
1000,106,2,2500.0,9,0,0
1000,109,2,4500.0,14,1,1
1000,112,2,3000.0,9,0,0
1000,113,2,3000.0,6,0,0
1000,114,3,9000.0,17,0,0
1000,115,3,21500.0,19,1,1
1000,116,4,25000.0,23,0,0
1000,117,2,5000.0,9,1,1
1000,118,2,3500.0,8,0,0
1000,122,2,3500.0,6,0,0
1000,123,2,3500.0,7,0,0
1000,126,2,5000.0,10,1,1
1000,128,2,4000.0,9,0,0
1000,129,2,13500.0,11,1,1
1000,133,2,4000.0,8,0,0
1000,135,2,4500.0,8,0,0
1000,136,3,4500.0,14,0,0
1000,137,2,5000.0,10,0,0
1000,138,2,6000.0,9,0,0
1000,139,4,25000.0,17,0,0
1000,140,2,4500.0,10,0,0
1000,141,2,4500.0,4,0,0
1000,143,2,4500.0,9,0,0
1000,147,2,5500.0,12,0,0
1000,149,2,5500.0,10,0,0
1000,150,2,6500.0,9,0,0
1000,153,5,25000.0,24,1,1
1000,157,2,8000.0,9,0,0
1000,159,2,9000.0,10,0,0
1000,161,2,6500.0,9,0,0
1000,162,2,6000.0,4,0,0
1000,167,2,8500.0,10,0,0
1000,168,2,9000.0,9,0,0
1000,169,2,6500.0,9,0,0
1000,175,2,7000.0,5,0,0
1000,176,2,8000.0,11,0,0
1000,178,2,7500.0,11,0,0
1000,179,3,10000.0,18,0,0
1000,180,5,25000.0,21,1,1
1000,181,2,7500.0,8,0,0
1000,184,2,8500.0,10,0,0
1000,186,2,7500.0,10,0,0
1000,188,2,8000.0,9,0,0
1000,190,4,11000.0,15,0,0
1000,191,5,25000.0,22,0,0
1000,192,2,23500.0,9,0,0
1000,193,2,9000.0,9,0,0
1000,194,4,25000.0,15,0,0
1000,196,2,10000.0,8,0,0
1000,197,2,13000.0,9,0,0
1000,198,2,10000.0,9,0,0
1000,203,5,25000.0,20,0,0
1000,204,2,12500.0,12,0,0
1000,206,2,10500.0,9,0,0
1000,208,4,11000.0,17,0,0
1000,210,2,11000.0,9,0,0
1000,211,2,14000.0,10,0,0
1000,212,2,12500.0,11,0,0
1000,213,2,11500.0,10,0,0
1000,214,2,13000.0,10,0,0
1000,215,2,13000.0,10,0,0
1000,216,2,12000.0,9,0,0
1000,219,2,13000.0,13,0,0
1000,220,2,13500.0,13,0,0
1000,223,2,17000.0,10,0,0
1000,225,5,20500.0,21,0,0
1000,226,2,15500.0,10,0,0
1000,229,2,15000.0,11,0,0
1000,230,2,14500.0,10,0,0
1000,231,2,15000.0,11,0,0
1000,233,4,25000.0,20,0,0
1000,235,2,14500.0,9,0,0
1000,236,2,16000.0,9,0,0
1000,238,2,15000.0,9,0,0
1000,242,2,16500.0,9,0,0
1000,245,2,15500.0,9,0,0
1000,249,2,16500.0,10,0,0
1000,250,2,16000.0,9,0,0
1000,251,2,25000.0,10,0,0
1000,252,3,25000.0,11,0,0
1000,253,3,21000.0,15,0,0
1000,254,2,17500.0,9,0,0
1000,259,2,16000.0,9,0,0
1000,260,2,25000.0,9,0,0
1000,263,2,18000.0,10,0,0
1000,265,2,17500.0,9,0,0
1000,266,5,25000.0,22,0,0
1000,267,2,20000.0,9,0,0
1000,268,2,20000.0,9,0,0
1000,269,4,19500.0,25,0,0
1000,270,3,20500.0,13,0,0
1000,272,2,19500.0,9,0,0
1000,273,2,20000.0,9,0,0
1000,274,2,22500.0,9,0,0
1000,285,2,21000.0,10,0,0
1000,286,2,20000.0,10,0,0
1000,288,3,22500.0,18,1,1
1000,290,2,23500.0,12,0,0
1000,291,2,22500.0,12,0,0
1000,292,2,22000.0,9,0,0
1000,294,2,21000.0,9,0,0
1000,299,5,25000.0,24,0,0
1000,304,2,23000.0,11,0,0
1000,307,2,22000.0,9,0,0
1000,308,2,21500.0,11,0,0
1000,310,2,21500.0,10,0,0
1000,311,2,21500.0,9,0,0
1000,312,2,21500.0,10,0,0
1000,313,5,24000.0,33,0,0
1000,317,2,22000.0,9,0,0
1000,319,2,22000.0,9,0,0
1000,320,2,22000.0,10,0,0
1000,321,2,23000.0,9,0,0
1000,322,2,22500.0,10,0,0
1000,325,5,25000.0,21,0,0
1000,328,2,24000.0,9,0,0
1000,332,2,24000.0,10,0,0
1000,335,2,23500.0,10,0,0
1000,338,2,25000.0,11,0,0
1000,339,2,24000.0,11,0,0
1000,342,2,24500.0,10,0,0
1000,343,5,25000.0,20,0,0
1000,344,5,25000.0,22,0,0
1000,345,2,25000.0,10,0,0
1000,347,2,25000.0,9,0,0
1000,352,2,25000.0,11,0,0
1000,2,5,25000.0,43,2,2
1000,3,5,25000.0,38,4,4
1000,11,5,25000.0,50,4,4
1000,12,3,1500.0,11,0,0
1000,23,2,2500.0,5,0,0
1000,31,5,25000.0,45,1,1
1000,32,4,1000.0,4,0,0
1000,33,5,25000.0,38,1,1
1000,41,5,25000.0,39,2,2
1000,52,4,19000.0,32,3,3
1000,53,5,15000.0,35,0,0
1000,54,4,25000.0,29,1,1
1000,58,5,25000.0,35,2,2
1000,67,2,1500.0,1,0,0
1000,71,2,1000.0,1,1,1
1000,72,2,1500.0,6,0,0
1000,75,5,25000.0,47,2,2
1000,76,5,25000.0,24,2,2
1000,77,3,21000.0,32,3,3
1000,78,2,7500.0,15,1,1
1000,84,5,25000.0,30,2,2
1000,85,4,6000.0,23,3,3
1000,86,3,2000.0,3,0,0
1000,87,2,3500.0,7,0,0
1000,88,2,2500.0,4,0,0
1000,91,3,4000.0,13,0,0
1000,92,2,2500.0,3,0,0
1000,94,2,3000.0,5,0,0
1000,95,5,25000.0,22,0,0
1000,96,5,11500.0,30,3,3
1000,97,2,6000.0,18,1,1
1000,99,4,7500.0,20,0,0
1000,100,4,25000.0,27,2,2
1000,102,2,5000.0,11,0,0
1000,103,2,6500.0,12,0,0
1000,107,4,11500.0,26,0,0
1000,109,2,7000.0,9,1,1
1000,110,2,6000.0,4,0,0
1000,111,2,6500.0,8,0,0
1000,112,2,7000.0,9,0,0
1000,114,2,6000.0,4,0,0
1000,115,2,6500.0,9,0,0
1000,118,4,6500.0,14,0,0
1000,119,2,8000.0,9,0,0
1000,122,2,6500.0,8,0,0
1000,124,3,14500.0,13,0,0
1000,125,5,25000.0,32,4,4
1000,127,2,7000.0,6,1,1
1000,129,4,25000.0,22,1,1
1000,130,2,7500.0,6,0,0
1000,132,2,7500.0,9,0,0
1000,133,2,7500.0,7,0,0
1000,136,2,9000.0,12,1,1
1000,137,2,8500.0,9,0,0
1000,139,5,25000.0,24,1,1
1000,140,2,8500.0,6,0,0
1000,141,2,8500.0,5,0,0
1000,143,5,25000.0,23,0,0
1000,144,5,25000.0,33,0,0
1000,145,3,10000.0,18,0,0
1000,146,2,9000.0,9,0,0
1000,151,2,15500.0,9,0,0
1000,152,2,10500.0,10,0,0
1000,153,2,9500.0,5,0,0
1000,157,5,25000.0,25,1,1
1000,158,4,25000.0,17,0,0
1000,160,2,10500.0,9,0,0
1000,161,2,10500.0,9,1,1
1000,162,2,12000.0,9,0,0
1000,164,2,11500.0,9,0,0
1000,165,2,11500.0,9,0,0
1000,166,2,11000.0,9,0,0
1000,167,2,12000.0,10,0,0
1000,168,5,25000.0,33,0,0
1000,170,2,11000.0,8,0,0
1000,171,2,11000.0,9,0,0
1000,174,2,11000.0,10,0,0
1000,175,2,11500.0,8,0,0
1000,177,2,11500.0,7,0,0
1000,179,2,13000.0,10,0,0
1000,182,2,12000.0,9,0,0
1000,183,2,11500.0,9,0,0
1000,184,3,16000.0,18,0,0
1000,185,4,13000.0,19,0,0
1000,186,3,18500.0,14,0,0
1000,189,2,12500.0,10,0,0
1000,190,3,14000.0,11,0,0
1000,191,2,14500.0,10,0,0
1000,192,2,13500.0,10,0,0
1000,195,2,13000.0,10,0,0
1000,197,2,14000.0,10,0,0
1000,198,2,15000.0,11,0,0
1000,199,2,16000.0,11,0,0
1000,200,3,25000.0,16,0,0
1000,201,3,14000.0,18,0,0
1000,202,2,13500.0,10,0,0
1000,204,3,16500.0,17,0,0
1000,205,2,16000.0,10,0,0
1000,207,2,14000.0,12,0,0
1000,209,2,14000.0,10,0,0
1000,210,2,14000.0,9,0,0
1000,212,2,14500.0,10,0,0
1000,214,5,25000.0,21,0,0
1000,217,2,16000.0,9,0,0
1000,218,2,14500.0,10,0,0
1000,220,5,19000.0,20,0,0
1000,221,2,16500.0,10,0,0
1000,223,2,15000.0,12,0,0
1000,225,2,15000.0,8,0,0
1000,229,2,15000.0,10,0,0
1000,232,5,16500.0,21,0,0
1000,233,5,16500.0,21,0,0
1000,234,2,18500.0,9,0,0
1000,237,2,18500.0,9,0,0
1000,241,3,19000.0,14,0,0
1000,249,5,25000.0,21,0,0
1000,250,3,21500.0,18,0,0
1000,251,3,25000.0,17,0,0
1000,252,5,25000.0,22,0,0
1000,253,4,25000.0,24,0,0
1000,258,2,25000.0,9,0,0
1000,260,5,25000.0,26,0,0
1000,261,3,25000.0,14,0,0
1000,264,2,22500.0,9,0,0
1000,266,2,23000.0,10,0,0
1000,267,2,23500.0,10,0,0
1000,268,2,24500.0,11,0,0
1000,269,2,25000.0,10,0,0
1000,277,2,25000.0,11,0,0
1000,279,5,25000.0,22,0,0
1000,281,2,24000.0,11,0,0
1000,282,2,24500.0,10,0,0
1000,290,4,25000.0,17,0,0
1000,295,2,25000.0,9,0,0
1000,6,5,25000.0,46,3,3
1000,17,5,25000.0,54,6,6
1000,26,5,25000.0,46,2,2
1000,33,2,1500.0,1,0,0
1000,35,3,1500.0,2,0,0
1000,49,3,25000.0,24,2,2
1000,50,2,7500.0,11,0,0
1000,64,5,25000.0,43,3,3
1000,68,2,1500.0,2,0,0
1000,69,2,1000.0,0,0,0
1000,70,5,20000.0,45,3,3
1000,71,4,25000.0,34,3,3
1000,76,5,23500.0,33,1,1
1000,77,2,4500.0,10,2,2
1000,78,2,10500.0,22,2,2
1000,81,2,3500.0,4,0,0
1000,84,2,2500.0,2,1,1
1000,87,2,3500.0,5,1,1
1000,91,2,4000.0,8,0,0
1000,92,2,3500.0,4,0,0
1000,94,4,25000.0,32,2,2
1000,96,2,5500.0,11,0,0
1000,98,2,4000.0,3,0,0
1000,99,2,4500.0,3,0,0
1000,101,2,5000.0,7,0,0
1000,103,2,4500.0,6,0,0
1000,105,2,5500.0,11,1,1
1000,106,2,5000.0,7,0,0
1000,108,2,5500.0,12,1,1
1000,110,2,6000.0,9,0,0
1000,112,2,5000.0,9,2,2
1000,113,2,7000.0,16,1,1
1000,114,2,5000.0,9,0,0
1000,115,2,5500.0,9,0,0
1000,117,2,6000.0,13,1,1
1000,118,2,5000.0,5,0,0
1000,123,2,7000.0,10,0,0
1000,126,2,6500.0,9,0,0
1000,128,3,8000.0,10,1,1
1000,129,5,25000.0,34,4,4
1000,130,2,8000.0,9,0,0
1000,131,2,8000.0,9,0,0
1000,133,2,9000.0,9,0,0
1000,134,5,13000.0,21,0,0
1000,135,2,8000.0,9,0,0
1000,136,2,8500.0,9,0,0
1000,139,2,10000.0,10,0,0
1000,140,2,8000.0,9,1,1
1000,141,5,25000.0,20,0,0
1000,142,5,25000.0,23,0,0
1000,143,3,9000.0,17,0,0
1000,144,2,11000.0,13,1,1
1000,147,2,9000.0,9,0,0
1000,149,2,11500.0,9,0,0
1000,150,2,11500.0,9,1,1
1000,151,5,25000.0,32,0,0
1000,152,4,25000.0,16,0,0
1000,153,2,11000.0,9,0,0
1000,154,2,10000.0,9,0,0
1000,155,2,10000.0,9,0,0
1000,156,2,10000.0,9,0,0
1000,157,4,21500.0,16,0,0
1000,158,5,25000.0,38,1,1
1000,160,2,13500.0,9,0,0
1000,162,2,11000.0,9,0,0
1000,164,2,11500.0,9,0,0
1000,166,2,13500.0,10,0,0
1000,169,3,17500.0,19,2,2
1000,171,3,11500.0,7,0,0
1000,172,2,15000.0,11,0,0
1000,174,5,25000.0,22,0,0
1000,175,2,14500.0,10,0,0
1000,176,2,14000.0,14,1,1
1000,179,2,12500.0,10,0,0
1000,180,5,25000.0,20,0,0
1000,181,2,13500.0,9,0,0
1000,182,2,14500.0,9,0,0
1000,183,2,13000.0,9,0,0
1000,187,2,13000.0,10,0,0
1000,188,2,13500.0,10,0,0
1000,192,4,18000.0,21,1,1
1000,193,4,25000.0,22,0,0
1000,194,2,14500.0,9,1,1
1000,197,2,16000.0,9,0,0
1000,201,2,17000.0,9,0,0
1000,202,2,16500.0,9,0,0
1000,203,2,17000.0,9,0,0
1000,204,2,16500.0,10,0,0
1000,205,2,16500.0,10,0,0
1000,206,2,17500.0,10,0,0
1000,213,2,17500.0,9,0,0
1000,214,2,19000.0,11,0,0
1000,217,2,18000.0,10,0,0
1000,219,4,18000.0,22,0,0
1000,220,4,25000.0,16,0,0
1000,221,3,18500.0,18,0,0
1000,222,2,19000.0,12,0,0
1000,223,2,18500.0,10,0,0
1000,225,2,18000.0,10,0,0
1000,226,2,18000.0,9,0,0
1000,228,2,18000.0,12,0,0
1000,229,2,18000.0,9,0,0
1000,236,2,19000.0,10,0,0
1000,237,2,18500.0,10,0,0
1000,239,5,23500.0,23,0,0
1000,240,5,25000.0,22,0,0
1000,241,2,20000.0,9,0,0
1000,242,2,22000.0,9,0,0
1000,244,2,20000.0,9,0,0
1000,246,4,25000.0,19,0,0
1000,247,2,21000.0,9,0,0
1000,252,2,22500.0,9,0,0
1000,253,2,22000.0,10,0,0
1000,256,4,25000.0,24,0,0
1000,257,4,23500.0,23,0,0
1000,258,3,25000.0,13,0,0
1000,259,2,23000.0,9,0,0
1000,261,2,21500.0,9,0,0
1000,262,2,21000.0,9,0,0
1000,263,4,22000.0,24,0,0
1000,266,2,23000.0,10,0,0
1000,269,2,22000.0,9,0,0
1000,270,2,22500.0,11,0,0
1000,271,2,24000.0,9,0,0
1000,273,2,22000.0,11,0,0
1000,275,2,22500.0,10,0,0
1000,276,4,25000.0,24,0,0
1000,278,5,25000.0,20,0,0
1000,280,2,22500.0,9,0,0
1000,281,2,25000.0,10,0,0
1000,282,3,25000.0,17,0,0
1000,283,2,23000.0,9,0,0
1000,284,2,23000.0,11,0,0
1000,285,2,23500.0,11,0,0
1000,286,2,24500.0,10,0,0
1000,287,2,25000.0,9,0,0
1000,290,2,24500.0,9,0,0
1000,291,2,24000.0,10,0,0
1000,294,2,23500.0,9,0,0
1000,295,5,25000.0,31,0,0
1000,297,2,25000.0,9,0,0
1000,299,2,25000.0,10,0,0
1000,302,2,25000.0,8,0,0
1000,1,4,20000.0,30,1,1
1000,5,4,6500.0,37,6,6
1000,15,4,2000.0,11,1,1
1000,16,2,1500.0,6,1,1
1000,21,4,25000.0,38,3,3
1000,31,2,2500.0,14,1,1
1000,33,5,25000.0,36,2,2
1000,35,4,13000.0,32,3,3
1000,50,5,25000.0,59,4,4
1000,51,4,7500.0,39,1,1
1000,52,2,6000.0,22,3,3
1000,57,2,18000.0,12,0,0
1000,62,2,9000.0,12,0,0
1000,68,2,25000.0,19,2,2
1000,78,2,1000.0,2,0,0
1000,81,2,1000.0,5,0,0
1000,86,2,3000.0,13,0,0
1000,87,2,3000.0,7,0,0
1000,91,2,4000.0,15,1,1
1000,92,2,1500.0,5,1,1
1000,93,2,1000.0,3,0,0
1000,94,2,1000.0,3,0,0
1000,99,5,25000.0,35,2,2
1000,101,5,17500.0,38,3,3
1000,102,2,3000.0,15,2,2
1000,104,2,1500.0,6,0,0
1000,106,2,2000.0,5,0,0
1000,107,2,2000.0,4,0,0
1000,112,4,25000.0,19,1,1
1000,115,2,2500.0,5,0,0
1000,116,2,3500.0,9,1,1
1000,119,2,21000.0,10,0,0
1000,122,2,4000.0,7,0,0
1000,123,2,4500.0,12,1,1
1000,126,2,4500.0,11,1,1
1000,129,2,5000.0,8,0,0
1000,130,2,6000.0,15,1,1
1000,131,5,25000.0,23,1,1
1000,132,2,5000.0,9,0,0
1000,135,2,5000.0,5,0,0
1000,136,2,5500.0,9,0,0
1000,140,2,6000.0,12,0,0
1000,141,2,5000.0,8,0,0
1000,143,3,13000.0,18,3,3
1000,144,2,5500.0,6,0,0
1000,146,2,7000.0,11,1,1
1000,147,2,6500.0,10,0,0
1000,148,2,5500.0,9,0,0
1000,150,5,23000.0,31,0,0
1000,151,2,8000.0,12,0,0
1000,152,2,8000.0,9,0,0
1000,153,3,12500.0,12,0,0
1000,155,3,22000.0,11,0,0
1000,156,4,25000.0,21,1,1
1000,157,2,7500.0,10,0,0
1000,160,2,7500.0,9,0,0
1000,164,2,7500.0,9,0,0
1000,166,3,25000.0,18,0,0
1000,167,2,9000.0,11,0,0
1000,169,2,10000.0,11,0,0
1000,173,2,10500.0,11,0,0
1000,175,2,11000.0,12,0,0
1000,179,2,9500.0,9,0,0
1000,182,2,9500.0,10,0,0
1000,183,4,10500.0,15,0,0
1000,184,5,25000.0,22,0,0
1000,185,4,10000.0,22,0,0
1000,186,5,25000.0,20,0,0
1000,187,2,10500.0,11,0,0
1000,188,2,10000.0,10,0,0
1000,190,2,12500.0,10,0,0
1000,193,2,11000.0,9,0,0
1000,195,4,25000.0,23,0,0
1000,198,2,11000.0,9,0,0
1000,202,5,15000.0,21,0,0
1000,204,2,11500.0,10,0,0
1000,205,2,12000.0,10,0,0
1000,207,2,11500.0,10,0,0
1000,208,5,25000.0,21,0,0
1000,209,5,25000.0,21,0,0
1000,218,2,12500.0,10,0,0
1000,219,5,25000.0,23,0,0
1000,220,2,14500.0,9,0,0
1000,221,2,13000.0,10,0,0
1000,222,2,13000.0,9,0,0
1000,225,2,14000.0,9,0,0
1000,226,2,14500.0,10,0,0
1000,229,2,13000.0,7,0,0
1000,233,5,25000.0,31,0,0
1000,234,2,13500.0,9,0,0
1000,235,2,19000.0,9,0,0
1000,236,2,13500.0,9,0,0
1000,238,2,20500.0,9,0,0
1000,241,3,17000.0,13,0,0
1000,242,3,23500.0,15,0,0
1000,243,2,19500.0,10,0,0
1000,247,2,15000.0,10,0,0
1000,249,2,25000.0,12,0,0
1000,251,5,17000.0,23,0,0
1000,252,3,25000.0,14,0,0
1000,253,2,15000.0,10,0,0
1000,255,2,17500.0,12,0,0
1000,256,2,15500.0,11,0,0
1000,258,2,21500.0,11,0,0
1000,259,2,23500.0,9,0,0
1000,260,2,16000.0,10,0,0
1000,261,3,22500.0,15,0,0
1000,263,2,16500.0,10,0,0
1000,265,2,19000.0,9,0,0
1000,266,2,16500.0,9,0,0
1000,267,2,16500.0,9,0,0
1000,268,2,16500.0,9,0,0
1000,269,2,16500.0,9,0,0
1000,273,2,18000.0,11,0,0
1000,274,2,18000.0,10,0,0
1000,275,2,17500.0,9,0,0
1000,276,2,18000.0,9,0,0
1000,278,2,22500.0,9,0,0
1000,279,2,19000.0,10,0,0
1000,280,2,19000.0,9,0,0
1000,281,2,20000.0,9,0,0
1000,285,2,20000.0,10,0,0
1000,286,2,19000.0,10,0,0
1000,287,5,25000.0,23,0,0
1000,288,2,19000.0,10,0,0
1000,290,2,19500.0,10,0,0
1000,293,5,25000.0,21,0,0
1000,296,5,25000.0,31,0,0
1000,297,2,23000.0,11,0,0
1000,300,2,22000.0,10,0,0
1000,301,2,24000.0,10,0,0
1000,302,5,25000.0,24,0,0
1000,303,4,25000.0,24,0,0
1000,304,2,22500.0,10,0,0
1000,305,2,22500.0,9,0,0
1000,306,2,23000.0,12,0,0
1000,307,2,25000.0,10,0,0
1000,309,4,25000.0,24,0,0
1000,313,2,23500.0,9,0,0
1000,314,2,23000.0,9,0,0
1000,316,2,23000.0,9,0,0
1000,318,2,24000.0,10,0,0
1000,319,2,24000.0,9,0,0
1000,320,2,25000.0,9,0,0
1000,323,4,25000.0,16,0,0
1000,324,3,25000.0,16,0,0
1000,326,2,24000.0,11,0,0
1000,328,5,25000.0,24,0,0
1000,329,2,24500.0,9,0,0
1000,330,2,25000.0,11,0,0
1000,331,2,25000.0,10,0,0
1000,332,2,24500.0,11,0,0
1000,333,2,25000.0,11,0,0
1000,337,2,24500.0,11,0,0
1000,338,5,25000.0,24,0,0
1000,339,2,24500.0,10,0,0
1000,340,2,25000.0,10,0,0
1000,341,7,25000.0,46,0,0
1000,342,5,25000.0,20,0,0
1000,343,2,25000.0,10,0,0
1000,18,5,3000.0,15,2,2
1000,27,4,25000.0,37,2,2
1000,28,5,25000.0,41,3,3
1000,30,5,25000.0,42,4,4
1000,31,5,25000.0,50,4,4
1000,32,4,25000.0,36,2,2
1000,42,2,7000.0,12,0,0
1000,45,4,25000.0,37,1,1
1000,61,3,2000.0,12,1,1
1000,67,2,1500.0,2,0,0
1000,68,3,12000.0,30,3,3
1000,69,5,25000.0,48,6,6
1000,78,5,1000.0,3,0,0
1000,91,2,2000.0,4,0,0
1000,92,2,1500.0,5,0,0
1000,95,2,5500.0,20,2,2
1000,96,2,2000.0,7,1,1
1000,98,2,1000.0,4,0,0
1000,99,2,2000.0,6,1,1
1000,100,2,1500.0,5,0,0
1000,101,5,2000.0,11,1,1
1000,102,2,3500.0,12,0,0
1000,103,2,2000.0,5,1,1
1000,104,4,25000.0,41,3,3
1000,105,4,4000.0,24,0,0
1000,106,5,25000.0,26,3,3
1000,110,2,5000.0,11,1,1
1000,112,4,8500.0,32,2,2
1000,114,2,4000.0,6,1,1
1000,117,2,5500.0,12,1,1
1000,119,2,4000.0,4,0,0
1000,120,2,4000.0,5,0,0
1000,121,2,6500.0,9,0,0
1000,122,2,4500.0,7,0,0
1000,125,2,10500.0,9,1,1
1000,126,2,7500.0,9,0,0
1000,127,2,7000.0,7,0,0
1000,130,2,7000.0,6,0,0
1000,131,2,10000.0,10,0,0
1000,132,2,7500.0,4,0,0
1000,133,3,8500.0,10,1,1
1000,134,3,7500.0,6,0,0
1000,136,2,9000.0,7,0,0
1000,139,2,8500.0,8,0,0
1000,141,5,10500.0,21,0,0
1000,142,5,25000.0,34,1,1
1000,143,3,9000.0,8,0,0
1000,144,2,9500.0,7,0,0
1000,145,2,9000.0,5,0,0
1000,146,3,25000.0,22,1,1
1000,148,2,11500.0,9,0,0
1000,149,2,10000.0,5,0,0
1000,151,5,10500.0,22,0,0
1000,152,5,25000.0,24,0,0
1000,153,4,14000.0,25,0,0
1000,154,5,25000.0,30,1,1
1000,155,4,25000.0,18,1,1
1000,156,2,11000.0,6,0,0
1000,157,2,11000.0,7,0,0
1000,159,2,11000.0,7,0,0
1000,160,4,11500.0,10,0,0
1000,163,2,14000.0,10,0,0
1000,165,5,16500.0,23,0,0
1000,166,5,25000.0,34,1,1
1000,168,2,16000.0,9,0,0
1000,169,2,12500.0,9,0,0
1000,171,2,12500.0,9,0,0
1000,172,5,25000.0,28,0,0
1000,173,2,14000.0,11,0,0
1000,174,2,14000.0,12,0,0
1000,176,5,14000.0,32,0,0
1000,177,5,25000.0,21,0,0
1000,178,2,15000.0,9,0,0
1000,179,2,14000.0,10,0,0
1000,182,2,13500.0,9,0,0
1000,184,2,14000.0,10,0,0
1000,185,3,16000.0,14,0,0
1000,186,2,16000.0,9,0,0
1000,189,2,18000.0,9,0,0
1000,192,2,15000.0,9,0,0
1000,193,3,20000.0,18,1,1
1000,195,5,22000.0,22,0,0
1000,197,2,17500.0,8,0,0
1000,198,2,17500.0,7,0,0
1000,202,5,25000.0,17,0,0
1000,204,2,18000.0,9,0,0
1000,206,2,18500.0,9,0,0
1000,208,2,18500.0,9,0,0
1000,209,4,19000.0,15,0,0
1000,210,5,20000.0,22,0,0
1000,211,4,25000.0,15,0,0
1000,216,2,20000.0,9,0,0
1000,217,4,25000.0,24,0,0
1000,218,5,21500.0,22,0,0
1000,219,5,25000.0,21,0,0
1000,221,2,20500.0,11,0,0
1000,223,5,23500.0,21,0,0
1000,224,3,25000.0,18,0,0
1000,229,2,22000.0,9,0,0
1000,230,2,23000.0,10,0,0
1000,231,2,22500.0,12,0,0
1000,232,2,22000.0,9,0,0
1000,235,2,25000.0,10,0,0
1000,237,2,23500.0,9,0,0
1000,238,2,25000.0,10,0,0
1000,239,5,25000.0,23,0,0
1000,241,2,23500.0,10,0,0
1000,242,2,25000.0,9,0,0
1000,244,2,25000.0,9,0,0
1000,245,4,24500.0,24,0,0
1000,248,2,25000.0,10,0,0
1000,249,4,25000.0,17,0,0
1000,250,4,25000.0,25,0,0
1000,252,2,24500.0,11,0,0
1000,256,2,25000.0,9,0,0
1000,258,3,25000.0,16,0,0
1000,260,2,25000.0,9,0,0
1000,261,5,25000.0,22,0,0
1000,262,3,25000.0,11,0,0
1000,263,2,25000.0,12,0,0
1000,268,2,25000.0,9,0,0
1000,270,2,25000.0,9,0,0
1000,0,4,25000.0,28,1,1
1000,1,5,25000.0,38,1,1
1000,5,5,25000.0,48,4,4
1000,13,5,25000.0,38,3,3
1000,16,5,25000.0,43,4,4
1000,28,4,13500.0,28,0,0
1000,31,4,25000.0,28,1,1
1000,37,4,18500.0,27,0,0
1000,49,5,25000.0,35,2,2
1000,50,5,18000.0,38,1,1
1000,52,5,25000.0,81,5,5
1000,67,5,2000.0,11,0,0
1000,68,4,25000.0,39,3,3
1000,72,5,25000.0,38,2,2
1000,84,5,25000.0,37,2,2
1000,87,5,25000.0,47,1,1
1000,88,5,25000.0,33,2,2
1000,89,4,3000.0,13,0,0
1000,94,2,3500.0,9,0,0
1000,97,2,2000.0,6,0,0
1000,99,2,3000.0,9,1,1
1000,100,2,2500.0,2,0,0
1000,103,2,2000.0,5,0,0
1000,106,5,5000.0,26,1,1
1000,108,2,3500.0,7,0,0
1000,109,5,25000.0,19,1,1
1000,110,3,4000.0,3,0,0
1000,111,2,4000.0,7,0,0
1000,112,2,5500.0,18,1,1
1000,114,2,5000.0,9,1,1
1000,115,2,5500.0,11,0,0
1000,116,2,4500.0,3,0,0
1000,119,2,4500.0,3,0,0
1000,120,3,24000.0,18,0,0
1000,122,2,5000.0,4,0,0
1000,123,2,5000.0,5,0,0
1000,124,2,5500.0,10,0,0
1000,125,2,6000.0,10,0,0
1000,126,2,7500.0,10,0,0
1000,130,2,5000.0,8,0,0
1000,131,2,7500.0,9,1,1
1000,132,2,5000.0,6,0,0
1000,135,5,25000.0,28,1,1
1000,138,2,9500.0,9,1,1
1000,141,2,5500.0,9,0,0
1000,142,2,5500.0,5,1,1
1000,143,2,5500.0,6,0,0
1000,146,2,5500.0,9,0,0
1000,147,4,25000.0,25,0,0
1000,148,4,6000.0,12,0,0
1000,149,2,6000.0,7,0,0
1000,152,4,14000.0,15,0,0
1000,153,3,17500.0,12,0,0
1000,164,2,7500.0,8,0,0
1000,167,2,8000.0,5,0,0
1000,170,5,25000.0,27,0,0
1000,171,5,16000.0,22,0,0
1000,172,2,9500.0,11,0,0
1000,173,2,10000.0,9,0,0
1000,174,2,10000.0,9,0,0
1000,175,2,9500.0,7,0,0
1000,177,4,10000.0,16,0,0
1000,179,3,9500.0,12,0,0
1000,181,2,12500.0,9,0,0
1000,184,5,25000.0,24,0,0
1000,185,5,25000.0,21,0,0
1000,186,2,10500.0,10,0,0
1000,188,5,25000.0,22,0,0
1000,189,5,25000.0,21,1,1
1000,191,2,11500.0,9,0,0
1000,192,2,11500.0,8,0,0
1000,194,5,20000.0,26,2,2
1000,195,2,13000.0,9,0,0
1000,196,3,13000.0,13,0,0
1000,197,2,12500.0,9,0,0
1000,201,4,25000.0,19,0,0
1000,202,5,25000.0,21,0,0
1000,206,2,16000.0,8,0,0
1000,211,2,15000.0,10,0,0
1000,212,2,15000.0,8,0,0
1000,215,2,15000.0,9,0,0
1000,221,2,17500.0,9,0,0
1000,222,5,25000.0,22,0,0
1000,224,5,25000.0,18,0,0
1000,226,2,17000.0,9,0,0
1000,231,2,18500.0,9,0,0
1000,232,2,19000.0,9,0,0
1000,236,2,19000.0,10,0,0
1000,238,2,19000.0,10,0,0
1000,239,4,25000.0,15,0,0
1000,243,2,19000.0,10,0,0
1000,247,2,19000.0,10,0,0
1000,251,5,25000.0,22,0,0
1000,255,2,20000.0,9,0,0
1000,256,2,20000.0,10,0,0
1000,259,2,23000.0,10,0,0
1000,261,2,24500.0,11,0,0
1000,263,3,25000.0,16,0,0
1000,264,3,25000.0,17,0,0
1000,266,2,21500.0,10,0,0
1000,270,2,23000.0,11,0,0
1000,272,4,25000.0,19,0,0
1000,275,2,23000.0,9,0,0
1000,278,4,24500.0,19,0,0
1000,280,2,24500.0,10,0,0
1000,282,4,25000.0,16,0,0
1000,283,2,25000.0,9,0,0
1000,285,2,25000.0,10,0,0
1000,286,2,25000.0,9,0,0
1000,289,2,25000.0,10,0,0
1000,5,5,9500.0,38,1,1
1000,11,3,8000.0,22,1,1
1000,16,5,11500.0,39,1,1
1000,22,5,25000.0,49,3,3
1000,23,4,25000.0,36,1,1
1000,24,4,20500.0,30,1,1
1000,50,3,1500.0,7,0,0
1000,65,4,25000.0,34,2,2
1000,69,5,25000.0,49,4,4
1000,70,3,12500.0,21,2,2
1000,71,4,23500.0,41,3,3
1000,72,5,25000.0,40,2,2
1000,77,4,25000.0,35,1,1
1000,85,3,25000.0,21,1,1
1000,87,2,3000.0,10,1,1
1000,88,2,4500.0,12,0,0
1000,92,4,3000.0,11,1,1
1000,97,2,1000.0,2,0,0
1000,98,2,1000.0,5,0,0
1000,102,2,1500.0,8,0,0
1000,104,3,12500.0,18,1,1
1000,107,4,2000.0,1,0,0
1000,108,3,4500.0,13,0,0
1000,110,5,25000.0,26,2,2
1000,112,2,3500.0,3,0,0
1000,113,4,25000.0,24,3,3
1000,114,3,25000.0,23,2,2
1000,116,2,3500.0,5,0,0
1000,119,2,4500.0,9,0,0
1000,120,2,4500.0,6,0,0
1000,122,5,6000.0,21,0,0
1000,125,2,5000.0,3,0,0
1000,126,5,25000.0,27,2,2
1000,129,2,8000.0,10,0,0
1000,130,2,6000.0,7,0,0
1000,131,2,6000.0,10,0,0
1000,133,2,6500.0,11,0,0
1000,135,2,7500.0,9,0,0
1000,136,2,7000.0,9,0,0
1000,137,5,25000.0,22,0,0
1000,138,3,9500.0,16,1,1
1000,139,3,7500.0,10,0,0
1000,142,2,6500.0,7,0,0
1000,150,2,7500.0,10,0,0
1000,152,2,9500.0,9,0,0
1000,154,2,8000.0,10,0,0
1000,155,7,25000.0,36,2,2
1000,156,3,8500.0,14,0,0
1000,157,3,11500.0,16,0,0
1000,158,2,15500.0,8,1,1
1000,160,3,8000.0,9,0,0
1000,161,2,12000.0,9,0,0
1000,162,2,10000.0,9,0,0
1000,168,2,8500.0,9,0,0
1000,169,2,9000.0,10,0,0
1000,170,2,10000.0,9,0,0
1000,171,2,8500.0,9,0,0
1000,172,2,9500.0,9,0,0
1000,176,2,9000.0,9,0,0
1000,178,2,16500.0,9,0,0
1000,179,2,12000.0,10,0,0
1000,181,2,10500.0,11,0,0
1000,183,2,9000.0,10,0,0
1000,184,3,10000.0,11,0,0
1000,185,4,25000.0,18,0,0
1000,188,5,25000.0,23,1,1
1000,189,4,25000.0,24,0,0
1000,190,2,10000.0,10,0,0
1000,193,2,13000.0,9,0,0
1000,194,2,11000.0,6,0,0
1000,196,5,25000.0,20,0,0
1000,197,3,22500.0,13,0,0
1000,199,2,13500.0,10,0,0
1000,202,2,11000.0,11,0,0
1000,203,3,12500.0,17,0,0
1000,204,2,11500.0,8,0,0
1000,206,2,15000.0,8,0,0
1000,207,3,13500.0,20,1,1
1000,209,5,25000.0,26,0,0
1000,210,2,16000.0,10,0,0
1000,215,2,13000.0,9,0,0
1000,218,2,13000.0,10,0,0
1000,222,2,13000.0,9,0,0
1000,223,3,24000.0,17,0,0
1000,224,2,14000.0,9,0,0
1000,226,2,13500.0,10,0,0
1000,227,2,14000.0,9,0,0
1000,229,5,25000.0,20,0,0
1000,230,3,22500.0,17,0,0
1000,231,3,17000.0,11,0,0
1000,234,2,15000.0,9,0,0
1000,235,2,16500.0,10,0,0
1000,240,2,17500.0,10,0,0
1000,241,3,15500.0,16,0,0
1000,246,3,17500.0,14,0,0
1000,247,5,25000.0,21,0,0
1000,251,5,25000.0,24,0,0
1000,252,2,16500.0,9,0,0
1000,258,2,18000.0,9,0,0
1000,259,5,25000.0,22,1,1
1000,260,3,17500.0,17,0,0
1000,261,2,17000.0,10,0,0
1000,266,4,18500.0,17,0,0
1000,267,5,19500.0,32,0,0
1000,270,2,18500.0,8,0,0
1000,272,2,18500.0,9,0,0
1000,273,2,19500.0,9,0,0
1000,274,2,19500.0,9,0,0
1000,275,2,20500.0,9,0,0
1000,279,2,19500.0,10,0,0
1000,280,2,21000.0,9,0,0
1000,282,2,20000.0,9,0,0
1000,283,2,19000.0,9,0,0
1000,284,2,19000.0,9,0,0
1000,285,4,25000.0,18,0,0
1000,286,2,20500.0,11,0,0
1000,287,2,19500.0,11,0,0
1000,288,2,19500.0,11,0,0
1000,290,2,22500.0,9,0,0
1000,293,5,25000.0,31,0,0
1000,294,3,25000.0,17,0,0
1000,295,2,21000.0,11,0,0
1000,296,2,22500.0,10,0,0
1000,298,2,21000.0,8,0,0
1000,303,2,22500.0,11,0,0
1000,305,2,22000.0,8,0,0
1000,307,2,21000.0,10,0,0
1000,308,2,21000.0,10,0,0
1000,309,5,21500.0,24,0,0
1000,310,4,22000.0,21,0,0
1000,312,3,22000.0,17,0,0
1000,314,2,23000.0,9,0,0
1000,316,2,22000.0,12,0,0
1000,317,3,25000.0,18,0,0
1000,318,3,25000.0,17,0,0
1000,319,3,25000.0,18,0,0
1000,320,5,25000.0,22,0,0
1000,322,2,24000.0,11,0,0
1000,326,2,23500.0,9,0,0
1000,330,4,25000.0,18,0,0
1000,331,2,24000.0,9,0,0
1000,333,2,24000.0,11,0,0
1000,337,5,25000.0,21,0,0
1000,339,5,25000.0,21,0,0
1000,340,4,25000.0,17,0,0
1000,342,2,25000.0,11,0,0
1000,344,4,25000.0,21,0,0
1000,345,5,25000.0,21,0,0
1000,348,2,25000.0,10,0,0
1000,15,2,2500.0,5,1,1
1000,17,5,25000.0,54,2,2
1000,18,5,25000.0,51,3,3
1000,34,4,25000.0,51,5,5
1000,43,5,25000.0,47,5,5
1000,51,2,2000.0,6,0,0
1000,54,3,3500.0,16,2,2
1000,55,5,25000.0,40,1,1
1000,59,4,25000.0,37,2,2
1000,60,2,2500.0,6,1,1
1000,67,5,17500.0,50,3,3
1000,68,5,25000.0,49,3,3
1000,70,2,1500.0,6,0,0
1000,71,2,1000.0,2,0,0
1000,72,2,5000.0,15,4,4
1000,73,2,2000.0,8,0,0
1000,74,3,25000.0,28,4,4
1000,75,3,1500.0,3,1,1
1000,76,2,1500.0,5,0,0
1000,79,2,1500.0,3,0,0
1000,80,3,6000.0,20,2,2
1000,81,2,2000.0,1,0,0
1000,83,2,2500.0,1,0,0
1000,84,2,4500.0,10,0,0
1000,86,4,25000.0,24,1,1
1000,87,2,4000.0,5,0,0
1000,88,2,3500.0,2,3,3
1000,89,2,5500.0,12,1,1
1000,90,2,3500.0,4,1,1
1000,91,2,6000.0,12,0,0
1000,92,2,4500.0,5,0,0
1000,94,2,4000.0,9,0,0
1000,95,2,4000.0,4,0,0
1000,96,2,4500.0,7,0,0
1000,100,2,4500.0,4,0,0
1000,101,2,4500.0,6,0,0
1000,103,2,5000.0,7,0,0
1000,104,2,4500.0,4,0,0
1000,105,2,5000.0,9,0,0
1000,106,2,6000.0,9,0,0
1000,110,2,6500.0,9,0,0
1000,111,3,5500.0,6,1,1
1000,114,2,5500.0,10,0,0
1000,115,2,5000.0,3,0,0
1000,116,4,25000.0,29,1,1
1000,117,2,8500.0,9,0,0
1000,124,2,7000.0,9,0,0
1000,125,4,9500.0,18,0,0
1000,127,2,8500.0,7,0,0
1000,129,4,13500.0,20,0,0
1000,130,2,10500.0,8,0,0
1000,132,3,10000.0,4,0,0
1000,133,2,11500.0,9,0,0
1000,135,2,10500.0,10,0,0
1000,136,2,10000.0,9,0,0
1000,137,2,12000.0,9,0,0
1000,138,2,13500.0,14,1,1
1000,139,2,10500.0,6,0,0
1000,140,2,12000.0,11,0,0
1000,141,2,11500.0,8,0,0
1000,142,2,12500.0,9,0,0
1000,143,2,12500.0,10,0,0
1000,144,2,11500.0,6,0,0
1000,145,5,13500.0,21,0,0
1000,149,3,12000.0,11,0,0
1000,150,2,12000.0,10,0,0
1000,152,2,16500.0,10,0,0
1000,153,2,13000.0,9,0,0
1000,156,2,12500.0,8,0,0
1000,157,2,12500.0,9,1,1
1000,159,2,12500.0,10,0,0
1000,161,2,13000.0,9,0,0
1000,162,2,13000.0,7,0,0
1000,164,2,13000.0,9,0,0
1000,166,5,25000.0,24,0,0
1000,169,5,17500.0,26,1,1
1000,173,2,13500.0,10,0,0
1000,176,5,25000.0,20,0,0
1000,177,4,25000.0,25,0,0
1000,178,5,25000.0,23,0,0
1000,179,5,25000.0,21,0,0
1000,181,2,15000.0,10,0,0
1000,185,3,20000.0,17,0,0
1000,187,3,16000.0,12,0,0
1000,188,2,15500.0,10,0,0
1000,189,4,25000.0,26,0,0
1000,190,5,25000.0,23,0,0
1000,191,3,23500.0,17,0,0
1000,192,2,16000.0,10,0,0
1000,193,2,16500.0,10,0,0
1000,194,5,17500.0,20,0,0
1000,197,5,25000.0,23,0,0
1000,198,2,19000.0,10,0,0
1000,200,2,20000.0,9,0,0
1000,207,2,19000.0,10,0,0
1000,210,2,19000.0,9,0,0
1000,211,2,18000.0,9,0,0
1000,212,2,18000.0,11,0,0
1000,215,2,18500.0,9,0,0
1000,217,3,22000.0,19,1,1
1000,218,2,18500.0,9,0,0
1000,221,2,19500.0,10,0,0
1000,222,2,18500.0,10,0,0
1000,225,2,18500.0,10,0,0
1000,226,3,19000.0,17,0,0
1000,227,2,22500.0,11,0,0
1000,228,2,20500.0,9,0,0
1000,230,2,19500.0,13,0,0
1000,231,2,19500.0,10,0,0
1000,232,2,20500.0,12,0,0
1000,233,5,19500.0,20,0,0
1000,234,5,25000.0,22,0,0
1000,235,5,25000.0,26,0,0
1000,236,2,20500.0,10,0,0
1000,238,2,23500.0,11,0,0
1000,239,2,21000.0,12,0,0
1000,240,2,20500.0,10,0,0
1000,241,2,22500.0,9,0,0
1000,243,2,21500.0,9,0,0
1000,244,5,25000.0,21,1,1
1000,248,2,23000.0,9,0,0
1000,250,2,22500.0,11,0,0
1000,253,2,23000.0,10,0,0
1000,254,3,25000.0,17,0,0
1000,255,2,22500.0,9,0,0
1000,259,5,25000.0,20,0,0
1000,260,2,23500.0,9,0,0
1000,262,2,24000.0,10,0,0
1000,264,2,23500.0,11,0,0
1000,265,2,23000.0,9,0,0
1000,266,2,25000.0,9,0,0
1000,267,4,25000.0,24,0,0
1000,271,2,24500.0,10,0,0
1000,272,2,23500.0,11,0,0
1000,273,5,25000.0,21,0,0
1000,274,5,25000.0,21,0,0
1000,275,3,25000.0,15,0,0
1000,277,2,25000.0,9,0,0
1000,278,2,25000.0,10,0,0
1000,283,2,24500.0,11,0,0
1000,286,2,25000.0,10,0,0
1000,291,2,25000.0,9,0,0
1000,292,2,24500.0,12,0,0
1000,293,2,24500.0,10,0,0
1000,295,3,25000.0,18,0,0
1000,300,3,25000.0,17,0,0
1000,301,2,25000.0,9,0,0
1000,304,2,25000.0,11,0,0
1000,0,4,5000.0,23,2,2
1000,2,2,17500.0,32,4,4
1000,8,2,2500.0,10,1,1
1000,21,5,25000.0,37,2,2
1000,29,4,25000.0,46,3,3
1000,48,2,6500.0,13,0,0
1000,49,5,20000.0,44,3,3
1000,70,2,2000.0,7,0,0
1000,72,5,25000.0,43,3,3
1000,75,3,7500.0,24,1,1
1000,76,5,4000.0,26,0,0
1000,77,2,1000.0,1,0,0
1000,79,2,1500.0,1,1,1
1000,81,2,1000.0,1,0,0
1000,84,2,2000.0,6,1,1
1000,85,2,1000.0,4,0,0
1000,87,2,2500.0,9,0,0
1000,91,3,1500.0,9,2,2
1000,92,4,14000.0,28,2,2
1000,93,3,2000.0,8,0,0
1000,94,2,1000.0,4,0,0
1000,96,2,9500.0,12,2,2
1000,101,5,25000.0,33,2,2
1000,102,2,2500.0,5,0,0
1000,103,5,8500.0,38,3,3
1000,106,2,4000.0,6,1,1
1000,107,5,25000.0,34,2,2
1000,108,4,25000.0,20,1,1
1000,110,2,5000.0,5,0,0
1000,111,4,25000.0,22,1,1
1000,112,2,5000.0,4,0,0
1000,114,3,6000.0,9,0,0
1000,117,2,6500.0,5,0,0
1000,119,2,6000.0,3,0,0
1000,120,2,12500.0,9,0,0
1000,121,2,6500.0,5,1,1
1000,123,2,7000.0,10,0,0
1000,126,2,10000.0,10,1,1
1000,127,2,7000.0,9,0,0
1000,130,2,7500.0,10,0,0
1000,131,2,6500.0,10,0,0
1000,133,5,9500.0,21,0,0
1000,134,3,12500.0,17,1,1
1000,135,5,25000.0,33,1,1
1000,138,5,25000.0,22,1,1
1000,142,2,9000.0,10,1,1
1000,144,5,25000.0,21,0,0
1000,145,5,22500.0,21,1,1
1000,147,2,9500.0,6,0,0
1000,148,5,15500.0,21,0,0
1000,150,2,12000.0,10,0,0
1000,151,2,10500.0,9,1,1
1000,152,5,11000.0,15,0,0
1000,153,2,11500.0,9,0,0
1000,154,5,25000.0,21,1,1
1000,155,3,13000.0,17,1,1
1000,156,3,14000.0,11,0,0
1000,158,2,11500.0,9,0,0
1000,159,5,25000.0,29,0,0
1000,160,4,11500.0,11,0,0
1000,163,2,13500.0,10,0,0
1000,165,2,13000.0,9,0,0
1000,166,2,13500.0,9,0,0
1000,167,2,12500.0,9,0,0
1000,168,2,12500.0,6,0,0
1000,170,2,12500.0,9,0,0
1000,175,5,25000.0,31,0,0
1000,177,5,25000.0,21,0,0
1000,178,5,25000.0,21,0,0
1000,179,3,14000.0,11,0,0
1000,180,3,15000.0,13,0,0
1000,181,2,14500.0,8,0,0
1000,183,2,20500.0,9,0,0
1000,184,2,15500.0,9,0,0
1000,188,5,25000.0,24,0,0
1000,190,5,25000.0,20,0,0
1000,194,2,19000.0,9,0,0
1000,197,2,22000.0,11,0,0
1000,198,3,22000.0,14,0,0
1000,200,2,20000.0,10,0,0
1000,201,2,18500.0,9,0,0
1000,204,2,20000.0,11,1,1
1000,206,5,25000.0,22,0,0
1000,207,2,20000.0,9,0,0
1000,208,5,21500.0,21,0,0
1000,211,5,23000.0,21,0,0
1000,214,2,25000.0,9,0,0
1000,215,2,23500.0,9,0,0
1000,216,2,21000.0,6,0,0
1000,220,2,21500.0,10,0,0
1000,223,2,22000.0,9,0,0
1000,226,2,21500.0,9,0,0
1000,227,2,21500.0,9,0,0
1000,228,2,21500.0,10,0,0
1000,229,2,23000.0,11,0,0
1000,230,2,25000.0,10,0,0
1000,232,2,23000.0,10,0,0
1000,233,2,22000.0,10,0,0
1000,234,2,24500.0,10,0,0
1000,235,5,25000.0,31,0,0
1000,236,2,23500.0,9,0,0
1000,237,2,22500.0,10,0,0
1000,238,2,23000.0,9,0,0
1000,239,2,23500.0,10,0,0
1000,243,2,25000.0,12,0,0
1000,244,2,23000.0,11,0,0
1000,246,3,25000.0,15,0,0
1000,247,2,25000.0,10,0,0
1000,248,2,24500.0,10,0,0
1000,249,3,25000.0,13,0,0
1000,251,2,25000.0,10,0,0
1000,253,2,24500.0,9,0,0
1000,257,2,25000.0,9,0,0
1000,258,2,25000.0,9,0,0
1000,259,2,25000.0,10,0,0
1000,0,4,25000.0,38,2,2
1000,1,5,25000.0,40,5,5
1000,2,4,25000.0,28,1,1
1000,7,5,25000.0,36,0,0
1000,8,3,13000.0,24,2,2
1000,30,5,25000.0,44,3,3
1000,31,5,25000.0,39,2,2
1000,32,5,25000.0,50,3,3
1000,43,5,25000.0,40,1,1
1000,45,2,8500.0,20,1,1
1000,47,5,6000.0,47,5,5
1000,48,5,25000.0,36,1,1
1000,49,5,25000.0,38,1,1
1000,56,5,25000.0,34,1,1
1000,67,3,25000.0,19,1,1
1000,71,2,1000.0,4,0,0
1000,74,5,3500.0,23,0,0
1000,75,3,9000.0,20,0,0
1000,76,3,3500.0,22,1,1
1000,77,3,21500.0,29,1,1
1000,79,2,3500.0,13,0,0
1000,82,2,19500.0,18,2,2
1000,83,2,1000.0,1,0,0
1000,85,2,1000.0,2,0,0
1000,87,2,3000.0,10,1,1
1000,93,2,2000.0,1,0,0
1000,99,2,2000.0,4,0,0
1000,103,2,3500.0,9,0,0
1000,104,5,25000.0,29,3,3
1000,107,2,5000.0,10,0,0
1000,108,2,6500.0,9,0,0
1000,112,5,25000.0,23,1,1
1000,114,2,4500.0,9,0,0
1000,115,2,4000.0,6,0,0
1000,118,3,5500.0,14,0,0
1000,119,5,8500.0,21,1,1
1000,120,3,4500.0,13,0,0
1000,121,2,8000.0,10,0,0
1000,122,2,5500.0,9,0,0
1000,123,2,7000.0,9,0,0
1000,124,2,6000.0,9,0,0
1000,127,2,4500.0,8,0,0
1000,129,2,4500.0,9,0,0
1000,132,2,4500.0,4,0,0
1000,133,2,4500.0,6,1,1
1000,134,2,6500.0,10,0,0
1000,135,2,5500.0,9,0,0
1000,139,2,5000.0,6,0,0
1000,140,2,5000.0,5,0,0
1000,142,3,6500.0,11,0,0
1000,143,5,25000.0,22,3,3
1000,144,5,23000.0,23,0,0
1000,145,3,9500.0,11,0,0
1000,146,4,6500.0,22,0,0
1000,149,2,5500.0,11,0,0
1000,151,2,7500.0,9,0,0
1000,152,2,5500.0,8,0,0
1000,153,2,5500.0,7,0,0
1000,155,2,10000.0,9,0,0
1000,156,2,6500.0,8,0,0
1000,157,4,9500.0,27,1,1
1000,158,2,7500.0,9,0,0
1000,159,2,9000.0,8,0,0
1000,160,5,25000.0,21,0,0
1000,163,3,7500.0,18,0,0
1000,164,5,25000.0,21,0,0
1000,165,2,7000.0,9,0,0
1000,168,2,8000.0,9,0,0
1000,169,2,8000.0,10,0,0
1000,170,3,8000.0,17,0,0
1000,171,3,8000.0,17,0,0
1000,172,2,7500.0,12,0,0
1000,175,2,8000.0,10,0,0
1000,176,2,7500.0,10,0,0
1000,179,2,7500.0,9,0,0
1000,180,2,8500.0,10,0,0
1000,181,2,8000.0,9,0,0
1000,182,3,11000.0,17,0,0
1000,183,5,25000.0,25,1,1
1000,184,5,25000.0,31,0,0
1000,185,3,13500.0,12,0,0
1000,186,2,9500.0,12,0,0
1000,187,2,11500.0,16,1,1
1000,190,2,10000.0,10,0,0
1000,193,2,10000.0,9,0,0
1000,194,2,9500.0,9,0,0
1000,196,2,10000.0,9,0,0
1000,198,5,25000.0,21,0,0
1000,200,2,11000.0,10,0,0
1000,202,3,11000.0,14,0,0
1000,204,4,25000.0,24,0,0
1000,211,2,13000.0,10,0,0
1000,213,2,12500.0,11,0,0
1000,215,2,15000.0,9,0,0
1000,216,2,14500.0,9,0,0
1000,220,5,25000.0,25,0,0
1000,222,3,14500.0,17,0,0
1000,224,3,14500.0,17,0,0
1000,226,2,14000.0,9,0,0
1000,230,3,24500.0,12,0,0
1000,231,4,18500.0,16,0,0
1000,236,2,15500.0,10,0,0
1000,240,2,16000.0,10,0,0
1000,242,2,17500.0,8,0,0
1000,245,2,18500.0,10,0,0
1000,246,2,17500.0,11,0,0
1000,249,5,19000.0,22,0,0
1000,252,5,25000.0,22,0,0
1000,254,2,19500.0,10,0,0
1000,262,5,25000.0,21,0,0
1000,263,3,25000.0,18,0,0
1000,266,7,25000.0,31,0,0
1000,267,3,21000.0,13,0,0
1000,268,2,21000.0,9,0,0
1000,270,2,22000.0,9,0,0
1000,272,2,21000.0,10,0,0
1000,275,2,21500.0,9,0,0
1000,276,2,21500.0,10,0,0
1000,278,2,21500.0,9,0,0
1000,281,2,24000.0,9,0,0
1000,284,2,23500.0,12,0,0
1000,285,2,24000.0,10,0,0
1000,286,3,22500.0,18,0,0
1000,287,4,25000.0,26,0,0
1000,289,2,23000.0,10,0,0
1000,291,2,22500.0,9,0,0
1000,292,2,22500.0,10,0,0
1000,293,2,22500.0,9,0,0
1000,295,2,25000.0,9,0,0
1000,299,2,23000.0,9,0,0
1000,300,2,23000.0,10,0,0
1000,301,2,23000.0,10,0,0
1000,302,2,23000.0,9,0,0
1000,303,4,25000.0,16,0,0
1000,305,2,25000.0,10,0,0
1000,306,2,23500.0,9,0,0
1000,307,2,25000.0,9,0,0
1000,308,2,25000.0,9,0,0
1000,311,2,25000.0,9,0,0
1000,312,4,24500.0,24,0,0
1000,313,3,25000.0,11,0,0
1000,314,3,25000.0,17,0,0
1000,315,3,25000.0,18,0,0
1000,320,2,25000.0,9,0,0
1000,324,2,25000.0,9,0,0
1000,325,2,25000.0,9,0,0
1000,328,2,25000.0,10,0,0
1000,329,5,25000.0,21,0,0
1000,0,5,25000.0,48,4,4
1000,5,5,25000.0,34,1,1
1000,11,4,10500.0,32,1,1
1000,23,5,25000.0,44,2,2
1000,24,5,25000.0,36,1,1
1000,26,5,2000.0,16,1,1
1000,54,3,25000.0,20,0,0
1000,56,5,25000.0,56,5,5
1000,58,5,25000.0,38,1,1
1000,64,4,25000.0,31,1,1
1000,88,4,25000.0,28,0,0
1000,91,2,2000.0,5,0,0
1000,99,4,1500.0,9,0,0
1000,101,5,25000.0,36,1,1
1000,102,2,1000.0,4,0,0
1000,103,4,2000.0,13,1,1
1000,104,2,2000.0,8,0,0
1000,106,3,2000.0,11,0,0
1000,107,5,25000.0,21,0,0
1000,108,2,3000.0,9,0,0
1000,110,2,3500.0,9,0,0
1000,111,2,1500.0,3,1,1
1000,113,5,25000.0,29,3,3
1000,115,2,6000.0,15,2,2
1000,116,2,5000.0,9,0,0
1000,118,2,4000.0,9,1,1
1000,120,2,5500.0,10,0,0
1000,123,2,3000.0,9,0,0
1000,124,2,2500.0,9,0,0
1000,127,2,2500.0,8,0,0
1000,128,2,5500.0,9,0,0
1000,129,2,6500.0,9,0,0
1000,130,3,20000.0,22,4,4
1000,131,2,4000.0,4,0,0
1000,134,4,15500.0,17,0,0
1000,135,5,25000.0,32,4,4
1000,138,2,8000.0,10,0,0
1000,139,5,8000.0,22,0,0
1000,141,2,9000.0,10,0,0
1000,142,2,6500.0,4,0,0
1000,144,2,6500.0,6,0,0
1000,146,2,7500.0,10,0,0
1000,147,4,25000.0,19,0,0
1000,148,5,25000.0,23,0,0
1000,151,3,9500.0,11,0,0
1000,152,2,8000.0,9,1,1
1000,155,2,8000.0,5,0,0
1000,156,5,25000.0,19,1,1
1000,157,5,9500.0,20,0,0
1000,158,2,11000.0,9,0,0
1000,159,2,8500.0,9,0,0
1000,160,2,11000.0,9,0,0
1000,164,2,9500.0,9,0,0
1000,165,3,9500.0,13,0,0
1000,166,5,25000.0,20,1,1
1000,167,2,13000.0,9,0,0
1000,169,2,20000.0,9,0,0
1000,172,2,13500.0,9,0,0
1000,174,2,16000.0,9,0,0
1000,177,5,25000.0,20,0,0
1000,178,2,10000.0,8,0,0
1000,179,3,16000.0,17,0,0
1000,180,2,10500.0,9,0,0
1000,183,3,16500.0,13,0,0
1000,184,2,11000.0,5,0,0
1000,185,2,13000.0,9,0,0
1000,186,2,15500.0,9,0,0
1000,188,5,25000.0,25,0,0
1000,191,2,14000.0,13,1,1
1000,193,5,14000.0,21,0,0
1000,196,2,14000.0,10,0,0
1000,197,2,13500.0,9,0,0
1000,198,2,13000.0,7,0,0
1000,203,2,15000.0,9,0,0
1000,205,2,16000.0,10,0,0
1000,207,2,15000.0,10,0,0
1000,208,4,25000.0,25,0,0
1000,209,3,21000.0,17,1,1
1000,212,2,15000.0,9,0,0
1000,213,2,15500.0,10,0,0
1000,215,2,15500.0,9,0,0
1000,219,2,17000.0,11,0,0
1000,221,5,25000.0,22,0,0
1000,222,4,19000.0,15,0,0
1000,225,2,17000.0,10,0,0
1000,227,2,17000.0,10,0,0
1000,230,5,25000.0,21,0,0
1000,233,2,19500.0,10,1,1
1000,235,4,25000.0,24,0,0
1000,238,2,19000.0,12,0,0
1000,241,2,20000.0,10,0,0
1000,242,2,19000.0,12,0,0
1000,243,2,19000.0,9,0,0
1000,245,2,19000.0,10,0,0
1000,247,3,19500.0,18,0,0
1000,251,2,20000.0,10,0,0
1000,252,2,20500.0,10,0,0
1000,257,2,20000.0,9,0,0
1000,258,2,20500.0,9,0,0
1000,259,2,20000.0,8,0,0
1000,260,5,25000.0,21,1,1
1000,261,2,20000.0,9,0,0
1000,263,4,21500.0,19,0,0
1000,266,2,20500.0,11,0,0
1000,267,2,24000.0,11,0,0
1000,268,2,20500.0,9,0,0
1000,269,2,22000.0,9,0,0
1000,270,2,20500.0,9,0,0
1000,273,2,21500.0,9,0,0
1000,274,2,21000.0,9,0,0
1000,275,2,22000.0,10,0,0
1000,277,2,22000.0,10,0,0
1000,280,2,21500.0,10,0,0
1000,282,2,21500.0,9,0,0
1000,284,5,25000.0,23,0,0
1000,286,5,25000.0,21,0,0
1000,287,2,22500.0,9,0,0
1000,288,2,23500.0,9,0,0
1000,289,2,23500.0,12,0,0
1000,291,5,23000.0,24,0,0
1000,294,5,25000.0,21,0,0
1000,295,4,25000.0,26,0,0
1000,296,2,25000.0,12,0,0
1000,298,5,25000.0,32,0,0
1000,299,2,25000.0,11,0,0
1000,303,5,25000.0,22,0,0
1000,304,5,25000.0,33,0,0
1000,305,4,25000.0,23,0,0
1000,307,2,25000.0,9,0,0
1000,310,2,25000.0,10,0,0
1000,2,5,25000.0,44,2,2
1000,3,4,13500.0,38,2,2
1000,4,2,4500.0,14,2,2
1000,12,4,7000.0,35,3,3
1000,24,3,19000.0,26,2,2
1000,25,5,25000.0,39,3,3
1000,29,6,25000.0,44,2,2
1000,46,2,4000.0,15,1,1
1000,52,5,12500.0,36,2,2
1000,58,2,5000.0,12,0,0
1000,59,4,25000.0,33,2,2
1000,61,2,1000.0,5,0,0
1000,63,2,1500.0,6,0,0
1000,64,5,25000.0,33,0,0
1000,65,4,2000.0,10,0,0
1000,71,4,25000.0,36,2,2
1000,73,4,25000.0,29,2,2
1000,75,2,3500.0,15,1,1
1000,80,2,1500.0,6,1,1
1000,82,2,1500.0,4,1,1
1000,85,4,12000.0,48,3,3
1000,88,2,1500.0,3,0,0
1000,89,2,6500.0,19,2,2
1000,90,2,1500.0,9,1,1
1000,92,2,1000.0,2,0,0
1000,94,2,1000.0,3,0,0
1000,96,2,1000.0,3,0,0
1000,97,2,1500.0,8,0,0
1000,99,2,4000.0,9,0,0
1000,100,2,4000.0,11,0,0
1000,101,2,2000.0,4,0,0
1000,102,2,5000.0,9,0,0
1000,105,2,2000.0,7,0,0
1000,106,5,25000.0,30,1,1
1000,107,4,25000.0,16,0,0
1000,108,2,3500.0,6,0,0
1000,109,2,6500.0,10,0,0
1000,110,2,3500.0,10,0,0
1000,111,2,3500.0,7,0,0
1000,113,5,25000.0,28,2,2
1000,114,2,6000.0,13,0,0
1000,118,2,5000.0,9,0,0
1000,119,2,5000.0,9,0,0
1000,120,2,6000.0,10,0,0
1000,122,2,4500.0,9,1,1
1000,123,2,6000.0,9,0,0
1000,124,2,8000.0,10,0,0
1000,125,2,6000.0,12,0,0
1000,126,2,7500.0,10,0,0
1000,128,5,25000.0,20,0,0
1000,129,3,5500.0,17,0,0
1000,130,2,6000.0,10,1,1
1000,133,2,5000.0,8,0,0
1000,135,4,25000.0,27,3,3
1000,136,2,6000.0,10,0,0
1000,138,2,12000.0,10,0,0
1000,142,2,8500.0,9,0,0
1000,143,2,7000.0,9,0,0
1000,145,2,6500.0,9,0,0
1000,146,5,16500.0,21,0,0
1000,147,5,25000.0,22,0,0
1000,148,5,25000.0,31,1,1
1000,149,3,7000.0,14,0,0
1000,153,2,14500.0,9,0,0
1000,154,5,8000.0,22,0,0
1000,155,4,10000.0,15,1,1
1000,157,2,10500.0,9,0,0
1000,159,3,9500.0,14,0,0
1000,160,2,8500.0,7,0,0
1000,166,2,8500.0,10,0,0
1000,169,5,14000.0,21,0,0
1000,172,2,11000.0,10,0,0
1000,173,2,14000.0,10,0,0
1000,178,2,13500.0,9,0,0
1000,179,3,14000.0,14,0,0
1000,180,2,11500.0,9,0,0
1000,182,3,13500.0,16,0,0
1000,183,3,13000.0,17,0,0
1000,184,2,15000.0,9,0,0
1000,186,2,12500.0,9,0,0
1000,187,2,15000.0,10,0,0
1000,188,2,12500.0,6,0,0
1000,190,2,16500.0,10,0,0
1000,191,2,14000.0,9,0,0
1000,192,2,12500.0,10,0,0
1000,194,3,25000.0,16,0,0
1000,195,5,25000.0,23,0,0
1000,197,2,16000.0,9,0,0
1000,199,2,15000.0,9,0,0
1000,201,2,16000.0,11,0,0
1000,202,2,17500.0,9,0,0
1000,203,2,16000.0,9,0,0
1000,204,2,16500.0,9,0,0
1000,205,2,16500.0,9,0,0
1000,207,2,16500.0,8,0,0
1000,208,2,18000.0,9,0,0
1000,209,2,16000.0,10,0,0
1000,212,2,17500.0,10,0,0
1000,214,4,25000.0,17,0,0
1000,215,3,17000.0,16,0,0
1000,216,2,17500.0,10,0,0
1000,217,5,21500.0,23,0,0
1000,218,2,18000.0,10,0,0
1000,219,2,18500.0,9,0,0
1000,220,2,17500.0,10,0,0
1000,221,5,25000.0,26,0,0
1000,222,2,18000.0,10,0,0
1000,223,2,18500.0,9,0,0
1000,224,2,19500.0,8,0,0
1000,225,2,19000.0,9,0,0
1000,226,2,18000.0,10,0,0
1000,228,4,25000.0,18,0,0
1000,234,2,19000.0,10,0,0
1000,236,2,21000.0,9,0,0
1000,238,2,18500.0,9,0,0
1000,239,4,25000.0,18,0,0
1000,240,5,25000.0,21,0,0
1000,242,4,21000.0,21,0,0
1000,245,4,25000.0,16,0,0
1000,246,5,25000.0,30,0,0
1000,247,2,21500.0,10,0,0
1000,250,3,25000.0,17,0,0
1000,251,3,25000.0,11,0,0
1000,252,3,23500.0,18,0,0
1000,255,5,23000.0,21,0,0
1000,261,5,23500.0,32,0,0
1000,262,5,25000.0,21,0,0
1000,263,2,23500.0,10,0,0
1000,264,2,25000.0,10,0,0
1000,266,2,24500.0,9,0,0
1000,267,2,24500.0,9,0,0
1000,270,2,25000.0,9,0,0
1000,271,2,25000.0,9,0,0
1000,274,2,25000.0,9,0,0
1000,0,3,9000.0,24,3,3
1000,2,5,25000.0,42,2,2
1000,23,5,25000.0,35,0,0
1000,24,5,25000.0,47,4,4
1000,25,5,25000.0,35,1,1
1000,33,5,25000.0,36,2,2
1000,42,5,25000.0,47,2,2
1000,45,5,16500.0,44,1,1
1000,46,5,25000.0,39,3,3
1000,54,5,25000.0,42,2,2
1000,55,4,1000.0,7,0,0
1000,57,4,25000.0,29,0,0
1000,60,2,13000.0,20,2,2
1000,71,2,16000.0,13,1,1
1000,72,2,3500.0,12,0,0
1000,77,3,11000.0,19,0,0
1000,78,5,25000.0,46,2,2
1000,80,2,1500.0,5,1,1
1000,82,2,1000.0,1,0,0
1000,84,2,1000.0,3,0,0
1000,85,2,1500.0,3,0,0
1000,88,2,4000.0,18,1,1
1000,89,4,10000.0,24,1,1
1000,92,3,1500.0,8,0,0
1000,93,5,1500.0,8,0,0
1000,95,2,1500.0,2,0,0
1000,96,2,1500.0,4,1,1
1000,98,2,4500.0,11,1,1
1000,100,5,25000.0,25,2,2
1000,101,4,5000.0,25,2,2
1000,102,2,12500.0,20,2,2
1000,105,2,2000.0,9,0,0
1000,106,3,5000.0,14,0,0
1000,107,2,2500.0,8,0,0
1000,108,2,2500.0,5,0,0
1000,109,2,3500.0,8,0,0
1000,110,2,2500.0,6,0,0
1000,111,2,4500.0,9,0,0
1000,114,2,3500.0,8,0,0
1000,115,2,3500.0,3,0,0
1000,116,2,4000.0,10,0,0
1000,117,2,4000.0,8,0,0
1000,119,5,25000.0,25,2,2
1000,120,5,25000.0,21,3,3
1000,121,3,6000.0,17,0,0
1000,123,2,4000.0,5,0,0
1000,124,2,7000.0,11,0,0
1000,125,5,25000.0,22,2,2
1000,126,2,5000.0,8,0,0
1000,127,2,6000.0,11,0,0
1000,128,5,25000.0,22,1,1
1000,130,2,5500.0,8,0,0
1000,132,2,6000.0,9,0,0
1000,133,2,6500.0,9,0,0
1000,135,3,6500.0,16,0,0
1000,136,4,25000.0,23,0,0
1000,137,4,25000.0,17,0,0
1000,138,2,8500.0,10,0,0
1000,139,2,6500.0,10,0,0
1000,140,2,6500.0,10,0,0
1000,142,2,8500.0,11,0,0
1000,143,2,7000.0,9,0,0
1000,146,2,8500.0,10,0,0
1000,147,2,9000.0,11,0,0
1000,149,2,7000.0,9,0,0
1000,150,5,25000.0,31,1,1
1000,154,2,8000.0,10,0,0
1000,155,2,8000.0,11,0,0
1000,156,2,7000.0,10,0,0
1000,157,2,7500.0,11,0,0
1000,159,2,8500.0,9,0,0
1000,160,2,8000.0,9,0,0
1000,161,4,25000.0,19,0,0
1000,164,2,9000.0,8,0,0
1000,166,2,10500.0,10,0,0
1000,167,2,9500.0,10,0,0
1000,173,2,9500.0,10,0,0
1000,174,2,11000.0,9,0,0
1000,175,3,10000.0,14,0,0
1000,177,2,10500.0,9,0,0
1000,182,2,10000.0,9,0,0
1000,183,2,10000.0,8,0,0
1000,185,5,25000.0,20,0,0
1000,186,2,13000.0,10,0,0
1000,187,5,25000.0,20,0,0
1000,188,4,25000.0,18,0,0
1000,190,2,11000.0,9,0,0
1000,191,2,11500.0,11,0,0
1000,192,2,12000.0,10,0,0
1000,193,2,11000.0,9,0,0
1000,194,2,11500.0,9,0,0
1000,197,2,11500.0,9,0,0
1000,199,2,15000.0,10,0,0
1000,200,2,12000.0,11,0,0
1000,202,2,13500.0,10,0,0
1000,203,2,12000.0,13,0,0
1000,204,2,11500.0,9,0,0
1000,207,2,12000.0,11,0,0
1000,209,4,25000.0,24,0,0
1000,211,2,12500.0,9,0,0
1000,214,4,12500.0,24,0,0
1000,215,4,13500.0,25,0,0
1000,216,2,12000.0,9,0,0
1000,218,2,12500.0,9,0,0
1000,219,2,12000.0,10,0,0
1000,220,2,12000.0,8,0,0
1000,221,2,13000.0,9,0,0
1000,222,4,25000.0,25,0,0
1000,223,5,13500.0,21,0,0
1000,224,2,14000.0,9,0,0
1000,225,2,12500.0,9,0,0
1000,227,5,25000.0,21,0,0
1000,230,2,13000.0,9,0,0
1000,234,2,14000.0,9,0,0
1000,236,2,13500.0,9,0,0
1000,239,2,15000.0,9,0,0
1000,241,2,14500.0,10,0,0
1000,242,2,15000.0,9,0,0
1000,243,2,14000.0,10,0,0
1000,244,2,13500.0,9,0,0
1000,247,5,17000.0,21,0,0
1000,248,2,15000.0,9,0,0
1000,250,2,14500.0,9,0,0
1000,252,2,14500.0,12,0,0
1000,253,2,14500.0,12,0,0
1000,254,2,14000.0,9,0,0
1000,255,2,14000.0,12,0,0
1000,257,2,14500.0,9,0,0
1000,259,5,25000.0,21,0,0
1000,265,4,15000.0,18,0,0
1000,266,5,25000.0,26,0,0
1000,269,2,15500.0,10,0,0
1000,273,2,15000.0,10,0,0
1000,275,4,19000.0,18,0,0
1000,277,2,17500.0,9,0,0
1000,282,2,18500.0,11,0,0
1000,284,2,16500.0,11,0,0
1000,285,5,25000.0,21,0,0
1000,286,4,25000.0,24,0,0
1000,287,2,16500.0,10,1,1
1000,288,2,16500.0,11,0,0
1000,289,2,16500.0,10,0,0
1000,292,2,19000.0,9,0,0
1000,293,5,18500.0,21,0,0
1000,295,2,17500.0,10,0,0
1000,296,2,17000.0,11,0,0
1000,298,2,17000.0,9,0,0
1000,302,2,16500.0,10,0,0
1000,303,2,17500.0,9,0,0
1000,305,2,17000.0,9,0,0
1000,307,2,17000.0,9,0,0
1000,310,2,18000.0,10,0,0
1000,313,3,20000.0,15,0,0
1000,314,3,22000.0,17,0,0
1000,315,2,18000.0,12,0,0
1000,316,2,18000.0,11,0,0
1000,319,3,19500.0,17,0,0
1000,322,2,18500.0,11,0,0
1000,324,2,19500.0,12,0,0
1000,325,2,20000.0,10,0,0
1000,327,2,19000.0,9,0,0
1000,329,4,21000.0,19,0,0
1000,330,5,25000.0,21,0,0
1000,331,2,19500.0,11,0,0
1000,332,2,20000.0,11,0,0
1000,333,2,20500.0,9,0,0
1000,335,2,20500.0,10,0,0
1000,338,2,20500.0,11,0,0
1000,340,4,25000.0,26,0,0
1000,341,2,21000.0,9,0,0
1000,345,2,22000.0,10,0,0
1000,346,2,22000.0,10,0,0
1000,349,5,22000.0,22,0,0
1000,351,2,24000.0,11,0,0
1000,354,2,22000.0,10,0,0
1000,355,2,25000.0,12,0,0
1000,358,2,22500.0,10,0,0
1000,361,5,25000.0,23,0,0
1000,366,3,25000.0,17,0,0
1000,367,3,25000.0,18,0,0
1000,368,2,24500.0,10,0,0
1000,377,2,25000.0,12,0,0
1000,379,2,25000.0,10,0,0
1000,381,5,25000.0,31,0,0
1000,382,2,25000.0,11,0,0
1000,384,2,25000.0,12,0,0
1000,385,2,25000.0,12,0,0
1000,0,4,25000.0,32,3,3
1000,5,4,20500.0,29,0,0
1000,11,5,25000.0,60,3,3
1000,12,4,25000.0,32,2,2
1000,31,5,25000.0,62,6,6
1000,42,5,11000.0,40,1,1
1000,43,4,25000.0,34,3,3
1000,49,4,25000.0,33,1,1
1000,50,4,25000.0,37,1,1
1000,59,2,1000.0,2,0,0
1000,64,4,1500.0,12,0,0
1000,65,4,25000.0,34,1,1
1000,78,2,2500.0,7,1,1
1000,81,2,1500.0,3,0,0
1000,84,2,2000.0,6,1,1
1000,85,2,2000.0,8,1,1
1000,87,2,4000.0,9,0,0
1000,88,2,2000.0,10,0,0
1000,90,5,1000.0,8,0,0
1000,91,3,1000.0,3,0,0
1000,92,2,9500.0,17,1,1
1000,94,5,23000.0,43,3,3
1000,95,2,2000.0,3,1,1
1000,96,2,4500.0,10,0,0
1000,98,2,4000.0,12,2,2
1000,100,5,25000.0,22,1,1
1000,101,5,25000.0,41,1,1
1000,102,3,9000.0,17,0,0
1000,103,2,3000.0,10,0,0
1000,104,2,8500.0,12,0,0
1000,105,2,3000.0,6,0,0
1000,106,2,3000.0,7,0,0
1000,108,2,5500.0,15,2,2
1000,111,4,4000.0,8,0,0
1000,112,5,25000.0,25,4,4
1000,115,3,7000.0,18,0,0
1000,116,6,5000.0,14,0,0
1000,117,2,5000.0,5,0,0
1000,118,2,7000.0,22,2,2
1000,119,2,5500.0,7,0,0
1000,123,2,5000.0,6,0,0
1000,125,2,5000.0,9,0,0
1000,126,5,25000.0,21,0,0
1000,127,2,6000.0,9,0,0
1000,129,2,6500.0,9,0,0
1000,130,2,5500.0,7,0,0
1000,133,4,6000.0,11,0,0
1000,134,2,9000.0,9,0,0
1000,135,2,7000.0,8,0,0
1000,137,5,25000.0,23,3,3
1000,139,2,8000.0,9,0,0
1000,140,2,9500.0,10,0,0
1000,141,2,7500.0,7,0,0
1000,142,2,8000.0,10,0,0
1000,145,2,7500.0,9,0,0
1000,147,2,9000.0,10,0,0
1000,148,2,8000.0,9,0,0
1000,149,2,8000.0,9,0,0
1000,151,2,8000.0,9,0,0
1000,153,2,10500.0,9,0,0
1000,154,5,25000.0,25,1,1
1000,155,2,8500.0,9,0,0
1000,157,2,8500.0,9,0,0
1000,159,2,9000.0,10,0,0
1000,164,5,25000.0,23,0,0
1000,165,3,12000.0,18,0,0
1000,166,2,10000.0,9,0,0
1000,167,2,10000.0,9,0,0
1000,173,2,10500.0,9,0,0
1000,174,2,11500.0,6,0,0
1000,175,2,17000.0,9,0,0
1000,176,5,25000.0,20,0,0
1000,177,2,12500.0,10,0,0
1000,178,2,12500.0,9,0,0
1000,179,2,12000.0,9,0,0
1000,182,5,15000.0,21,0,0
1000,183,2,13500.0,12,0,0
1000,186,2,12500.0,8,0,0
1000,187,4,22000.0,29,1,1
1000,188,2,14500.0,10,0,0
1000,194,5,25000.0,22,1,1
1000,199,2,15500.0,10,0,0
1000,200,2,15500.0,9,0,0
1000,202,2,15000.0,9,0,0
1000,203,4,16500.0,16,0,0
1000,205,2,17000.0,11,0,0
1000,208,5,17000.0,24,0,0
1000,209,3,16000.0,18,0,0
1000,212,2,17000.0,9,0,0
1000,213,4,17000.0,25,0,0
1000,214,2,17500.0,10,0,0
1000,215,2,17500.0,9,0,0
1000,217,2,18000.0,9,0,0
1000,218,2,17500.0,9,0,0
1000,219,2,21000.0,10,0,0
1000,220,2,17500.0,9,0,0
1000,221,2,19500.0,9,0,0
1000,222,5,25000.0,20,0,0
1000,223,5,25000.0,25,0,0
1000,225,2,18000.0,10,0,0
1000,228,2,18000.0,9,0,0
1000,229,4,18500.0,16,0,0
1000,230,2,19500.0,9,0,0
1000,233,2,20500.0,10,0,0
1000,236,2,21500.0,10,0,0
1000,237,2,20500.0,10,0,0
1000,241,3,23000.0,17,0,0
1000,244,2,20500.0,10,0,0
1000,245,2,20500.0,9,0,0
1000,246,5,25000.0,20,0,0
1000,249,2,25000.0,9,0,0
1000,250,2,24000.0,9,0,0
1000,251,2,25000.0,9,0,0
1000,252,3,22500.0,18,0,0
1000,254,2,24000.0,9,0,0
1000,255,2,23000.0,10,0,0
1000,256,2,22500.0,9,0,0
1000,257,2,22500.0,9,0,0
1000,259,5,25000.0,33,0,0
1000,261,2,24500.0,10,0,0
1000,262,2,23000.0,11,0,0
1000,268,2,23000.0,10,0,0
1000,269,2,24000.0,11,0,0
1000,270,2,23500.0,11,0,0
1000,273,2,25000.0,11,0,0
1000,276,5,25000.0,20,0,0
1000,277,5,25000.0,21,0,0
1000,278,2,24500.0,11,0,0
1000,279,2,24500.0,9,0,0
1000,280,3,24500.0,18,0,0
1000,281,2,25000.0,9,0,0
1000,0,3,1500.0,1,0,0
1000,3,5,25000.0,45,5,5
1000,9,5,15500.0,42,2,2
1000,18,2,10000.0,13,0,0
1000,25,3,17000.0,25,1,1
1000,29,2,3000.0,9,0,0
1000,46,5,25000.0,48,2,2
1000,47,3,2500.0,11,0,0
1000,55,4,4500.0,24,0,0
1000,56,5,25000.0,54,3,3
1000,60,2,2500.0,8,1,1
1000,63,3,22000.0,20,0,0
1000,65,5,25000.0,39,2,2
1000,66,2,1000.0,1,0,0
1000,73,4,25000.0,34,1,1
1000,76,2,3000.0,7,0,0
1000,80,2,1500.0,3,0,0
1000,86,2,5500.0,18,2,2
1000,88,3,3500.0,13,0,0
1000,89,4,25000.0,27,2,2
1000,90,3,4500.0,13,1,1
1000,92,2,2500.0,6,0,0
1000,93,5,17000.0,33,7,7
1000,96,5,25000.0,30,2,2
1000,98,3,11000.0,29,3,3
1000,99,5,25000.0,17,0,0
1000,100,5,25000.0,27,3,3
1000,101,2,5000.0,9,0,0
1000,104,5,25000.0,24,0,0
1000,107,2,5500.0,9,0,0
1000,108,5,25000.0,22,1,1
1000,109,3,5500.0,9,0,0
1000,110,4,5500.0,4,0,0
1000,111,2,5500.0,7,1,1
1000,113,2,6000.0,6,0,0
1000,115,2,6500.0,9,0,0
1000,116,2,6500.0,9,0,0
1000,119,2,7500.0,9,1,1
1000,120,2,20000.0,9,0,0
1000,121,2,6500.0,10,0,0
1000,123,2,7500.0,12,1,1
1000,124,2,9500.0,14,0,0
1000,126,2,9500.0,9,0,0
1000,127,2,7000.0,8,0,0
1000,129,2,8500.0,11,0,0
1000,130,2,7000.0,3,0,0
1000,134,2,9000.0,9,0,0
1000,135,2,7500.0,9,0,0
1000,137,2,7000.0,3,0,0
1000,138,4,25000.0,24,0,0
1000,139,5,25000.0,25,2,2
1000,141,2,8500.0,10,0,0
1000,142,2,10000.0,12,0,0
1000,144,2,8500.0,12,0,0
1000,145,2,9000.0,8,0,0
1000,146,2,8500.0,8,0,0
1000,149,3,9500.0,16,0,0
1000,150,2,9500.0,10,0,0
1000,159,2,13500.0,15,1,1
1000,160,2,11000.0,9,0,0
1000,161,2,11000.0,9,0,0
1000,163,2,12500.0,11,0,0
1000,164,4,16000.0,19,0,0
1000,167,2,12000.0,8,0,0
1000,169,3,25000.0,14,0,0
1000,170,5,25000.0,21,0,0
1000,171,4,13000.0,16,0,0
1000,176,2,13500.0,12,0,0
1000,178,2,17000.0,9,0,0
1000,179,5,25000.0,22,0,0
1000,180,2,13000.0,9,0,0
1000,186,2,15500.0,10,0,0
1000,187,2,13500.0,9,0,0
1000,188,2,13000.0,9,0,0
1000,190,4,14000.0,20,0,0
1000,191,2,14000.0,9,0,0
1000,193,2,14000.0,9,0,0
1000,195,5,25000.0,17,0,0
1000,196,3,14000.0,17,0,0
1000,197,5,25000.0,23,1,1
1000,198,2,15000.0,9,0,0
1000,199,2,14500.0,9,0,0
1000,200,2,15500.0,8,0,0
1000,204,5,16500.0,21,0,0
1000,205,5,25000.0,22,0,0
1000,208,4,17500.0,18,0,0
1000,209,4,25000.0,21,1,1
1000,210,2,16000.0,11,0,0
1000,211,2,15500.0,10,0,0
1000,212,2,20000.0,9,0,0
1000,213,2,19500.0,9,0,0
1000,214,2,16000.0,10,0,0
1000,215,2,16000.0,9,0,0
1000,216,4,19500.0,21,0,0
1000,217,2,17500.0,9,0,0
1000,219,2,17500.0,9,0,0
1000,221,2,20000.0,9,0,0
1000,223,2,17500.0,9,0,0
1000,225,2,18000.0,10,0,0
1000,226,2,19000.0,10,0,0
1000,230,2,18500.0,9,0,0
1000,231,2,19500.0,9,0,0
1000,232,5,22500.0,21,0,0
1000,233,3,21000.0,18,0,0
1000,234,3,19500.0,18,0,0
1000,237,2,21000.0,10,0,0
1000,242,5,25000.0,23,0,0
1000,244,2,22000.0,9,0,0
1000,246,5,25000.0,18,0,0
1000,247,5,25000.0,35,0,0
1000,248,3,20000.0,16,0,0
1000,249,5,25000.0,23,0,0
1000,250,2,22500.0,10,0,0
1000,254,5,22000.0,22,0,0
1000,255,5,25000.0,21,0,0
1000,256,3,20500.0,14,0,0
1000,257,4,20500.0,25,0,0
1000,258,2,20500.0,9,0,0
1000,259,5,21000.0,23,0,0
1000,260,2,21000.0,9,0,0
1000,262,2,22500.0,10,0,0
1000,263,2,21000.0,9,0,0
1000,264,2,22000.0,10,0,0
1000,265,2,22000.0,12,0,0
1000,267,2,22500.0,10,0,0
1000,268,5,22000.0,24,0,0
1000,269,4,22500.0,25,0,0
1000,270,3,24500.0,18,0,0
1000,271,2,22000.0,11,0,0
1000,273,2,21500.0,8,0,0
1000,274,2,21500.0,11,0,0
1000,275,5,25000.0,21,0,0
1000,276,4,25000.0,20,0,0
1000,277,2,24500.0,10,0,0
1000,278,5,25000.0,20,0,0
1000,286,2,25000.0,9,0,0
1000,289,4,25000.0,17,0,0
1000,291,2,24000.0,11,0,0
1000,292,3,25000.0,10,0,0
1000,293,5,25000.0,22,0,0
1000,301,5,25000.0,22,0,0
1000,302,5,25000.0,21,0,0
1000,304,2,25000.0,9,0,0
1000,0,5,25000.0,42,3,3
1000,14,4,5500.0,30,1,1
1000,15,4,25000.0,42,2,2
1000,28,2,4000.0,13,0,0
1000,43,5,22000.0,36,2,2
1000,44,3,22500.0,26,2,2
1000,47,2,3000.0,7,1,1
1000,58,5,25000.0,38,0,0
1000,59,3,6500.0,20,0,0
1000,60,4,25000.0,30,1,1
1000,66,4,23000.0,40,1,1
1000,67,4,2500.0,14,0,0
1000,70,4,9000.0,39,4,4
1000,79,2,2500.0,9,0,0
1000,81,5,25000.0,31,3,3
1000,82,2,1000.0,3,0,0
1000,83,2,1500.0,3,0,0
1000,84,2,1500.0,3,0,0
1000,86,3,3000.0,9,1,1
1000,88,2,2000.0,6,2,2
1000,90,4,25000.0,34,3,3
1000,95,2,2500.0,6,0,0
1000,96,2,2000.0,2,0,0
1000,98,2,2500.0,8,0,0
1000,99,2,2000.0,1,0,0
1000,100,2,2000.0,6,1,1
1000,103,2,4000.0,9,1,1
1000,105,5,2500.0,13,0,0
1000,106,5,25000.0,32,5,5
1000,108,4,3500.0,11,0,0
1000,109,4,20000.0,41,4,4
1000,110,2,3000.0,8,0,0
1000,111,5,25000.0,28,1,1
1000,112,5,25000.0,29,2,2
1000,113,5,25000.0,24,2,2
1000,114,3,18500.0,17,0,0
1000,116,2,4000.0,5,0,0
1000,117,4,25000.0,24,2,2
1000,118,2,5000.0,10,0,0
1000,119,2,5500.0,10,0,0
1000,121,2,5000.0,9,0,0
1000,124,2,11500.0,10,0,0
1000,125,2,5500.0,9,0,0
1000,128,2,6500.0,8,0,0
1000,129,3,7500.0,11,0,0
1000,130,2,6000.0,9,0,0
1000,132,2,6000.0,9,0,0
1000,133,4,22000.0,28,1,1
1000,134,2,6500.0,6,0,0
1000,135,2,8500.0,10,0,0
1000,139,2,7500.0,9,0,0
1000,140,2,7000.0,10,0,0
1000,143,2,7000.0,6,1,1
1000,144,5,25000.0,31,0,0
1000,145,2,7500.0,5,0,0
1000,146,2,7500.0,7,0,0
1000,147,2,7500.0,5,0,0
1000,148,2,8000.0,8,0,0
1000,150,2,15500.0,9,0,0
1000,151,2,8500.0,10,0,0
1000,152,2,8000.0,9,0,0
1000,153,2,8500.0,9,0,0
1000,154,2,8000.0,9,0,0
1000,156,2,8000.0,9,0,0
1000,158,4,25000.0,19,0,0
1000,162,2,9000.0,9,0,0
1000,163,2,9500.0,9,0,0
1000,164,2,9000.0,10,0,0
1000,165,3,12500.0,18,0,0
1000,166,2,10500.0,10,0,0
1000,167,2,13000.0,9,0,0
1000,169,2,11000.0,10,0,0
1000,170,2,9500.0,10,0,0
1000,172,2,10000.0,10,0,0
1000,174,3,11000.0,10,0,0
1000,175,5,25000.0,21,0,0
1000,176,2,12500.0,10,0,0
1000,179,2,24000.0,11,0,0
1000,180,2,14500.0,10,0,0
1000,182,2,12500.0,9,0,0
1000,184,2,13000.0,12,0,0
1000,185,2,13000.0,8,0,0
1000,186,5,13500.0,21,0,0
1000,187,3,14000.0,18,0,0
1000,189,2,14000.0,11,0,0
1000,192,2,13500.0,7,0,0
1000,194,2,13500.0,8,0,0
1000,195,4,15000.0,23,0,0
1000,196,5,25000.0,20,0,0
1000,198,2,14500.0,8,0,0
1000,199,2,15000.0,9,0,0
1000,203,2,15500.0,9,0,0
1000,205,3,25000.0,13,1,1
1000,208,5,25000.0,19,0,0
1000,209,6,25000.0,27,0,0
1000,210,3,17500.0,14,0,0
1000,213,4,18000.0,17,0,0
1000,216,2,17000.0,9,0,0
1000,217,2,25000.0,10,0,0
1000,218,2,17000.0,12,0,0
1000,220,2,18000.0,10,0,0
1000,222,2,19500.0,11,0,0
1000,225,2,17500.0,9,0,0
1000,226,2,18500.0,9,0,0
1000,227,3,17500.0,18,0,0
1000,229,2,19000.0,11,0,0
1000,230,2,18000.0,9,0,0
1000,231,2,17500.0,9,0,0
1000,233,2,17500.0,9,0,0
1000,236,2,19500.0,9,0,0
1000,237,2,18000.0,9,0,0
1000,239,2,19500.0,9,0,0
1000,240,2,19000.0,9,0,0
1000,241,2,18500.0,9,0,0
1000,243,2,20500.0,10,0,0
1000,244,2,18000.0,9,0,0
1000,245,3,25000.0,20,1,1
1000,246,4,25000.0,21,0,0
1000,247,2,25000.0,10,0,0
1000,249,2,19000.0,10,0,0
1000,251,2,20500.0,12,0,0
1000,252,2,21000.0,10,0,0
1000,253,2,18500.0,10,0,0
1000,254,3,20000.0,14,0,0
1000,256,2,20500.0,9,0,0
1000,257,2,19500.0,9,0,0
1000,258,2,19500.0,9,0,0
1000,260,2,21000.0,9,0,0
1000,262,4,24000.0,25,0,0
1000,263,5,21000.0,31,0,0
1000,264,2,22000.0,11,0,0
1000,266,2,21500.0,11,0,0
1000,272,2,23500.0,9,0,0
1000,273,3,22500.0,18,0,0
1000,274,5,24500.0,19,0,0
1000,276,2,24500.0,10,0,0
1000,278,2,24000.0,10,0,0
1000,281,2,22000.0,9,0,0
1000,282,2,22000.0,9,0,0
1000,284,2,23000.0,8,0,0
1000,285,2,23000.0,8,0,0
1000,286,2,22000.0,12,0,0
1000,289,4,25000.0,19,0,0
1000,290,3,25000.0,18,0,0
1000,292,2,24000.0,11,0,0
1000,294,2,24000.0,10,0,0
1000,297,2,23000.0,9,0,0
1000,300,2,23000.0,9,0,0
1000,301,2,23500.0,11,0,0
1000,303,2,23500.0,11,0,0
1000,304,5,24500.0,22,0,0
1000,305,8,25000.0,42,0,0
1000,307,2,25000.0,10,0,0
1000,309,2,24500.0,13,0,0
1000,311,2,24500.0,12,0,0
1000,313,3,25000.0,18,0,0
1000,315,5,25000.0,21,0,0
2500,0,5,25000.0,66,11,11
2500,16,2,1500.0,3,0,0
2500,29,5,25000.0,48,4,4
2500,30,3,17500.0,38,3,3
2500,44,5,25000.0,65,7,7
2500,45,3,13500.0,42,5,5
2500,50,5,25000.0,53,6,6
2500,67,2,1000.0,1,0,0
2500,74,5,25000.0,67,7,7
2500,75,5,25000.0,40,4,4
2500,80,2,2000.0,6,1,1
2500,83,2,1500.0,1,0,0
2500,90,2,4500.0,10,0,0
2500,91,5,25000.0,74,9,9
2500,92,2,1500.0,5,0,0
2500,112,2,1000.0,4,0,0
2500,114,5,25000.0,42,4,4
2500,115,2,1500.0,2,0,0
2500,116,2,8000.0,11,1,1
2500,118,5,25000.0,50,4,4
2500,119,2,2500.0,1,0,0
2500,121,2,3000.0,3,0,0
2500,122,2,2500.0,1,0,0
2500,124,2,3000.0,5,0,0
2500,125,2,4000.0,6,1,1
2500,126,2,4000.0,7,1,1
2500,128,2,4000.0,8,0,0
2500,129,2,3500.0,1,1,1
2500,131,2,3000.0,3,0,0
2500,132,2,4000.0,5,2,2
2500,135,2,4000.0,2,0,0
2500,136,2,3500.0,3,0,0
2500,138,3,4000.0,2,0,0
2500,139,2,12500.0,20,2,2
2500,143,5,5500.0,14,2,2
2500,144,2,7000.0,2,1,1
2500,146,2,4500.0,3,0,0
2500,148,2,4500.0,8,1,1
2500,152,2,4500.0,5,0,0
2500,154,5,25000.0,52,5,5
2500,155,5,25000.0,35,3,3
2500,156,5,25000.0,36,3,3
2500,157,4,25000.0,34,2,2
2500,158,2,8000.0,8,0,0
2500,160,2,6000.0,4,1,1
2500,161,2,5500.0,2,0,0
2500,162,2,6000.0,2,0,0
2500,165,2,8000.0,9,0,0
2500,168,2,7500.0,8,1,1
2500,172,5,25000.0,35,3,3
2500,174,2,9000.0,10,0,0
2500,178,2,9500.0,5,0,0
2500,180,2,9000.0,2,0,0
2500,181,2,12000.0,10,0,0
2500,187,5,10000.0,6,1,1
2500,188,5,25000.0,13,0,0
2500,189,3,10000.0,5,0,0
2500,194,5,25000.0,22,1,1
2500,195,3,11500.0,7,0,0
2500,196,3,13500.0,13,1,1
2500,197,3,14000.0,22,1,1
2500,198,2,12500.0,9,0,0
2500,199,2,13000.0,9,1,1
2500,200,2,16500.0,17,2,2
2500,201,2,11500.0,5,0,0
2500,204,2,12000.0,9,0,0
2500,206,2,11500.0,6,0,0
2500,208,4,25000.0,27,3,3
2500,212,5,22000.0,26,3,3
2500,214,2,12500.0,5,0,0
2500,215,2,12500.0,7,0,0
2500,217,2,13000.0,9,0,0
2500,219,2,12500.0,9,0,0
2500,221,2,14000.0,9,0,0
2500,222,2,18000.0,11,1,1
2500,223,2,13500.0,9,0,0
2500,227,2,13000.0,4,1,1
2500,228,2,15500.0,9,0,0
2500,230,2,15000.0,13,0,0
2500,232,4,25000.0,23,1,1
2500,236,2,13500.0,6,0,0
2500,238,2,14500.0,8,0,0
2500,240,2,14500.0,9,0,0
2500,241,2,14000.0,6,0,0
2500,244,2,15000.0,9,0,0
2500,245,5,25000.0,20,2,2
2500,246,5,25000.0,23,1,1
2500,250,2,15000.0,9,0,0
2500,254,2,16000.0,9,0,0
2500,256,2,16500.0,10,0,0
2500,257,4,25000.0,27,1,1
2500,258,2,16000.0,8,0,0
2500,259,2,16000.0,4,0,0
2500,261,2,18000.0,9,0,0
2500,262,2,16500.0,9,0,0
2500,264,3,16500.0,13,0,0
2500,265,2,17500.0,8,0,0
2500,266,2,17000.0,8,0,0
2500,267,2,17500.0,9,0,0
2500,268,2,17000.0,8,0,0
2500,269,2,18500.0,9,0,0
2500,270,2,17000.0,3,0,0
2500,271,2,19000.0,9,0,0
2500,273,2,17000.0,3,0,0
2500,274,2,17000.0,9,0,0
2500,276,2,18500.0,10,0,0
2500,277,5,25000.0,26,1,1
2500,278,4,23500.0,15,0,0
2500,279,2,20000.0,9,0,0
2500,281,2,19500.0,9,0,0
2500,283,2,18000.0,7,0,0
2500,284,2,18500.0,9,0,0
2500,286,2,18000.0,3,0,0
2500,288,5,21500.0,23,0,0
2500,289,5,25000.0,20,0,0
2500,290,2,18500.0,2,0,0
2500,291,2,18500.0,1,0,0
2500,293,2,19000.0,9,0,0
2500,294,5,25000.0,20,0,0
2500,295,2,20000.0,6,0,0
2500,296,2,20500.0,8,0,0
2500,298,2,21500.0,8,0,0
2500,299,2,20500.0,7,0,0
2500,304,5,25000.0,20,0,0
2500,309,2,23000.0,10,0,0
2500,311,2,24500.0,10,0,0
2500,313,2,23000.0,6,0,0
2500,316,2,23500.0,8,0,0
2500,317,5,25000.0,20,0,0
2500,318,5,25000.0,22,0,0
2500,320,5,25000.0,23,0,0
2500,321,2,24000.0,9,0,0
2500,322,2,23000.0,5,0,0
2500,323,2,23500.0,9,0,0
2500,324,2,24000.0,6,0,0
2500,325,2,25000.0,9,0,0
2500,327,2,25000.0,10,0,0
2500,328,2,25000.0,9,0,0
2500,329,2,25000.0,9,0,0
2500,330,2,24000.0,9,0,0
2500,331,2,24000.0,8,0,0
2500,333,4,25000.0,16,0,0
2500,334,2,25000.0,8,0,0
2500,335,2,25000.0,8,0,0
2500,337,2,25000.0,9,0,0
2500,0,5,25000.0,64,8,8
2500,10,5,18000.0,56,4,4
2500,19,5,25000.0,54,6,6
2500,28,5,25000.0,76,7,7
2500,29,2,1500.0,6,0,0
2500,34,4,25000.0,31,4,4
2500,40,5,9500.0,48,5,5
2500,41,5,25000.0,42,4,4
2500,42,5,11500.0,59,6,6
2500,44,4,25000.0,49,5,5
2500,45,2,4000.0,6,0,0
2500,51,3,1500.0,5,0,0
2500,61,2,1000.0,2,0,0
2500,64,2,1000.0,2,0,0
2500,65,4,6000.0,15,4,4
2500,66,3,21000.0,28,6,6
2500,69,2,1000.0,4,0,0
2500,73,2,5000.0,10,3,3
2500,80,2,2000.0,2,1,1
2500,82,2,3000.0,2,0,0
2500,83,2,4000.0,3,1,1
2500,85,2,2500.0,2,1,1
2500,86,2,2500.0,1,0,0
2500,87,2,3500.0,7,0,0
2500,89,2,3500.0,9,1,1
2500,91,2,4000.0,3,0,0
2500,93,2,2500.0,4,0,0
2500,94,2,4000.0,7,2,2
2500,96,2,3000.0,5,0,0
2500,97,2,3500.0,3,0,0
2500,99,2,3000.0,3,0,0
2500,100,2,3000.0,2,0,0
2500,101,2,3000.0,3,0,0
2500,103,2,4500.0,6,0,0
2500,105,2,5500.0,4,0,0
2500,106,3,3500.0,3,0,0
2500,107,3,3500.0,1,0,0
2500,111,3,7500.0,19,2,2
2500,112,2,7000.0,12,1,1
2500,113,4,7500.0,23,2,2
2500,114,4,25000.0,41,6,6
2500,115,2,4500.0,1,0,0
2500,116,2,4500.0,3,0,0
2500,117,2,4500.0,3,0,0
2500,118,2,5000.0,3,0,0
2500,123,2,5000.0,4,0,0
2500,124,2,5500.0,5,0,0
2500,125,2,5000.0,2,0,0
2500,126,2,5000.0,3,0,0
2500,127,2,7000.0,9,1,1
2500,129,2,5500.0,8,0,0
2500,130,2,7000.0,9,1,1
2500,133,2,6500.0,7,0,0
2500,134,2,6000.0,3,0,0
2500,138,5,25000.0,38,4,4
2500,139,4,25000.0,36,4,4
2500,140,3,6500.0,3,0,0
2500,141,3,8000.0,13,1,1
2500,143,4,25000.0,30,2,2
2500,144,3,19000.0,24,1,1
2500,145,5,25000.0,45,2,2
2500,146,4,25000.0,15,0,0
2500,148,2,8500.0,6,0,0
2500,150,2,9500.0,8,0,0
2500,153,5,11000.0,21,0,0
2500,154,3,12500.0,18,0,0
2500,156,3,10000.0,4,0,0
2500,157,2,10000.0,11,0,0
2500,160,2,10500.0,10,1,1
2500,161,2,10000.0,10,0,0
2500,162,2,10000.0,5,0,0
2500,166,2,11500.0,10,0,0
2500,167,2,11000.0,10,0,0
2500,169,3,25000.0,10,0,0
2500,170,2,13000.0,8,0,0
2500,171,2,11000.0,8,1,1
2500,172,2,11000.0,8,0,0
2500,174,2,11500.0,9,0,0
2500,175,2,14000.0,11,0,0
2500,176,2,13000.0,9,0,0
2500,179,2,15500.0,11,0,0
2500,180,2,12000.0,8,0,0
2500,181,4,25000.0,15,0,0
2500,182,3,12500.0,14,0,0
2500,184,2,12500.0,8,0,0
2500,186,2,12000.0,9,0,0
2500,187,2,14500.0,9,0,0
2500,188,5,25000.0,22,1,1
2500,189,2,16000.0,9,0,0
2500,190,2,14000.0,9,0,0
2500,191,5,25000.0,26,2,2
2500,192,4,14500.0,18,0,0
2500,198,5,25000.0,19,0,0
2500,199,5,14000.0,14,0,0
2500,201,2,16500.0,10,0,0
2500,202,2,15000.0,8,0,0
2500,204,5,25000.0,20,1,1
2500,205,2,16000.0,9,0,0
2500,206,2,17000.0,4,0,0
2500,207,2,19000.0,8,0,0
2500,209,5,25000.0,24,0,0
2500,211,2,17500.0,10,0,0
2500,212,2,18500.0,8,0,0
2500,216,2,19000.0,9,0,0
2500,217,2,17500.0,6,0,0
2500,218,2,17500.0,9,0,0
2500,219,2,19000.0,8,0,0
2500,221,2,17500.0,6,0,0
2500,222,2,18500.0,5,0,0
2500,223,2,25000.0,9,0,0
2500,224,2,23000.0,9,0,0
2500,226,3,19500.0,11,0,0
2500,227,2,18500.0,4,0,0
2500,229,2,19500.0,8,0,0
2500,231,2,18500.0,6,0,0
2500,232,2,20000.0,8,0,0
2500,234,2,19500.0,8,0,0
2500,235,2,19000.0,6,0,0
2500,236,4,25000.0,17,1,1
2500,237,5,25000.0,19,1,1
2500,238,2,20500.0,9,0,0
2500,241,2,21000.0,10,0,0
2500,242,2,20000.0,9,0,0
2500,245,5,25000.0,32,0,0
2500,249,5,25000.0,23,1,1
2500,250,4,25000.0,23,0,0
2500,251,2,22500.0,8,0,0
2500,252,2,21500.0,9,0,0
2500,253,2,25000.0,9,0,0
2500,254,2,23500.0,10,1,1
2500,256,2,23500.0,9,0,0
2500,257,5,25000.0,23,1,1
2500,259,2,24000.0,9,0,0
2500,260,2,24500.0,9,0,0
2500,261,2,23500.0,9,0,0
2500,262,5,25000.0,19,0,0
2500,263,5,25000.0,21,0,0
2500,264,2,24500.0,9,0,0
2500,266,3,24000.0,11,0,0
2500,267,2,25000.0,9,0,0
2500,270,2,25000.0,9,0,0
2500,271,2,25000.0,9,0,0
2500,273,5,25000.0,19,0,0
2500,276,2,25000.0,4,0,0
2500,2,4,3000.0,14,0,0
2500,4,2,6000.0,15,1,1
2500,8,5,25000.0,72,8,8
2500,29,5,19000.0,61,9,9
2500,30,5,25000.0,62,6,6
2500,31,5,25000.0,55,5,5
2500,32,5,15000.0,65,9,9
2500,36,5,23000.0,55,6,6
2500,37,3,25000.0,42,5,5
2500,38,3,3500.0,4,0,0
2500,40,5,25000.0,53,5,5
2500,44,2,2500.0,3,0,0
2500,51,4,12500.0,29,2,2
2500,58,4,25000.0,34,2,2
2500,59,2,1500.0,2,0,0
2500,73,3,2000.0,3,0,0
2500,74,4,1000.0,4,0,0
2500,75,5,25000.0,47,1,1
2500,77,3,1500.0,5,0,0
2500,80,3,3500.0,7,0,0
2500,81,2,2500.0,3,0,0
2500,82,2,3500.0,8,0,0
2500,83,2,2500.0,3,0,0
2500,84,2,2500.0,4,0,0
2500,86,2,1500.0,4,0,0
2500,89,5,2500.0,6,0,0
2500,90,2,2500.0,5,0,0
2500,91,2,2500.0,3,1,1
2500,92,2,8000.0,12,1,1
2500,93,3,3500.0,9,0,0
2500,98,3,6500.0,13,1,1
2500,99,2,4500.0,5,1,1
2500,102,2,3000.0,5,0,0
2500,103,4,18500.0,40,4,4
2500,104,2,3500.0,4,0,0
2500,107,2,6000.0,12,2,2
2500,108,2,6000.0,7,2,2
2500,109,2,4500.0,4,1,1
2500,117,2,5500.0,3,0,0
2500,118,5,10000.0,37,6,6
2500,119,5,25000.0,44,3,3
2500,124,5,25000.0,42,7,7
2500,125,2,5500.0,5,0,0
2500,129,2,5500.0,5,0,0
2500,131,2,5500.0,4,0,0
2500,132,2,6000.0,5,0,0
2500,135,5,8000.0,15,0,0
2500,136,5,8500.0,19,0,0
2500,139,2,13500.0,9,0,0
2500,142,3,13500.0,22,1,1
2500,147,2,10000.0,4,0,0
2500,148,2,10500.0,8,0,0
2500,149,2,10000.0,6,0,0
2500,153,2,12500.0,9,0,0
2500,157,2,12500.0,9,0,0
2500,159,2,10500.0,5,0,0
2500,162,2,14000.0,10,0,0
2500,163,2,13000.0,8,0,0
2500,164,5,25000.0,23,2,2
2500,165,2,11500.0,7,0,0
2500,170,2,13500.0,8,1,1
2500,172,2,12500.0,2,1,1
2500,173,2,14000.0,10,1,1
2500,177,2,13000.0,6,0,0
2500,178,5,20000.0,22,1,1
2500,179,5,25000.0,26,1,1
2500,180,3,16500.0,17,0,0
2500,181,3,14500.0,8,0,0
2500,182,3,25000.0,17,0,0
2500,186,2,16000.0,9,0,0
2500,188,2,14500.0,2,0,0
2500,189,2,16500.0,10,0,0
2500,191,2,16500.0,8,0,0
2500,192,5,25000.0,25,1,1
2500,193,4,25000.0,20,1,1
2500,194,2,15500.0,5,0,0
2500,198,2,15000.0,6,0,0
2500,199,2,17000.0,14,2,2
2500,202,5,18500.0,27,2,2
2500,205,2,17500.0,9,0,0
2500,206,2,18500.0,13,2,2
2500,207,2,15500.0,9,0,0
2500,209,2,15500.0,8,0,0
2500,210,2,16500.0,9,0,0
2500,211,3,17000.0,16,0,0
2500,212,3,17500.0,22,1,1
2500,213,2,16500.0,8,0,0
2500,214,2,18500.0,10,1,1
2500,216,2,17000.0,10,0,0
2500,217,2,21500.0,8,0,0
2500,218,2,16500.0,7,0,0
2500,220,2,19000.0,8,0,0
2500,223,2,22500.0,8,0,0
2500,224,5,25000.0,26,3,3
2500,225,4,16500.0,9,0,0
2500,227,2,17500.0,10,0,0
2500,228,3,22000.0,14,1,1
2500,230,2,17500.0,6,0,0
2500,234,2,24000.0,9,0,0
2500,235,2,18000.0,6,0,0
2500,236,4,25000.0,18,0,0
2500,237,2,18500.0,6,0,0
2500,238,2,19500.0,8,1,1
2500,241,2,19500.0,7,0,0
2500,242,2,19500.0,5,0,0
2500,244,2,19500.0,8,0,0
2500,245,2,20000.0,8,0,0
2500,246,5,25000.0,19,0,0
2500,247,2,20000.0,5,0,0
2500,249,2,22000.0,9,0,0
2500,250,2,20500.0,9,0,0
2500,252,2,21000.0,9,0,0
2500,253,5,25000.0,20,0,0
2500,255,2,21500.0,9,0,0
2500,256,2,22000.0,10,0,0
2500,258,4,21500.0,11,0,0
2500,259,2,24500.0,9,0,0
2500,261,2,25000.0,9,0,0
2500,263,2,21500.0,5,0,0
2500,270,2,23000.0,9,0,0
2500,273,5,25000.0,19,0,0
2500,275,3,25000.0,17,0,0
2500,276,5,25000.0,19,0,0
2500,277,2,23500.0,8,0,0
2500,278,2,23500.0,6,0,0
2500,279,2,25000.0,9,0,0
2500,281,2,24000.0,8,0,0
2500,282,2,25000.0,9,0,0
2500,283,2,24000.0,7,0,0
2500,285,5,25000.0,19,0,0
2500,286,5,25000.0,19,0,0
2500,287,2,25000.0,9,0,0
2500,288,2,25000.0,9,0,0
2500,289,2,24500.0,8,0,0
2500,290,5,25000.0,21,0,0
2500,291,4,25000.0,25,0,0
2500,292,2,25000.0,5,0,0
2500,293,2,25000.0,8,0,0
2500,294,2,25000.0,9,0,0
2500,296,2,25000.0,9,0,0
2500,297,2,25000.0,9,0,0
2500,301,5,25000.0,22,0,0
2500,302,3,25000.0,10,0,0
2500,303,2,25000.0,8,0,0
2500,304,2,25000.0,10,0,0
2500,305,2,25000.0,9,0,0
2500,307,2,25000.0,9,0,0
2500,9,3,17500.0,28,3,3
2500,19,4,25000.0,49,5,5
2500,25,2,14000.0,21,3,3
2500,32,2,2500.0,4,0,0
2500,38,5,25000.0,44,4,4
2500,41,5,25000.0,36,3,3
2500,42,5,25000.0,64,8,8
2500,43,5,25000.0,63,9,9
2500,44,5,19000.0,55,4,4
2500,47,4,25000.0,26,0,0
2500,51,4,7500.0,26,0,0
2500,56,4,25000.0,39,5,5
2500,64,5,24000.0,36,2,2
2500,68,5,12000.0,48,3,3
2500,79,5,4000.0,17,1,1
2500,85,3,1500.0,2,0,0
2500,86,5,25000.0,62,5,5
2500,90,2,4500.0,9,1,1
2500,91,2,1000.0,1,0,0
2500,93,4,3500.0,10,0,0
2500,94,2,4000.0,6,2,2
2500,95,2,3000.0,7,0,0
2500,96,4,1500.0,3,0,0
2500,97,2,3000.0,2,0,0
2500,98,4,2500.0,5,1,1
2500,99,3,25000.0,33,7,7
2500,102,2,3000.0,1,0,0
2500,105,4,3000.0,3,0,0
2500,106,3,5500.0,8,0,0
2500,107,2,4000.0,6,0,0
2500,108,2,4000.0,4,0,0
2500,110,2,4000.0,3,0,0
2500,112,2,4500.0,7,0,0
2500,113,2,5500.0,9,1,1
2500,116,2,5000.0,4,0,0
2500,118,2,11000.0,12,1,1
2500,120,5,25000.0,28,3,3
2500,121,2,5500.0,6,0,0
2500,122,2,5500.0,9,2,2
2500,126,2,6500.0,5,0,0
2500,128,2,7000.0,8,0,0
2500,129,3,21000.0,38,5,5
2500,134,2,6500.0,5,0,0
2500,135,2,8000.0,8,0,0
2500,136,2,7000.0,9,1,1
2500,137,2,6500.0,6,0,0
2500,139,2,8000.0,2,1,1
2500,141,4,8500.0,14,1,1
2500,142,2,10000.0,11,3,3
2500,143,2,7500.0,1,0,0
2500,146,2,8000.0,7,1,1
2500,147,2,8000.0,8,0,0
2500,149,4,9000.0,16,0,0
2500,150,2,7500.0,2,0,0
2500,152,4,8000.0,4,0,0
2500,153,2,8500.0,8,0,0
2500,154,2,8000.0,3,0,0
2500,155,2,8000.0,5,0,0
2500,156,2,8000.0,3,0,0
2500,157,2,9000.0,7,1,1
2500,158,5,25000.0,61,4,4
2500,159,5,9500.0,22,1,1
2500,164,2,9000.0,6,0,0
2500,167,2,10000.0,9,0,0
2500,169,2,9000.0,4,1,1
2500,170,2,9000.0,5,0,0
2500,171,2,10000.0,3,0,0
2500,172,5,12000.0,24,1,1
2500,173,2,10000.0,8,0,0
2500,175,2,11000.0,12,1,1
2500,178,2,12000.0,9,0,0
2500,182,2,10500.0,6,1,1
2500,183,2,11000.0,5,0,0
2500,184,5,25000.0,17,0,0
2500,185,5,11500.0,10,0,0
2500,186,2,14000.0,10,0,0
2500,187,2,13000.0,8,0,0
2500,188,2,13500.0,9,0,0
2500,191,2,12000.0,5,1,1
2500,196,5,25000.0,36,5,5
2500,198,2,13000.0,5,0,0
2500,199,2,15500.0,8,3,3
2500,201,2,13500.0,10,1,1
2500,205,2,14000.0,9,1,1
2500,206,5,25000.0,24,3,3
2500,207,3,16000.0,14,0,0
2500,211,2,15000.0,8,0,0
2500,212,2,14500.0,10,0,0
2500,217,5,25000.0,23,0,0
2500,218,5,25000.0,19,0,0
2500,219,3,17000.0,15,0,0
2500,220,3,25000.0,17,0,0
2500,221,2,16000.0,10,0,0
2500,222,2,15500.0,5,0,0
2500,223,2,22500.0,13,0,0
2500,225,2,16000.0,8,0,0
2500,230,2,25000.0,20,2,2
2500,231,5,19500.0,18,0,0
2500,232,2,16000.0,8,0,0
2500,234,2,16500.0,6,0,0
2500,237,2,19500.0,10,0,0
2500,238,4,25000.0,28,2,2
2500,240,2,19000.0,9,0,0
2500,243,2,22000.0,9,0,0
2500,245,2,18500.0,10,0,0
2500,248,2,21000.0,9,0,0
2500,249,2,20500.0,9,0,0
2500,250,2,23000.0,9,0,0
2500,253,3,20000.0,13,0,0
2500,254,2,20500.0,9,0,0
2500,256,2,20000.0,5,0,0
2500,257,2,24000.0,11,1,1
2500,260,2,20000.0,8,0,0
2500,261,5,25000.0,19,0,0
2500,262,2,21500.0,10,0,0
2500,263,2,21000.0,10,0,0
2500,266,2,21500.0,10,0,0
2500,267,2,21000.0,5,0,0
2500,270,2,21000.0,5,0,0
2500,271,2,25000.0,10,0,0
2500,273,2,23000.0,9,0,0
2500,285,2,23000.0,8,0,0
2500,287,2,23000.0,9,0,0
2500,288,2,23500.0,8,0,0
2500,289,5,25000.0,20,0,0
2500,291,2,25000.0,13,2,2
2500,294,2,25000.0,8,0,0
2500,295,2,25000.0,10,0,0
2500,298,2,24000.0,8,0,0
2500,299,2,25000.0,8,0,0
2500,301,2,25000.0,9,0,0
2500,305,5,25000.0,20,1,1
2500,306,2,25000.0,9,0,0
2500,307,2,25000.0,8,0,0
2500,308,2,25000.0,12,0,0
2500,309,2,25000.0,8,0,0
2500,311,2,25000.0,11,0,0
2500,315,2,25000.0,8,0,0
2500,0,5,25000.0,48,5,5
2500,12,4,25000.0,32,1,1
2500,23,5,1000.0,2,0,0
2500,26,2,4500.0,7,0,0
2500,28,5,8000.0,36,2,2
2500,29,5,25000.0,37,1,1
2500,31,5,1000.0,4,0,0
2500,32,4,25000.0,52,5,5
2500,43,4,16000.0,47,4,4
2500,44,5,25000.0,89,13,13
2500,52,2,5000.0,12,0,0
2500,60,5,25000.0,36,3,3
2500,61,4,20000.0,46,5,5
2500,63,2,7500.0,10,2,2
2500,64,2,1000.0,2,0,0
2500,65,2,3000.0,7,1,1
2500,68,2,8500.0,12,1,1
2500,70,5,25000.0,54,10,10
2500,71,3,1000.0,2,0,0
2500,72,5,25000.0,27,4,4
2500,73,2,3500.0,10,1,1
2500,74,2,1000.0,3,0,0
2500,79,5,25000.0,53,8,8
2500,80,5,25000.0,27,3,3
2500,81,5,22500.0,45,4,4
2500,83,4,3000.0,6,0,0
2500,84,2,4000.0,3,0,0
2500,86,2,6000.0,6,1,1
2500,87,2,5500.0,7,0,0
2500,88,5,12000.0,28,3,3
2500,89,2,4000.0,3,0,0
2500,90,2,4500.0,3,0,0
2500,91,2,5500.0,9,0,0
2500,92,4,11500.0,24,0,0
2500,93,2,16500.0,11,1,1
2500,94,2,8000.0,8,1,1
2500,95,2,5000.0,4,0,0
2500,98,2,5000.0,4,0,0
2500,100,2,5500.0,6,1,1
2500,101,2,6000.0,3,1,1
2500,103,2,12500.0,12,2,2
2500,105,2,5500.0,6,0,0
2500,107,2,8000.0,12,1,1
2500,108,2,6500.0,6,1,1
2500,110,4,25000.0,20,1,1
2500,112,2,5500.0,4,0,0
2500,113,2,5500.0,6,0,0
2500,114,2,5500.0,4,1,1
2500,115,5,25000.0,29,4,4
2500,116,3,6000.0,9,0,0
2500,117,2,8500.0,10,0,0
2500,118,5,25000.0,33,4,4
2500,119,3,8500.0,17,0,0
2500,121,2,6500.0,1,0,0
2500,123,2,6500.0,7,0,0
2500,124,2,7500.0,10,0,0
2500,128,2,8000.0,10,0,0
2500,129,2,7500.0,5,0,0
2500,131,2,8500.0,9,0,0
2500,133,2,11000.0,9,1,1
2500,134,2,8000.0,3,0,0
2500,135,2,8500.0,6,2,2
2500,143,3,9500.0,12,0,0
2500,144,4,23500.0,28,2,2
2500,145,5,25000.0,36,4,4
2500,148,2,9000.0,3,0,0
2500,149,2,9000.0,8,1,1
2500,152,2,11000.0,8,0,0
2500,154,2,13000.0,11,0,0
2500,155,2,10000.0,8,0,0
2500,159,2,10000.0,9,1,1
2500,162,2,10000.0,5,0,0
2500,164,4,25000.0,19,2,2
2500,165,5,25000.0,20,0,0
2500,166,4,25000.0,16,0,0
2500,167,5,25000.0,22,2,2
2500,169,2,12000.0,9,0,0
2500,171,5,25000.0,26,2,2
2500,172,2,12000.0,1,0,0
2500,174,3,14000.0,21,1,1
2500,175,2,13000.0,8,0,0
2500,177,2,13500.0,10,1,1
2500,178,2,14500.0,8,1,1
2500,181,5,25000.0,19,2,2
2500,182,5,25000.0,23,2,2
2500,183,2,13000.0,6,0,0
2500,185,2,14500.0,10,0,0
2500,186,2,16000.0,9,0,0
2500,189,2,13500.0,11,2,2
2500,192,5,25000.0,19,0,0
2500,193,3,25000.0,13,0,0
2500,196,2,13500.0,5,0,0
2500,199,2,16500.0,9,0,0
2500,201,2,16000.0,9,0,0
2500,207,5,16000.0,19,0,0
2500,209,2,16500.0,9,0,0
2500,210,2,16500.0,6,0,0
2500,211,5,25000.0,24,1,1
2500,212,2,17000.0,7,0,0
2500,214,5,25000.0,19,0,0
2500,215,2,17500.0,9,0,0
2500,217,2,17500.0,9,0,0
2500,219,2,17000.0,5,0,0
2500,221,2,17000.0,8,0,0
2500,222,2,18500.0,8,0,0
2500,226,2,18000.0,9,0,0
2500,232,5,25000.0,24,1,1
2500,233,5,25000.0,19,0,0
2500,234,5,25000.0,31,0,0
2500,236,2,19500.0,9,0,0
2500,237,2,18500.0,8,0,0
2500,238,2,18500.0,9,0,0
2500,239,2,18500.0,6,0,0
2500,241,2,19500.0,10,0,0
2500,242,2,19000.0,11,0,0
2500,243,2,19000.0,9,0,0
2500,244,5,23000.0,22,0,0
2500,245,2,20000.0,10,0,0
2500,249,2,20500.0,11,0,0
2500,252,2,20000.0,6,0,0
2500,253,2,20000.0,7,0,0
2500,254,5,25000.0,20,0,0
2500,255,2,20000.0,5,0,0
2500,256,5,25000.0,24,0,0
2500,257,4,25000.0,20,0,0
2500,260,2,22000.0,8,0,0
2500,263,5,24500.0,19,0,0
2500,268,2,22000.0,10,0,0
2500,270,2,22500.0,9,0,0
2500,276,5,25000.0,21,0,0
2500,278,4,25000.0,15,0,0
2500,284,4,25000.0,23,0,0
2500,285,4,25000.0,21,0,0
2500,286,2,25000.0,10,0,0
2500,0,4,25000.0,38,3,3
2500,1,2,2500.0,4,0,0
2500,16,3,25000.0,20,3,3
2500,20,3,25000.0,17,0,0
2500,46,5,25000.0,51,3,3
2500,47,4,2500.0,4,0,0
2500,67,5,25000.0,42,5,5
2500,68,4,14500.0,30,2,2
2500,72,5,25000.0,57,4,4
2500,73,2,3000.0,6,0,0
2500,74,2,1500.0,1,0,0
2500,76,2,4000.0,2,1,1
2500,77,5,20500.0,43,4,4
2500,82,5,25000.0,66,8,8
2500,83,5,25000.0,65,8,8
2500,86,4,4000.0,16,0,0
2500,91,5,10500.0,48,3,3
2500,92,5,25000.0,28,4,4
2500,94,2,4000.0,9,0,0
2500,95,2,1500.0,3,0,0
2500,98,2,3000.0,7,0,0
2500,99,2,3500.0,5,0,0
2500,101,2,2500.0,2,0,0
2500,102,2,4500.0,6,2,2
2500,106,2,2000.0,2,1,1
2500,107,5,5500.0,19,1,1
2500,112,5,25000.0,47,4,4
2500,113,5,20500.0,28,1,1
2500,115,4,5500.0,18,1,1
2500,116,4,6000.0,22,1,1
2500,117,4,25000.0,26,3,3
2500,118,2,4000.0,3,0,0
2500,119,2,3500.0,3,0,0
2500,121,2,3500.0,3,0,0
2500,122,2,3500.0,2,0,0
2500,124,5,25000.0,40,6,6
2500,125,2,4000.0,2,0,0
2500,126,2,4500.0,7,0,0
2500,128,4,15500.0,20,1,1
2500,129,5,25000.0,29,2,2
2500,130,4,7500.0,14,1,1
2500,131,4,12000.0,17,1,1
2500,132,3,6000.0,6,0,0
2500,133,5,7000.0,19,0,0
2500,134,5,25000.0,24,3,3
2500,140,2,8000.0,8,0,0
2500,142,5,25000.0,26,3,3
2500,146,2,9500.0,6,1,1
2500,148,5,25000.0,38,3,3
2500,149,3,8500.0,4,0,0
2500,150,2,8500.0,6,0,0
2500,151,2,9000.0,3,0,0
2500,154,4,10500.0,15,0,0
2500,155,5,25000.0,19,3,3
2500,156,4,25000.0,22,3,3
2500,157,2,10500.0,8,0,0
2500,159,2,9500.0,3,0,0
2500,165,2,10500.0,8,0,0
2500,166,2,10500.0,9,0,0
2500,170,5,25000.0,23,2,2
2500,171,2,10000.0,6,0,0
2500,173,2,13500.0,9,0,0
2500,175,2,10000.0,4,0,0
2500,178,2,11000.0,9,0,0
2500,179,2,10500.0,6,0,0
2500,180,4,12500.0,18,0,0
2500,181,5,25000.0,38,3,3
2500,182,5,25000.0,23,0,0
2500,183,4,11000.0,9,1,1
2500,184,4,25000.0,27,0,0
2500,187,2,11500.0,6,0,0
2500,188,2,11500.0,6,0,0
2500,189,2,13000.0,9,0,0
2500,191,2,11500.0,4,0,0
2500,192,2,12500.0,9,0,0
2500,193,3,12000.0,8,0,0
2500,194,2,12000.0,7,0,0
2500,195,5,25000.0,31,3,3
2500,202,2,16000.0,9,0,0
2500,203,4,14500.0,11,0,0
2500,204,2,14500.0,9,0,0
2500,205,2,14500.0,1,0,0
2500,206,5,17500.0,21,0,0
2500,207,2,14500.0,9,0,0
2500,208,2,14500.0,6,0,0
2500,210,2,16000.0,10,0,0
2500,213,5,15000.0,19,0,0
2500,216,2,16000.0,6,0,0
2500,218,4,23000.0,17,1,1
2500,220,2,16500.0,9,0,0
2500,223,2,17500.0,9,0,0
2500,224,2,19000.0,11,1,1
2500,226,2,17500.0,4,0,0
2500,227,2,22000.0,8,0,0
2500,228,2,17500.0,9,0,0
2500,231,2,19500.0,9,0,0
2500,232,2,17500.0,9,0,0
2500,234,2,19000.0,11,0,0
2500,235,2,17500.0,4,0,0
2500,236,6,24000.0,34,2,2
2500,237,4,24500.0,19,0,0
2500,238,5,25000.0,19,0,0
2500,239,4,22500.0,24,0,0
2500,241,2,20000.0,9,0,0
2500,242,2,20000.0,9,0,0
2500,245,2,18500.0,7,0,0
2500,250,2,20500.0,9,0,0
2500,251,2,21000.0,9,0,0
2500,252,2,19000.0,5,0,0
2500,254,2,19000.0,7,0,0
2500,255,4,20000.0,14,0,0
2500,257,3,19500.0,8,0,0
2500,260,3,25000.0,15,0,0
2500,266,2,22500.0,8,0,0
2500,267,2,22000.0,9,0,0
2500,268,2,22500.0,9,0,0
2500,271,2,24500.0,8,0,0
2500,275,5,25000.0,19,0,0
2500,281,2,25000.0,9,0,0
2500,282,2,25000.0,8,0,0
2500,286,2,25000.0,9,0,0
2500,287,2,25000.0,8,0,0
2500,288,2,25000.0,8,0,0
2500,290,2,25000.0,8,0,0
2500,291,2,25000.0,9,0,0
2500,0,5,25000.0,49,4,4
2500,7,5,25000.0,46,4,4
2500,8,5,11500.0,35,2,2
2500,17,5,25000.0,63,8,8
2500,18,5,25000.0,53,5,5
2500,19,3,8500.0,27,2,2
2500,34,5,25000.0,49,4,4
2500,41,5,8000.0,27,2,2
2500,45,2,1500.0,1,0,0
2500,70,2,1000.0,1,0,0
2500,74,2,9000.0,17,3,3
2500,79,2,2500.0,5,1,1
2500,81,2,3500.0,7,0,0
2500,84,2,3500.0,7,0,0
2500,85,2,1500.0,1,0,0
2500,88,2,1000.0,2,0,0
2500,89,5,25000.0,38,4,4
2500,90,2,1000.0,1,0,0
2500,91,2,1000.0,0,0,0
2500,94,4,5500.0,17,2,2
2500,95,2,3500.0,3,1,1
2500,96,2,3000.0,3,0,0
2500,99,2,3500.0,4,0,0
2500,100,2,3500.0,3,0,0
2500,101,4,17500.0,37,3,3
2500,102,2,6500.0,11,2,2
2500,104,5,25000.0,63,6,6
2500,105,2,4500.0,3,1,1
2500,106,2,5500.0,7,0,0
2500,107,2,4500.0,2,0,0
2500,109,2,4500.0,2,0,0
2500,111,2,7500.0,10,1,1
2500,112,2,5000.0,7,1,1
2500,113,4,24000.0,36,3,3
2500,114,4,25000.0,36,2,2
2500,115,5,25000.0,46,8,8
2500,116,2,4500.0,6,0,0
2500,118,3,5000.0,3,0,0
2500,119,2,5000.0,2,0,0
2500,121,5,25000.0,28,1,1
2500,122,5,8500.0,22,3,3
2500,123,5,25000.0,35,3,3
2500,124,2,5500.0,2,0,0
2500,125,2,5500.0,1,0,0
2500,130,5,25000.0,28,5,5
2500,131,4,25000.0,49,6,6
2500,132,2,8000.0,5,0,0
2500,135,5,15000.0,21,1,1
2500,140,3,9000.0,6,1,1
2500,141,2,9500.0,2,0,0
2500,142,2,9500.0,2,0,0
2500,144,2,12500.0,9,0,0
2500,145,4,10500.0,8,0,0
2500,147,2,11500.0,9,0,0
2500,149,2,10500.0,7,0,0
2500,150,2,12000.0,8,0,0
2500,151,2,10500.0,9,0,0
2500,152,4,15500.0,18,1,1
2500,155,2,11000.0,5,0,0
2500,156,2,11000.0,1,0,0
2500,157,4,15000.0,15,0,0
2500,158,3,15000.0,17,0,0
2500,161,2,12000.0,6,0,0
2500,165,2,12500.0,7,0,0
2500,166,5,25000.0,20,2,2
2500,167,3,13000.0,4,0,0
2500,171,5,25000.0,41,2,2
2500,173,2,14000.0,5,0,0
2500,174,5,25000.0,24,0,0
2500,175,3,14500.0,9,0,0
2500,176,5,17000.0,20,0,0
2500,178,5,25000.0,19,0,0
2500,179,4,16500.0,18,0,0
2500,180,5,25000.0,19,0,0
2500,182,4,20000.0,14,0,0
2500,183,5,25000.0,17,0,0
2500,187,2,20500.0,11,0,0
2500,190,2,17500.0,4,0,0
2500,191,2,18500.0,8,0,0
2500,192,2,20000.0,8,0,0
2500,193,2,19000.0,9,0,0
2500,194,2,18500.0,9,0,0
2500,195,4,19500.0,21,0,0
2500,197,4,25000.0,21,1,1
2500,198,4,25000.0,24,0,0
2500,199,3,22000.0,13,0,0
2500,200,2,21000.0,9,0,0
2500,201,2,20500.0,6,0,0
2500,205,2,23500.0,8,0,0
2500,206,3,24000.0,14,0,0
2500,207,4,25000.0,31,1,1
2500,208,2,21000.0,9,0,0
2500,209,2,21000.0,7,0,0
2500,211,2,21500.0,9,0,0
2500,212,2,24000.0,9,0,0
2500,215,3,22000.0,10,0,0
2500,216,5,25000.0,20,0,0
2500,217,4,25000.0,16,0,0
2500,218,2,21500.0,10,0,0
2500,219,5,25000.0,20,0,0
2500,220,3,25000.0,15,0,0
2500,221,2,25000.0,8,0,0
2500,222,2,23500.0,8,1,1
2500,227,2,24000.0,8,0,0
2500,231,2,25000.0,8,0,0
2500,234,5,25000.0,13,0,0
2500,15,5,9500.0,26,4,4
2500,24,5,17000.0,46,3,3
2500,25,5,25000.0,90,6,6
2500,32,4,11000.0,32,4,4
2500,37,5,25000.0,38,3,3
2500,38,4,7500.0,18,2,2
2500,46,2,1000.0,2,0,0
2500,47,5,25000.0,42,4,4
2500,49,5,10000.0,23,2,2
2500,50,5,25000.0,53,5,5
2500,57,5,3000.0,7,1,1
2500,58,2,4500.0,9,1,1
2500,59,2,1000.0,3,0,0
2500,62,5,25000.0,48,8,8
2500,64,2,2000.0,3,0,0
2500,67,5,25000.0,43,5,5
2500,71,2,3000.0,1,0,0
2500,72,2,3500.0,3,1,1
2500,73,4,5500.0,11,0,0
2500,74,2,4500.0,7,1,1
2500,76,2,7500.0,11,1,1
2500,79,2,3000.0,4,1,1
2500,83,5,25000.0,45,3,3
2500,84,5,25000.0,43,5,5
2500,85,4,24000.0,26,1,1
2500,86,3,8000.0,7,1,1
2500,87,5,25000.0,30,2,2
2500,88,2,15000.0,20,1,1
2500,92,2,10000.0,11,0,0
2500,95,2,8000.0,4,0,0
2500,99,2,9000.0,6,0,0
2500,101,2,9500.0,6,0,0
2500,102,2,9500.0,2,0,0
2500,103,2,12500.0,9,1,1
2500,104,3,25000.0,31,4,4
2500,105,2,9500.0,2,1,1
2500,106,2,11000.0,11,0,0
2500,107,2,10500.0,8,0,0
2500,108,2,14500.0,9,0,0
2500,110,2,11500.0,5,1,1
2500,111,2,12500.0,8,0,0
2500,112,2,11000.0,2,0,0
2500,113,5,25000.0,33,2,2
2500,114,2,12000.0,6,0,0
2500,116,2,11500.0,2,0,0
2500,119,2,11500.0,6,0,0
2500,120,2,12500.0,8,1,1
2500,123,2,13500.0,5,0,0
2500,125,2,12500.0,5,0,0
2500,127,5,25000.0,22,3,3
2500,128,4,25000.0,35,3,3
2500,129,2,13000.0,3,0,0
2500,130,2,13000.0,4,0,0
2500,132,4,16500.0,20,1,1
2500,133,3,25000.0,20,1,1
2500,135,2,13500.0,10,0,0
2500,137,2,16500.0,9,0,0
2500,138,3,25000.0,14,0,0
2500,139,4,14500.0,4,0,0
2500,141,2,16000.0,8,0,0
2500,142,2,15500.0,8,0,0
2500,143,2,14500.0,3,0,0
2500,144,2,14500.0,2,0,0
2500,145,2,15500.0,9,0,0
2500,146,2,18000.0,10,0,0
2500,148,2,15000.0,8,0,0
2500,149,2,15500.0,10,0,0
2500,151,2,15000.0,8,0,0
2500,152,5,18000.0,23,1,1
2500,153,2,17500.0,10,0,0
2500,155,2,16000.0,7,0,0
2500,156,2,19000.0,9,0,0
2500,157,2,17500.0,9,0,0
2500,159,2,17500.0,9,0,0
2500,161,2,18500.0,9,0,0
2500,162,2,17500.0,9,0,0
2500,163,2,17000.0,9,0,0
2500,165,2,17000.0,7,0,0
2500,168,2,17500.0,10,0,0
2500,169,2,24000.0,9,0,0
2500,171,2,18000.0,5,0,0
2500,172,5,25000.0,24,2,2
2500,173,5,25000.0,20,0,0
2500,174,2,20000.0,8,0,0
2500,175,2,20500.0,9,0,0
2500,176,3,19500.0,5,0,0
2500,177,3,21000.0,12,0,0
2500,178,3,25000.0,10,0,0
2500,181,2,21000.0,9,0,0
2500,182,2,21500.0,9,0,0
2500,186,2,21500.0,8,0,0
2500,187,2,21500.0,8,0,0
2500,189,2,22500.0,9,0,0
2500,190,2,21000.0,4,0,0
2500,191,4,22000.0,18,2,2
2500,192,4,22500.0,22,0,0
2500,193,2,21500.0,2,0,0
2500,194,2,21500.0,4,0,0
2500,195,2,23000.0,9,0,0
2500,197,5,25000.0,25,1,1
2500,198,2,22000.0,9,0,0
2500,199,2,22000.0,7,0,0
2500,200,2,22500.0,9,0,0
2500,201,2,23000.0,9,0,0
2500,202,2,25000.0,9,0,0
2500,204,2,24000.0,16,2,2
2500,205,5,25000.0,30,0,0
2500,206,3,25000.0,18,0,0
2500,207,2,23500.0,10,0,0
2500,208,2,25000.0,9,0,0
2500,209,4,25000.0,16,1,1
2500,210,3,25000.0,16,0,0
2500,215,5,25000.0,19,0,0
2500,216,2,24000.0,7,0,0
2500,219,2,24500.0,7,0,0
2500,221,2,25000.0,8,0,0
2500,222,2,25000.0,9,0,0
2500,225,2,25000.0,9,0,0
2500,226,5,25000.0,11,0,0
2500,227,2,25000.0,3,0,0
2500,231,2,25000.0,7,0,0
2500,232,2,25000.0,10,0,0
2500,0,4,25000.0,59,8,8
2500,6,5,25000.0,54,8,8
2500,14,5,25000.0,39,2,2
2500,22,5,25000.0,59,4,4
2500,27,5,25000.0,51,6,6
2500,28,5,25000.0,60,6,6
2500,29,3,4500.0,18,1,1
2500,45,5,24000.0,51,3,3
2500,58,2,7500.0,12,1,1
2500,65,4,25000.0,34,3,3
2500,68,2,4000.0,3,0,0
2500,76,4,20000.0,45,3,3
2500,81,3,3000.0,3,0,0
2500,82,3,1500.0,1,0,0
2500,85,2,3000.0,0,0,0
2500,86,4,7000.0,14,2,2
2500,88,2,2500.0,6,0,0
2500,90,5,25000.0,41,6,6
2500,92,2,1500.0,2,0,0
2500,93,2,2000.0,2,0,0
2500,94,4,25000.0,32,3,3
2500,99,2,3000.0,2,1,1
2500,103,2,5000.0,5,0,0
2500,104,3,10000.0,24,3,3
2500,105,2,4000.0,3,1,1
2500,106,2,3500.0,3,0,0
2500,107,2,4000.0,3,1,1
2500,109,2,3500.0,4,0,0
2500,110,5,25000.0,39,2,2
2500,111,2,4000.0,3,0,0
2500,112,2,4000.0,3,0,0
2500,113,2,4000.0,4,0,0
2500,116,2,13000.0,14,2,2
2500,117,2,4500.0,8,1,1
2500,119,2,4000.0,6,0,0
2500,121,5,25000.0,17,0,0
2500,122,2,5500.0,9,0,0
2500,123,2,5500.0,10,1,1
2500,125,5,25000.0,53,5,5
2500,126,4,5000.0,0,0,0
2500,127,2,5500.0,2,2,2
2500,128,2,5000.0,3,0,0
2500,129,2,5500.0,4,0,0
2500,130,2,6500.0,8,1,1
2500,132,2,10000.0,14,1,1
2500,135,2,5500.0,1,1,1
2500,138,6,25000.0,44,8,8
2500,139,2,7500.0,8,0,0
2500,143,5,8500.0,18,2,2
2500,153,5,25000.0,27,1,1
2500,154,5,7000.0,6,0,0
2500,155,5,25000.0,41,4,4
2500,157,2,7000.0,3,1,1
2500,160,2,7500.0,7,1,1
2500,161,5,25000.0,41,6,6
2500,164,4,10500.0,20,1,1
2500,165,5,25000.0,23,1,1
2500,166,5,25000.0,28,2,2
2500,167,3,12500.0,10,0,0
2500,174,2,14500.0,11,0,0
2500,175,4,11000.0,15,0,0
2500,179,2,11000.0,10,0,0
2500,180,2,9500.0,6,0,0
2500,181,2,11000.0,9,0,0
2500,183,2,12000.0,10,0,0
2500,184,2,11000.0,9,1,1
2500,185,3,12500.0,17,0,0
2500,186,5,25000.0,20,0,0
2500,187,2,11000.0,8,0,0
2500,188,5,11500.0,18,1,1
2500,189,4,11000.0,9,0,0
2500,190,3,12500.0,13,0,0
2500,192,2,11000.0,9,0,0
2500,194,2,12000.0,9,0,0
2500,196,2,12000.0,7,0,0
2500,200,3,13000.0,14,1,1
2500,201,4,25000.0,23,0,0
2500,202,5,16000.0,19,1,1
2500,203,2,12500.0,2,0,0
2500,205,2,15500.0,8,0,0
2500,207,2,12500.0,10,0,0
2500,208,4,18000.0,15,0,0
2500,209,3,14000.0,15,0,0
2500,210,5,25000.0,21,0,0
2500,211,2,15500.0,9,0,0
2500,212,2,14500.0,6,0,0
2500,216,2,15000.0,9,1,1
2500,217,2,14500.0,5,0,0
2500,218,2,15000.0,9,0,0
2500,219,2,15000.0,9,0,0
2500,221,3,18000.0,13,0,0
2500,222,5,25000.0,19,0,0
2500,224,2,15000.0,9,0,0
2500,226,2,15500.0,9,0,0
2500,228,2,15000.0,3,0,0
2500,230,2,18000.0,8,0,0
2500,233,3,23000.0,17,0,0
2500,236,4,19500.0,23,0,0
2500,238,5,25000.0,34,2,2
2500,242,2,16500.0,5,0,0
2500,245,5,25000.0,21,0,0
2500,246,3,18500.0,14,0,0
2500,247,4,25000.0,26,2,2
2500,248,2,17500.0,10,0,0
2500,253,5,25000.0,19,0,0
2500,254,2,19000.0,9,0,0
2500,255,2,18500.0,5,0,0
2500,259,2,19000.0,6,0,0
2500,261,2,19500.0,4,0,0
2500,262,3,25000.0,15,1,1
2500,263,4,25000.0,23,0,0
2500,265,2,20000.0,7,0,0
2500,267,5,25000.0,21,0,0
2500,268,5,25000.0,23,1,1
2500,269,2,21000.0,9,0,0
2500,270,2,21000.0,8,0,0
2500,271,2,23000.0,9,0,0
2500,274,2,24500.0,9,0,0
2500,275,2,21500.0,7,0,0
2500,277,2,24500.0,8,0,0
2500,283,2,23000.0,10,0,0
2500,284,4,25000.0,25,0,0
2500,286,2,24500.0,10,0,0
2500,288,2,24000.0,4,0,0
2500,291,5,25000.0,20,0,0
2500,294,2,25000.0,6,0,0
2500,2,3,6000.0,14,2,2
2500,14,2,10000.0,15,4,4
2500,20,5,25000.0,69,7,7
2500,21,4,25000.0,47,6,6
2500,24,2,8000.0,13,1,1
2500,28,4,25000.0,46,3,3
2500,35,2,5000.0,7,1,1
2500,37,4,14500.0,46,4,4
2500,49,2,7000.0,12,2,2
2500,50,5,25000.0,43,6,6
2500,58,3,15500.0,36,5,5
2500,61,2,2500.0,4,0,0
2500,66,2,2500.0,1,0,0
2500,74,2,1500.0,3,0,0
2500,76,2,3500.0,7,0,0
2500,78,2,5000.0,9,0,0
2500,82,2,2000.0,3,0,0
2500,84,5,25000.0,65,10,10
2500,86,2,3500.0,3,1,1
2500,87,4,25000.0,32,2,2
2500,88,2,2500.0,4,1,1
2500,89,2,2500.0,4,0,0
2500,90,2,2500.0,4,0,0
2500,91,4,5000.0,5,0,0
2500,95,4,5000.0,7,0,0
2500,96,5,23000.0,45,7,7
2500,100,2,5000.0,5,1,1
2500,101,2,5500.0,3,0,0
2500,102,2,6500.0,9,2,2
2500,103,2,6500.0,8,0,0
2500,107,2,5500.0,3,0,0
2500,108,2,6000.0,6,0,0
2500,109,2,7000.0,7,0,0
2500,110,2,6500.0,5,0,0
2500,114,2,7500.0,2,0,0
2500,116,2,11000.0,16,2,2
2500,118,2,8000.0,5,0,0
2500,120,4,12500.0,27,2,2
2500,121,5,25000.0,37,4,4
2500,122,2,12500.0,14,2,2
2500,123,2,8000.0,7,1,1
2500,124,2,8000.0,8,0,0
2500,125,4,25000.0,20,2,2
2500,132,5,25000.0,28,3,3
2500,133,4,15500.0,30,1,1
2500,135,2,11500.0,8,0,0
2500,138,3,25000.0,49,7,7
2500,139,2,9000.0,2,0,0
2500,140,2,12000.0,10,1,1
2500,141,2,9000.0,5,0,0
2500,144,2,11000.0,8,1,1
2500,145,2,13500.0,13,1,1
2500,146,2,10000.0,9,0,0
2500,147,2,10000.0,5,0,0
2500,148,2,11500.0,9,0,0
2500,150,2,10000.0,1,0,0
2500,151,2,11000.0,8,0,0
2500,152,2,11500.0,7,2,2
2500,153,2,10000.0,2,0,0
2500,156,2,10000.0,9,0,0
2500,157,3,12000.0,17,0,0
2500,160,2,12000.0,9,1,1
2500,163,2,11500.0,9,0,0
2500,166,2,11000.0,2,0,0
2500,167,2,11500.0,9,0,0
2500,168,2,11000.0,6,0,0
2500,171,2,14000.0,10,1,1
2500,172,2,11500.0,3,0,0
2500,173,2,13000.0,10,0,0
2500,176,4,19500.0,25,3,3
2500,177,3,15000.0,19,1,1
2500,178,2,13000.0,10,0,0
2500,179,2,12000.0,8,0,0
2500,180,2,13000.0,10,0,0
2500,182,2,12500.0,9,0,0
2500,183,5,16500.0,20,2,2
2500,184,2,16000.0,11,0,0
2500,185,2,14000.0,7,0,0
2500,186,2,15000.0,9,0,0
2500,191,2,25000.0,9,0,0
2500,193,2,15500.0,18,1,1
2500,195,5,25000.0,35,2,2
2500,199,2,15500.0,9,0,0
2500,201,2,15000.0,4,0,0
2500,202,2,15000.0,6,0,0
2500,203,4,17500.0,31,1,1
2500,204,5,18500.0,19,1,1
2500,205,3,16000.0,10,0,0
2500,206,2,16000.0,8,0,0
2500,208,2,16500.0,9,0,0
2500,209,2,16500.0,9,0,0
2500,210,2,16500.0,8,0,0
2500,213,2,16000.0,4,0,0
2500,214,2,16000.0,8,0,0
2500,216,5,25000.0,25,2,2
2500,217,2,16500.0,5,0,0
2500,218,2,17000.0,7,0,0
2500,219,2,17000.0,6,1,1
2500,220,2,17000.0,3,0,0
2500,221,2,19000.0,9,0,0
2500,224,2,19000.0,9,0,0
2500,225,2,17500.0,9,0,0
2500,226,2,17000.0,9,0,0
2500,228,2,19500.0,10,1,1
2500,229,4,25000.0,27,1,1
2500,232,2,17500.0,3,0,0
2500,234,2,17500.0,5,0,0
2500,235,2,19000.0,9,0,0
2500,236,2,17500.0,6,0,0
2500,237,2,18500.0,9,1,1
2500,240,2,18000.0,8,0,0
2500,243,3,18500.0,10,0,0
2500,244,2,18500.0,9,0,0
2500,247,2,20000.0,10,0,0
2500,249,5,25000.0,22,0,0
2500,250,2,20000.0,9,0,0
2500,251,2,19500.0,7,0,0
2500,252,2,19500.0,11,1,1
2500,253,2,19500.0,9,0,0
2500,254,2,19500.0,5,0,0
2500,255,2,21000.0,9,0,0
2500,257,2,19500.0,3,0,0
2500,258,2,19500.0,6,1,1
2500,259,2,20500.0,9,0,0
2500,261,2,25000.0,9,1,1
2500,262,2,25000.0,9,0,0
2500,264,2,21000.0,10,0,0
2500,268,2,22000.0,9,0,0
2500,270,2,22500.0,9,0,0
2500,271,2,20500.0,9,0,0
2500,272,2,21000.0,9,0,0
2500,273,2,20500.0,9,0,0
2500,274,2,21000.0,10,0,0
2500,275,2,21000.0,9,0,0
2500,278,2,22500.0,4,0,0
2500,280,2,22500.0,8,0,0
2500,283,5,23500.0,27,0,0
2500,284,4,25000.0,21,0,0
2500,285,5,25000.0,20,0,0
2500,286,3,25000.0,17,0,0
2500,287,5,25000.0,19,0,0
2500,289,2,24000.0,9,0,0
2500,291,2,24500.0,9,0,0
2500,294,2,25000.0,9,0,0
2500,295,2,24000.0,9,0,0
2500,297,2,25000.0,9,0,0
2500,300,2,24000.0,9,1,1
2500,303,2,24000.0,9,0,0
2500,304,2,24500.0,9,1,1
2500,305,2,25000.0,9,1,1
2500,307,2,25000.0,9,0,0
2500,309,2,24500.0,9,1,1
2500,310,2,25000.0,9,0,0
2500,311,2,24500.0,9,0,0
2500,314,2,25000.0,10,0,0
2500,315,5,25000.0,19,0,0
2500,316,4,25000.0,18,0,0
2500,320,2,25000.0,9,0,0
2500,322,2,25000.0,9,0,0
2500,324,3,25000.0,12,0,0
2500,325,2,25000.0,9,0,0
2500,326,2,25000.0,7,0,0
2500,329,2,25000.0,5,0,0
2500,5,4,17500.0,43,4,4
2500,7,3,1500.0,4,0,0
2500,8,5,25000.0,69,7,7
2500,13,5,25000.0,53,6,6
2500,15,5,25000.0,39,4,4
2500,25,4,19000.0,40,7,7
2500,26,5,20500.0,45,4,4
2500,36,5,25000.0,53,8,8
2500,44,2,6500.0,12,2,2
2500,54,2,2500.0,9,1,1
2500,56,4,6500.0,26,0,0
2500,64,5,9000.0,41,1,1
2500,65,4,3000.0,9,1,1
2500,66,4,25000.0,41,3,3
2500,67,5,25000.0,41,3,3
2500,68,5,21500.0,60,6,6
2500,77,3,1000.0,1,0,0
2500,79,3,2500.0,4,0,0
2500,86,2,1000.0,1,0,0
2500,100,5,2000.0,8,0,0
2500,101,5,25000.0,38,5,5
2500,106,5,9000.0,41,2,2
2500,107,5,25000.0,44,3,3
2500,108,5,25000.0,47,4,4
2500,112,2,2500.0,5,0,0
2500,113,2,1000.0,1,0,0
2500,116,2,1500.0,5,0,0
2500,118,4,25000.0,38,2,2
2500,119,2,1500.0,3,0,0
2500,127,2,1000.0,3,0,0
2500,132,2,2000.0,5,0,0
2500,135,2,1500.0,4,0,0
2500,138,2,3500.0,8,0,0
2500,139,2,2000.0,5,0,0
2500,140,4,25000.0,28,2,2
2500,141,3,9000.0,40,3,3
2500,144,2,4500.0,6,1,1
2500,146,2,5000.0,10,2,2
2500,147,2,3000.0,7,0,0
2500,148,2,2500.0,2,0,0
2500,151,3,3000.0,1,0,0
2500,153,2,5000.0,6,1,1
2500,154,2,5000.0,8,0,0
2500,156,2,5000.0,9,0,0
2500,157,2,4000.0,4,1,1
2500,158,2,4000.0,4,0,0
2500,159,2,4000.0,5,0,0
2500,160,2,13000.0,10,1,1
2500,161,2,6000.0,8,0,0
2500,164,2,7000.0,9,1,1
2500,165,5,25000.0,23,2,2
2500,166,2,5500.0,8,0,0
2500,167,2,12000.0,23,2,2
2500,169,2,5000.0,4,0,0
2500,171,2,7000.0,9,0,0
2500,172,2,5500.0,4,0,0
2500,173,2,6000.0,6,0,0
2500,174,2,6500.0,9,0,0
2500,176,5,25000.0,26,4,4
2500,177,5,25000.0,19,0,0
2500,178,5,25000.0,19,0,0
2500,181,2,6500.0,4,0,0
2500,182,2,11500.0,14,1,1
2500,185,2,7000.0,7,0,0
2500,186,2,7500.0,5,0,0
2500,187,2,9000.0,12,0,0
2500,191,2,7000.0,7,0,0
2500,192,2,9500.0,11,1,1
2500,194,5,25000.0,21,0,0
2500,195,5,12000.0,35,1,1
2500,197,2,12500.0,9,0,0
2500,200,2,8500.0,12,1,1
2500,204,2,8000.0,6,0,0
2500,208,4,25000.0,34,3,3
2500,209,2,9000.0,8,0,0
2500,210,2,8500.0,9,0,0
2500,214,2,9000.0,9,0,0
2500,218,2,9000.0,7,0,0
2500,219,2,8500.0,9,1,1
2500,224,2,9500.0,4,0,0
2500,227,2,11000.0,10,0,0
2500,228,2,10500.0,11,0,0
2500,229,2,9500.0,4,0,0
2500,231,2,9500.0,9,0,0
2500,234,2,10500.0,6,1,1
2500,235,2,10000.0,6,0,0
2500,236,2,12500.0,12,0,0
2500,237,2,11000.0,9,0,0
2500,242,2,11500.0,11,0,0
2500,244,2,11000.0,4,0,0
2500,245,2,12500.0,12,0,0
2500,247,2,14000.0,9,0,0
2500,248,2,12000.0,8,0,0
2500,251,2,14000.0,8,0,0
2500,253,5,25000.0,26,2,2
2500,254,4,19000.0,15,0,0
2500,255,3,14500.0,16,0,0
2500,256,2,13000.0,3,0,0
2500,258,2,13500.0,9,0,0
2500,259,2,15500.0,9,0,0
2500,261,2,14500.0,11,0,0
2500,263,3,14500.0,17,0,0
2500,264,3,14500.0,17,0,0
2500,265,2,15500.0,13,0,0
2500,268,2,20000.0,9,0,0
2500,270,2,15000.0,8,0,0
2500,271,5,25000.0,20,0,0
2500,272,4,20000.0,26,1,1
2500,274,2,14500.0,9,0,0
2500,276,2,15000.0,9,0,0
2500,278,2,14500.0,8,0,0
2500,279,2,25000.0,9,0,0
2500,283,5,25000.0,20,2,2
2500,284,4,25000.0,23,0,0
2500,287,2,17500.0,9,0,0
2500,289,2,15500.0,8,0,0
2500,290,5,25000.0,19,0,0
2500,291,2,17500.0,13,0,0
2500,292,2,16500.0,9,0,0
2500,293,2,16000.0,11,0,0
2500,294,2,15500.0,7,0,0
2500,297,2,16500.0,9,0,0
2500,298,2,17000.0,11,1,1
2500,299,3,19000.0,16,0,0
2500,301,2,18000.0,11,0,0
2500,302,2,16500.0,6,0,0
2500,304,2,18500.0,11,0,0
2500,305,2,18000.0,9,0,0
2500,306,3,25000.0,17,0,0
2500,308,5,25000.0,20,1,1
2500,309,2,19500.0,9,0,0
2500,310,2,23500.0,9,0,0
2500,311,3,20500.0,17,0,0
2500,314,2,19000.0,9,0,0
2500,317,2,21500.0,8,1,1
2500,318,4,20500.0,14,0,0
2500,319,4,25000.0,19,0,0
2500,321,2,19500.0,11,0,0
2500,323,5,21500.0,22,0,0
2500,324,3,20000.0,17,0,0
2500,325,2,21500.0,9,0,0
2500,329,3,20000.0,13,0,0
2500,330,2,21000.0,9,0,0
2500,334,4,25000.0,16,0,0
2500,336,2,21500.0,9,0,0
2500,337,2,23500.0,10,0,0
2500,338,2,21500.0,8,0,0
2500,339,2,20500.0,9,0,0
2500,340,2,21500.0,12,0,0
2500,341,2,22000.0,13,0,0
2500,342,2,21000.0,9,0,0
2500,344,3,25000.0,17,0,0
2500,348,2,21500.0,8,0,0
2500,349,2,21500.0,9,0,0
2500,350,2,23000.0,10,0,0
2500,351,5,25000.0,24,0,0
2500,352,4,25000.0,16,0,0
2500,353,2,25000.0,8,0,0
2500,355,2,25000.0,9,0,0
2500,356,2,25000.0,8,0,0
2500,360,5,25000.0,19,0,0
2500,361,2,25000.0,9,0,0
2500,362,2,25000.0,9,0,0
2500,363,2,25000.0,10,0,0
2500,364,2,25000.0,10,0,0
2500,367,2,25000.0,10,0,0
2500,370,2,25000.0,9,0,0
2500,0,5,25000.0,62,5,5
2500,9,4,12500.0,26,0,0
2500,14,2,14000.0,26,6,6
2500,22,5,25000.0,77,9,9
2500,26,5,25000.0,60,7,7
2500,32,4,20000.0,41,3,3
2500,34,2,1000.0,2,1,1
2500,49,3,25000.0,46,6,6
2500,53,2,10500.0,19,1,1
2500,56,2,4500.0,7,0,0
2500,65,2,1000.0,1,0,0
2500,69,2,5500.0,9,3,3
2500,74,2,1500.0,0,0,0
2500,85,2,2500.0,4,1,1
2500,87,2,3000.0,4,0,0
2500,89,2,1000.0,5,0,0
2500,92,2,1500.0,1,0,0
2500,93,2,1500.0,3,0,0
2500,94,2,1000.0,2,0,0
2500,97,5,25000.0,33,4,4
2500,98,2,2000.0,4,0,0
2500,99,2,2500.0,2,2,2
2500,100,2,6500.0,6,1,1
2500,102,2,2000.0,3,0,0
2500,103,2,2500.0,6,0,0
2500,104,2,4000.0,5,1,1
2500,107,2,2500.0,5,0,0
2500,108,5,25000.0,37,3,3
2500,113,2,3500.0,5,1,1
2500,114,5,25000.0,42,7,7
2500,115,5,25000.0,44,4,4
2500,116,3,5500.0,9,2,2
2500,120,2,4500.0,3,0,0
2500,121,3,25000.0,28,5,5
2500,122,2,5500.0,9,0,0
2500,123,2,4500.0,3,0,0
2500,124,2,4500.0,4,1,1
2500,131,2,7500.0,8,1,1
2500,132,2,7000.0,9,0,0
2500,133,2,6500.0,6,1,1
2500,134,4,25000.0,44,4,4
2500,135,2,6000.0,4,0,0
2500,138,2,6000.0,3,0,0
2500,139,2,6500.0,3,0,0
2500,140,4,9000.0,12,0,0
2500,141,5,25000.0,29,3,3
2500,142,3,18500.0,10,0,0
2500,143,2,9000.0,8,0,0
2500,145,3,10500.0,17,0,0
2500,146,3,25000.0,10,0,0
2500,147,5,25000.0,30,4,4
2500,149,2,8000.0,6,0,0
2500,156,2,8500.0,3,0,0
2500,157,2,9000.0,7,0,0
2500,158,2,9000.0,6,0,0
2500,159,4,11000.0,24,0,0
2500,160,4,13500.0,24,1,1
2500,161,2,10500.0,8,0,0
2500,163,2,9500.0,8,0,0
2500,164,2,9500.0,9,1,1
2500,165,5,25000.0,29,2,2
2500,166,5,12500.0,21,0,0
2500,167,2,17500.0,13,1,1
2500,168,2,11000.0,9,0,0
2500,169,2,11500.0,9,0,0
2500,171,2,10000.0,6,0,0
2500,173,2,11000.0,8,0,0
2500,174,2,10500.0,8,0,0
2500,175,2,11000.0,8,1,1
2500,176,4,13500.0,16,0,0
2500,177,3,13000.0,10,1,1
2500,178,2,11500.0,9,0,0
2500,180,3,22500.0,16,1,1
2500,181,5,25000.0,23,0,0
2500,182,2,10500.0,4,0,0
2500,183,2,10500.0,5,0,0
2500,184,2,11000.0,10,1,1
2500,186,2,10500.0,7,0,0
2500,187,2,12000.0,10,1,1
2500,188,2,11000.0,10,0,0
2500,189,2,12000.0,9,0,0
2500,190,2,10500.0,4,0,0
2500,191,2,12000.0,8,0,0
2500,193,5,25000.0,24,1,1
2500,194,2,12000.0,7,0,0
2500,195,2,12500.0,8,0,0
2500,196,3,12500.0,12,0,0
2500,197,3,25000.0,19,2,2
2500,199,2,20000.0,13,2,2
2500,200,2,13500.0,10,0,0
2500,204,5,25000.0,20,1,1
2500,205,5,25000.0,23,3,3
2500,207,2,13500.0,6,0,0
2500,208,2,14500.0,8,0,0
2500,209,2,15500.0,9,1,1
2500,213,4,18000.0,17,0,0
2500,214,5,25000.0,27,3,3
2500,215,2,15500.0,9,0,0
2500,216,2,14000.0,3,0,0
2500,217,2,15000.0,9,0,0
2500,218,2,15500.0,10,1,1
2500,219,5,15000.0,14,0,0
2500,220,2,16000.0,12,0,0
2500,221,2,16000.0,10,0,0
2500,222,2,15500.0,9,0,0
2500,223,2,15000.0,7,0,0
2500,228,2,16000.0,9,0,0
2500,230,2,15500.0,9,0,0
2500,231,2,15500.0,4,0,0
2500,234,2,16500.0,9,0,0
2500,237,5,25000.0,30,1,1
2500,239,2,17500.0,10,0,0
2500,240,2,17000.0,8,0,0
2500,244,2,18500.0,9,0,0
2500,247,2,17000.0,7,0,0
2500,248,2,18000.0,9,0,0
2500,249,2,17500.0,10,0,0
2500,252,2,19000.0,11,0,0
2500,253,4,18500.0,23,0,0
2500,254,4,19500.0,25,0,0
2500,256,2,19500.0,8,0,0
2500,257,2,25000.0,8,0,0
2500,261,3,18000.0,10,0,0
2500,262,3,21000.0,13,0,0
2500,265,2,19500.0,8,0,0
2500,268,2,18500.0,9,0,0
2500,269,2,18500.0,3,0,0
2500,270,2,21000.0,9,0,0
2500,271,2,19500.0,10,0,0
2500,272,5,24500.0,19,0,0
2500,274,2,19000.0,8,0,0
2500,276,2,19000.0,6,0,0
2500,279,2,19500.0,9,0,0
2500,281,2,19500.0,9,0,0
2500,282,4,23500.0,18,0,0
2500,283,3,25000.0,11,1,1
2500,284,3,25000.0,14,1,1
2500,288,3,21500.0,8,0,0
2500,293,2,21500.0,9,0,0
2500,295,4,23500.0,15,0,0
2500,296,8,25000.0,30,0,0
2500,297,5,25000.0,19,0,0
2500,298,3,25000.0,17,0,0
2500,299,2,23500.0,10,0,0
2500,301,2,23000.0,9,0,0
2500,302,2,24500.0,9,0,0
2500,303,2,23500.0,9,0,0
2500,311,2,24000.0,9,0,0
2500,312,2,24500.0,9,0,0
2500,317,2,24500.0,11,0,0
2500,319,2,25000.0,8,0,0
2500,320,2,24500.0,9,0,0
2500,321,3,25000.0,11,0,0
2500,324,2,25000.0,6,0,0
2500,325,3,25000.0,10,0,0
2500,1,2,2000.0,5,0,0
2500,4,5,25000.0,52,5,5
2500,6,2,8500.0,19,2,2
2500,7,5,25000.0,51,7,7
2500,13,5,25000.0,55,5,5
2500,14,5,25000.0,40,3,3
2500,25,5,25000.0,38,1,1
2500,33,3,21000.0,22,1,1
2500,49,4,5500.0,19,1,1
2500,52,5,14000.0,52,4,4
2500,53,5,25000.0,51,7,7
2500,70,5,25000.0,40,3,3
2500,72,4,13500.0,51,6,6
2500,74,2,1000.0,0,0,0
2500,75,2,2500.0,5,0,0
2500,78,2,1000.0,2,0,0
2500,80,2,1000.0,2,0,0
2500,82,2,1000.0,2,0,0
2500,83,2,1500.0,2,0,0
2500,84,2,1500.0,4,0,0
2500,85,2,1500.0,3,0,0
2500,86,2,2500.0,3,0,0
2500,87,2,4500.0,8,1,1
2500,88,5,10000.0,28,2,2
2500,90,2,2000.0,2,0,0
2500,91,2,3000.0,1,0,0
2500,92,5,25000.0,52,8,8
2500,93,2,5000.0,4,1,1
2500,95,2,5000.0,7,1,1
2500,100,2,5500.0,9,1,1
2500,102,2,3500.0,5,0,0
2500,104,2,3000.0,8,1,1
2500,105,2,4500.0,9,0,0
2500,107,5,7500.0,27,1,1
2500,108,2,3500.0,2,0,0
2500,111,5,25000.0,34,4,4
2500,112,2,5000.0,6,3,3
2500,114,2,4000.0,1,0,0
2500,115,2,4500.0,7,1,1
2500,116,5,25000.0,39,5,5
2500,117,5,6500.0,17,1,1
2500,118,4,25000.0,32,3,3
2500,123,2,5000.0,5,0,0
2500,125,2,5000.0,5,0,0
2500,127,2,6500.0,9,3,3
2500,129,2,8000.0,13,2,2
2500,132,2,7000.0,6,1,1
2500,134,2,8500.0,9,0,0
2500,135,2,6000.0,6,0,0
2500,136,2,6500.0,6,0,0
2500,137,2,6000.0,6,0,0
2500,140,4,7000.0,12,1,1
2500,141,5,25000.0,38,3,3
2500,142,3,8500.0,21,1,1
2500,143,2,8000.0,11,0,0
2500,144,2,8000.0,6,1,1
2500,146,2,7000.0,7,0,0
2500,147,4,10500.0,14,1,1
2500,148,2,8000.0,5,0,0
2500,150,2,9000.0,9,0,0
2500,153,4,25000.0,28,2,2
2500,154,2,10000.0,5,0,0
2500,155,2,9500.0,4,0,0
2500,157,3,11500.0,13,0,0
2500,158,2,10000.0,5,0,0
2500,159,2,11500.0,9,0,0
2500,163,2,13000.0,8,0,0
2500,167,5,25000.0,39,5,5
2500,168,2,13500.0,8,0,0
2500,169,5,25000.0,24,1,1
2500,170,5,25000.0,27,2,2
2500,172,2,12500.0,10,0,0
2500,173,2,12500.0,4,0,0
2500,176,2,15500.0,9,0,0
2500,177,2,12500.0,9,0,0
2500,179,2,12500.0,5,0,0
2500,180,2,13500.0,9,0,0
2500,182,2,13000.0,5,0,0
2500,184,2,12500.0,9,0,0
2500,185,2,12500.0,6,0,0
2500,186,5,25000.0,20,0,0
2500,187,5,25000.0,23,1,1
2500,188,2,13500.0,9,0,0
2500,190,5,20000.0,33,1,1
2500,192,2,16500.0,14,1,1
2500,194,2,15000.0,8,0,0
2500,195,5,15500.0,19,0,0
2500,197,2,15000.0,3,0,0
2500,200,2,15500.0,4,0,0
2500,202,2,16500.0,10,0,0
2500,206,5,19000.0,25,1,1
2500,209,2,17000.0,10,0,0
2500,211,2,17000.0,9,0,0
2500,215,2,18500.0,9,0,0
2500,217,3,18000.0,8,0,0
2500,221,2,18000.0,7,0,0
2500,222,2,19000.0,9,0,0
2500,223,2,18000.0,9,0,0
2500,226,4,25000.0,15,0,0
2500,227,5,20500.0,20,0,0
2500,228,2,20000.0,9,0,0
2500,231,2,20000.0,5,0,0
2500,233,2,20500.0,9,0,0
2500,235,2,20500.0,8,0,0
2500,236,4,24000.0,19,1,1
2500,237,5,24000.0,21,0,0
2500,238,2,21000.0,5,0,0
2500,241,3,25000.0,17,0,0
2500,244,4,24500.0,24,0,0
2500,245,3,22000.0,13,0,0
2500,246,2,25000.0,9,0,0
2500,251,2,23000.0,8,0,0
2500,252,2,23500.0,11,0,0
2500,253,3,25000.0,13,0,0
2500,254,5,25000.0,31,0,0
2500,255,2,25000.0,9,0,0
2500,257,2,25000.0,9,0,0
2500,258,2,24500.0,6,0,0
2500,260,2,25000.0,9,0,0
2500,262,2,25000.0,9,0,0
2500,263,3,25000.0,13,0,0
2500,265,5,25000.0,20,0,0
2500,266,2,25000.0,7,1,1
2500,267,2,25000.0,9,0,0
2500,269,2,25000.0,7,0,0
2500,4,2,2000.0,3,0,0
2500,7,5,25000.0,72,6,6
2500,9,5,25000.0,51,3,3
2500,10,5,25000.0,46,4,4
2500,18,2,5000.0,13,1,1
2500,22,2,3000.0,5,1,1
2500,26,2,2000.0,1,0,0
2500,38,4,6500.0,15,1,1
2500,51,4,24000.0,29,1,1
2500,52,2,2000.0,2,0,0
2500,63,2,1500.0,1,0,0
2500,66,3,22000.0,41,5,5
2500,85,5,25000.0,66,5,5
2500,91,4,14000.0,45,9,9
2500,92,5,25000.0,71,7,7
2500,94,5,21000.0,60,8,8
2500,101,4,25000.0,45,7,7
2500,104,5,25000.0,41,6,6
2500,106,2,2000.0,6,1,1
2500,108,4,3000.0,7,0,0
2500,110,2,3500.0,6,0,0
2500,111,2,1500.0,2,0,0
2500,112,2,5000.0,9,0,0
2500,115,2,2000.0,1,0,0
2500,118,2,2000.0,3,0,0
2500,120,2,2000.0,2,0,0
2500,121,2,4000.0,7,1,1
2500,123,5,25000.0,53,6,6
2500,124,2,4500.0,8,1,1
2500,125,2,3000.0,2,0,0
2500,129,5,6000.0,16,0,0
2500,130,3,4500.0,0,0,0
2500,132,3,5500.0,3,1,1
2500,135,2,8500.0,9,0,0
2500,136,2,10000.0,9,0,0
2500,138,2,8500.0,5,1,1
2500,139,2,9000.0,8,0,0
2500,142,2,8000.0,9,0,0
2500,143,2,9000.0,7,0,0
2500,147,2,8000.0,3,0,0
2500,148,2,9000.0,6,1,1
2500,149,2,9000.0,1,0,0
2500,151,2,8500.0,7,0,0
2500,152,2,9000.0,8,0,0
2500,153,2,9000.0,5,0,0
2500,154,2,8500.0,10,0,0
2500,159,2,10000.0,8,0,0
2500,161,5,25000.0,30,2,2
2500,163,5,13000.0,28,2,2
2500,164,2,10500.0,9,0,0
2500,166,2,10000.0,6,0,0
2500,168,5,25000.0,22,1,1
2500,173,4,19500.0,23,0,0
2500,174,4,25000.0,29,1,1
2500,175,3,17000.0,22,2,2
2500,176,2,13000.0,6,0,0
2500,179,2,12500.0,8,0,0
2500,181,2,11500.0,5,0,0
2500,182,4,25000.0,26,1,1
2500,183,4,25000.0,29,2,2
2500,184,2,13500.0,8,1,1
2500,186,2,12000.0,6,0,0
2500,187,2,12000.0,4,0,0
2500,190,5,25000.0,27,2,2
2500,191,5,25000.0,33,1,1
2500,192,2,13500.0,8,0,0
2500,194,2,13000.0,8,0,0
2500,196,2,14500.0,11,0,0
2500,199,2,14000.0,7,0,0
2500,203,5,25000.0,22,2,2
2500,205,5,25000.0,24,3,3
2500,207,5,25000.0,18,0,0
2500,208,2,17000.0,8,0,0
2500,209,5,25000.0,20,0,0
2500,210,5,25000.0,20,1,1
2500,211,2,16000.0,9,0,0
2500,212,2,16000.0,5,0,0
2500,213,2,17000.0,8,0,0
2500,217,2,16000.0,5,0,0
2500,218,2,16000.0,5,0,0
2500,219,2,16000.0,7,0,0
2500,220,2,16000.0,5,0,0
2500,221,2,16500.0,9,0,0
2500,223,4,25000.0,20,2,2
2500,224,2,17000.0,9,0,0
2500,225,2,16500.0,5,0,0
2500,226,2,18000.0,9,0,0
2500,227,2,18500.0,9,0,0
2500,228,3,18000.0,17,0,0
2500,229,5,25000.0,28,3,3
2500,230,5,25000.0,20,0,0
2500,233,2,18000.0,9,0,0
2500,237,2,19000.0,9,0,0
2500,240,2,18000.0,9,0,0
2500,243,3,22500.0,17,0,0
2500,244,4,25000.0,14,0,0
2500,245,2,18500.0,9,0,0
2500,246,2,18500.0,9,0,0
2500,250,2,19500.0,10,1,1
2500,251,2,20000.0,9,0,0
2500,253,2,19000.0,8,0,0
2500,254,2,19500.0,9,0,0
2500,255,2,21500.0,12,0,0
2500,256,2,19500.0,2,0,0
2500,257,2,19500.0,6,0,0
2500,258,2,20500.0,9,2,2
2500,260,5,25000.0,22,0,0
2500,264,4,25000.0,23,0,0
2500,265,2,20000.0,8,0,0
2500,267,2,21000.0,9,0,0
2500,268,2,20000.0,7,0,0
2500,271,3,24000.0,16,2,2
2500,272,2,21000.0,10,0,0
2500,281,5,25000.0,23,2,2
2500,282,5,25000.0,20,0,0
2500,283,5,25000.0,23,0,0
2500,284,5,25000.0,30,0,0
2500,285,2,22000.0,9,0,0
2500,293,3,24500.0,10,0,0
2500,294,5,23500.0,21,0,0
2500,295,5,25000.0,20,0,0
2500,301,2,24500.0,9,0,0
2500,303,2,25000.0,9,0,0
2500,306,5,25000.0,28,0,0
2500,307,5,25000.0,20,0,0
2500,308,5,25000.0,33,0,0
2500,309,2,24500.0,9,0,0
2500,310,2,25000.0,8,0,0
2500,311,2,25000.0,8,0,0
2500,312,3,25000.0,18,0,0
2500,313,4,25000.0,18,0,0
2500,314,4,25000.0,16,1,1
2500,315,4,25000.0,18,0,0
2500,316,2,25000.0,8,0,0
2500,317,2,25000.0,11,0,0
2500,320,2,25000.0,11,0,0
2500,321,2,25000.0,10,0,0
2500,323,2,25000.0,9,0,0
2500,324,2,25000.0,8,0,0
2500,328,2,25000.0,12,0,0
2500,331,2,25000.0,9,0,0
2500,0,5,25000.0,49,2,2
2500,1,5,25000.0,48,3,3
2500,10,5,25000.0,48,3,3
2500,12,4,25000.0,35,2,2
2500,13,5,25000.0,47,5,5
2500,23,5,25000.0,57,5,5
2500,28,5,25000.0,43,3,3
2500,34,7,25000.0,61,6,6
2500,39,5,25000.0,49,5,5
2500,45,5,25000.0,60,6,6
2500,46,5,25000.0,38,2,2
2500,47,5,25000.0,47,3,3
2500,49,5,25000.0,37,1,1
2500,50,4,25000.0,28,3,3
2500,58,2,3000.0,5,1,1
2500,60,2,3500.0,8,1,1
2500,62,2,1000.0,5,0,0
2500,63,5,25000.0,58,8,8
2500,64,5,4000.0,20,1,1
2500,66,2,2000.0,4,0,0
2500,67,2,1500.0,4,0,0
2500,71,5,25000.0,25,2,2
2500,76,2,1500.0,1,0,0
2500,77,3,6500.0,8,1,1
2500,81,5,25000.0,46,7,7
2500,83,2,3000.0,3,0,0
2500,86,4,25000.0,21,2,2
2500,90,4,4500.0,2,0,0
2500,91,2,6000.0,8,2,2
2500,99,2,6000.0,2,0,0
2500,100,3,8000.0,18,1,1
2500,102,2,7000.0,11,1,1
2500,103,2,6000.0,6,0,0
2500,104,2,6500.0,3,0,0
2500,105,2,7000.0,9,0,0
2500,109,2,8000.0,8,1,1
2500,111,4,8500.0,17,0,0
2500,115,2,9500.0,9,0,0
2500,118,4,9500.0,14,0,0
2500,121,2,8000.0,4,0,0
2500,123,4,25000.0,19,2,2
2500,124,5,11000.0,18,1,1
2500,125,2,9500.0,8,0,0
2500,129,2,9500.0,6,0,0
2500,130,3,23000.0,16,0,0
2500,131,2,9000.0,3,0,0
2500,133,5,25000.0,24,0,0
2500,134,5,12000.0,19,0,0
2500,135,5,25000.0,21,0,0
2500,136,3,10000.0,3,0,0
2500,137,2,10500.0,10,0,0
2500,139,2,15500.0,10,0,0
2500,141,2,10000.0,6,0,0
2500,142,2,12000.0,8,0,0
2500,143,2,12000.0,9,0,0
2500,145,3,11500.0,11,0,0
2500,146,4,11000.0,6,0,0
2500,150,2,15000.0,10,1,1
2500,151,2,12000.0,7,0,0
2500,152,4,12000.0,10,0,0
2500,155,2,15000.0,9,0,0
2500,156,2,12500.0,9,0,0
2500,160,2,13500.0,11,3,3
2500,161,2,13000.0,5,0,0
2500,163,2,15500.0,11,1,1
2500,164,2,13500.0,9,0,0
2500,166,2,16500.0,9,0,0
2500,168,3,15000.0,16,0,0
2500,169,3,13500.0,7,0,0
2500,170,3,13500.0,9,0,0
2500,173,2,15500.0,9,0,0
2500,175,2,14000.0,8,0,0
2500,177,2,14000.0,9,0,0
2500,178,2,13500.0,8,0,0
2500,182,2,14000.0,9,0,0
2500,184,2,14000.0,9,0,0
2500,186,2,15500.0,8,0,0
2500,187,2,15000.0,6,0,0
2500,188,2,15000.0,3,0,0
2500,190,2,16000.0,11,1,1
2500,193,5,25000.0,26,0,0
2500,194,2,15500.0,9,0,0
2500,197,2,16500.0,9,0,0
2500,198,5,25000.0,20,0,0
2500,199,4,25000.0,22,0,0
2500,200,4,25000.0,15,0,0
2500,201,2,25000.0,9,0,0
2500,203,5,25000.0,21,1,1
2500,204,2,18000.0,9,0,0
2500,207,2,19000.0,7,0,0
2500,208,2,19000.0,8,0,0
2500,209,4,19000.0,9,0,0
2500,210,2,21000.0,10,0,0
2500,213,2,19000.0,5,0,0
2500,214,2,20500.0,9,0,0
2500,215,2,20000.0,16,3,3
2500,216,2,19500.0,8,0,0
2500,219,2,20500.0,9,0,0
2500,220,2,20000.0,8,0,0
2500,221,2,19500.0,6,0,0
2500,222,3,25000.0,13,0,0
2500,223,5,20500.0,21,1,1
2500,224,5,25000.0,19,0,0
2500,225,2,21000.0,9,0,0
2500,226,5,25000.0,19,0,0
2500,227,5,25000.0,24,0,0
2500,228,5,25000.0,23,0,0
2500,230,2,22000.0,14,1,1
2500,233,2,20500.0,9,0,0
2500,235,3,20500.0,12,0,0
2500,236,2,21000.0,9,0,0
2500,237,2,21000.0,9,0,0
2500,238,2,23000.0,9,0,0
2500,239,2,21000.0,9,0,0
2500,240,2,24500.0,8,0,0
2500,241,5,25000.0,30,0,0
2500,243,2,22000.0,9,0,0
2500,245,2,21500.0,9,0,0
2500,246,2,22000.0,10,1,1
2500,248,4,23500.0,24,0,0
2500,250,2,21500.0,9,0,0
2500,251,2,24000.0,9,1,1
2500,256,2,22500.0,9,0,0
2500,257,2,22000.0,7,0,0
2500,258,2,24500.0,9,0,0
2500,259,2,22000.0,9,0,0
2500,262,2,23500.0,8,0,0
2500,263,2,25000.0,8,0,0
2500,265,2,24000.0,10,0,0
2500,266,3,25000.0,10,0,0
2500,272,5,25000.0,20,0,0
2500,273,3,25000.0,7,0,0
2500,274,3,25000.0,10,0,0
2500,0,5,25000.0,53,4,4
2500,1,3,25000.0,25,3,3
2500,11,5,25000.0,45,4,4
2500,13,4,6500.0,24,1,1
2500,15,3,25000.0,29,1,1
2500,30,5,13000.0,47,3,3
2500,34,3,25000.0,39,4,4
2500,35,5,25000.0,55,6,6
2500,42,5,25000.0,63,7,7
2500,65,5,25000.0,52,5,5
2500,84,2,3000.0,4,0,0
2500,87,5,25000.0,48,4,4
2500,92,5,25000.0,67,7,7
2500,93,5,4000.0,18,0,0
2500,94,2,2500.0,4,0,0
2500,98,2,1500.0,3,0,0
2500,99,5,2000.0,6,0,0
2500,100,2,1000.0,0,0,0
2500,101,2,10000.0,20,1,1
2500,103,5,25000.0,43,5,5
2500,104,2,1500.0,0,0,0
2500,105,5,8500.0,39,4,4
2500,106,3,25000.0,25,3,3
2500,107,2,2000.0,1,0,0
2500,109,4,25000.0,44,6,6
2500,110,5,4000.0,12,0,0
2500,111,3,3500.0,5,0,0
2500,112,2,5000.0,9,0,0
2500,115,4,10000.0,34,5,5
2500,116,5,6500.0,17,1,1
2500,117,2,5000.0,5,0,0
2500,118,2,10500.0,9,0,0
2500,127,2,4000.0,4,0,0
2500,132,5,7500.0,26,3,3
2500,133,5,16000.0,40,5,5
2500,134,3,6000.0,11,0,0
2500,136,2,5000.0,1,0,0
2500,140,2,6000.0,3,0,0
2500,143,2,7500.0,10,0,0
2500,144,2,5500.0,4,0,0
2500,145,5,23000.0,34,3,3
2500,147,2,6500.0,8,1,1
2500,148,2,7000.0,8,3,3
2500,149,3,7000.0,13,0,0
2500,152,5,25000.0,23,2,2
2500,154,2,6500.0,5,0,0
2500,157,2,6500.0,5,0,0
2500,161,2,7500.0,9,0,0
2500,168,2,7500.0,1,0,0
2500,169,2,8000.0,5,0,0
2500,171,4,11500.0,14,0,0
2500,172,5,25000.0,30,2,2
2500,173,5,25000.0,21,2,2
2500,174,3,11000.0,13,0,0
2500,175,2,8000.0,2,0,0
2500,176,2,8000.0,3,0,0
2500,177,2,10000.0,10,0,0
2500,182,2,10000.0,9,0,0
2500,183,2,10500.0,9,0,0
2500,184,4,23000.0,28,1,1
2500,185,5,25000.0,22,1,1
2500,186,5,25000.0,25,1,1
2500,190,2,10000.0,5,0,0
2500,191,4,25000.0,19,1,1
2500,192,2,12000.0,11,0,0
2500,194,2,11000.0,8,0,0
2500,195,2,12500.0,9,1,1
2500,196,2,11000.0,7,1,1
2500,197,2,12500.0,8,0,0
2500,204,2,12000.0,5,0,0
2500,205,5,25000.0,31,1,1
2500,206,5,17500.0,19,0,0
2500,208,2,13000.0,11,0,0
2500,209,5,25000.0,23,1,1
2500,210,5,25000.0,23,1,1
2500,211,5,25000.0,27,1,1
2500,214,2,18500.0,9,0,0
2500,215,2,14000.0,2,0,0
2500,217,2,20000.0,8,0,0
2500,218,6,25000.0,31,1,1
2500,219,5,15000.0,27,0,0
2500,220,2,14500.0,9,0,0
2500,223,2,15000.0,8,0,0
2500,224,2,14500.0,8,0,0
2500,228,2,15000.0,5,0,0
2500,230,2,15000.0,7,0,0
2500,231,5,25000.0,22,0,0
2500,236,4,21500.0,22,1,1
2500,237,5,18000.0,23,0,0
2500,238,2,20500.0,13,2,2
2500,239,2,25000.0,10,0,0
2500,240,2,17000.0,7,0,0
2500,244,2,21000.0,9,0,0
2500,245,2,21000.0,8,0,0
2500,248,2,18000.0,10,0,0
2500,253,2,17500.0,5,0,0
2500,255,2,17500.0,4,0,0
2500,256,2,17500.0,9,0,0
2500,259,2,18000.0,9,0,0
2500,260,4,18500.0,15,0,0
2500,261,5,22500.0,21,1,1
2500,262,5,25000.0,26,1,1
2500,264,2,25000.0,10,0,0
2500,265,5,25000.0,20,0,0
2500,268,3,20500.0,13,0,0
2500,272,2,20000.0,10,0,0
2500,273,2,20000.0,8,0,0
2500,275,5,25000.0,21,1,1
2500,276,2,22000.0,8,0,0
2500,284,2,21000.0,8,0,0
2500,285,2,23500.0,9,0,0
2500,292,4,25000.0,14,0,0
2500,293,4,22500.0,12,0,0
2500,294,5,22500.0,25,0,0
2500,296,2,23000.0,6,0,0
2500,297,5,25000.0,21,0,0
2500,300,2,25000.0,10,0,0
2500,304,2,24000.0,9,0,0
2500,306,2,25000.0,9,0,0
2500,309,5,25000.0,23,1,1
2500,311,2,25000.0,11,0,0
2500,312,2,25000.0,13,0,0
2500,313,3,25000.0,12,0,0
2500,315,3,25000.0,13,0,0
2500,316,2,25000.0,9,0,0
2500,0,5,25000.0,44,2,2
2500,1,4,25000.0,33,3,3
2500,3,2,2500.0,3,0,0
2500,4,5,25000.0,55,7,7
2500,9,5,11000.0,42,1,1
2500,24,3,22500.0,22,3,3
2500,25,5,25000.0,48,6,6
2500,29,4,25000.0,45,2,2
2500,33,5,25000.0,35,2,2
2500,34,4,12000.0,40,2,2
2500,38,5,25000.0,67,7,7
2500,40,4,24000.0,42,5,5
2500,45,2,1500.0,1,0,0
2500,49,2,1000.0,0,0,0
2500,50,2,11000.0,12,0,0
2500,54,5,25000.0,49,3,3
2500,55,5,19000.0,56,5,5
2500,59,2,1500.0,0,0,0
2500,60,2,1000.0,0,0,0
2500,61,2,1500.0,2,2,2
2500,63,2,2500.0,8,1,1
2500,64,2,1500.0,4,0,0
2500,65,2,2500.0,6,1,1
2500,66,2,3000.0,9,0,0
2500,68,2,1000.0,2,0,0
2500,69,5,25000.0,43,4,4
2500,70,3,7000.0,16,1,1
2500,71,2,2000.0,4,1,1
2500,75,5,4500.0,18,2,2
2500,77,2,2500.0,4,1,1
2500,78,2,2000.0,4,0,0
2500,79,2,2000.0,2,0,0
2500,81,4,4500.0,18,1,1
2500,82,5,4000.0,13,0,0
2500,83,2,6500.0,16,2,2
2500,85,2,3000.0,4,0,0
2500,86,2,2500.0,2,0,0
2500,87,2,2500.0,6,0,0
2500,88,2,4500.0,10,0,0
2500,89,2,3000.0,2,0,0
2500,90,2,3000.0,2,0,0
2500,93,2,4500.0,8,0,0
2500,94,2,4500.0,8,0,0
2500,95,5,20500.0,29,2,2
2500,97,4,4500.0,8,0,0
2500,98,4,5500.0,14,0,0
2500,99,2,4500.0,4,0,0
2500,100,2,6000.0,6,1,1
2500,101,2,9000.0,9,0,0
2500,102,2,5000.0,4,0,0
2500,103,2,6500.0,9,0,0
2500,104,2,5500.0,4,0,0
2500,106,2,6500.0,4,0,0
2500,108,5,10000.0,25,2,2
2500,109,5,25000.0,31,2,2
2500,110,2,6000.0,2,0,0
2500,111,2,6000.0,4,0,0
2500,113,2,10500.0,9,0,0
2500,115,2,6500.0,9,0,0
2500,117,3,6500.0,12,2,2
2500,118,2,7000.0,6,0,0
2500,119,2,6500.0,5,0,0
2500,120,2,6500.0,8,0,0
2500,121,2,7500.0,4,2,2
2500,123,2,6500.0,7,0,0
2500,124,2,9500.0,10,0,0
2500,125,2,7000.0,5,1,1
2500,127,5,25000.0,28,3,3
2500,128,2,7500.0,4,0,0
2500,129,2,7500.0,6,0,0
2500,130,2,8000.0,6,0,0
2500,132,2,7500.0,4,0,0
2500,135,5,25000.0,22,1,1
2500,137,4,25000.0,19,1,1
2500,138,2,9500.0,5,0,0
2500,139,2,10500.0,8,0,0
2500,140,2,11500.0,11,1,1
2500,141,2,10000.0,4,0,0
2500,144,4,25000.0,23,2,2
2500,148,2,11500.0,9,0,0
2500,149,2,11000.0,8,0,0
2500,151,5,25000.0,30,4,4
2500,152,5,25000.0,32,3,3
2500,153,4,12000.0,10,0,0
2500,154,2,14000.0,8,0,0
2500,157,2,13000.0,10,1,1
2500,158,2,13000.0,6,0,0
2500,160,2,12000.0,3,0,0
2500,161,2,22000.0,8,0,0
2500,163,2,12000.0,5,0,0
2500,164,2,13000.0,9,0,0
2500,166,4,25000.0,28,2,2
2500,167,2,13000.0,4,0,0
2500,168,2,13000.0,4,0,0
2500,170,2,17000.0,9,0,0
2500,171,5,25000.0,39,3,3
2500,172,2,14500.0,9,0,0
2500,173,2,13500.0,9,0,0
2500,174,2,14000.0,8,0,0
2500,176,2,14000.0,8,0,0
2500,180,2,14000.0,8,0,0
2500,182,2,15500.0,9,0,0
2500,183,3,16500.0,10,0,0
2500,184,5,17500.0,21,0,0
2500,185,3,25000.0,17,1,1
2500,186,3,17000.0,10,0,0
2500,188,2,18000.0,9,1,1
2500,190,2,16000.0,8,0,0
2500,196,2,16000.0,2,0,0
2500,198,2,16500.0,8,0,0
2500,200,2,20000.0,11,1,1
2500,203,2,17500.0,8,0,0
2500,204,5,25000.0,19,0,0
2500,205,2,20000.0,8,0,0
2500,206,2,17500.0,5,0,0
2500,209,5,25000.0,19,1,1
2500,210,2,19000.0,8,0,0
2500,212,3,25000.0,10,0,0
2500,213,4,21000.0,27,1,1
2500,216,2,19000.0,9,0,0
2500,218,4,25000.0,14,0,0
2500,219,2,19500.0,11,0,0
2500,221,2,19500.0,10,0,0
2500,222,2,22000.0,11,0,0
2500,229,2,23000.0,9,0,0
2500,230,5,20500.0,19,0,0
2500,231,2,21500.0,9,0,0
2500,232,2,21500.0,16,1,1
2500,233,3,24500.0,10,0,0
2500,235,2,25000.0,10,0,0
2500,237,2,22500.0,9,0,0
2500,240,2,22000.0,9,0,0
2500,241,2,22000.0,8,0,0
2500,243,2,22000.0,11,0,0
2500,244,2,22000.0,7,0,0
2500,245,2,22500.0,12,0,0
2500,246,4,25000.0,15,0,0
2500,247,2,24000.0,8,0,0
2500,249,2,23000.0,10,0,0
2500,250,2,22500.0,9,0,0
2500,252,2,23000.0,8,0,0
2500,255,2,23000.0,10,0,0
2500,256,4,25000.0,24,0,0
2500,259,2,24000.0,8,0,0
2500,261,2,24000.0,9,0,0
2500,263,2,24000.0,9,0,0
2500,264,2,24000.0,9,0,0
2500,266,2,25000.0,9,0,0
2500,12,5,25000.0,56,5,5
2500,13,5,25000.0,59,4,4
2500,14,5,15500.0,44,2,2
2500,15,5,25000.0,65,7,7
2500,25,5,25000.0,60,9,9
2500,34,2,6000.0,16,2,2
2500,47,2,5000.0,12,0,0
2500,49,4,25000.0,28,1,1
2500,64,2,1500.0,2,0,0
2500,68,4,3500.0,8,0,0
2500,72,3,10000.0,21,1,1
2500,74,5,25000.0,49,5,5
2500,75,2,1000.0,2,0,0
2500,77,2,3000.0,4,0,0
2500,78,2,1000.0,1,0,0
2500,80,5,25000.0,44,6,6
2500,81,2,1000.0,0,0,0
2500,82,2,2500.0,4,0,0
2500,83,2,2500.0,2,0,0
2500,84,2,1500.0,2,0,0
2500,85,5,25000.0,34,2,2
2500,88,2,2500.0,2,1,1
2500,89,5,25000.0,40,10,10
2500,90,4,4500.0,13,0,0
2500,91,2,6000.0,8,0,0
2500,92,2,4000.0,5,0,0
2500,95,2,3500.0,2,0,0
2500,96,2,4500.0,7,0,0
2500,97,2,4500.0,5,1,1
2500,98,2,3500.0,3,0,0
2500,104,5,25000.0,51,6,6
2500,105,4,25000.0,27,1,1
2500,107,2,3500.0,2,0,0
2500,108,2,3500.0,2,0,0
2500,109,2,3500.0,4,0,0
2500,110,4,25000.0,27,2,2
2500,111,3,8000.0,13,0,0
2500,112,4,6500.0,15,1,1
2500,118,2,4500.0,2,0,0
2500,119,5,25000.0,33,1,1
2500,120,3,25000.0,24,2,2
2500,121,2,8500.0,8,0,0
2500,122,5,25000.0,41,7,7
2500,123,4,25000.0,31,4,4
2500,129,4,25000.0,24,1,1
2500,130,3,6000.0,5,0,0
2500,132,2,6000.0,2,0,0
2500,133,4,10500.0,16,0,0
2500,135,5,18500.0,32,4,4
2500,136,3,10500.0,15,0,0
2500,137,3,9000.0,5,0,0
2500,138,2,9000.0,4,0,0
2500,139,2,11500.0,14,1,1
2500,141,5,25000.0,35,5,5
2500,144,2,10000.0,1,0,0
2500,146,2,10000.0,7,1,1
2500,148,5,25000.0,25,3,3
2500,149,5,25000.0,24,1,1
2500,150,5,25000.0,22,2,2
2500,151,2,12000.0,5,0,0
2500,152,2,12500.0,6,0,0
2500,154,5,25000.0,26,1,1
2500,158,5,25000.0,25,2,2
2500,159,4,13000.0,10,0,0
2500,161,2,14000.0,9,0,0
2500,162,2,14500.0,8,0,0
2500,165,3,25000.0,23,1,1
2500,167,2,15000.0,9,0,0
2500,170,2,23000.0,18,2,2
2500,173,2,15000.0,2,0,0
2500,177,2,16000.0,9,0,0
2500,178,2,16500.0,6,0,0
2500,179,2,17000.0,9,0,0
2500,188,2,17000.0,9,0,0
2500,191,5,17500.0,6,1,1
2500,196,2,18000.0,9,0,0
2500,198,5,25000.0,44,3,3
2500,199,2,18500.0,11,0,0
2500,202,4,19000.0,24,0,0
2500,207,2,21000.0,9,0,0
2500,211,2,19000.0,9,0,0
2500,213,2,19000.0,9,0,0
2500,214,2,21000.0,9,0,0
2500,215,2,19500.0,3,0,0
2500,216,4,25000.0,24,1,1
2500,217,2,20500.0,9,0,0
2500,219,2,20000.0,2,0,0
2500,220,2,20000.0,9,0,0
2500,223,2,20500.0,8,0,0
2500,224,4,25000.0,20,0,0
2500,227,2,21000.0,9,0,0
2500,228,5,25000.0,20,0,0
2500,231,2,22500.0,10,0,0
2500,232,2,21500.0,9,0,0
2500,233,2,21000.0,9,0,0
2500,238,3,22000.0,7,0,0
2500,241,2,22500.0,8,0,0
2500,242,2,23000.0,9,0,0
2500,243,2,23000.0,9,0,0
2500,244,5,25000.0,32,2,2
2500,249,2,25000.0,9,0,0
2500,251,2,23500.0,8,0,0
2500,252,2,23500.0,6,0,0
2500,253,4,24500.0,16,0,0
2500,254,4,25000.0,17,0,0
2500,255,2,24000.0,9,0,0
2500,256,2,25000.0,10,0,0
2500,257,2,24000.0,7,0,0
2500,261,2,24500.0,9,0,0
2500,264,2,25000.0,9,0,0
2500,265,5,25000.0,19,0,0
2500,267,2,25000.0,9,0,0
2500,269,2,25000.0,10,0,0
2500,272,2,25000.0,9,0,0
2500,275,2,25000.0,7,0,0
2500,277,2,25000.0,9,0,0
2500,278,2,25000.0,9,0,0
2500,12,5,25000.0,61,7,7
2500,24,5,25000.0,49,5,5
2500,28,5,25000.0,56,4,4
2500,29,4,2500.0,6,0,0
2500,42,5,25000.0,44,4,4
2500,59,6,25000.0,50,4,4
2500,60,4,5000.0,13,1,1
2500,65,2,2000.0,2,0,0
2500,73,5,25000.0,54,7,7
2500,79,3,3000.0,12,0,0
2500,81,2,3000.0,4,0,0
2500,86,2,1500.0,4,0,0
2500,91,2,1500.0,2,0,0
2500,93,5,3500.0,10,0,0
2500,94,5,25000.0,61,4,4
2500,97,2,1500.0,1,0,0
2500,98,2,1500.0,3,0,0
2500,99,2,3500.0,7,0,0
2500,100,2,3500.0,9,0,0
2500,103,2,5000.0,4,0,0
2500,105,2,4500.0,5,1,1
2500,107,2,3500.0,4,0,0
2500,108,2,4500.0,4,0,0
2500,109,2,3000.0,2,0,0
2500,110,5,25000.0,54,7,7
2500,111,5,25000.0,68,8,8
2500,115,5,5500.0,10,0,0
2500,116,2,5000.0,7,0,0
2500,117,2,4500.0,2,1,1
2500,118,2,6000.0,7,1,1
2500,119,4,10500.0,35,5,5
2500,120,5,25000.0,44,5,5
2500,122,2,6000.0,7,0,0
2500,124,2,5500.0,7,0,0
2500,125,2,5500.0,2,0,0
2500,126,2,5500.0,4,1,1
2500,127,2,6000.0,4,0,0
2500,131,2,5500.0,6,1,1
2500,132,2,11000.0,19,2,2
2500,133,2,5500.0,3,0,0
2500,136,2,5500.0,4,2,2
2500,137,3,25000.0,24,4,4
2500,138,3,6000.0,5,2,2
2500,139,3,6000.0,4,1,1
2500,140,4,8000.0,16,4,4
2500,141,5,25000.0,45,6,6
2500,142,3,6500.0,5,1,1
2500,148,2,6000.0,6,1,1
2500,150,2,8500.0,8,0,0
2500,152,2,8000.0,11,1,1
2500,154,5,25000.0,38,3,3
2500,155,5,25000.0,28,3,3
2500,156,2,7000.0,6,0,0
2500,157,2,7000.0,8,0,0
2500,159,2,7000.0,3,1,1
2500,161,2,7500.0,3,0,0
2500,162,2,7500.0,5,0,0
2500,163,2,8500.0,11,1,1
2500,164,2,7500.0,2,0,0
2500,166,3,10000.0,18,1,1
2500,168,2,8500.0,9,0,0
2500,171,2,8500.0,7,0,0
2500,172,5,25000.0,19,0,0
2500,173,3,14500.0,17,0,0
2500,174,3,12000.0,17,0,0
2500,175,2,13500.0,9,0,0
2500,176,2,9500.0,11,0,0
2500,177,2,9000.0,2,0,0
2500,178,2,10500.0,9,0,0
2500,180,2,9000.0,6,0,0
2500,181,2,9000.0,8,1,1
2500,182,2,9500.0,3,0,0
2500,184,5,19500.0,20,0,0
2500,185,2,11000.0,9,0,0
2500,186,2,11500.0,8,0,0
2500,187,2,10000.0,3,0,0
2500,188,2,10500.0,5,0,0
2500,190,2,10500.0,5,0,0
2500,192,2,11500.0,11,1,1
2500,194,2,10500.0,1,0,0
2500,195,5,25000.0,30,2,2
2500,196,4,13000.0,15,0,0
2500,199,4,12000.0,4,1,1
2500,206,5,25000.0,20,3,3
2500,207,5,25000.0,33,2,2
2500,214,2,14500.0,7,0,0
2500,218,2,15500.0,10,0,0
2500,219,2,17000.0,10,0,0
2500,220,2,25000.0,10,1,1
2500,222,5,25000.0,21,0,0
2500,223,3,17000.0,13,0,0
2500,226,2,18000.0,8,0,0
2500,229,2,18000.0,11,1,1
2500,231,2,17500.0,7,0,0
2500,232,2,18000.0,9,0,0
2500,234,2,19000.0,9,0,0
2500,235,2,17500.0,4,0,0
2500,238,2,18500.0,9,0,0
2500,242,3,20500.0,17,0,0
2500,243,5,19500.0,12,0,0
2500,244,2,19500.0,3,0,0
2500,246,2,19500.0,8,0,0
2500,251,2,22000.0,9,0,0
2500,253,2,21000.0,10,0,0
2500,254,2,22500.0,8,0,0
2500,255,5,25000.0,21,0,0
2500,256,5,20500.0,18,0,0
2500,257,5,25000.0,23,2,2
2500,260,2,20500.0,9,0,0
2500,262,2,22500.0,11,0,0
2500,263,2,21000.0,9,0,0
2500,264,2,23000.0,8,0,0
2500,265,2,21000.0,9,0,0
2500,266,2,21500.0,9,0,0
2500,267,2,21500.0,8,0,0
2500,270,2,22000.0,6,0,0
2500,271,2,22500.0,8,0,0
2500,272,2,23000.0,8,0,0
2500,276,5,25000.0,20,0,0
2500,277,2,23500.0,10,0,0
2500,278,2,25000.0,9,0,0
2500,279,2,23000.0,10,0,0
2500,280,2,23000.0,7,0,0
2500,281,3,24500.0,18,0,0
2500,283,2,25000.0,10,0,0
2500,284,2,23500.0,6,0,0
2500,287,2,25000.0,9,1,1
2500,288,5,25000.0,20,0,0
2500,290,2,25000.0,9,0,0
2500,291,2,25000.0,10,0,0
2500,294,2,25000.0,9,0,0
2500,16,5,25000.0,41,2,2
2500,22,5,25000.0,54,8,8
2500,27,3,11500.0,29,2,2
2500,28,5,25000.0,58,6,6
2500,30,4,25000.0,55,5,5
2500,43,2,7000.0,10,3,3
2500,56,5,25000.0,72,8,8
2500,63,2,8500.0,12,1,1
2500,64,2,1000.0,3,0,0
2500,70,2,17000.0,34,8,8
2500,72,3,9000.0,23,3,3
2500,78,5,25000.0,71,10,10
2500,79,5,25000.0,60,6,6
2500,80,3,3500.0,3,0,0
2500,81,3,2000.0,4,0,0
2500,83,2,4500.0,5,0,0
2500,87,2,6500.0,14,2,2
2500,89,2,2000.0,1,0,0
2500,91,2,2500.0,4,0,0
2500,92,2,3000.0,5,0,0
2500,93,5,3500.0,5,0,0
2500,95,2,5500.0,8,0,0
2500,96,5,25000.0,56,10,10
2500,97,4,8000.0,19,3,3
2500,98,2,4500.0,0,0,0
2500,101,2,4500.0,0,0,0
2500,102,2,7000.0,9,0,0
2500,107,2,5000.0,4,1,1
2500,108,2,4500.0,1,0,0
2500,109,2,14000.0,20,2,2
2500,110,2,5000.0,3,0,0
2500,111,4,5000.0,0,0,0
2500,112,4,6500.0,5,0,0
2500,113,3,25000.0,30,3,3
2500,114,2,9000.0,10,0,0
2500,117,2,6000.0,4,0,0
2500,118,2,19000.0,12,1,1
2500,121,4,9000.0,17,1,1
2500,122,2,8500.0,9,0,0
2500,123,4,13500.0,16,0,0
2500,124,3,12000.0,18,2,2
2500,127,2,7500.0,5,0,0
2500,130,2,7500.0,3,0,0
2500,133,2,11500.0,9,0,0
2500,134,2,9500.0,6,0,0
2500,136,2,10000.0,4,0,0
2500,138,3,17500.0,13,2,2
2500,139,2,10500.0,6,0,0
2500,144,2,11000.0,7,0,0
2500,145,2,11000.0,5,0,0
2500,146,2,11000.0,3,0,0
2500,147,2,11500.0,3,0,0
2500,149,3,25000.0,13,0,0
2500,150,3,19000.0,32,3,3
2500,154,2,15000.0,9,0,0
2500,155,2,12000.0,5,1,1
2500,157,4,25000.0,15,0,0
2500,158,5,14000.0,22,1,1
2500,159,2,13000.0,3,0,0
2500,161,5,25000.0,30,0,0
2500,162,4,15500.0,21,1,1
2500,167,2,14000.0,8,0,0
2500,168,5,25000.0,24,3,3
2500,169,5,25000.0,27,3,3
2500,172,2,15000.0,8,1,1
2500,175,2,20500.0,8,0,0
2500,179,2,15500.0,9,0,0
2500,184,2,18500.0,9,0,0
2500,190,4,18000.0,18,0,0
2500,191,3,16500.0,16,0,0
2500,192,3,16500.0,13,1,1
2500,193,2,15000.0,5,0,0
2500,196,5,25000.0,21,0,0
2500,197,2,15500.0,11,1,1
2500,199,2,16000.0,9,0,0
2500,200,2,16000.0,8,0,0
2500,201,2,15500.0,12,0,0
2500,202,5,25000.0,19,0,0
2500,203,2,18000.0,13,0,0
2500,205,3,20500.0,17,0,0
2500,207,2,17500.0,9,0,0
2500,210,2,19000.0,9,0,0
2500,211,2,20000.0,10,1,1
2500,216,2,19000.0,9,0,0
2500,218,5,25000.0,28,0,0
2500,226,5,25000.0,29,0,0
2500,227,5,25000.0,19,1,1
2500,231,2,21000.0,9,0,0
2500,232,2,21000.0,3,0,0
2500,234,2,22500.0,13,0,0
2500,236,5,25000.0,21,0,0
2500,237,5,25000.0,19,0,0
2500,244,2,22500.0,3,0,0
2500,245,2,24500.0,9,0,0
2500,247,2,23500.0,9,0,0
2500,248,2,24500.0,8,0,0
2500,249,2,25000.0,8,0,0
2500,253,4,25000.0,20,1,1
2500,254,2,24500.0,9,0,0
2500,255,5,25000.0,26,1,1
2500,256,2,24000.0,7,0,0
2500,257,2,25000.0,8,0,0
2500,259,2,25000.0,8,0,0
2500,262,5,25000.0,21,0,0
2500,263,5,25000.0,22,0,0
2500,264,2,25000.0,6,0,0
2500,265,2,25000.0,6,0,0
2500,0,5,18500.0,69,6,6
2500,1,4,11500.0,27,1,1
2500,4,5,25000.0,48,6,6
2500,31,5,25000.0,58,5,5
2500,32,5,25000.0,46,3,3
2500,34,5,18000.0,46,4,4
2500,35,3,7000.0,19,0,0
2500,45,4,25000.0,38,3,3
2500,53,5,25000.0,58,7,7
2500,61,2,1500.0,2,0,0
2500,62,2,2500.0,3,0,0
2500,63,2,1000.0,1,0,0
2500,64,5,25000.0,51,4,4
2500,65,5,25000.0,41,3,3
2500,68,2,3000.0,7,0,0
2500,70,2,1000.0,1,0,0
2500,73,4,18000.0,38,2,2
2500,82,2,4500.0,4,1,1
2500,86,5,25000.0,53,5,5
2500,87,2,2000.0,1,0,0
2500,90,5,25000.0,43,1,1
2500,91,3,2500.0,5,0,0
2500,94,2,2000.0,1,0,0
2500,95,5,25000.0,38,6,6
2500,97,5,5500.0,21,2,2
2500,101,2,2000.0,2,0,0
2500,104,2,2500.0,5,0,0
2500,107,2,2500.0,2,0,0
2500,108,5,25000.0,60,8,8
2500,109,5,9000.0,22,0,0
2500,110,5,25000.0,35,5,5
2500,111,4,10000.0,32,4,4
2500,113,4,7000.0,18,1,1
2500,114,5,10500.0,30,2,2
2500,115,2,5000.0,4,0,0
2500,116,2,5000.0,5,0,0
2500,122,2,5500.0,3,0,0
2500,123,2,5500.0,3,0,0
2500,124,2,5500.0,1,0,0
2500,126,5,16000.0,21,1,1
2500,127,2,8000.0,9,1,1
2500,132,2,9000.0,9,0,0
2500,133,2,8000.0,3,0,0
2500,135,2,11000.0,9,0,0
2500,136,2,8000.0,4,0,0
2500,138,2,12000.0,8,0,0
2500,139,2,8000.0,4,0,0
2500,141,2,8500.0,7,0,0
2500,146,2,9500.0,12,1,1
2500,149,2,10000.0,8,0,0
2500,150,3,10500.0,13,0,0
2500,151,3,25000.0,23,4,4
2500,152,2,9000.0,4,0,0
2500,153,2,9500.0,4,0,0
2500,155,2,9500.0,5,0,0
2500,157,2,12000.0,9,0,0
2500,158,3,12500.0,14,0,0
2500,164,3,21500.0,15,1,1
2500,165,5,12000.0,5,0,0
2500,166,2,12500.0,5,0,0
2500,167,3,14000.0,16,1,1
2500,168,5,25000.0,34,1,1
2500,169,3,14000.0,13,0,0
2500,170,2,17000.0,14,1,1
2500,172,2,12500.0,7,0,0
2500,177,5,14000.0,12,0,0
2500,178,2,16000.0,10,1,1
2500,181,2,14000.0,7,0,0
2500,182,2,14000.0,3,0,0
2500,183,2,16000.0,8,0,0
2500,186,2,15500.0,8,0,0
2500,187,5,25000.0,21,1,1
2500,188,2,14500.0,5,0,0
2500,190,2,15500.0,8,0,0
2500,191,2,14500.0,6,0,0
2500,194,2,14500.0,5,0,0
2500,196,2,15000.0,7,0,0
2500,198,2,16000.0,11,0,0
2500,200,5,25000.0,23,2,2
2500,202,2,19000.0,10,0,0
2500,204,2,16500.0,8,0,0
2500,205,5,25000.0,26,3,3
2500,206,4,17500.0,22,0,0
2500,211,5,25000.0,27,5,5
2500,212,3,18000.0,17,0,0
2500,213,2,17000.0,8,0,0
2500,216,2,19000.0,9,0,0
2500,219,5,18000.0,19,0,0
2500,220,5,25000.0,31,2,2
2500,222,2,18500.0,8,0,0
2500,226,4,20500.0,18,0,0
2500,227,2,18500.0,6,0,0
2500,228,2,22000.0,9,0,0
2500,229,2,21500.0,8,0,0
2500,230,2,18500.0,8,0,0
2500,232,2,20000.0,9,0,0
2500,234,2,18500.0,7,0,0
2500,239,5,22000.0,25,0,0
2500,240,2,20000.0,9,0,0
2500,241,2,20500.0,8,0,0
2500,242,2,19000.0,10,0,0
2500,244,2,19500.0,6,0,0
2500,245,2,19500.0,7,0,0
2500,247,2,19500.0,9,0,0
2500,250,2,23000.0,9,0,0
2500,251,2,20000.0,9,0,0
2500,252,6,25000.0,27,1,1
2500,253,2,20500.0,11,1,1
2500,254,5,25000.0,19,0,0
2500,256,2,21000.0,5,0,0
2500,259,2,24000.0,9,0,0
2500,260,2,24500.0,9,0,0
2500,264,2,25000.0,11,0,0
2500,265,2,22000.0,8,0,0
2500,267,5,25000.0,22,0,0
2500,269,2,23500.0,9,0,0
2500,270,2,22500.0,8,0,0
2500,282,5,24500.0,20,0,0
2500,284,2,24500.0,6,1,1
2500,286,2,25000.0,9,1,1
2500,288,2,25000.0,9,0,0
2500,289,3,25000.0,9,0,0
2500,299,2,25000.0,8,0,0
2500,13,4,12000.0,29,1,1
2500,15,5,25000.0,64,7,7
2500,18,2,5500.0,10,1,1
2500,23,2,2000.0,7,0,0
2500,30,5,20500.0,43,3,3
2500,33,5,18500.0,52,3,3
2500,34,4,4000.0,15,0,0
2500,38,5,25000.0,60,9,9
2500,39,5,25000.0,43,2,2
2500,42,2,5000.0,6,0,0
2500,46,5,25000.0,42,4,4
2500,48,4,25000.0,51,4,4
2500,49,2,2000.0,6,0,0
2500,52,4,20500.0,41,2,2
2500,54,5,25000.0,55,7,7
2500,55,5,25000.0,64,7,7
2500,56,2,1000.0,0,0,0
2500,58,2,1000.0,0,0,0
2500,60,2,1000.0,0,0,0
2500,62,2,3500.0,8,0,0
2500,63,5,25000.0,34,2,2
2500,64,5,6500.0,27,4,4
2500,68,5,25000.0,42,3,3
2500,71,3,3500.0,9,0,0
2500,72,5,25000.0,31,3,3
2500,75,2,4500.0,7,1,1
2500,77,5,6000.0,19,1,1
2500,80,2,4000.0,4,0,0
2500,81,3,23000.0,42,3,3
2500,82,2,5500.0,5,0,0
2500,83,2,4500.0,3,0,0
2500,84,2,5500.0,5,1,1
2500,85,2,8000.0,13,1,1
2500,87,2,7000.0,8,0,0
2500,88,2,5500.0,4,0,0
2500,93,2,6000.0,3,1,1
2500,94,4,25000.0,26,2,2
2500,95,4,22000.0,30,5,5
2500,101,2,7000.0,7,0,0
2500,102,2,6500.0,2,1,1
2500,103,2,7000.0,4,0,0
2500,104,2,6500.0,3,0,0
2500,106,2,8500.0,7,1,1
2500,107,2,6500.0,5,0,0
2500,109,2,7000.0,3,0,0
2500,110,2,7000.0,4,0,0
2500,111,2,7500.0,8,2,2
2500,113,2,7500.0,9,0,0
2500,114,2,9000.0,7,0,0
2500,115,2,8500.0,8,0,0
2500,116,2,7500.0,3,1,1
2500,117,3,8000.0,5,0,0
2500,118,2,8000.0,3,0,0
2500,119,3,10500.0,10,0,0
2500,122,2,8500.0,3,0,0
2500,123,2,8500.0,2,0,0
2500,124,3,22000.0,21,2,2
2500,126,2,11000.0,7,0,0
2500,128,2,11500.0,9,0,0
2500,129,2,10500.0,5,0,0
2500,131,2,11000.0,3,0,0
2500,133,2,11000.0,7,0,0
2500,135,2,12000.0,6,0,0
2500,138,3,14000.0,14,0,0
2500,139,4,25000.0,18,0,0
2500,142,2,13500.0,3,0,0
2500,144,5,17500.0,20,1,1
2500,145,6,25000.0,36,1,1
2500,147,2,15500.0,9,0,0
2500,148,2,14000.0,6,0,0
2500,149,2,14000.0,10,0,0
2500,150,2,14000.0,3,0,0
2500,151,4,16500.0,15,0,0
2500,152,2,15000.0,7,0,0
2500,153,4,25000.0,14,0,0
2500,155,2,16000.0,9,1,1
2500,156,4,22000.0,32,3,3
2500,157,4,25000.0,35,3,3
2500,158,5,25000.0,29,1,1
2500,159,2,17500.0,10,0,0
2500,161,2,16000.0,6,0,0
2500,164,2,18500.0,8,0,0
2500,165,2,18000.0,8,0,0
2500,166,2,17000.0,9,0,0
2500,167,2,18500.0,8,0,0
2500,168,2,17500.0,7,1,1
2500,170,2,17500.0,9,0,0
2500,172,2,18000.0,9,0,0
2500,173,5,20000.0,21,0,0
2500,174,2,21500.0,8,0,0
2500,175,2,20000.0,9,0,0
2500,176,2,19000.0,5,0,0
2500,177,2,18000.0,7,0,0
2500,178,2,21000.0,9,0,0
2500,179,2,18500.0,5,0,0
2500,180,2,20500.0,9,0,0
2500,181,2,19000.0,7,0,0
2500,184,3,20500.0,13,0,0
2500,185,2,20500.0,9,0,0
2500,186,2,19000.0,3,0,0
2500,187,2,19500.0,9,0,0
2500,193,5,25000.0,22,0,0
2500,194,2,21000.0,3,0,0
2500,195,2,23000.0,8,0,0
2500,196,2,21000.0,9,0,0
2500,197,2,21000.0,4,0,0
2500,198,2,21000.0,8,0,0
2500,200,2,22000.0,9,0,0
2500,201,4,25000.0,15,0,0
2500,202,5,25000.0,41,1,1
2500,203,2,22500.0,5,0,0
2500,205,2,23000.0,10,0,0
2500,206,2,22500.0,5,0,0
2500,208,5,25000.0,19,0,0
2500,213,2,25000.0,8,0,0
2500,214,2,23000.0,5,0,0
2500,216,2,25000.0,9,0,0
2500,217,5,25000.0,24,1,1
2500,221,5,24500.0,14,0,0
2500,222,5,25000.0,20,0,0
2500,223,2,25000.0,9,0,0
2500,225,2,25000.0,9,0,0
2500,229,3,25000.0,6,0,0
2500,0,5,25000.0,48,3,3
2500,1,3,25000.0,30,5,5
2500,3,2,4000.0,8,1,1
2500,11,5,25000.0,45,3,3
2500,12,5,25000.0,66,8,8
2500,15,2,2500.0,7,0,0
2500,31,5,25000.0,66,7,7
2500,32,4,25000.0,32,3,3
2500,33,5,18500.0,46,5,5
2500,36,5,10500.0,39,2,2
2500,42,5,25000.0,42,2,2
2500,48,4,18000.0,35,3,3
2500,50,4,25000.0,32,2,2
2500,51,4,25000.0,42,5,5
2500,52,4,9500.0,30,2,2
2500,56,2,1000.0,1,0,0
2500,58,4,8000.0,29,2,2
2500,59,5,25000.0,61,9,9
2500,60,2,1500.0,4,0,0
2500,61,5,25000.0,39,4,4
2500,63,2,6000.0,11,3,3
2500,64,2,1500.0,5,1,1
2500,70,2,1500.0,4,0,0
2500,73,2,1500.0,4,0,0
2500,74,2,2500.0,3,0,0
2500,76,2,4500.0,8,0,0
2500,79,2,1500.0,5,0,0
2500,80,3,4500.0,17,1,1
2500,81,2,3000.0,4,0,0
2500,82,2,2000.0,2,0,0
2500,83,2,5000.0,6,0,0
2500,84,2,5500.0,7,2,2
2500,85,4,13500.0,34,8,8
2500,86,2,4000.0,8,0,0
2500,88,2,5500.0,8,0,0
2500,89,3,25000.0,32,6,6
2500,90,4,25000.0,26,1,1
2500,93,2,3500.0,4,0,0
2500,96,2,4500.0,6,0,0
2500,97,2,4000.0,2,0,0
2500,98,2,6500.0,11,2,2
2500,100,3,25000.0,27,4,4
2500,101,2,7000.0,8,0,0
2500,103,5,21000.0,19,0,0
2500,104,2,5500.0,5,0,0
2500,105,2,7500.0,9,0,0
2500,106,2,6000.0,9,1,1
2500,107,2,6000.0,5,0,0
2500,108,2,6000.0,5,0,0
2500,112,2,6000.0,3,0,0
2500,115,2,6500.0,7,1,1
2500,116,2,6500.0,3,0,0
2500,117,2,10000.0,10,0,0
2500,118,2,8500.0,9,1,1
2500,119,2,8500.0,9,0,0
2500,122,5,25000.0,37,6,6
2500,123,2,7500.0,7,0,0
2500,125,2,7500.0,9,0,0
2500,126,2,8000.0,9,0,0
2500,129,2,9500.0,15,1,1
2500,130,2,8000.0,7,0,0
2500,133,2,9000.0,9,0,0
2500,134,2,9000.0,9,1,1
2500,135,2,8000.0,7,0,0
2500,138,2,8000.0,6,0,0
2500,141,2,9000.0,11,0,0
2500,143,2,8500.0,1,0,0
2500,144,2,8500.0,7,0,0
2500,145,2,10500.0,12,1,1
2500,146,5,8500.0,8,1,1
2500,147,2,9000.0,5,0,0
2500,148,5,13000.0,19,0,0
2500,152,4,10500.0,12,0,0
2500,154,2,10500.0,9,0,0
2500,155,5,25000.0,35,4,4
2500,156,2,11000.0,5,0,0
2500,158,2,11500.0,10,0,0
2500,159,2,11000.0,5,0,0
2500,160,4,20500.0,23,0,0
2500,166,2,17000.0,9,0,0
2500,168,2,12000.0,9,0,0
2500,169,2,11500.0,4,0,0
2500,174,5,25000.0,23,1,1
2500,175,5,21500.0,24,1,1
2500,176,2,12500.0,8,1,1
2500,177,2,13000.0,9,0,0
2500,180,2,14500.0,10,0,0
2500,183,2,13500.0,7,0,0
2500,184,2,14500.0,10,0,0
2500,186,2,14000.0,9,0,0
2500,188,2,13500.0,7,0,0
2500,192,2,15500.0,8,0,0
2500,195,2,17000.0,9,0,0
2500,196,3,16000.0,13,1,1
2500,197,2,16000.0,6,0,0
2500,199,2,17500.0,9,0,0
2500,200,2,18000.0,9,1,1
2500,201,2,16000.0,9,0,0
2500,205,3,16500.0,9,1,1
2500,206,4,21500.0,23,0,0
2500,207,3,18500.0,16,0,0
2500,210,2,16500.0,8,0,0
2500,213,2,16000.0,4,0,0
2500,216,2,22000.0,8,0,0
2500,217,2,17500.0,9,0,0
2500,218,2,17000.0,8,0,0
2500,220,2,17000.0,8,0,0
2500,221,2,25000.0,9,0,0
2500,222,2,17500.0,11,0,0
2500,225,3,21000.0,10,0,0
2500,226,5,25000.0,30,0,0
2500,228,2,19000.0,7,0,0
2500,230,3,19500.0,10,0,0
2500,237,2,23000.0,8,0,0
2500,242,2,22000.0,8,1,1
2500,243,5,25000.0,19,0,0
2500,246,2,21500.0,7,1,1
2500,252,2,22500.0,8,0,0
2500,253,2,23000.0,9,0,0
2500,254,2,22500.0,1,0,0
2500,256,2,23000.0,10,0,0
2500,257,5,25000.0,17,0,0
2500,258,4,24000.0,28,1,1
2500,259,2,23000.0,8,0,0
2500,263,2,24000.0,8,0,0
2500,265,2,23500.0,8,0,0
2500,266,5,25000.0,20,0,0
2500,268,2,23500.0,4,0,0
2500,269,5,25000.0,20,0,0
2500,270,2,25000.0,9,0,0
2500,271,2,24000.0,9,0,0
2500,274,2,24500.0,8,0,0
2500,275,2,24000.0,8,0,0
2500,276,2,24500.0,8,0,0
2500,280,2,25000.0,8,0,0
2500,284,3,25000.0,17,0,0
2500,285,2,24500.0,6,0,0
2500,286,2,24500.0,8,0,0
2500,288,2,25000.0,10,0,0
2500,290,5,25000.0,20,0,0
2500,291,2,25000.0,9,0,0
2500,292,3,25000.0,4,0,0
2500,293,5,25000.0,21,0,0
2500,295,2,25000.0,7,0,0
2500,296,2,25000.0,9,0,0
2500,0,5,25000.0,33,1,1
2500,13,5,13000.0,37,1,1
2500,21,5,25000.0,59,7,7
2500,24,5,23000.0,38,3,3
2500,25,5,25000.0,37,1,1
2500,26,3,25000.0,33,2,2
2500,49,5,25000.0,52,5,5
2500,51,5,25000.0,53,6,6
2500,52,5,21000.0,43,4,4
2500,53,2,7500.0,11,0,0
2500,68,2,3000.0,7,0,0
2500,69,4,19500.0,38,1,1
2500,71,3,2500.0,8,0,0
2500,77,5,25000.0,45,5,5
2500,80,2,1000.0,1,0,0
2500,84,5,1000.0,3,0,0
2500,90,3,3500.0,14,1,1
2500,92,2,1000.0,1,0,0
2500,93,2,2500.0,6,0,0
2500,95,5,25000.0,55,6,6
2500,96,4,25000.0,58,7,7
2500,97,3,3500.0,15,1,1
2500,98,5,25000.0,36,3,3
2500,104,2,1500.0,4,0,0
2500,106,5,12000.0,40,3,3
2500,107,5,25000.0,37,4,4
2500,110,5,5000.0,17,2,2
2500,111,5,25000.0,33,3,3
2500,112,4,20000.0,30,3,3
2500,116,3,5500.0,8,1,1
2500,117,5,25000.0,40,5,5
2500,118,5,25000.0,44,5,5
2500,120,2,15000.0,8,0,0
2500,121,2,3500.0,2,0,0
2500,122,5,5000.0,9,0,0
2500,125,2,5000.0,3,0,0
2500,128,2,5000.0,5,0,0
2500,132,5,16000.0,19,0,0
2500,133,6,25000.0,25,0,0
2500,134,3,6000.0,5,0,0
2500,140,5,25000.0,25,1,1
2500,141,5,25000.0,29,2,2
2500,143,2,8500.0,9,0,0
2500,146,2,10000.0,8,0,0
2500,147,2,8500.0,9,0,0
2500,149,2,8500.0,7,0,0
2500,152,2,8000.0,5,0,0
2500,154,2,9500.0,9,0,0
2500,157,3,15000.0,16,0,0
2500,158,3,23000.0,18,2,2
2500,159,2,9000.0,4,0,0
2500,161,2,9000.0,7,0,0
2500,162,2,9500.0,8,0,0
2500,164,2,9000.0,6,0,0
2500,165,2,9000.0,5,1,1
2500,167,4,10000.0,11,0,0
2500,171,2,10500.0,8,0,0
2500,172,2,10000.0,5,0,0
2500,174,2,10000.0,7,0,0
2500,177,2,11000.0,10,0,0
2500,179,2,14500.0,8,0,0
2500,182,2,22000.0,15,1,1
2500,183,2,12000.0,7,0,0
2500,184,2,12000.0,9,0,0
2500,185,5,25000.0,29,0,0
2500,186,5,25000.0,21,0,0
2500,189,2,12500.0,10,0,0
2500,190,2,12500.0,3,0,0
2500,194,4,16500.0,17,0,0
2500,195,3,14000.0,14,1,1
2500,196,2,13500.0,7,0,0
2500,197,2,13500.0,4,0,0
2500,199,2,13500.0,11,0,0
2500,200,5,25000.0,26,1,1
2500,204,2,14500.0,7,0,0
2500,205,2,17500.0,11,1,1
2500,215,4,23000.0,23,1,1
2500,216,5,16500.0,17,0,0
2500,217,3,16000.0,10,1,1
2500,218,4,16000.0,12,0,0
2500,221,2,18000.0,8,0,0
2500,222,8,25000.0,53,1,1
2500,223,5,25000.0,20,0,0
2500,224,2,18000.0,9,0,0
2500,226,2,20500.0,9,0,0
2500,233,3,18500.0,16,1,1
2500,234,2,18500.0,11,0,0
2500,235,2,19500.0,12,0,0
2500,237,2,18500.0,11,0,0
2500,239,2,19500.0,10,0,0
2500,240,2,19000.0,9,0,0
2500,242,2,21000.0,10,1,1
2500,244,2,19500.0,8,0,0
2500,246,5,25000.0,19,0,0
2500,248,2,19500.0,8,0,0
2500,250,5,25000.0,22,0,0
2500,252,3,21000.0,6,0,0
2500,254,2,22500.0,9,0,0
2500,256,2,22000.0,9,0,0
2500,260,2,23000.0,9,0,0
2500,268,2,22500.0,5,0,0
2500,269,2,23000.0,8,0,0
2500,272,2,25000.0,10,0,0
2500,274,2,24500.0,9,0,0
2500,276,5,25000.0,19,0,0
2500,277,2,25000.0,14,1,1
2500,280,2,25000.0,9,0,0
2500,284,2,25000.0,9,1,1
2500,286,2,25000.0,8,0,0
2500,287,2,25000.0,8,0,0
2500,289,2,25000.0,9,0,0
2500,290,2,25000.0,8,0,0
5000,0,5,25000.0,71,9,9
5000,2,5,25000.0,58,5,5
5000,7,2,4500.0,4,0,0
5000,9,5,8000.0,12,2,2
5000,10,4,25000.0,48,9,9
5000,19,5,25000.0,62,7,7
5000,22,5,11000.0,25,1,1
5000,26,5,20000.0,47,4,4
5000,41,5,25000.0,64,12,12
5000,42,5,25000.0,85,10,10
5000,44,4,25000.0,55,6,6
5000,52,3,5500.0,8,0,0
5000,64,2,3500.0,2,0,0
5000,67,3,3500.0,4,0,0
5000,71,2,2000.0,1,0,0
5000,74,2,2500.0,3,0,0
5000,75,2,2500.0,2,0,0
5000,76,2,2000.0,0,0,0
5000,77,2,2500.0,4,0,0
5000,79,2,4500.0,2,1,1
5000,82,5,6000.0,8,1,1
5000,86,5,25000.0,58,10,10
5000,88,2,6500.0,2,1,1
5000,90,3,8500.0,10,2,2
5000,92,2,5500.0,2,0,0
5000,93,2,5000.0,2,0,0
5000,94,2,7000.0,7,0,0
5000,96,2,7000.0,6,0,0
5000,97,2,7000.0,7,0,0
5000,98,2,6000.0,1,0,0
5000,99,2,6500.0,3,0,0
5000,100,2,6500.0,1,0,0
5000,101,2,7500.0,3,0,0
5000,104,2,7000.0,2,0,0
5000,106,2,7000.0,2,0,0
5000,107,5,25000.0,71,8,8
5000,110,2,10000.0,10,1,1
5000,111,2,8500.0,6,0,0
5000,115,2,8000.0,3,0,0
5000,119,2,10000.0,6,1,1
5000,122,4,11000.0,15,3,3
5000,123,2,9000.0,2,0,0
5000,124,2,10000.0,4,0,0
5000,126,4,25000.0,49,6,6
5000,127,2,10000.0,7,1,1
5000,128,5,25000.0,36,6,6
5000,129,2,11000.0,4,2,2
5000,130,2,10000.0,3,0,0
5000,131,3,11000.0,3,0,0
5000,132,4,12000.0,17,0,0
5000,133,2,13000.0,5,2,2
5000,134,2,11000.0,3,0,0
5000,136,2,11000.0,5,1,1
5000,139,2,10500.0,5,0,0
5000,144,2,10500.0,4,0,0
5000,145,3,14000.0,16,0,0
5000,148,2,12000.0,2,1,1
5000,150,2,12500.0,9,2,2
5000,151,2,12000.0,5,0,0
5000,152,2,12000.0,4,0,0
5000,154,2,12500.0,5,0,0
5000,156,4,16000.0,24,2,2
5000,157,2,12500.0,2,0,0
5000,158,2,15000.0,8,1,1
5000,159,2,12500.0,7,0,0
5000,160,2,12500.0,3,0,0
5000,161,2,12500.0,6,0,0
5000,162,4,13000.0,3,1,1
5000,163,2,13000.0,3,1,1
5000,164,2,13000.0,4,0,0
5000,165,2,13500.0,4,0,0
5000,166,3,19000.0,16,0,0
5000,167,5,25000.0,37,4,4
5000,171,4,25000.0,34,3,3
5000,175,2,15000.0,6,0,0
5000,176,2,15000.0,8,0,0
5000,178,5,25000.0,54,5,5
5000,180,5,17000.0,14,0,0
5000,181,3,16000.0,7,0,0
5000,183,2,15000.0,5,0,0
5000,184,2,15000.0,3,0,0
5000,186,2,18500.0,9,1,1
5000,188,2,16000.0,7,1,1
5000,189,2,16500.0,1,0,0
5000,190,4,25000.0,27,2,2
5000,191,4,22500.0,20,1,1
5000,192,2,17500.0,7,1,1
5000,194,2,19000.0,8,0,0
5000,199,2,18500.0,6,0,0
5000,200,2,24000.0,11,3,3
5000,202,2,18500.0,3,0,0
5000,203,2,18500.0,4,0,0
5000,207,5,25000.0,23,1,1
5000,208,4,20500.0,8,0,0
5000,209,2,22500.0,8,0,0
5000,212,2,22000.0,8,0,0
5000,216,2,20500.0,6,0,0
5000,217,4,25000.0,17,0,0
5000,219,2,22000.0,10,0,0
5000,220,2,20500.0,6,0,0
5000,222,3,24000.0,20,2,2
5000,226,2,21000.0,9,0,0
5000,227,4,25000.0,15,0,0
5000,228,5,25000.0,18,0,0
5000,229,4,25000.0,22,0,0
5000,231,2,25000.0,10,0,0
5000,233,2,24500.0,8,0,0
5000,237,5,25000.0,19,0,0
5000,238,2,23000.0,2,0,0
5000,239,5,25000.0,21,0,0
5000,240,5,25000.0,20,1,1
5000,241,2,25000.0,8,0,0
5000,244,2,25000.0,8,0,0
5000,246,2,24000.0,9,0,0
5000,247,2,25000.0,12,0,0
5000,248,2,25000.0,9,0,0
5000,249,2,24500.0,9,0,0
5000,251,2,24000.0,4,0,0
5000,252,2,24000.0,7,0,0
5000,253,2,24000.0,6,0,0
5000,256,2,24500.0,9,0,0
5000,260,2,24000.0,7,1,1
5000,261,2,25000.0,8,0,0
5000,262,2,24000.0,9,0,0
5000,263,2,24500.0,6,0,0
5000,265,2,25000.0,10,0,0
5000,266,2,25000.0,9,0,0
5000,267,2,25000.0,10,0,0
5000,268,3,25000.0,6,0,0
5000,270,2,25000.0,9,0,0
5000,271,2,25000.0,9,0,0
5000,272,4,25000.0,6,0,0
5000,273,5,25000.0,8,0,0
5000,274,2,25000.0,4,0,0
5000,277,2,25000.0,4,0,0
5000,14,4,1000.0,0,0,0
5000,20,4,25000.0,57,10,10
5000,24,2,11000.0,13,3,3
5000,30,2,19500.0,25,4,4
5000,34,2,10000.0,8,3,3
5000,35,2,5000.0,6,0,0
5000,43,2,1500.0,0,0,0
5000,52,3,3000.0,6,0,0
5000,58,5,25000.0,70,9,9
5000,59,5,12000.0,26,1,1
5000,68,5,3500.0,4,1,1
5000,69,4,11500.0,21,2,2
5000,71,2,1000.0,0,0,0
5000,76,5,25000.0,53,5,5
5000,77,2,2500.0,2,0,0
5000,79,2,2500.0,3,0,0
5000,81,2,1500.0,4,0,0
5000,82,2,2000.0,3,0,0
5000,88,5,25000.0,61,10,10
5000,90,2,3500.0,5,1,1
5000,93,2,2000.0,6,0,0
5000,94,3,2500.0,2,0,0
5000,95,2,4000.0,3,0,0
5000,98,2,5000.0,4,0,0
5000,99,2,5000.0,8,0,0
5000,100,2,3000.0,4,0,0
5000,103,2,4500.0,4,0,0
5000,104,2,6000.0,3,1,1
5000,106,2,8000.0,9,0,0
5000,108,5,18000.0,40,4,4
5000,109,4,25000.0,37,4,4
5000,111,2,6500.0,1,0,0
5000,112,2,7500.0,5,1,1
5000,113,2,6000.0,2,0,0
5000,114,2,6000.0,2,0,0
5000,115,2,6000.0,2,0,0
5000,116,3,14500.0,29,7,7
5000,119,3,10500.0,8,1,1
5000,121,3,25000.0,50,9,9
5000,123,2,7500.0,3,1,1
5000,126,2,8000.0,6,0,0
5000,127,2,9000.0,5,1,1
5000,128,2,8500.0,3,1,1
5000,130,5,25000.0,51,4,4
5000,131,2,9000.0,2,2,2
5000,134,5,25000.0,51,4,4
5000,135,5,9500.0,5,0,0
5000,136,2,12000.0,7,0,0
5000,137,2,9500.0,5,1,1
5000,139,5,25000.0,64,6,6
5000,140,2,10500.0,6,1,1
5000,143,2,9500.0,4,0,0
5000,146,5,25000.0,30,3,3
5000,147,5,25000.0,50,7,7
5000,150,5,25000.0,31,3,3
5000,151,2,14000.0,9,0,0
5000,154,2,11500.0,0,0,0
5000,155,2,11500.0,2,0,0
5000,157,2,12500.0,7,0,0
5000,159,2,11500.0,3,0,0
5000,161,4,14000.0,16,2,2
5000,162,3,12000.0,7,0,0
5000,163,4,16500.0,24,0,0
5000,164,2,13000.0,9,1,1
5000,167,2,12000.0,3,1,1
5000,171,2,14000.0,8,0,0
5000,174,5,25000.0,19,0,0
5000,175,2,16500.0,18,2,2
5000,176,2,13500.0,5,0,0
5000,177,5,18500.0,21,0,0
5000,178,5,25000.0,41,4,4
5000,179,4,25000.0,21,0,0
5000,180,2,14500.0,5,0,0
5000,181,2,15500.0,5,0,0
5000,182,2,16500.0,9,0,0
5000,183,2,14500.0,3,0,0
5000,184,2,15500.0,9,0,0
5000,186,2,14500.0,4,0,0
5000,188,4,25000.0,18,1,1
5000,193,5,25000.0,32,2,2
5000,196,2,17500.0,9,0,0
5000,198,4,25000.0,25,1,1
5000,199,5,25000.0,37,4,4
5000,203,3,19000.0,16,0,0
5000,205,4,25000.0,25,2,2
5000,207,2,18000.0,5,0,0
5000,217,3,19000.0,6,0,0
5000,218,2,18500.0,6,0,0
5000,219,2,19000.0,6,0,0
5000,220,5,25000.0,30,1,1
5000,222,3,20000.0,10,0,0
5000,223,3,23500.0,9,1,1
5000,224,2,20000.0,2,0,0
5000,225,2,21500.0,6,0,0
5000,230,2,23000.0,9,0,0
5000,231,4,25000.0,22,1,1
5000,232,2,22000.0,9,0,0
5000,234,4,25000.0,23,0,0
5000,235,3,23000.0,16,0,0
5000,239,5,22500.0,15,0,0
5000,240,2,23000.0,8,0,0
5000,241,2,25000.0,8,0,0
5000,242,2,22000.0,4,0,0
5000,244,2,22500.0,3,0,0
5000,247,2,23000.0,5,0,0
5000,248,5,25000.0,18,0,0
5000,249,5,25000.0,21,0,0
5000,250,2,23500.0,0,0,0
5000,251,2,24000.0,7,0,0
5000,254,2,25000.0,10,0,0
5000,256,5,25000.0,20,0,0
5000,257,2,25000.0,12,1,1
5000,258,5,25000.0,13,0,0
5000,259,5,25000.0,15,1,1
5000,260,4,25000.0,9,0,0
5000,261,4,25000.0,3,0,0
5000,262,3,25000.0,8,0,0
5000,264,2,25000.0,6,0,0
5000,265,2,25000.0,2,0,0
5000,11,5,25000.0,70,6,6
5000,21,3,25000.0,46,6,6
5000,22,5,25000.0,58,6,6
5000,25,5,25000.0,51,6,6
5000,34,5,25000.0,59,7,7
5000,35,4,25000.0,48,5,5
5000,36,5,13000.0,48,4,4
5000,40,5,25000.0,64,8,8
5000,51,4,25000.0,43,4,4
5000,61,2,2500.0,1,0,0
5000,67,5,25000.0,55,7,7
5000,69,5,25000.0,51,5,5
5000,74,2,1000.0,1,0,0
5000,75,2,11000.0,21,5,5
5000,76,5,25000.0,69,10,10
5000,77,4,25000.0,18,2,2
5000,78,4,13000.0,18,1,1
5000,80,2,2000.0,4,0,0
5000,82,2,1500.0,6,0,0
5000,83,2,5000.0,5,0,0
5000,84,2,1000.0,2,0,0
5000,86,2,2000.0,5,0,0
5000,87,2,2500.0,3,1,1
5000,88,2,1500.0,0,0,0
5000,89,2,1500.0,4,0,0
5000,90,2,1500.0,5,0,0
5000,91,2,1500.0,5,0,0
5000,94,4,3000.0,7,0,0
5000,95,2,1500.0,2,0,0
5000,96,3,3500.0,4,0,0
5000,97,5,25000.0,45,5,5
5000,98,5,25000.0,47,8,8
5000,99,2,2000.0,3,0,0
5000,100,2,2000.0,3,0,0
5000,101,2,2000.0,2,0,0
5000,102,2,3500.0,3,1,1
5000,103,5,25000.0,51,6,6
5000,108,2,3500.0,3,1,1
5000,109,2,2500.0,2,0,0
5000,110,3,25000.0,34,7,7
5000,111,2,3500.0,5,0,0
5000,113,2,3000.0,4,0,0
5000,114,5,25000.0,38,6,6
5000,116,4,25000.0,38,3,3
5000,118,2,7500.0,10,2,2
5000,122,2,6000.0,6,0,0
5000,126,2,6000.0,5,1,1
5000,128,2,5500.0,4,0,0
5000,130,2,7500.0,8,0,0
5000,131,2,5500.0,6,0,0
5000,134,2,5000.0,4,0,0
5000,135,2,6000.0,5,0,0
5000,137,2,6500.0,4,0,0
5000,138,4,25000.0,37,3,3
5000,139,2,8000.0,5,0,0
5000,140,2,7000.0,4,1,1
5000,142,2,6500.0,2,0,0
5000,143,2,7000.0,1,0,0
5000,144,5,8500.0,13,2,2
5000,145,4,25000.0,23,2,2
5000,146,2,9500.0,9,3,3
5000,147,2,8000.0,3,0,0
5000,149,2,8000.0,5,1,1
5000,150,2,7500.0,4,0,0
5000,151,2,7500.0,4,0,0
5000,153,4,14000.0,23,1,1
5000,154,4,25000.0,35,5,5
5000,155,5,8500.0,7,0,0
5000,159,2,10500.0,9,1,1
5000,163,2,9500.0,8,0,0
5000,168,2,9000.0,5,0,0
5000,169,2,10000.0,7,0,0
5000,170,2,9500.0,0,0,0
5000,173,2,9000.0,3,0,0
5000,175,5,25000.0,33,5,5
5000,182,5,11500.0,8,0,0
5000,190,5,25000.0,24,2,2
5000,194,5,13500.0,3,0,0
5000,195,3,15000.0,10,0,0
5000,196,5,25000.0,21,1,1
5000,198,2,16500.0,9,0,0
5000,200,2,14500.0,2,0,0
5000,201,2,14500.0,7,0,0
5000,203,2,14500.0,3,0,0
5000,205,2,15000.0,2,0,0
5000,206,2,16000.0,9,0,0
5000,207,5,16000.0,19,0,0
5000,208,4,25000.0,14,0,0
5000,210,2,16000.0,8,0,0
5000,215,2,16000.0,9,0,0
5000,216,2,17000.0,7,0,0
5000,218,3,16500.0,4,0,0
5000,221,2,19500.0,9,0,0
5000,222,2,19500.0,8,0,0
5000,223,2,22500.0,15,3,3
5000,224,5,25000.0,28,2,2
5000,225,2,18500.0,8,0,0
5000,229,5,25000.0,27,3,3
5000,230,2,18500.0,5,0,0
5000,231,2,18500.0,5,0,0
5000,234,4,22000.0,16,0,0
5000,235,5,25000.0,19,1,1
5000,238,2,19000.0,5,0,0
5000,240,2,20500.0,8,0,0
5000,241,2,20000.0,8,0,0
5000,242,2,19500.0,3,0,0
5000,243,3,21500.0,15,0,0
5000,244,2,19500.0,4,0,0
5000,248,2,21000.0,8,1,1
5000,249,2,21000.0,8,0,0
5000,253,2,23000.0,8,0,0
5000,257,2,22000.0,9,0,0
5000,258,2,24500.0,9,0,0
5000,260,2,22000.0,8,0,0
5000,261,2,22000.0,9,0,0
5000,262,2,25000.0,8,0,0
5000,263,2,22000.0,5,1,1
5000,266,2,22500.0,9,0,0
5000,267,5,25000.0,32,2,2
5000,269,3,25000.0,9,0,0
5000,270,3,25000.0,20,1,1
5000,271,2,22500.0,5,0,0
5000,272,2,23000.0,5,0,0
5000,275,2,22500.0,5,0,0
5000,276,2,22500.0,1,0,0
5000,278,2,22500.0,2,0,0
5000,281,5,25000.0,20,0,0
5000,284,2,24000.0,9,0,0
5000,287,2,24500.0,11,0,0
5000,288,2,25000.0,11,0,0
5000,289,5,25000.0,27,1,1
5000,291,2,25000.0,8,0,0
5000,292,2,25000.0,7,0,0
5000,296,2,25000.0,8,0,0
5000,299,2,25000.0,8,0,0
5000,300,2,25000.0,8,0,0
5000,301,2,25000.0,7,0,0
5000,303,2,24500.0,6,0,0
5000,304,2,25000.0,5,0,0
5000,305,4,25000.0,9,0,0
5000,306,5,25000.0,10,0,0
5000,2,3,16500.0,35,6,6
5000,10,5,25000.0,53,3,3
5000,15,2,1000.0,0,0,0
5000,17,5,25000.0,56,8,8
5000,25,3,25000.0,35,5,5
5000,39,4,23000.0,37,3,3
5000,45,3,6000.0,13,2,2
5000,53,5,25000.0,66,7,7
5000,63,5,25000.0,59,6,6
5000,68,4,25000.0,63,8,8
5000,76,2,1500.0,1,0,0
5000,79,2,2000.0,0,0,0
5000,90,4,25000.0,46,7,7
5000,94,2,1500.0,0,0,0
5000,96,5,25000.0,60,10,10
5000,98,2,1000.0,0,0,0
5000,101,5,25000.0,45,9,9
5000,102,5,25000.0,60,9,9
5000,104,2,1500.0,6,0,0
5000,109,2,2000.0,3,0,0
5000,111,2,2000.0,2,0,0
5000,112,4,2500.0,1,0,0
5000,113,2,2000.0,3,0,0
5000,114,2,3000.0,1,0,0
5000,115,2,3000.0,4,0,0
5000,117,4,4500.0,6,1,1
5000,119,2,3000.0,2,0,0
5000,120,2,3000.0,4,0,0
5000,121,2,2500.0,2,0,0
5000,122,5,25000.0,74,9,9
5000,125,2,3500.0,4,1,1
5000,126,2,3500.0,2,1,1
5000,129,4,5000.0,6,0,0
5000,132,2,5000.0,6,0,0
5000,133,5,25000.0,43,5,5
5000,136,2,5000.0,3,0,0
5000,139,2,5000.0,2,0,0
5000,143,2,6500.0,4,0,0
5000,147,2,5000.0,2,0,0
5000,151,5,25000.0,39,4,4
5000,152,4,7000.0,4,0,0
5000,155,3,9000.0,11,1,1
5000,156,2,6000.0,3,0,0
5000,158,4,25000.0,29,3,3
5000,159,4,25000.0,23,0,0
5000,160,5,25000.0,50,7,7
5000,161,2,9500.0,4,0,0
5000,162,5,9500.0,12,0,0
5000,164,2,10000.0,4,0,0
5000,165,2,11000.0,4,2,2
5000,166,2,9500.0,6,0,0
5000,167,2,11000.0,6,0,0
5000,168,2,11500.0,8,0,0
5000,169,2,11000.0,8,0,0
5000,173,2,10500.0,3,0,0
5000,174,2,11000.0,6,0,0
5000,175,2,11500.0,5,0,0
5000,178,5,25000.0,30,2,2
5000,179,4,25000.0,18,1,1
5000,180,2,12500.0,4,0,0
5000,182,2,13000.0,10,1,1
5000,184,2,11000.0,6,1,1
5000,185,2,12500.0,13,1,1
5000,189,2,14500.0,9,0,0
5000,190,3,19000.0,20,1,1
5000,191,2,12000.0,4,0,0
5000,192,3,12000.0,5,0,0
5000,193,5,16500.0,28,2,2
5000,194,2,13000.0,7,0,0
5000,195,2,15000.0,8,0,0
5000,198,4,25000.0,15,0,0
5000,199,5,13500.0,11,0,0
5000,201,2,13000.0,2,0,0
5000,203,5,25000.0,36,4,4
5000,204,2,14000.0,8,0,0
5000,205,2,14500.0,7,0,0
5000,207,2,13500.0,1,0,0
5000,210,2,14500.0,7,2,2
5000,211,4,25000.0,22,2,2
5000,212,5,25000.0,30,3,3
5000,213,2,14500.0,2,0,0
5000,214,2,15000.0,8,0,0
5000,215,2,15500.0,6,0,0
5000,219,3,16000.0,10,0,0
5000,223,2,18500.0,8,0,0
5000,226,2,18000.0,10,0,0
5000,227,2,20000.0,9,0,0
5000,230,5,25000.0,22,0,0
5000,231,5,25000.0,20,1,1
5000,232,2,18000.0,6,0,0
5000,233,2,18500.0,8,0,0
5000,234,2,17500.0,3,0,0
5000,236,2,18500.0,4,0,0
5000,238,2,19500.0,6,0,0
5000,240,4,20000.0,18,2,2
5000,241,2,18000.0,7,0,0
5000,242,2,18500.0,8,0,0
5000,244,2,19000.0,10,0,0
5000,245,2,24500.0,9,1,1
5000,249,2,19500.0,8,0,0
5000,250,2,19000.0,7,0,0
5000,251,2,18500.0,6,0,0
5000,252,4,19500.0,10,1,1
5000,253,2,19000.0,8,0,0
5000,254,2,20000.0,8,0,0
5000,255,5,25000.0,20,1,1
5000,257,2,21500.0,8,0,0
5000,263,2,22000.0,8,0,0
5000,264,2,20500.0,8,0,0
5000,265,2,20000.0,4,0,0
5000,266,2,20000.0,7,0,0
5000,269,2,23000.0,8,0,0
5000,272,2,21000.0,8,0,0
5000,273,2,20000.0,3,0,0
5000,274,2,20500.0,8,0,0
5000,277,2,21000.0,2,0,0
5000,281,2,21500.0,6,0,0
5000,283,5,25000.0,18,0,0
5000,284,5,23000.0,8,0,0
5000,285,2,23000.0,2,0,0
5000,287,2,24500.0,10,0,0
5000,288,2,23500.0,6,0,0
5000,289,5,25000.0,29,0,0
5000,290,4,25000.0,18,1,1
5000,291,2,24000.0,8,0,0
5000,292,2,25000.0,9,0,0
5000,295,2,24000.0,8,0,0
5000,297,2,25000.0,8,0,0
5000,300,3,25000.0,2,0,0
5000,302,2,25000.0,1,0,0
5000,0,5,25000.0,55,5,5
5000,1,5,19500.0,63,5,5
5000,2,5,25000.0,49,3,3
5000,11,5,25000.0,47,5,5
5000,27,5,18500.0,55,8,8
5000,36,4,13500.0,35,3,3
5000,37,3,15500.0,30,3,3
5000,42,5,25000.0,45,3,3
5000,53,4,10500.0,23,1,1
5000,57,5,25000.0,46,3,3
5000,62,5,25000.0,55,6,6
5000,64,5,25000.0,59,7,7
5000,65,5,25000.0,52,4,4
5000,67,3,25000.0,26,2,2
5000,68,3,13000.0,29,2,2
5000,76,2,2000.0,2,0,0
5000,77,2,10000.0,11,0,0
5000,82,4,18500.0,41,5,5
5000,85,3,1500.0,0,0,0
5000,86,3,4500.0,8,1,1
5000,87,2,1500.0,3,0,0
5000,92,2,5000.0,8,0,0
5000,93,2,4500.0,3,0,0
5000,94,2,2500.0,1,1,1
5000,95,2,2000.0,4,0,0
5000,97,4,25000.0,38,4,4
5000,98,2,2000.0,4,0,0
5000,99,5,25000.0,38,2,2
5000,100,2,3000.0,1,0,0
5000,106,2,3500.0,3,0,0
5000,110,2,6500.0,4,1,1
5000,112,2,4500.0,3,1,1
5000,113,2,4000.0,4,0,0
5000,114,5,21500.0,45,5,5
5000,115,3,25000.0,53,9,9
5000,116,2,4000.0,3,1,1
5000,120,2,6000.0,6,1,1
5000,122,2,5000.0,3,0,0
5000,123,2,5500.0,2,0,0
5000,125,2,4500.0,3,0,0
5000,128,4,25000.0,19,2,2
5000,129,2,8000.0,8,0,0
5000,130,2,5500.0,2,1,1
5000,131,2,6000.0,4,0,0
5000,132,2,7500.0,3,0,0
5000,133,2,6500.0,3,0,0
5000,134,2,5500.0,0,0,0
5000,137,2,9500.0,15,3,3
5000,138,5,9000.0,17,1,1
5000,139,2,8000.0,4,1,1
5000,140,4,16000.0,26,2,2
5000,143,4,25000.0,21,3,3
5000,144,5,25000.0,31,4,4
5000,146,5,15500.0,39,5,5
5000,148,4,24000.0,18,2,2
5000,149,2,9500.0,8,1,1
5000,151,2,11000.0,9,0,0
5000,153,2,8500.0,5,0,0
5000,154,2,10500.0,7,0,0
5000,157,2,9000.0,5,0,0
5000,158,2,9500.0,1,0,0
5000,160,2,9500.0,3,0,0
5000,161,2,10000.0,4,0,0
5000,163,2,10500.0,7,0,0
5000,164,4,25000.0,17,1,1
5000,165,2,10000.0,7,0,0
5000,166,2,16000.0,10,0,0
5000,167,2,12500.0,6,0,0
5000,168,2,13000.0,9,0,0
5000,169,2,14500.0,9,0,0
5000,170,2,12000.0,6,0,0
5000,171,2,12500.0,1,0,0
5000,172,2,12000.0,3,0,0
5000,173,5,25000.0,23,2,2
5000,174,2,12000.0,6,0,0
5000,175,2,14000.0,9,0,0
5000,176,2,12500.0,6,0,0
5000,177,4,16000.0,19,1,1
5000,178,2,13500.0,3,0,0
5000,179,2,12500.0,2,0,0
5000,181,3,14000.0,14,0,0
5000,183,2,21500.0,11,0,0
5000,184,2,13000.0,4,0,0
5000,187,2,13500.0,6,0,0
5000,189,2,15500.0,9,0,0
5000,191,4,15000.0,2,0,0
5000,193,2,15500.0,2,0,0
5000,195,2,16000.0,1,0,0
5000,196,2,25000.0,11,0,0
5000,197,2,16500.0,4,0,0
5000,198,2,17000.0,6,0,0
5000,200,5,25000.0,26,1,1
5000,201,4,25000.0,17,2,2
5000,202,2,17000.0,6,0,0
5000,203,2,17000.0,2,0,0
5000,204,2,18000.0,8,0,0
5000,206,2,18000.0,9,1,1
5000,207,5,19000.0,18,0,0
5000,209,4,20500.0,23,2,2
5000,210,4,25000.0,23,0,0
5000,211,5,25000.0,20,0,0
5000,212,4,23500.0,25,2,2
5000,215,2,18000.0,2,0,0
5000,217,2,19000.0,8,0,0
5000,219,5,25000.0,28,2,2
5000,220,5,23000.0,21,1,1
5000,221,5,25000.0,27,2,2
5000,224,2,19000.0,3,0,0
5000,225,2,19500.0,5,0,0
5000,226,2,19000.0,6,0,0
5000,228,5,25000.0,21,0,0
5000,229,2,20000.0,6,0,0
5000,231,2,22500.0,10,0,0
5000,232,2,20500.0,5,0,0
5000,233,2,21000.0,6,0,0
5000,236,4,21000.0,8,0,0
5000,237,2,21000.0,2,0,0
5000,238,5,25000.0,19,0,0
5000,239,3,22500.0,12,0,0
5000,240,2,22000.0,3,0,0
5000,242,2,23000.0,8,0,0
5000,243,2,23000.0,8,0,0
5000,246,2,22500.0,4,0,0
5000,247,5,25000.0,19,0,0
5000,248,5,25000.0,20,1,1
5000,249,2,23000.0,5,0,0
5000,250,2,23500.0,7,0,0
5000,254,5,25000.0,30,0,0
5000,255,3,25000.0,16,0,0
5000,256,5,25000.0,19,0,0
5000,258,2,23500.0,6,0,0
5000,259,2,25000.0,8,0,0
5000,261,2,25000.0,8,0,0
5000,262,4,25000.0,10,0,0
5000,263,2,25000.0,3,0,0
5000,266,2,25000.0,6,0,0
5000,267,2,25000.0,6,0,0
5000,16,5,14000.0,33,3,3
5000,17,5,25000.0,56,6,6
5000,22,4,25000.0,58,5,5
5000,33,5,25000.0,76,12,12
5000,34,4,8500.0,17,3,3
5000,40,4,25000.0,58,8,8
5000,41,4,5500.0,10,1,1
5000,49,5,25000.0,49,3,3
5000,54,2,2000.0,1,0,0
5000,56,2,1000.0,0,0,0
5000,61,2,2500.0,0,0,0
5000,63,2,1000.0,0,0,0
5000,66,5,1000.0,0,0,0
5000,67,4,25000.0,61,7,7
5000,68,2,1000.0,3,0,0
5000,69,2,1500.0,4,0,0
5000,71,2,3000.0,8,1,1
5000,72,3,4000.0,11,0,0
5000,73,5,3500.0,8,1,1
5000,74,5,25000.0,37,6,6
5000,75,2,2000.0,1,0,0
5000,77,2,4000.0,4,0,0
5000,79,5,25000.0,55,6,6
5000,82,2,3000.0,2,0,0
5000,83,2,3500.0,2,1,1
5000,84,2,3500.0,2,0,0
5000,89,2,4500.0,2,2,2
5000,95,2,4000.0,3,0,0
5000,97,2,4000.0,3,0,0
5000,99,5,25000.0,57,9,9
5000,100,5,25000.0,41,4,4
5000,102,2,6000.0,5,0,0
5000,103,2,5000.0,3,0,0
5000,106,4,25000.0,52,8,8
5000,107,2,5500.0,6,0,0
5000,109,2,8000.0,6,1,1
5000,110,2,5000.0,4,0,0
5000,111,5,11500.0,35,4,4
5000,114,2,7500.0,2,0,0
5000,116,2,6000.0,4,0,0
5000,117,2,7500.0,6,0,0
5000,118,5,25000.0,40,3,3
5000,120,2,8000.0,5,1,1
5000,121,2,7000.0,5,0,0
5000,123,5,11500.0,25,3,3
5000,125,2,8500.0,5,0,0
5000,126,2,8500.0,4,1,1
5000,128,2,8000.0,3,0,0
5000,129,2,9000.0,4,0,0
5000,131,2,8000.0,3,0,0
5000,132,4,25000.0,41,5,5
5000,133,2,8500.0,6,0,0
5000,136,2,10500.0,9,1,1
5000,138,2,11000.0,9,1,1
5000,139,2,8500.0,5,0,0
5000,141,2,9000.0,4,0,0
5000,142,5,10500.0,10,2,2
5000,143,4,25000.0,42,5,5
5000,146,3,25000.0,16,2,2
5000,147,2,11500.0,10,1,1
5000,148,2,10500.0,9,0,0
5000,152,2,11500.0,5,0,0
5000,155,2,10500.0,4,0,0
5000,158,5,21000.0,38,4,4
5000,159,5,25000.0,37,2,2
5000,160,5,11500.0,9,0,0
5000,161,2,13000.0,8,1,1
5000,163,2,11500.0,3,0,0
5000,165,3,16000.0,17,0,0
5000,166,5,25000.0,32,1,1
5000,167,3,12000.0,8,1,1
5000,168,4,25000.0,19,1,1
5000,171,3,12500.0,1,0,0
5000,173,3,13500.0,6,1,1
5000,174,3,16000.0,12,0,0
5000,175,2,13500.0,2,0,0
5000,176,2,15000.0,4,0,0
5000,177,5,25000.0,42,7,7
5000,180,5,18500.0,30,4,4
5000,181,2,15000.0,9,0,0
5000,183,2,15000.0,5,0,0
5000,186,2,14500.0,4,0,0
5000,187,2,14500.0,5,0,0
5000,188,2,14500.0,4,0,0
5000,189,2,18000.0,8,0,0
5000,190,2,18000.0,8,1,1
5000,194,5,25000.0,29,1,1
5000,196,5,25000.0,29,1,1
5000,200,2,16500.0,3,0,0
5000,201,2,16500.0,9,0,0
5000,202,2,19000.0,9,0,0
5000,206,2,17500.0,6,0,0
5000,208,2,18000.0,8,0,0
5000,209,2,17500.0,8,0,0
5000,210,2,17500.0,4,0,0
5000,213,2,19000.0,10,1,1
5000,214,2,18500.0,8,0,0
5000,215,2,17500.0,8,0,0
5000,216,2,19000.0,9,0,0
5000,217,2,18500.0,8,0,0
5000,218,2,18500.0,5,0,0
5000,219,3,25000.0,12,1,1
5000,220,2,23000.0,9,0,0
5000,222,2,19500.0,6,0,0
5000,224,2,22500.0,11,1,1
5000,225,3,19500.0,17,0,0
5000,226,3,22500.0,10,0,0
5000,227,5,25000.0,34,2,2
5000,228,5,25000.0,20,2,2
5000,229,5,25000.0,22,1,1
5000,231,2,20500.0,8,0,0
5000,232,2,20000.0,5,0,0
5000,233,2,23000.0,9,2,2
5000,238,2,20500.0,3,0,0
5000,240,2,24500.0,9,0,0
5000,241,2,22000.0,8,0,0
5000,242,2,21000.0,7,0,0
5000,243,2,25000.0,8,0,0
5000,245,2,20500.0,7,0,0
5000,246,2,20500.0,7,0,0
5000,247,2,23000.0,8,0,0
5000,248,2,20500.0,4,0,0
5000,249,2,21500.0,7,0,0
5000,252,2,25000.0,16,1,1
5000,253,2,22000.0,8,0,0
5000,255,2,21500.0,4,0,0
5000,256,3,25000.0,16,1,1
5000,257,5,25000.0,23,1,1
5000,258,4,23000.0,18,0,0
5000,269,2,24500.0,8,0,0
5000,270,2,25000.0,8,0,0
5000,272,3,25000.0,17,0,0
5000,273,2,24000.0,4,0,0
5000,274,4,25000.0,13,0,0
5000,275,3,25000.0,16,0,0
5000,276,4,25000.0,18,0,0
5000,280,2,25000.0,9,0,0
5000,281,5,25000.0,19,0,0
5000,282,4,25000.0,10,0,0
5000,283,5,25000.0,9,0,0
5000,0,5,25000.0,65,6,6
5000,6,5,25000.0,72,7,7
5000,13,3,25000.0,44,9,9
5000,24,5,25000.0,53,8,8
5000,37,5,25000.0,60,9,9
5000,38,5,25000.0,53,5,5
5000,47,4,25000.0,49,6,6
5000,48,5,25000.0,64,7,7
5000,52,2,2500.0,1,0,0
5000,53,4,7500.0,16,3,3
5000,57,2,1500.0,0,0,0
5000,58,3,1500.0,2,0,0
5000,63,2,2500.0,2,0,0
5000,67,2,2500.0,2,0,0
5000,70,2,1500.0,0,0,0
5000,71,2,3500.0,6,0,0
5000,72,2,1000.0,1,0,0
5000,74,2,1000.0,2,0,0
5000,75,2,1000.0,3,0,0
5000,76,5,25000.0,54,6,6
5000,77,5,13500.0,32,5,5
5000,78,2,3000.0,5,0,0
5000,82,5,25000.0,55,7,7
5000,83,5,5000.0,7,1,1
5000,88,5,25000.0,62,10,10
5000,91,2,3000.0,5,0,0
5000,92,5,25000.0,54,7,7
5000,93,5,23500.0,40,5,5
5000,94,2,5000.0,3,0,0
5000,95,2,4500.0,2,1,1
5000,96,2,5000.0,4,0,0
5000,98,2,4500.0,1,0,0
5000,99,2,5000.0,2,0,0
5000,105,2,5500.0,3,0,0
5000,106,2,5500.0,6,0,0
5000,110,2,5500.0,3,0,0
5000,112,4,7500.0,4,0,0
5000,115,2,8000.0,6,1,1
5000,116,5,8500.0,17,1,1
5000,118,2,7500.0,3,0,0
5000,125,2,7500.0,2,0,0
5000,128,2,9500.0,7,1,1
5000,130,5,18500.0,33,4,4
5000,132,2,9500.0,6,0,0
5000,133,2,8500.0,4,0,0
5000,134,2,11000.0,8,0,0
5000,139,4,25000.0,31,2,2
5000,140,5,10000.0,4,1,1
5000,141,4,9500.0,1,0,0
5000,142,2,10500.0,8,0,0
5000,143,2,9500.0,2,0,0
5000,144,2,10000.0,2,0,0
5000,145,2,11500.0,12,1,1
5000,146,2,11000.0,0,0,0
5000,149,3,10500.0,5,0,0
5000,150,2,10500.0,8,1,1
5000,151,2,10500.0,1,0,0
5000,152,2,15000.0,14,2,2
5000,156,2,11000.0,8,0,0
5000,157,2,10500.0,2,0,0
5000,158,2,12000.0,10,0,0
5000,159,5,25000.0,63,7,7
5000,165,5,25000.0,29,2,2
5000,166,5,24500.0,48,4,4
5000,171,4,25000.0,27,1,1
5000,172,5,25000.0,42,5,5
5000,173,2,19000.0,8,0,0
5000,175,2,14000.0,7,1,1
5000,176,2,15000.0,6,0,0
5000,179,2,15500.0,7,0,0
5000,180,2,14500.0,8,0,0
5000,182,2,16500.0,9,1,1
5000,183,2,16000.0,9,0,0
5000,184,2,14000.0,9,0,0
5000,186,5,25000.0,23,1,1
5000,190,2,14000.0,3,0,0
5000,191,4,18500.0,21,1,1
5000,192,2,15500.0,5,0,0
5000,193,2,14500.0,4,0,0
5000,194,5,18500.0,18,0,0
5000,197,4,17500.0,16,0,0
5000,199,2,17500.0,8,1,1
5000,207,3,17000.0,6,0,0
5000,210,5,25000.0,24,0,0
5000,212,2,19000.0,8,0,0
5000,216,2,19500.0,6,0,0
5000,217,2,19500.0,2,0,0
5000,218,5,25000.0,19,0,0
5000,222,3,20500.0,7,0,0
5000,223,5,25000.0,26,1,1
5000,224,5,25000.0,18,0,0
5000,225,5,25000.0,30,0,0
5000,226,2,23000.0,9,0,0
5000,227,2,25000.0,9,0,0
5000,229,3,22500.0,10,0,0
5000,231,5,25000.0,19,0,0
5000,232,2,21500.0,8,0,0
5000,234,2,22500.0,6,0,0
5000,235,2,23000.0,10,0,0
5000,236,2,22000.0,4,0,0
5000,237,2,22500.0,4,0,0
5000,240,5,25000.0,22,1,1
5000,242,2,23000.0,3,1,1
5000,245,2,24000.0,9,0,0
5000,250,2,23500.0,7,0,0
5000,251,2,24000.0,5,0,0
5000,252,5,25000.0,19,0,0
5000,256,2,25000.0,4,0,0
5000,259,2,25000.0,9,0,0
5000,260,2,25000.0,7,0,0
5000,9,5,25000.0,58,7,7
5000,29,4,19500.0,37,4,4
5000,31,5,25000.0,60,9,9
5000,32,5,25000.0,60,4,4
5000,33,5,25000.0,74,8,8
5000,34,3,9000.0,15,2,2
5000,40,5,25000.0,38,2,2
5000,49,2,1500.0,1,0,0
5000,52,2,1000.0,0,0,0
5000,56,2,1000.0,1,0,0
5000,63,5,25000.0,63,5,5
5000,70,5,4500.0,11,0,0
5000,71,5,9000.0,19,2,2
5000,72,5,25000.0,45,4,4
5000,73,5,25000.0,47,5,5
5000,74,5,8000.0,22,1,1
5000,76,5,2000.0,4,0,0
5000,80,4,4000.0,4,0,0
5000,83,5,25000.0,62,6,6
5000,84,5,5500.0,10,1,1
5000,85,2,2500.0,3,0,0
5000,89,3,2000.0,0,0,0
5000,90,5,2500.0,6,0,0
5000,91,5,2500.0,4,0,0
5000,93,2,2500.0,4,0,0
5000,95,5,20500.0,47,9,9
5000,96,2,3500.0,3,0,0
5000,97,2,3500.0,1,0,0
5000,101,5,25000.0,43,5,5
5000,102,5,25000.0,33,5,5
5000,103,4,25000.0,62,9,9
5000,104,4,9500.0,12,2,2
5000,106,2,6500.0,7,0,0
5000,109,2,6000.0,2,0,0
5000,111,5,25000.0,40,3,3
5000,112,2,7000.0,5,0,0
5000,118,3,7500.0,3,0,0
5000,120,2,7500.0,2,0,0
5000,122,2,7500.0,1,1,1
5000,124,5,25000.0,46,2,2
5000,126,4,25000.0,25,4,4
5000,128,2,10500.0,3,0,0
5000,131,2,13000.0,8,1,1
5000,132,5,11500.0,3,0,0
5000,133,4,16000.0,24,1,1
5000,134,2,11500.0,6,0,0
5000,137,2,12000.0,4,0,0
5000,138,2,12500.0,3,0,0
5000,139,2,12000.0,6,0,0
5000,143,2,13000.0,6,0,0
5000,144,2,14000.0,8,0,0
5000,145,3,18500.0,16,0,0
5000,147,2,14500.0,8,0,0
5000,148,2,16000.0,8,1,1
5000,151,2,15500.0,9,0,0
5000,152,5,25000.0,29,4,4
5000,153,2,17500.0,8,1,1
5000,154,2,14500.0,1,0,0
5000,155,5,25000.0,21,1,1
5000,157,2,15000.0,5,0,0
5000,160,2,15000.0,3,0,0
5000,161,2,16000.0,4,0,0
5000,162,5,25000.0,19,0,0
5000,163,5,25000.0,31,1,1
5000,164,5,25000.0,40,1,1
5000,166,2,20000.0,8,0,0
5000,172,2,18000.0,8,0,0
5000,173,5,25000.0,27,3,3
5000,174,5,25000.0,19,0,0
5000,175,5,25000.0,25,2,2
5000,176,5,25000.0,31,1,1
5000,178,2,19000.0,8,0,0
5000,180,2,18500.0,2,0,0
5000,181,2,18500.0,1,0,0
5000,184,2,19000.0,4,0,0
5000,187,2,20000.0,6,1,1
5000,189,2,20000.0,1,0,0
5000,190,2,20000.0,6,0,0
5000,191,2,20000.0,4,0,0
5000,193,2,20000.0,5,0,0
5000,195,5,25000.0,29,0,0
5000,198,5,25000.0,22,1,1
5000,199,2,21500.0,2,0,0
5000,201,5,24500.0,18,0,0
5000,202,4,25000.0,22,1,1
5000,203,5,25000.0,30,0,0
5000,207,4,25000.0,17,0,0
5000,208,4,25000.0,22,1,1
5000,212,2,23000.0,5,0,0
5000,214,2,23500.0,7,0,0
5000,216,3,25000.0,12,1,1
5000,218,2,25000.0,8,0,0
5000,220,2,24000.0,4,0,0
5000,221,2,25000.0,8,0,0
5000,224,2,25000.0,8,0,0
5000,225,2,25000.0,8,0,0
5000,233,2,25000.0,9,0,0
5000,236,2,25000.0,3,1,1
5000,237,2,25000.0,9,0,0
5000,239,2,25000.0,2,0,0
5000,12,3,8000.0,9,1,1
5000,19,2,7000.0,6,1,1
5000,21,5,25000.0,61,8,8
5000,32,4,25000.0,50,8,8
5000,41,2,1000.0,0,0,0
5000,42,4,25000.0,47,4,4
5000,46,5,25000.0,64,8,8
5000,53,2,1000.0,0,0,0
5000,60,4,25000.0,39,3,3
5000,66,2,9500.0,10,2,2
5000,67,2,1000.0,0,0,0
5000,70,2,1000.0,0,0,0
5000,78,2,5000.0,3,1,1
5000,79,5,25000.0,62,9,9
5000,80,3,19000.0,28,5,5
5000,82,2,3500.0,6,1,1
5000,83,2,2500.0,0,0,0
5000,84,2,2500.0,5,1,1
5000,88,2,3000.0,3,0,0
5000,89,5,25000.0,51,7,7
5000,92,3,3000.0,0,0,0
5000,94,2,4000.0,3,0,0
5000,98,2,7000.0,3,1,1
5000,100,4,25000.0,51,10,10
5000,101,3,7000.0,4,0,0
5000,104,2,8500.0,4,0,0
5000,107,5,25000.0,59,8,8
5000,108,2,9000.0,4,2,2
5000,110,2,7000.0,5,0,0
5000,111,2,11000.0,9,1,1
5000,112,2,7000.0,1,0,0
5000,113,2,8500.0,7,0,0
5000,114,2,8500.0,1,0,0
5000,116,2,9500.0,9,0,0
5000,117,2,8500.0,4,0,0
5000,118,3,9500.0,5,0,0
5000,119,5,25000.0,44,7,7
5000,120,4,12500.0,12,2,2
5000,122,2,9500.0,5,0,0
5000,123,2,10000.0,6,0,0
5000,125,2,9000.0,2,0,0
5000,127,2,10000.0,3,0,0
5000,129,2,10000.0,2,0,0
5000,131,2,10500.0,6,0,0
5000,132,2,10500.0,5,0,0
5000,134,5,25000.0,63,8,8
5000,135,2,11000.0,4,0,0
5000,138,2,10500.0,2,0,0
5000,139,2,12000.0,3,0,0
5000,143,2,12500.0,5,0,0
5000,145,5,25000.0,41,5,5
5000,146,5,25000.0,19,1,1
5000,147,5,15000.0,24,1,1
5000,148,5,25000.0,45,8,8
5000,150,2,13500.0,3,1,1
5000,152,2,12500.0,4,0,0
5000,154,2,12000.0,2,0,0
5000,155,2,13500.0,5,2,2
5000,156,5,25000.0,38,3,3
5000,158,2,24000.0,15,2,2
5000,160,4,22500.0,21,3,3
5000,168,2,14000.0,5,0,0
5000,169,2,15500.0,9,0,0
5000,170,2,14500.0,6,0,0
5000,171,2,14000.0,5,0,0
5000,172,2,14500.0,7,1,1
5000,175,2,14000.0,3,0,0
5000,176,2,14500.0,2,1,1
5000,177,2,14000.0,4,0,0
5000,178,2,14000.0,2,0,0
5000,182,4,25000.0,30,1,1
5000,185,2,17500.0,8,0,0
5000,186,2,15500.0,4,1,1
5000,189,2,15000.0,2,0,0
5000,192,2,16000.0,8,0,0
5000,193,2,21000.0,9,2,2
5000,194,2,16000.0,9,0,0
5000,195,2,16500.0,8,0,0
5000,196,2,17000.0,10,0,0
5000,197,2,16500.0,6,0,0
5000,198,2,18500.0,9,2,2
5000,200,2,16000.0,5,1,1
5000,201,2,16000.0,5,0,0
5000,202,2,16000.0,4,0,0
5000,203,2,17000.0,4,0,0
5000,206,2,20000.0,8,0,0
5000,208,4,19000.0,13,1,1
5000,209,5,19000.0,23,2,2
5000,212,2,19000.0,9,0,0
5000,213,5,22000.0,28,1,1
5000,216,2,21500.0,8,0,0
5000,217,2,18500.0,4,0,0
5000,218,2,18500.0,4,0,0
5000,220,2,20500.0,9,0,0
5000,221,5,25000.0,27,2,2
5000,224,2,19500.0,7,0,0
5000,225,2,25000.0,9,0,0
5000,230,2,20000.0,9,1,1
5000,232,4,25000.0,31,2,2
5000,233,2,20000.0,2,0,0
5000,234,2,22500.0,9,0,0
5000,235,2,20000.0,6,0,0
5000,238,2,21000.0,8,0,0
5000,239,2,22000.0,9,0,0
5000,240,5,25000.0,18,1,1
5000,241,2,21000.0,5,0,0
5000,242,2,21000.0,9,0,0
5000,245,2,20500.0,8,0,0
5000,246,2,21500.0,4,0,0
5000,248,2,21500.0,4,0,0
5000,249,5,25000.0,21,1,1
5000,254,5,25000.0,22,1,1
5000,255,2,23000.0,4,0,0
5000,256,2,25000.0,9,0,0
5000,257,2,24500.0,8,0,0
5000,258,2,23500.0,6,0,0
5000,259,2,25000.0,8,0,0
5000,260,2,24500.0,9,0,0
5000,262,2,23500.0,5,0,0
5000,267,2,24000.0,7,0,0
5000,268,2,24500.0,8,0,0
5000,269,2,25000.0,9,0,0
5000,271,2,24500.0,6,0,0
5000,272,2,24500.0,7,0,0
5000,273,3,25000.0,10,0,0
5000,274,2,25000.0,8,0,0
5000,275,2,25000.0,9,0,0
5000,276,3,25000.0,7,0,0
5000,277,3,25000.0,3,0,0
5000,279,2,25000.0,6,0,0
5000,280,2,25000.0,5,0,0
5000,0,4,1000.0,1,0,0
5000,1,4,25000.0,50,7,7
5000,21,2,5000.0,1,0,0
5000,26,5,25000.0,75,11,11
5000,34,5,25000.0,55,6,6
5000,35,5,21500.0,59,10,10
5000,45,5,25000.0,62,10,10
5000,66,2,2000.0,2,0,0
5000,69,2,1000.0,1,0,0
5000,70,2,2000.0,2,0,0
5000,71,3,1000.0,3,0,0
5000,73,2,1500.0,1,0,0
5000,74,2,1500.0,1,0,0
5000,75,5,25000.0,73,12,12
5000,77,2,2000.0,3,0,0
5000,78,2,2000.0,3,0,0
5000,79,2,3000.0,3,0,0
5000,83,2,3500.0,5,0,0
5000,84,2,7500.0,8,1,1
5000,85,2,3000.0,2,0,0
5000,86,4,25000.0,50,5,5
5000,87,2,2500.0,2,0,0
5000,88,2,3000.0,1,0,0
5000,89,2,4000.0,4,0,0
5000,91,5,25000.0,64,8,8
5000,92,3,4500.0,6,2,2
5000,95,2,8000.0,6,2,2
5000,96,2,4500.0,3,0,0
5000,97,2,4500.0,2,0,0
5000,98,2,5000.0,6,0,0
5000,99,2,4000.0,4,0,0
5000,100,2,5500.0,6,0,0
5000,101,4,5000.0,4,1,1
5000,102,4,6000.0,9,1,1
5000,103,2,6000.0,3,1,1
5000,104,2,4500.0,2,0,0
5000,105,2,4500.0,2,0,0
5000,108,3,5500.0,4,1,1
5000,109,3,14500.0,24,6,6
5000,110,3,5500.0,1,0,0
5000,111,2,6000.0,3,0,0
5000,112,2,7000.0,4,0,0
5000,116,2,7000.0,7,0,0
5000,117,2,6000.0,3,0,0
5000,120,2,6500.0,5,1,1
5000,121,2,6000.0,2,0,0
5000,123,3,7000.0,3,0,0
5000,127,5,25000.0,64,14,14
5000,131,2,8000.0,3,0,0
5000,135,2,9500.0,6,0,0
5000,136,2,8500.0,5,1,1
5000,139,3,9000.0,5,0,0
5000,140,5,25000.0,46,7,7
5000,142,2,9000.0,1,2,2
5000,144,5,19500.0,43,4,4
5000,146,2,11000.0,8,1,1
5000,148,2,9000.0,5,0,0
5000,150,3,15500.0,20,1,1
5000,151,5,25000.0,39,4,4
5000,152,2,10000.0,0,0,0
5000,155,2,12000.0,5,0,0
5000,156,2,11500.0,3,0,0
5000,157,2,11500.0,7,1,1
5000,158,2,11000.0,0,0,0
5000,160,2,12000.0,9,1,1
5000,164,2,13000.0,10,2,2
5000,165,2,13000.0,7,0,0
5000,166,2,13000.0,8,0,0
5000,171,2,14000.0,8,0,0
5000,173,5,25000.0,41,4,4
5000,174,3,14000.0,11,0,0
5000,175,2,12500.0,3,0,0
5000,176,2,12500.0,3,0,0
5000,177,2,12500.0,4,0,0
5000,179,2,18000.0,12,2,2
5000,180,4,25000.0,40,6,6
5000,181,5,14000.0,14,1,1
5000,182,2,14500.0,7,0,0
5000,183,2,15500.0,9,0,0
5000,184,2,14500.0,7,1,1
5000,185,2,14000.0,4,0,0
5000,188,5,25000.0,43,4,4
5000,189,2,15000.0,5,0,0
5000,190,2,17500.0,8,0,0
5000,191,2,16500.0,8,0,0
5000,193,2,15500.0,3,0,0
5000,194,2,16000.0,8,0,0
5000,196,2,16500.0,4,0,0
5000,197,2,16500.0,6,0,0
5000,199,2,16500.0,4,0,0
5000,200,2,16000.0,3,0,0
5000,202,2,17500.0,9,0,0
5000,203,2,16500.0,6,0,0
5000,205,2,16500.0,4,0,0
5000,206,2,17500.0,8,0,0
5000,207,2,17000.0,2,0,0
5000,208,3,16500.0,2,0,0
5000,209,5,25000.0,39,4,4
5000,210,2,17000.0,4,0,0
5000,212,2,17500.0,8,0,0
5000,213,2,17000.0,4,0,0
5000,217,2,17500.0,7,1,1
5000,218,2,21000.0,9,0,0
5000,229,2,19500.0,7,0,0
5000,231,5,19500.0,17,1,1
5000,237,2,19500.0,7,0,0
5000,239,3,20500.0,14,0,0
5000,240,5,25000.0,18,0,0
5000,241,3,20000.0,12,0,0
5000,242,2,21000.0,9,1,1
5000,243,2,19500.0,6,0,0
5000,244,2,21500.0,12,1,1
5000,247,2,22500.0,13,2,2
5000,249,2,19500.0,7,0,0
5000,250,2,23000.0,12,2,2
5000,251,2,21000.0,8,2,2
5000,252,4,21000.0,7,0,0
5000,253,5,25000.0,25,2,2
5000,259,2,20500.0,5,0,0
5000,263,2,21500.0,7,0,0
5000,264,5,25000.0,20,0,0
5000,265,4,25000.0,21,0,0
5000,266,2,23000.0,4,0,0
5000,268,2,23000.0,3,0,0
5000,270,4,25000.0,20,1,1
5000,271,5,25000.0,25,1,1
5000,274,5,25000.0,19,0,0
5000,275,4,25000.0,18,0,0
5000,276,5,25000.0,18,0,0
5000,277,3,24500.0,7,0,0
5000,278,5,25000.0,12,0,0
5000,280,4,25000.0,20,0,0
5000,282,2,25000.0,8,0,0
5000,283,5,25000.0,7,0,0
5000,284,4,25000.0,4,0,0
5000,287,2,25000.0,6,0,0
5000,0,5,25000.0,42,2,2
5000,1,4,8500.0,20,1,1
5000,15,5,25000.0,81,8,8
5000,23,4,15500.0,33,2,2
5000,27,5,25000.0,47,3,3
5000,40,5,25000.0,38,4,4
5000,45,4,25000.0,38,1,1
5000,51,4,25000.0,51,5,5
5000,52,5,25000.0,40,2,2
5000,53,3,1000.0,1,0,0
5000,54,5,11000.0,32,4,4
5000,57,4,2000.0,2,0,0
5000,69,4,25000.0,37,2,2
5000,70,5,4500.0,8,2,2
5000,71,2,2500.0,1,0,0
5000,80,4,25000.0,51,4,4
5000,81,2,2500.0,3,0,0
5000,83,4,25000.0,57,7,7
5000,84,2,1500.0,2,0,0
5000,85,2,1500.0,3,0,0
5000,88,2,2500.0,5,0,0
5000,89,2,2500.0,3,0,0
5000,90,2,1500.0,3,0,0
5000,91,5,25000.0,59,8,8
5000,92,5,25000.0,36,4,4
5000,93,2,3500.0,5,0,0
5000,94,2,2000.0,1,0,0
5000,95,2,3500.0,3,0,0
5000,96,2,3500.0,5,0,0
5000,97,3,25000.0,35,4,4
5000,98,2,3000.0,2,1,1
5000,99,2,3000.0,1,0,0
5000,100,2,2500.0,2,0,0
5000,101,2,6000.0,8,2,2
5000,103,2,3000.0,1,0,0
5000,104,2,3500.0,3,1,1
5000,105,2,5500.0,4,1,1
5000,106,2,3500.0,2,0,0
5000,107,2,3500.0,3,0,0
5000,110,2,5500.0,7,1,1
5000,111,2,3500.0,4,0,0
5000,114,2,4000.0,6,0,0
5000,116,3,14500.0,14,0,0
5000,117,5,25000.0,41,3,3
5000,119,2,6000.0,7,0,0
5000,121,5,25000.0,34,5,5
5000,122,2,12000.0,16,2,2
5000,125,2,5000.0,2,0,0
5000,126,2,6500.0,4,0,0
5000,127,5,25000.0,36,5,5
5000,128,5,25000.0,28,3,3
5000,129,3,8000.0,15,1,1
5000,131,5,25000.0,45,4,4
5000,132,2,6500.0,1,1,1
5000,134,2,7000.0,3,0,0
5000,137,5,25000.0,45,7,7
5000,141,2,9500.0,6,1,1
5000,144,2,9000.0,3,0,0
5000,145,5,25000.0,19,0,0
5000,146,2,10000.0,3,0,0
5000,147,2,9500.0,1,0,0
5000,148,5,25000.0,26,2,2
5000,149,5,25000.0,29,2,2
5000,151,2,10500.0,5,0,0
5000,154,2,10500.0,7,1,1
5000,155,2,10500.0,5,0,0
5000,157,4,25000.0,23,2,2
5000,158,5,25000.0,31,2,2
5000,159,2,12000.0,3,0,0
5000,160,2,12000.0,3,1,1
5000,162,2,12500.0,2,0,0
5000,163,2,12500.0,2,0,0
5000,165,2,12500.0,5,0,0
5000,166,2,15500.0,9,0,0
5000,169,2,14000.0,9,0,0
5000,170,2,18000.0,17,1,1
5000,171,3,18500.0,16,0,0
5000,172,5,25000.0,18,0,0
5000,173,3,14500.0,5,0,0
5000,176,5,25000.0,28,1,1
5000,181,2,15500.0,6,0,0
5000,182,2,15500.0,7,0,0
5000,183,2,17000.0,10,0,0
5000,184,5,25000.0,23,1,1
5000,185,3,18000.0,9,0,0
5000,186,2,18000.0,8,0,0
5000,188,2,17500.0,5,0,0
5000,189,2,17000.0,2,0,0
5000,190,2,18000.0,8,0,0
5000,193,2,18000.0,8,0,0
5000,197,2,18000.0,2,0,0
5000,200,2,18500.0,8,0,0
5000,202,2,20000.0,9,0,0
5000,205,5,25000.0,23,0,0
5000,208,5,25000.0,18,0,0
5000,210,2,20000.0,9,0,0
5000,215,4,23500.0,13,0,0
5000,216,5,25000.0,19,0,0
5000,218,2,23500.0,9,0,0
5000,221,5,25000.0,28,1,1
5000,222,3,24000.0,10,0,0
5000,226,5,24500.0,20,0,0
5000,227,3,25000.0,10,0,0
5000,228,2,22500.0,5,0,0
5000,234,5,25000.0,29,0,0
5000,236,4,23500.0,7,0,0
5000,237,5,25000.0,18,0,0
5000,238,5,25000.0,8,0,0
5000,239,5,25000.0,12,0,0
5000,240,2,25000.0,9,0,0
5000,241,2,25000.0,8,0,0
5000,243,2,25000.0,6,0,0
5000,4,2,10500.0,17,2,2
5000,8,5,25000.0,51,6,6
5000,35,5,25000.0,73,10,10
5000,36,5,25000.0,62,8,8
5000,47,3,1000.0,0,0,0
5000,53,3,25000.0,27,3,3
5000,54,5,25000.0,60,8,8
5000,58,5,25000.0,53,4,4
5000,69,4,2000.0,2,0,0
5000,70,3,25000.0,20,1,1
5000,72,2,1000.0,0,0,0
5000,75,2,2500.0,1,0,0
5000,82,3,2000.0,1,0,0
5000,83,2,1500.0,1,0,0
5000,86,2,1500.0,1,0,0
5000,87,5,25000.0,58,8,8
5000,88,4,19000.0,34,3,3
5000,89,3,3000.0,3,0,0
5000,90,2,1500.0,0,0,0
5000,92,5,25000.0,45,5,5
5000,93,5,25000.0,62,10,10
5000,94,2,2000.0,2,0,0
5000,95,2,2500.0,3,0,0
5000,97,2,3500.0,2,0,0
5000,99,5,25000.0,57,6,6
5000,104,2,6000.0,4,0,0
5000,107,2,4500.0,4,0,0
5000,109,2,4500.0,4,0,0
5000,112,2,6000.0,7,0,0
5000,116,2,5000.0,7,0,0
5000,117,2,5500.0,8,1,1
5000,120,3,5000.0,4,0,0
5000,121,3,5500.0,10,1,1
5000,123,2,5500.0,8,0,0
5000,124,2,5000.0,2,0,0
5000,127,4,9000.0,17,1,1
5000,129,2,5500.0,1,0,0
5000,130,2,5500.0,1,0,0
5000,131,4,16000.0,22,2,2
5000,132,2,10000.0,11,2,2
5000,134,2,7500.0,5,0,0
5000,137,2,8000.0,3,0,0
5000,138,3,25000.0,36,7,7
5000,139,2,7500.0,2,0,0
5000,140,2,10000.0,9,1,1
5000,141,2,7500.0,5,0,0
5000,142,5,25000.0,41,3,3
5000,143,3,25000.0,29,3,3
5000,144,2,16000.0,10,0,0
5000,146,2,8000.0,7,0,0
5000,148,2,7500.0,3,1,1
5000,149,4,8000.0,0,0,0
5000,150,2,8000.0,8,0,0
5000,151,2,8000.0,8,1,1
5000,153,4,25000.0,20,3,3
5000,154,5,25000.0,24,1,1
5000,155,2,8500.0,1,0,0
5000,158,2,10000.0,9,1,1
5000,161,5,25000.0,41,6,6
5000,162,5,10500.0,10,0,0
5000,164,5,25000.0,46,6,6
5000,167,2,10000.0,8,0,0
5000,169,2,10000.0,4,0,0
5000,170,2,10000.0,5,0,0
5000,172,2,10000.0,3,0,0
5000,173,2,11500.0,7,0,0
5000,174,2,10500.0,4,0,0
5000,175,2,11000.0,4,0,0
5000,176,3,11500.0,3,1,1
5000,178,2,11000.0,5,1,1
5000,179,2,11000.0,4,0,0
5000,181,2,10500.0,3,0,0
5000,183,2,11500.0,4,1,1
5000,185,4,20500.0,33,1,1
5000,187,5,24500.0,22,1,1
5000,188,4,25000.0,26,3,3
5000,190,2,14500.0,9,0,0
5000,191,3,14000.0,17,1,1
5000,196,2,14000.0,7,0,0
5000,197,2,14000.0,3,0,0
5000,198,2,13500.0,1,0,0
5000,199,3,15000.0,12,0,0
5000,200,2,15000.0,7,1,1
5000,201,2,14000.0,7,0,0
5000,203,2,14000.0,4,0,0
5000,205,2,14500.0,3,0,0
5000,206,2,14500.0,9,0,0
5000,207,2,16500.0,9,0,0
5000,209,2,14000.0,6,0,0
5000,210,5,25000.0,32,4,4
5000,211,3,19500.0,13,0,0
5000,212,5,18500.0,18,0,0
5000,214,2,15500.0,4,0,0
5000,216,2,15000.0,4,1,1
5000,217,2,16500.0,11,1,1
5000,218,2,16500.0,7,0,0
5000,219,3,25000.0,19,3,3
5000,221,5,25000.0,29,2,2
5000,222,2,18500.0,8,0,0
5000,223,2,16000.0,2,0,0
5000,225,2,16500.0,8,0,0
5000,226,2,16500.0,6,0,0
5000,227,2,18000.0,11,0,0
5000,228,2,21500.0,13,2,2
5000,230,5,25000.0,23,1,1
5000,232,2,18500.0,8,0,0
5000,234,2,18000.0,9,0,0
5000,235,2,18500.0,8,0,0
5000,238,2,18000.0,1,0,0
5000,240,2,19000.0,8,1,1
5000,241,2,18000.0,3,0,0
5000,243,2,18000.0,6,0,0
5000,245,5,25000.0,28,1,1
5000,248,3,19500.0,6,0,0
5000,249,2,22000.0,8,0,0
5000,250,2,19500.0,2,0,0
5000,252,2,20500.0,9,0,0
5000,254,2,20500.0,3,0,0
5000,255,5,25000.0,25,1,1
5000,257,2,20500.0,5,0,0
5000,259,2,20500.0,2,0,0
5000,260,2,21000.0,5,0,0
5000,262,2,21500.0,9,0,0
5000,263,2,23000.0,9,0,0
5000,264,2,21500.0,8,0,0
5000,267,5,25000.0,16,0,0
5000,268,5,25000.0,18,0,0
5000,271,2,21500.0,5,0,0
5000,273,2,22500.0,9,0,0
5000,274,2,25000.0,8,0,0
5000,275,5,25000.0,22,1,1
5000,276,2,23000.0,9,0,0
5000,277,2,22000.0,7,0,0
5000,281,2,23000.0,6,0,0
5000,282,5,25000.0,25,1,1
5000,284,2,23000.0,8,0,0
5000,285,2,23000.0,6,0,0
5000,290,2,25000.0,8,0,0
5000,291,2,25000.0,6,0,0
5000,297,2,25000.0,6,0,0
5000,298,2,25000.0,4,0,0
5000,300,4,25000.0,3,0,0
5000,302,2,25000.0,5,0,0
5000,304,2,25000.0,7,0,0
5000,308,2,25000.0,8,0,0
5000,6,5,25000.0,67,8,8
5000,7,5,25000.0,74,9,9
5000,17,5,25000.0,54,7,7
5000,22,5,25000.0,53,5,5
5000,27,5,25000.0,57,5,5
5000,28,3,3500.0,5,0,0
5000,33,2,5000.0,8,0,0
5000,58,5,8500.0,24,1,1
5000,61,5,25000.0,51,4,4
5000,67,5,25000.0,69,7,7
5000,68,4,13000.0,32,2,2
5000,69,4,1500.0,3,0,0
5000,71,2,2000.0,0,0,0
5000,73,2,2500.0,3,0,0
5000,74,2,1000.0,0,0,0
5000,75,5,25000.0,59,7,7
5000,76,2,2000.0,4,0,0
5000,77,2,1000.0,5,0,0
5000,78,2,1500.0,5,0,0
5000,79,2,1000.0,2,0,0
5000,82,2,4000.0,8,2,2
5000,86,2,2000.0,2,0,0
5000,87,2,4000.0,6,0,0
5000,88,2,4000.0,8,2,2
5000,89,3,9000.0,16,1,1
5000,90,3,23500.0,35,4,4
5000,91,2,10500.0,8,0,0
5000,92,5,25000.0,52,7,7
5000,93,3,6000.0,14,3,3
5000,94,4,13000.0,33,3,3
5000,95,2,3000.0,5,0,0
5000,99,2,4500.0,6,0,0
5000,100,2,3000.0,1,0,0
5000,103,2,7000.0,8,0,0
5000,104,2,4000.0,2,0,0
5000,107,5,25000.0,69,8,8
5000,108,2,4500.0,3,1,1
5000,111,2,4500.0,2,0,0
5000,113,2,7000.0,6,0,0
5000,115,4,14000.0,45,4,4
5000,118,2,5000.0,3,0,0
5000,119,2,5000.0,3,0,0
5000,121,2,5000.0,3,0,0
5000,122,2,6000.0,4,0,0
5000,124,4,7500.0,10,0,0
5000,125,2,6000.0,3,0,0
5000,128,2,6500.0,2,1,1
5000,129,2,6500.0,0,1,1
5000,130,2,7500.0,6,0,0
5000,131,3,9500.0,9,0,0
5000,133,2,6500.0,3,0,0
5000,139,2,8000.0,1,0,0
5000,140,2,7000.0,7,0,0
5000,141,3,11500.0,16,1,1
5000,142,2,9500.0,6,0,0
5000,145,2,8500.0,6,1,1
5000,146,2,7500.0,0,0,0
5000,147,2,8500.0,7,2,2
5000,149,4,10000.0,16,1,1
5000,150,3,15000.0,31,4,4
5000,151,2,8500.0,4,0,0
5000,153,2,8500.0,2,2,2
5000,155,2,9000.0,6,0,0
5000,156,2,9000.0,2,0,0
5000,157,2,9000.0,5,0,0
5000,160,2,10000.0,4,1,1
5000,161,5,25000.0,45,5,5
5000,162,2,9500.0,4,0,0
5000,163,2,9500.0,4,0,0
5000,165,2,9500.0,1,0,0
5000,166,2,9500.0,5,0,0
5000,167,2,10500.0,6,0,0
5000,169,2,11500.0,8,2,2
5000,171,2,10000.0,6,0,0
5000,172,2,10000.0,6,1,1
5000,173,2,11000.0,13,2,2
5000,175,2,10500.0,9,0,0
5000,177,5,25000.0,52,5,5
5000,178,5,12500.0,16,1,1
5000,179,3,15000.0,12,1,1
5000,181,2,11500.0,4,0,0
5000,182,2,12000.0,8,0,0
5000,183,2,11500.0,5,0,0
5000,184,5,25000.0,20,2,2
5000,185,5,25000.0,23,5,5
5000,187,2,12500.0,3,0,0
5000,190,5,25000.0,22,5,5
5000,191,2,15000.0,9,2,2
5000,192,2,13500.0,4,0,0
5000,193,5,25000.0,41,8,8
5000,194,5,25000.0,31,3,3
5000,195,2,15500.0,8,0,0
5000,196,2,14000.0,4,1,1
5000,198,3,14000.0,10,0,0
5000,199,5,25000.0,23,3,3
5000,200,5,25000.0,37,1,1
5000,201,2,14500.0,6,0,0
5000,202,2,16500.0,9,1,1
5000,203,2,14500.0,4,0,0
5000,204,2,14000.0,6,0,0
5000,206,2,14500.0,6,0,0
5000,207,2,18000.0,9,0,0
5000,209,2,14000.0,8,0,0
5000,212,2,14500.0,5,0,0
5000,214,2,15000.0,7,0,0
5000,216,2,17500.0,10,0,0
5000,220,2,17500.0,9,0,0
5000,223,2,15000.0,9,0,0
5000,225,2,15000.0,4,0,0
5000,226,2,15000.0,6,0,0
5000,227,2,15000.0,4,0,0
5000,228,4,25000.0,17,0,0
5000,229,3,17000.0,15,0,0
5000,230,2,16500.0,9,0,0
5000,231,2,17000.0,8,0,0
5000,235,2,17500.0,8,0,0
5000,236,3,22000.0,18,2,2
5000,238,2,18500.0,8,0,0
5000,241,2,18000.0,7,0,0
5000,243,2,17500.0,10,1,1
5000,244,5,25000.0,19,0,0
5000,246,8,25000.0,61,5,5
5000,247,4,18000.0,8,0,0
5000,248,4,20000.0,22,0,0
5000,249,4,18500.0,9,0,0
5000,254,5,25000.0,25,1,1
5000,255,4,21500.0,16,0,0
5000,256,5,25000.0,26,0,0
5000,260,2,23500.0,8,0,0
5000,262,5,23500.0,19,0,0
5000,264,2,22000.0,9,0,0
5000,265,2,21000.0,7,0,0
5000,267,2,23000.0,9,0,0
5000,268,2,20500.0,2,0,0
5000,269,2,22000.0,9,0,0
5000,271,2,20500.0,6,0,0
5000,272,2,20500.0,5,0,0
5000,273,2,21500.0,9,0,0
5000,275,2,20500.0,7,1,1
5000,277,4,21500.0,7,0,0
5000,279,2,24000.0,10,0,0
5000,286,2,25000.0,13,1,1
5000,290,2,23500.0,8,0,0
5000,292,2,23500.0,3,0,0
5000,293,2,25000.0,11,1,1
5000,294,2,24000.0,8,0,0
5000,295,5,25000.0,26,1,1
5000,296,5,25000.0,28,0,0
5000,303,2,25000.0,4,0,0
5000,305,5,25000.0,9,0,0
5000,1,5,25000.0,60,11,11
5000,6,4,21500.0,30,1,1
5000,7,5,11000.0,28,1,1
5000,8,5,25000.0,66,8,8
5000,30,5,25000.0,51,5,5
5000,42,5,25000.0,59,6,6
5000,43,5,4500.0,12,1,1
5000,46,4,25000.0,48,7,7
5000,47,5,25000.0,56,5,5
5000,50,5,25000.0,59,6,6
5000,52,5,4000.0,11,0,0
5000,57,4,19500.0,61,7,7
5000,62,2,2000.0,1,0,0
5000,63,5,17000.0,50,3,3
5000,64,2,1000.0,1,0,0
5000,66,4,16500.0,45,4,4
5000,67,3,2000.0,2,0,0
5000,70,3,2500.0,6,0,0
5000,72,4,16500.0,22,0,0
5000,73,2,1500.0,2,0,0
5000,74,2,1500.0,3,0,0
5000,79,2,1500.0,2,0,0
5000,81,2,2500.0,3,0,0
5000,83,2,1500.0,4,0,0
5000,84,5,21500.0,34,5,5
5000,85,2,3000.0,2,0,0
5000,87,3,25000.0,26,3,3
5000,89,2,3000.0,2,0,0
5000,91,2,3000.0,1,0,0
5000,92,2,4000.0,2,0,0
5000,95,5,25000.0,46,7,7
5000,97,2,5500.0,6,0,0
5000,99,2,5000.0,6,1,1
5000,100,2,4000.0,2,1,1
5000,105,2,4500.0,1,0,0
5000,107,5,9000.0,25,2,2
5000,108,3,6500.0,4,0,0
5000,110,2,11500.0,8,0,0
5000,111,4,5500.0,1,1,1
5000,114,3,10000.0,10,1,1
5000,117,2,6000.0,2,1,1
5000,118,2,10500.0,10,1,1
5000,120,2,6500.0,4,0,0
5000,121,2,8000.0,6,0,0
5000,122,4,12000.0,28,2,2
5000,123,5,25000.0,46,5,5
5000,127,2,7000.0,4,0,0
5000,130,5,25000.0,28,4,4
5000,131,3,25000.0,23,2,2
5000,134,3,12500.0,13,3,3
5000,138,5,25000.0,24,2,2
5000,139,2,8500.0,5,0,0
5000,141,2,9500.0,3,0,0
5000,143,5,11500.0,17,1,1
5000,144,3,11500.0,13,1,1
5000,146,2,9500.0,5,0,0
5000,149,2,11500.0,9,0,0
5000,151,5,14000.0,20,0,0
5000,152,5,25000.0,40,3,3
5000,153,3,12000.0,2,0,0
5000,154,2,12000.0,2,0,0
5000,155,2,13500.0,5,0,0
5000,156,2,14500.0,13,1,1
5000,158,2,13500.0,8,0,0
5000,162,2,14500.0,10,0,0
5000,163,2,13000.0,4,0,0
5000,164,2,13000.0,2,0,0
5000,167,2,13000.0,2,0,0
5000,169,4,25000.0,26,2,2
5000,170,2,13000.0,4,0,0
5000,171,2,13000.0,6,0,0
5000,173,4,25000.0,12,1,1
5000,174,3,16500.0,13,0,0
5000,176,4,25000.0,14,1,1
5000,178,2,14500.0,5,0,0
5000,179,2,15000.0,3,0,0
5000,180,4,16500.0,13,0,0
5000,181,2,15000.0,3,0,0
5000,182,2,15500.0,3,0,0
5000,185,2,15500.0,4,0,0
5000,187,2,18500.0,8,0,0
5000,189,2,18000.0,8,0,0
5000,191,5,25000.0,25,3,3
5000,192,5,25000.0,40,3,3
5000,193,2,18000.0,10,0,0
5000,196,5,25000.0,18,0,0
5000,198,2,19000.0,8,0,0
5000,202,5,25000.0,23,1,1
5000,205,2,21500.0,5,0,0
5000,206,5,24500.0,21,1,1
5000,208,2,24500.0,9,0,0
5000,210,2,20500.0,7,0,0
5000,211,2,21500.0,8,0,0
5000,212,4,25000.0,17,0,0
5000,213,2,23000.0,9,0,0
5000,214,2,21000.0,6,0,0
5000,215,2,21000.0,8,0,0
5000,216,2,21000.0,5,0,0
5000,217,2,21000.0,4,0,0
5000,218,2,21000.0,6,0,0
5000,219,4,25000.0,23,1,1
5000,220,5,25000.0,37,2,2
5000,221,2,22000.0,2,0,0
5000,226,4,24500.0,11,0,0
5000,230,2,24000.0,9,0,0
5000,231,2,23500.0,8,0,0
5000,232,2,24000.0,6,0,0
5000,233,2,24000.0,9,0,0
5000,234,2,24500.0,9,0,0
5000,236,5,25000.0,29,0,0
5000,237,2,23500.0,3,0,0
5000,238,3,25000.0,12,0,0
5000,241,2,25000.0,8,0,0
5000,243,2,24000.0,3,0,0
5000,244,2,24000.0,6,0,0
5000,247,2,24500.0,4,0,0
5000,250,2,25000.0,6,0,0
5000,251,2,25000.0,9,0,0
5000,253,5,25000.0,12,0,0
5000,256,4,25000.0,11,0,0
5000,0,5,18000.0,46,5,5
5000,6,5,25000.0,37,3,3
5000,7,5,20000.0,48,3,3
5000,14,4,14500.0,34,3,3
5000,22,5,25000.0,73,5,5
5000,23,4,19000.0,46,4,4
5000,24,5,16000.0,44,3,3
5000,29,5,25000.0,35,1,1
5000,36,5,25000.0,48,5,5
5000,37,5,25000.0,67,6,6
5000,72,5,25000.0,55,5,5
5000,74,3,2500.0,4,0,0
5000,75,4,20000.0,43,4,4
5000,79,2,2000.0,1,0,0
5000,81,2,2000.0,1,0,0
5000,84,5,25000.0,57,5,5
5000,85,5,5500.0,13,1,1
5000,86,5,25000.0,49,6,6
5000,87,2,2500.0,4,0,0
5000,89,5,25000.0,35,4,4
5000,91,2,2500.0,6,0,0
5000,94,5,25000.0,22,2,2
5000,96,2,7000.0,6,0,0
5000,97,2,2500.0,3,0,0
5000,100,4,5500.0,9,0,0
5000,101,4,25000.0,20,1,1
5000,108,2,3500.0,5,0,0
5000,109,2,3500.0,4,0,0
5000,110,2,4500.0,4,0,0
5000,111,2,3500.0,2,0,0
5000,113,2,10000.0,18,2,2
5000,114,5,25000.0,48,10,10
5000,117,5,25000.0,31,5,5
5000,118,4,25000.0,44,8,8
5000,119,2,5500.0,2,0,0
5000,124,2,6500.0,6,1,1
5000,126,2,5500.0,5,0,0
5000,127,2,7000.0,8,0,0
5000,128,2,7000.0,5,0,0
5000,129,2,7000.0,8,2,2
5000,130,2,8000.0,9,0,0
5000,131,2,7000.0,5,1,1
5000,134,3,5500.0,1,0,0
5000,135,4,16000.0,24,2,2
5000,138,2,9000.0,10,2,2
5000,139,3,11500.0,17,0,0
5000,141,2,7000.0,3,1,1
5000,143,2,6500.0,2,0,0
5000,144,2,6500.0,3,0,0
5000,145,4,9500.0,17,0,0
5000,147,2,7500.0,5,0,0
5000,149,2,9000.0,6,1,1
5000,150,3,12500.0,22,2,2
5000,152,2,8500.0,3,0,0
5000,153,2,10000.0,7,1,1
5000,156,2,9000.0,5,0,0
5000,157,3,9500.0,5,0,0
5000,158,5,25000.0,33,4,4
5000,159,2,10500.0,4,0,0
5000,160,3,10500.0,6,0,0
5000,161,2,10000.0,6,0,0
5000,162,2,11000.0,4,0,0
5000,165,4,25000.0,17,0,0
5000,166,2,11000.0,3,0,0
5000,167,5,25000.0,26,5,5
5000,168,4,25000.0,33,3,3
5000,169,2,13000.0,7,0,0
5000,170,2,12000.0,1,0,0
5000,171,2,12000.0,1,0,0
5000,172,2,12000.0,2,0,0
5000,173,2,13500.0,6,0,0
5000,176,2,13000.0,3,0,0
5000,177,5,18500.0,20,0,0
5000,178,5,25000.0,21,1,1
5000,180,5,25000.0,35,3,3
5000,181,2,15500.0,7,0,0
5000,185,2,14500.0,4,0,0
5000,186,2,15500.0,7,1,1
5000,189,2,17000.0,9,0,0
5000,190,4,18000.0,14,0,0
5000,194,4,25000.0,17,0,0
5000,195,4,15500.0,13,0,0
5000,196,3,19500.0,20,1,1
5000,199,2,15500.0,3,0,0
5000,200,2,15500.0,2,0,0
5000,201,2,15500.0,4,0,0
5000,204,2,16500.0,3,0,0
5000,205,4,25000.0,14,0,0
5000,207,2,17500.0,9,0,0
5000,208,2,17500.0,7,0,0
5000,211,2,18500.0,8,0,0
5000,212,2,19000.0,8,0,0
5000,213,2,22000.0,12,2,2
5000,215,2,18500.0,2,0,0
5000,216,2,20500.0,9,0,0
5000,218,5,25000.0,17,0,0
5000,220,2,20000.0,9,0,0
5000,223,2,20000.0,2,0,0
5000,225,2,21000.0,6,0,0
5000,228,2,24000.0,10,1,1
5000,229,5,25000.0,18,0,0
5000,230,4,25000.0,25,1,1
5000,233,2,23000.0,10,0,0
5000,235,2,22500.0,6,0,0
5000,237,2,22000.0,1,0,0
5000,241,2,24000.0,8,0,0
5000,243,3,24000.0,5,0,0
5000,244,2,23500.0,6,0,0
5000,245,2,25000.0,8,0,0
5000,249,2,25000.0,8,0,0
5000,251,2,24500.0,6,0,0
5000,252,2,25000.0,7,0,0
5000,254,2,24500.0,3,0,0
5000,255,5,25000.0,18,0,0
5000,257,2,25000.0,1,0,0
5000,259,2,25000.0,8,0,0
5000,260,2,25000.0,5,0,0
5000,0,4,24500.0,46,7,7
5000,1,5,25000.0,72,10,10
5000,27,5,25000.0,55,6,6
5000,28,5,25000.0,52,3,3
5000,29,5,25000.0,72,8,8
5000,55,2,2000.0,2,0,0
5000,68,5,25000.0,58,6,6
5000,69,5,25000.0,51,6,6
5000,72,5,25000.0,71,8,8
5000,73,2,1500.0,1,0,0
5000,79,2,1000.0,0,0,0
5000,80,2,1000.0,0,0,0
5000,84,4,25000.0,44,9,9
5000,85,3,25000.0,44,4,4
5000,88,2,1000.0,2,0,0
5000,90,2,4000.0,6,1,1
5000,91,2,1000.0,2,0,0
5000,92,2,2000.0,4,1,1
5000,93,2,3500.0,5,0,0
5000,97,2,2000.0,4,0,0
5000,98,2,1500.0,4,0,0
5000,100,2,4000.0,6,0,0
5000,103,2,4000.0,7,0,0
5000,104,2,3500.0,2,1,1
5000,106,4,25000.0,37,3,3
5000,107,5,3500.0,7,1,1
5000,113,2,4500.0,5,0,0
5000,114,2,6000.0,10,1,1
5000,115,2,3000.0,3,0,0
5000,116,2,3000.0,5,0,0
5000,118,2,2500.0,1,0,0
5000,119,2,4000.0,2,0,0
5000,122,2,6000.0,4,1,1
5000,125,2,8000.0,7,0,0
5000,126,4,25000.0,49,6,6
5000,127,2,6000.0,5,1,1
5000,128,2,16500.0,12,1,1
5000,129,2,5500.0,4,0,0
5000,130,5,25000.0,57,9,9
5000,131,3,8500.0,9,0,0
5000,132,4,25000.0,47,8,8
5000,134,2,8000.0,7,0,0
5000,135,3,7000.0,2,1,1
5000,137,2,8500.0,4,0,0
5000,138,5,25000.0,31,4,4
5000,139,3,7500.0,7,0,0
5000,140,3,25000.0,19,2,2
5000,141,2,6500.0,1,0,0
5000,142,2,6500.0,1,0,0
5000,143,4,25000.0,37,5,5
5000,144,2,7000.0,6,1,1
5000,150,2,9500.0,3,0,0
5000,151,2,7500.0,7,0,0
5000,152,2,8500.0,6,1,1
5000,153,4,15000.0,20,1,1
5000,154,2,9500.0,11,1,1
5000,156,2,8000.0,5,0,0
5000,160,5,11500.0,16,0,0
5000,161,4,25000.0,44,4,4
5000,162,4,25000.0,24,3,3
5000,163,2,11500.0,8,1,1
5000,164,2,11000.0,7,0,0
5000,166,2,11500.0,9,0,0
5000,167,2,13000.0,10,0,0
5000,171,2,11500.0,7,0,0
5000,172,2,10500.0,3,0,0
5000,174,3,14500.0,13,1,1
5000,176,2,11000.0,8,0,0
5000,181,5,25000.0,29,3,3
5000,183,2,13000.0,7,0,0
5000,184,2,13500.0,4,0,0
5000,187,2,14000.0,5,0,0
5000,193,4,25000.0,23,1,1
5000,196,2,14000.0,0,0,0
5000,197,2,14500.0,1,0,0
5000,198,2,15500.0,8,0,0
5000,199,5,25000.0,20,1,1
5000,205,2,15000.0,4,0,0
5000,206,3,16500.0,11,0,0
5000,208,4,25000.0,29,4,4
5000,210,2,18000.0,5,1,1
5000,211,2,17000.0,3,0,0
5000,213,2,17000.0,6,0,0
5000,217,2,25000.0,13,2,2
5000,221,2,18000.0,6,0,0
5000,224,2,17500.0,3,0,0
5000,225,2,19500.0,6,0,0
5000,226,2,18000.0,8,0,0
5000,227,2,20000.0,13,1,1
5000,230,2,18500.0,0,0,0
5000,233,2,20500.0,2,0,0
5000,239,2,24000.0,9,0,0
5000,240,2,22000.0,9,0,0
5000,241,5,25000.0,17,0,0
5000,242,5,25000.0,21,0,0
5000,243,4,23500.0,14,0,0
5000,244,2,22500.0,6,0,0
5000,245,2,22000.0,4,0,0
5000,246,4,25000.0,13,0,0
5000,251,5,25000.0,19,0,0
5000,252,2,23000.0,3,0,0
5000,253,2,24000.0,4,0,0
5000,254,4,25000.0,22,0,0
5000,257,4,25000.0,22,0,0
5000,258,4,25000.0,14,0,0
5000,259,3,25000.0,16,1,1
5000,264,2,25000.0,2,0,0
5000,266,4,25000.0,7,0,0
5000,267,4,25000.0,7,0,0
5000,6,4,25000.0,64,8,8
5000,13,4,25000.0,55,8,8
5000,19,2,1500.0,3,0,0
5000,26,4,19500.0,40,4,4
5000,27,3,11500.0,20,1,1
5000,28,4,25000.0,52,9,9
5000,46,5,9500.0,26,0,0
5000,47,4,25000.0,43,5,5
5000,48,5,15000.0,40,4,4
5000,58,2,17000.0,17,5,5
5000,61,2,3000.0,2,0,0
5000,65,2,1000.0,1,0,0
5000,78,2,1000.0,0,0,0
5000,89,2,1500.0,1,0,0
5000,97,2,2000.0,2,0,0
5000,98,2,2000.0,1,0,0
5000,99,2,1000.0,0,0,0
5000,106,5,25000.0,63,6,6
5000,109,3,1500.0,0,0,0
5000,110,5,4000.0,5,0,0
5000,111,5,25000.0,70,13,13
5000,112,4,25000.0,31,4,4
5000,114,5,25000.0,44,8,8
5000,115,2,2500.0,4,0,0
5000,116,2,2500.0,3,0,0
5000,118,5,25000.0,33,4,4
5000,119,4,3500.0,4,1,1
5000,121,2,8000.0,13,1,1
5000,122,2,4000.0,4,0,0
5000,123,2,13500.0,11,1,1
5000,126,2,3500.0,2,0,0
5000,131,2,3500.0,5,0,0
5000,132,2,3500.0,4,0,0
5000,133,5,22500.0,55,7,7
5000,134,5,25000.0,62,9,9
5000,135,3,4500.0,6,1,1
5000,136,2,4000.0,1,0,0
5000,137,2,4000.0,2,1,1
5000,138,4,25000.0,47,5,5
5000,139,5,25000.0,25,4,4
5000,142,2,14000.0,19,3,3
5000,143,2,4500.0,4,0,0
5000,144,3,7500.0,6,1,1
5000,145,2,5500.0,3,1,1
5000,147,2,5000.0,4,0,0
5000,150,2,6000.0,3,0,0
5000,152,2,6000.0,4,0,0
5000,153,2,6000.0,2,1,1
5000,154,3,9000.0,7,1,1
5000,155,2,10000.0,9,2,2
5000,156,5,25000.0,20,1,1
5000,158,2,6500.0,1,2,2
5000,159,2,7000.0,3,1,1
5000,165,2,7000.0,1,0,0
5000,166,2,8500.0,8,0,0
5000,168,2,9000.0,5,0,0
5000,169,2,8500.0,6,0,0
5000,170,2,9000.0,8,1,1
5000,174,2,10000.0,9,0,0
5000,175,2,8500.0,6,0,0
5000,176,2,12000.0,10,2,2
5000,177,2,8500.0,4,1,1
5000,179,4,11000.0,12,0,0
5000,181,5,25000.0,52,5,5
5000,182,4,9500.0,3,1,1
5000,183,2,11000.0,9,0,0
5000,184,2,9500.0,4,1,1
5000,186,2,12000.0,6,0,0
5000,188,2,11000.0,8,1,1
5000,189,2,11000.0,4,0,0
5000,190,2,10500.0,6,0,0
5000,191,2,14500.0,9,0,0
5000,193,2,11000.0,8,0,0
5000,196,4,16000.0,14,0,0
5000,197,5,16000.0,33,1,1
5000,200,2,13000.0,5,1,1
5000,201,2,11500.0,5,0,0
5000,203,2,12000.0,8,0,0
5000,205,2,13500.0,6,0,0
5000,206,4,25000.0,38,3,3
5000,207,4,25000.0,19,1,1
5000,209,2,13000.0,6,0,0
5000,210,2,12500.0,3,0,0
5000,211,2,12000.0,1,0,0
5000,212,2,16000.0,9,1,1
5000,214,2,13500.0,8,0,0
5000,215,2,12500.0,6,0,0
5000,216,2,12500.0,7,0,0
5000,217,2,12500.0,4,0,0
5000,218,2,12500.0,8,0,0
5000,221,4,17000.0,17,1,1
5000,222,2,13000.0,5,0,0
5000,223,3,13500.0,6,0,0
5000,224,2,17000.0,9,0,0
5000,227,3,14000.0,7,0,0
5000,231,2,16500.0,12,1,1
5000,233,2,15000.0,7,0,0
5000,237,2,14500.0,5,0,0
5000,239,4,25000.0,27,1,1
5000,240,3,14500.0,9,0,0
5000,244,3,17500.0,13,2,2
5000,246,2,15000.0,7,0,0
5000,247,2,17500.0,11,0,0
5000,248,2,16500.0,9,0,0
5000,252,2,17000.0,7,0,0
5000,253,2,19000.0,8,0,0
5000,255,2,18500.0,10,0,0
5000,259,2,19500.0,8,0,0
5000,261,5,18000.0,11,0,0
5000,268,2,19500.0,5,0,0
5000,269,3,20000.0,5,0,0
5000,270,5,25000.0,19,0,0
5000,271,5,25000.0,29,2,2
5000,272,5,20000.0,7,0,0
5000,273,2,24500.0,16,2,2
5000,274,2,21500.0,6,0,0
5000,275,2,21000.0,7,1,1
5000,276,2,20000.0,5,0,0
5000,278,2,21500.0,8,0,0
5000,279,2,25000.0,8,0,0
5000,280,4,25000.0,14,0,0
5000,281,2,21500.0,6,0,0
5000,282,2,22500.0,10,0,0
5000,285,5,25000.0,20,0,0
5000,287,2,22500.0,5,0,0
5000,288,2,23500.0,9,0,0
5000,290,2,23000.0,8,0,0
5000,291,2,24500.0,8,0,0
5000,292,2,24000.0,9,0,0
5000,295,2,23000.0,9,0,0
5000,296,2,23500.0,9,0,0
5000,298,5,25000.0,21,0,0
5000,299,2,23000.0,8,0,0
5000,300,2,25000.0,12,1,1
5000,301,2,23500.0,10,0,0
5000,302,4,23500.0,7,0,0
5000,304,2,23500.0,7,0,0
5000,305,2,24500.0,9,0,0
5000,308,5,25000.0,7,0,0
5000,309,2,25000.0,9,0,0
5000,310,2,25000.0,8,0,0
5000,311,2,25000.0,3,0,0
5000,15,4,7500.0,11,1,1
5000,16,5,25000.0,51,4,4
5000,19,3,25000.0,44,8,8
5000,20,5,25000.0,66,8,8
5000,24,4,18500.0,42,6,6
5000,25,5,25000.0,80,7,7
5000,37,5,25000.0,60,5,5
5000,40,5,25000.0,72,10,10
5000,44,4,3000.0,5,1,1
5000,48,2,1500.0,0,0,0
5000,50,5,25000.0,49,4,4
5000,61,2,1000.0,1,0,0
5000,65,4,25000.0,62,7,7
5000,69,2,1000.0,0,0,0
5000,74,2,2000.0,2,0,0
5000,77,4,5000.0,11,1,1
5000,78,5,25000.0,76,9,9
5000,79,4,25000.0,35,4,4
5000,80,2,2500.0,3,0,0
5000,82,2,2500.0,0,0,0
5000,84,2,2500.0,1,0,0
5000,85,2,2500.0,2,0,0
5000,86,2,2500.0,3,0,0
5000,87,5,25000.0,44,6,6
5000,89,5,11500.0,26,2,2
5000,90,2,3500.0,0,0,0
5000,91,5,25000.0,45,7,7
5000,92,2,4000.0,1,0,0
5000,96,2,4500.0,5,0,0
5000,97,2,4000.0,3,0,0
5000,98,2,5500.0,7,0,0
5000,99,2,4000.0,2,0,0
5000,102,2,5500.0,3,0,0
5000,103,2,6000.0,5,0,0
5000,110,2,6000.0,3,0,0
5000,111,2,7000.0,5,1,1
5000,112,3,8000.0,6,1,1
5000,116,5,10500.0,24,2,2
5000,117,5,25000.0,33,7,7
5000,118,2,7000.0,2,0,0
5000,119,5,25000.0,28,2,2
5000,120,2,7000.0,2,0,0
5000,121,2,7000.0,3,0,0
5000,122,2,7000.0,2,0,0
5000,125,2,7000.0,4,1,1
5000,126,2,8000.0,5,0,0
5000,128,2,8500.0,2,0,0
5000,129,5,25000.0,55,9,9
5000,130,2,11500.0,5,0,0
5000,131,2,8000.0,2,1,1
5000,134,5,25000.0,55,6,6
5000,140,5,12000.0,23,0,0
5000,141,2,9500.0,5,0,0
5000,142,2,9500.0,1,0,0
5000,145,5,25000.0,23,1,1
5000,150,2,16000.0,8,0,0
5000,151,2,11500.0,2,0,0
5000,152,2,12000.0,3,0,0
5000,153,2,13000.0,6,0,0
5000,156,2,14000.0,8,0,0
5000,161,5,25000.0,30,2,2
5000,163,2,13500.0,2,0,0
5000,164,2,16500.0,9,0,0
5000,166,2,15000.0,8,0,0
5000,168,2,20000.0,14,2,2
5000,173,2,14500.0,7,1,1
5000,175,2,14500.0,4,0,0
5000,177,2,17000.0,9,0,0
5000,182,2,16500.0,9,1,1
5000,185,5,25000.0,54,7,7
5000,186,5,25000.0,21,0,0
5000,189,5,25000.0,29,2,2
5000,190,5,25000.0,27,3,3
5000,193,2,16500.0,6,0,0
5000,197,2,17000.0,3,0,0
5000,200,2,17500.0,6,0,0
5000,202,4,21000.0,26,1,1
5000,203,5,25000.0,21,1,1
5000,206,4,21000.0,16,0,0
5000,209,2,19000.0,5,0,0
5000,210,2,19000.0,7,0,0
5000,211,2,20500.0,8,0,0
5000,212,2,19000.0,2,0,0
5000,215,2,21000.0,6,0,0
5000,217,2,22500.0,8,0,0
5000,220,2,20500.0,9,0,0
5000,222,2,20000.0,8,0,0
5000,223,2,19000.0,3,0,0
5000,225,2,20000.0,8,1,1
5000,229,2,20000.0,4,0,0
5000,230,2,20000.0,8,0,0
5000,231,2,24500.0,9,0,0
5000,232,2,21500.0,8,0,0
5000,233,5,24000.0,26,1,1
5000,235,2,22500.0,8,0,0
5000,236,2,24000.0,8,1,1
5000,237,2,20500.0,1,0,0
5000,238,4,25000.0,23,0,0
5000,239,2,22000.0,6,0,0
5000,240,2,21500.0,5,0,0
5000,241,2,21500.0,4,0,0
5000,242,2,21500.0,4,0,0
5000,245,2,21500.0,3,0,0
5000,246,2,21500.0,3,0,0
5000,247,4,25000.0,21,1,1
5000,248,5,25000.0,16,0,0
5000,249,5,25000.0,18,0,0
5000,250,2,24500.0,8,0,0
5000,252,5,25000.0,21,1,1
5000,253,5,25000.0,20,0,0
5000,255,2,22000.0,2,0,0
5000,257,2,22000.0,6,0,0
5000,258,2,23000.0,6,0,0
5000,260,3,22500.0,8,0,0
5000,262,2,23500.0,4,0,0
5000,263,5,25000.0,19,0,0
5000,264,5,25000.0,20,0,0
5000,265,5,24500.0,18,0,0
5000,267,2,24500.0,8,0,0
5000,269,5,25000.0,18,0,0
5000,270,2,24000.0,6,0,0
5000,271,2,24000.0,2,0,0
5000,274,2,24500.0,5,0,0
5000,275,2,25000.0,9,0,0
5000,277,4,25000.0,6,0,0
5000,278,5,25000.0,22,0,0
5000,279,2,25000.0,9,0,0
5000,280,2,25000.0,9,0,0
5000,0,5,25000.0,63,4,4
5000,12,5,25000.0,37,4,4
5000,23,5,17500.0,41,2,2
5000,24,5,25000.0,62,7,7
5000,28,5,25000.0,55,4,4
5000,29,5,25000.0,39,3,3
5000,30,5,23500.0,68,7,7
5000,34,5,1000.0,2,0,0
5000,35,5,24000.0,65,5,5
5000,47,4,25000.0,40,3,3
5000,59,4,5000.0,10,1,1
5000,75,5,4500.0,5,0,0
5000,78,4,2500.0,5,1,1
5000,79,2,2000.0,2,0,0
5000,85,5,19000.0,57,7,7
5000,87,3,6000.0,6,0,0
5000,89,2,2000.0,2,0,0
5000,91,5,23000.0,43,5,5
5000,92,4,25000.0,22,1,1
5000,93,3,4500.0,5,0,0
5000,94,2,3000.0,3,0,0
5000,95,2,4000.0,5,0,0
5000,96,2,5000.0,4,0,0
5000,97,2,3000.0,4,0,0
5000,100,2,4500.0,6,0,0
5000,101,2,3500.0,1,0,0
5000,104,2,4000.0,1,2,2
5000,105,5,25000.0,69,7,7
5000,106,2,6000.0,4,0,0
5000,108,2,8000.0,3,0,0
5000,110,2,4500.0,4,0,0
5000,112,5,8500.0,11,0,0
5000,113,5,25000.0,50,6,6
5000,115,2,6000.0,2,0,0
5000,116,2,7500.0,5,1,1
5000,117,2,6000.0,2,1,1
5000,118,2,9000.0,4,1,1
5000,121,2,7000.0,1,0,0
5000,122,5,25000.0,42,6,6
5000,124,2,12500.0,13,1,1
5000,125,5,14500.0,28,3,3
5000,128,2,8500.0,5,0,0
5000,129,2,8500.0,5,0,0
5000,130,2,8500.0,2,0,0
5000,131,2,8500.0,3,0,0
5000,132,5,25000.0,45,6,6
5000,135,5,25000.0,28,2,2
5000,136,2,13000.0,9,0,0
5000,138,4,14500.0,20,3,3
5000,139,4,17500.0,15,2,2
5000,140,4,25000.0,14,0,0
5000,144,2,14000.0,9,0,0
5000,146,2,11500.0,2,0,0
5000,149,3,25000.0,12,1,1
5000,150,2,12000.0,3,0,0
5000,151,2,12000.0,2,0,0
5000,152,5,16500.0,24,1,1
5000,153,5,14000.0,8,0,0
5000,155,2,12500.0,2,0,0
5000,158,6,17000.0,38,1,1
5000,162,2,14000.0,1,0,0
5000,163,4,14500.0,4,0,0
5000,164,2,14500.0,3,0,0
5000,166,5,25000.0,34,3,3
5000,168,5,25000.0,26,1,1
5000,174,2,17000.0,9,0,0
5000,176,4,16500.0,4,0,0
5000,177,2,17000.0,5,0,0
5000,178,5,25000.0,18,1,1
5000,179,2,17500.0,9,0,0
5000,181,2,19500.0,8,0,0
5000,184,5,25000.0,29,2,2
5000,185,2,20500.0,8,0,0
5000,188,2,18500.0,3,0,0
5000,189,2,19000.0,6,0,0
5000,190,2,19500.0,5,0,0
5000,191,4,24000.0,17,1,1
5000,192,2,19500.0,3,0,0
5000,193,2,20000.0,8,0,0
5000,194,2,19500.0,5,0,0
5000,196,2,20500.0,8,0,0
5000,197,3,25000.0,29,1,1
5000,198,5,25000.0,28,0,0
5000,199,3,21500.0,4,0,0
5000,200,2,21000.0,6,0,0
5000,204,4,22500.0,8,0,0
5000,206,2,25000.0,10,0,0
5000,208,5,25000.0,19,0,0
5000,209,5,23500.0,19,0,0
5000,210,4,25000.0,16,1,1
5000,215,2,25000.0,9,0,0
5000,216,4,24000.0,3,0,0
5000,217,2,25000.0,9,0,0
5000,219,2,24000.0,5,0,0
5000,222,2,25000.0,9,0,0
5000,223,2,25000.0,9,0,0
5000,224,2,25000.0,8,0,0
5000,225,5,25000.0,21,0,0
5000,226,2,24500.0,6,0,0
5000,227,2,25000.0,5,0,0
5000,229,2,25000.0,8,0,0
5000,230,5,25000.0,17,1,1
5000,233,4,25000.0,3,0,0
5000,235,2,25000.0,7,0,0
5000,236,2,25000.0,2,0,0
5000,0,5,25000.0,67,7,7
5000,6,5,25000.0,52,5,5
5000,22,2,2500.0,2,0,0
5000,32,5,25000.0,67,8,8
5000,34,2,14000.0,15,1,1
5000,50,5,25000.0,56,6,6
5000,58,2,1000.0,1,0,0
5000,59,3,3000.0,2,0,0
5000,61,2,7500.0,7,1,1
5000,63,4,23500.0,47,6,6
5000,66,3,1000.0,0,0,0
5000,68,5,25000.0,54,6,6
5000,69,5,25000.0,37,2,2
5000,70,4,25000.0,49,8,8
5000,71,2,1500.0,1,0,0
5000,82,2,8500.0,8,1,1
5000,83,2,1500.0,2,0,0
5000,85,2,1500.0,2,0,0
5000,93,2,3000.0,5,0,0
5000,95,3,2500.0,0,0,0
5000,96,3,3500.0,4,0,0
5000,97,5,25000.0,57,9,9
5000,98,3,6500.0,14,4,4
5000,99,2,5500.0,4,1,1
5000,100,2,5000.0,6,1,1
5000,102,2,3500.0,3,0,0
5000,104,2,4500.0,8,0,0
5000,105,4,3500.0,3,0,0
5000,106,4,25000.0,39,5,5
5000,108,2,4500.0,8,1,1
5000,110,2,3500.0,1,2,2
5000,111,2,6500.0,5,3,3
5000,112,2,4500.0,1,1,1
5000,113,5,25000.0,65,9,9
5000,114,5,25000.0,35,2,2
5000,115,3,5500.0,7,1,1
5000,116,3,19500.0,29,6,6
5000,118,2,8500.0,12,1,1
5000,120,2,4500.0,5,1,1
5000,123,2,4500.0,5,0,0
5000,125,2,4500.0,4,0,0
5000,128,5,25000.0,64,8,8
5000,131,7,25000.0,73,10,10
5000,134,2,7500.0,5,0,0
5000,136,2,6500.0,2,0,0
5000,137,2,7000.0,5,1,1
5000,138,2,6500.0,6,0,0
5000,139,2,7000.0,4,0,0
5000,140,2,7000.0,3,1,1
5000,142,2,7500.0,5,0,0
5000,143,2,7500.0,3,2,2
5000,144,2,7500.0,5,0,0
5000,145,2,7500.0,4,0,0
5000,148,2,10000.0,11,1,1
5000,150,2,9000.0,7,0,0
5000,151,5,25000.0,43,6,6
5000,152,5,14500.0,28,1,1
5000,153,3,8000.0,6,0,0
5000,156,5,10500.0,17,0,0
5000,157,2,9500.0,3,0,0
5000,161,2,9000.0,2,0,0
5000,162,3,9500.0,7,0,0
5000,163,5,25000.0,46,5,5
5000,164,3,10000.0,4,0,0
5000,166,2,9500.0,4,0,0
5000,167,2,10000.0,5,0,0
5000,168,2,11500.0,8,1,1
5000,169,2,12000.0,9,0,0
5000,170,2,11500.0,5,0,0
5000,171,2,15000.0,8,0,0
5000,172,2,13000.0,8,0,0
5000,174,2,12000.0,5,0,0
5000,176,2,18500.0,13,1,1
5000,177,3,12500.0,7,0,0
5000,178,2,11500.0,5,0,0
5000,180,5,25000.0,30,0,0
5000,183,2,15000.0,8,0,0
5000,184,2,14000.0,7,0,0
5000,185,2,13500.0,6,0,0
5000,190,2,13000.0,3,2,2
5000,196,5,25000.0,28,3,3
5000,197,4,20000.0,15,0,0
5000,201,2,15000.0,3,0,0
5000,202,5,25000.0,29,2,2
5000,204,2,18000.0,11,1,1
5000,205,5,22000.0,26,0,0
5000,206,4,17500.0,12,0,0
5000,207,5,25000.0,27,2,2
5000,208,2,19000.0,9,0,0
5000,209,2,17000.0,4,0,0
5000,211,2,17000.0,4,0,0
5000,216,2,18500.0,7,1,1
5000,218,2,19500.0,5,0,0
5000,220,2,22500.0,15,2,2
5000,225,2,19500.0,8,0,0
5000,227,2,19000.0,2,0,0
5000,231,2,20000.0,8,0,0
5000,232,2,22000.0,8,0,0
5000,235,2,22500.0,7,0,0
5000,236,3,20500.0,13,0,0
5000,237,5,25000.0,24,3,3
5000,238,2,20500.0,3,0,0
5000,239,2,23000.0,9,0,0
5000,240,2,21000.0,2,0,0
5000,242,2,21000.0,2,0,0
5000,244,2,21500.0,8,0,0
5000,246,2,21000.0,3,0,0
5000,249,2,21000.0,4,0,0
5000,251,5,25000.0,17,0,0
5000,252,3,25000.0,16,0,0
5000,254,5,25000.0,19,0,0
5000,257,4,25000.0,13,0,0
5000,258,2,23500.0,6,2,2
5000,260,2,24500.0,9,0,0
5000,263,2,25000.0,9,0,0
5000,264,2,24000.0,2,0,0
5000,265,2,24000.0,8,0,0
5000,269,2,25000.0,8,0,0
5000,270,2,25000.0,8,0,0
5000,271,2,24500.0,6,0,0
5000,272,2,25000.0,9,0,0
5000,273,2,25000.0,7,0,0
5000,274,2,25000.0,5,0,0
5000,276,2,24500.0,4,0,0
5000,278,2,25000.0,5,0,0
5000,279,2,25000.0,9,0,0
5000,281,2,25000.0,9,0,0
5000,1,3,4500.0,7,0,0
5000,8,3,1500.0,0,0,0
5000,17,2,4000.0,5,0,0
5000,23,5,2500.0,5,0,0
5000,47,5,25000.0,48,6,6
5000,51,2,11000.0,12,4,4
5000,52,3,3500.0,5,0,0
5000,56,2,5000.0,3,1,1
5000,68,2,8500.0,11,0,0
5000,70,4,25000.0,37,4,4
5000,72,2,4000.0,5,3,3
5000,74,4,16000.0,36,5,5
5000,75,5,25000.0,51,4,4
5000,76,4,25000.0,61,9,9
5000,79,3,1000.0,0,0,0
5000,82,5,20000.0,77,7,7
5000,86,2,9500.0,11,1,1
5000,87,2,6000.0,7,0,0
5000,90,2,2500.0,2,0,0
5000,91,2,5000.0,6,1,1
5000,92,2,1500.0,1,0,0
5000,95,3,3500.0,3,0,0
5000,96,2,1500.0,3,0,0
5000,100,5,25000.0,33,5,5
5000,101,4,25000.0,56,7,7
5000,103,2,8000.0,11,1,1
5000,104,2,2000.0,4,0,0
5000,106,2,2500.0,3,0,0
5000,107,2,2000.0,2,0,0
5000,110,2,2500.0,2,0,0
5000,111,5,25000.0,40,6,6
5000,112,2,4000.0,6,1,1
5000,115,2,2000.0,4,0,0
5000,117,2,4000.0,3,0,0
5000,122,5,25000.0,57,6,6
5000,123,2,2500.0,2,0,0
5000,124,2,2500.0,2,0,0
5000,126,4,25000.0,48,7,7
5000,127,2,3000.0,2,0,0
5000,130,2,6000.0,9,0,0
5000,134,2,4500.0,4,1,1
5000,135,2,5000.0,6,0,0
5000,136,2,4000.0,4,0,0
5000,137,3,18000.0,46,9,9
5000,139,2,4000.0,2,0,0
5000,140,2,7000.0,7,2,2
5000,141,5,25000.0,42,4,4
5000,142,5,8000.0,18,0,0
5000,144,2,5000.0,4,0,0
5000,145,2,4500.0,1,0,0
5000,146,2,5500.0,4,0,0
5000,147,2,4500.0,3,1,1
5000,148,2,5000.0,3,1,1
5000,149,2,6000.0,1,0,0
5000,150,2,6000.0,3,0,0
5000,151,2,6000.0,4,1,1
5000,152,5,25000.0,55,7,7
5000,153,3,7500.0,11,2,2
5000,154,2,6000.0,3,0,0
5000,155,2,8500.0,10,3,3
5000,157,2,5500.0,2,1,1
5000,158,2,7500.0,6,0,0
5000,159,5,11000.0,29,7,7
5000,160,5,16500.0,47,5,5
5000,162,2,7000.0,2,1,1
5000,163,4,25000.0,23,3,3
5000,165,2,8500.0,6,0,0
5000,166,2,7500.0,3,0,0
5000,167,2,8500.0,8,0,0
5000,169,2,9000.0,5,1,1
5000,176,2,9000.0,3,0,0
5000,177,2,8000.0,4,0,0
5000,179,3,12000.0,17,0,0
5000,182,2,10500.0,5,1,1
5000,183,2,9500.0,2,0,0
5000,184,2,9000.0,2,0,0
5000,185,2,10500.0,9,1,1
5000,187,3,15500.0,13,2,2
5000,188,2,9500.0,6,0,0
5000,189,5,25000.0,28,2,2
5000,190,4,25000.0,16,0,0
5000,191,2,10500.0,6,0,0
5000,192,2,10000.0,4,0,0
5000,193,2,11000.0,9,1,1
5000,194,2,10500.0,8,0,0
5000,197,2,10500.0,1,0,0
5000,202,2,11500.0,6,0,0
5000,204,5,25000.0,26,4,4
5000,205,5,25000.0,22,3,3
5000,206,2,11500.0,3,0,0
5000,208,2,12500.0,8,0,0
5000,209,2,15500.0,9,0,0
5000,211,5,25000.0,27,2,2
5000,213,2,14000.0,9,0,0
5000,218,4,13500.0,6,0,0
5000,219,4,21000.0,22,0,0
5000,220,5,25000.0,33,3,3
5000,224,5,25000.0,54,7,7
5000,232,2,17500.0,9,0,0
5000,233,4,25000.0,27,2,2
5000,235,2,16500.0,5,0,0
5000,236,2,16500.0,9,0,0
5000,237,2,17000.0,8,0,0
5000,238,2,17000.0,9,0,0
5000,239,2,18500.0,8,0,0
5000,241,2,18500.0,9,0,0
5000,242,4,25000.0,14,0,0
5000,243,2,17500.0,8,0,0
5000,244,5,25000.0,24,3,3
5000,246,2,18500.0,9,0,0
5000,247,2,17500.0,5,0,0
5000,248,2,18000.0,3,0,0
5000,249,2,19000.0,8,0,0
5000,251,2,18000.0,6,0,0
5000,252,2,18000.0,4,0,0
5000,254,2,18500.0,9,0,0
5000,257,3,22500.0,16,0,0
5000,258,2,20000.0,9,0,0
5000,259,2,19000.0,5,0,0
5000,261,2,18500.0,3,0,0
5000,262,5,19500.0,15,0,0
5000,263,3,20500.0,13,1,1
5000,268,5,25000.0,21,0,0
5000,269,4,23000.0,18,1,1
5000,272,5,25000.0,20,0,0
5000,273,5,25000.0,23,1,1
5000,274,3,25000.0,22,1,1
5000,279,3,25000.0,17,1,1
5000,281,3,23500.0,8,0,0
5000,285,2,23000.0,6,0,0
5000,287,2,25000.0,10,1,1
5000,289,3,24000.0,9,0,0
5000,296,5,25000.0,27,0,0
5000,297,2,25000.0,3,0,0
5000,298,2,24500.0,3,0,0
5000,301,2,25000.0,8,0,0
5000,303,2,25000.0,8,0,0
5000,304,5,25000.0,21,0,0
5000,305,2,25000.0,9,0,0
5000,306,2,25000.0,8,0,0
5000,307,5,25000.0,14,0,0
5000,308,2,25000.0,9,0,0
5000,310,2,25000.0,6,0,0
5000,313,2,25000.0,8,0,0
5000,315,2,25000.0,4,0,0
5000,316,3,25000.0,10,0,0
5000,317,2,25000.0,8,0,0
5000,318,2,25000.0,5,0,0
5000,319,2,25000.0,6,0,0
5000,0,3,2500.0,5,0,0
5000,9,3,25000.0,48,8,8
5000,24,5,25000.0,46,5,5
5000,27,5,25000.0,58,6,6
5000,28,5,23000.0,62,8,8
5000,36,4,20000.0,44,6,6
5000,44,5,25000.0,50,5,5
5000,49,2,20000.0,24,4,4
5000,55,5,25000.0,62,6,6
5000,57,2,1000.0,0,0,0
5000,71,3,12000.0,29,3,3
5000,72,3,10500.0,21,2,2
5000,77,4,1000.0,1,0,0
5000,79,5,22500.0,51,5,5
5000,80,3,25000.0,30,3,3
5000,83,5,7000.0,19,0,0
5000,84,3,3500.0,3,0,0
5000,86,2,4500.0,5,1,1
5000,88,2,2500.0,2,0,0
5000,95,3,8000.0,16,0,0
5000,96,5,25000.0,59,8,8
5000,97,2,1500.0,2,0,0
5000,100,5,23000.0,38,5,5
5000,103,2,5000.0,8,1,1
5000,104,2,3000.0,1,0,0
5000,105,5,25000.0,49,9,9
5000,106,5,25000.0,35,2,2
5000,107,2,3000.0,3,0,0
5000,109,2,5000.0,4,0,0
5000,110,2,4500.0,4,1,1
5000,114,2,3500.0,5,0,0
5000,115,2,4000.0,2,0,0
5000,117,4,25000.0,30,3,3
5000,118,5,25000.0,53,8,8
5000,119,2,4500.0,1,0,0
5000,122,2,5500.0,2,1,1
5000,123,2,4500.0,1,0,0
5000,125,2,5500.0,3,0,0
5000,126,5,25000.0,24,1,1
5000,128,2,6000.0,4,0,0
5000,131,3,6500.0,5,0,0
5000,133,2,6500.0,3,0,0
5000,137,2,6500.0,2,0,0
5000,138,5,25000.0,42,4,4
5000,139,5,25000.0,45,5,5
5000,140,2,8500.0,6,0,0
5000,141,2,8000.0,5,0,0
5000,142,2,9000.0,5,1,1
5000,143,2,7500.0,3,1,1
5000,146,2,8000.0,4,0,0
5000,147,2,9500.0,9,0,0
5000,148,2,8500.0,6,1,1
5000,151,2,8000.0,4,0,0
5000,152,2,10000.0,8,0,0
5000,153,2,8000.0,0,0,0
5000,154,5,25000.0,30,4,4
5000,155,5,10500.0,17,0,0
5000,156,5,10500.0,15,1,1
5000,160,5,11500.0,25,2,2
5000,161,2,10000.0,3,0,0
5000,163,2,11000.0,1,0,0
5000,165,2,10000.0,2,0,0
5000,169,2,10000.0,1,0,0
5000,172,2,10500.0,5,0,0
5000,174,5,25000.0,25,2,2
5000,176,3,15500.0,17,0,0
5000,177,4,25000.0,15,0,0
5000,178,2,12500.0,4,0,0
5000,180,2,12000.0,4,0,0
5000,182,2,12500.0,2,0,0
5000,183,2,14500.0,8,0,0
5000,186,3,13500.0,10,1,1
5000,187,2,12500.0,2,1,1
5000,188,2,15000.0,6,0,0
5000,194,2,14500.0,3,0,0
5000,195,5,25000.0,24,1,1
5000,196,4,15000.0,10,0,0
5000,197,5,25000.0,24,1,1
5000,198,2,15000.0,2,0,0
5000,200,2,15000.0,4,0,0
5000,201,2,17500.0,11,1,1
5000,203,2,16000.0,8,0,0
5000,204,2,15500.0,7,0,0
5000,206,5,25000.0,22,0,0
5000,209,2,16000.0,2,0,0
5000,211,4,25000.0,22,0,0
5000,212,2,18500.0,9,0,0
5000,213,2,17000.0,3,0,0
5000,217,2,18500.0,8,0,0
5000,223,4,25000.0,22,0,0
5000,224,5,25000.0,23,1,1
5000,225,2,18500.0,2,0,0
5000,226,5,25000.0,29,0,0
5000,228,4,25000.0,22,0,0
5000,229,5,25000.0,22,0,0
5000,230,3,25000.0,9,0,0
5000,231,5,23500.0,17,0,0
5000,235,2,19500.0,2,0,0
5000,236,2,22000.0,9,0,0
5000,237,5,25000.0,22,0,0
5000,240,2,23000.0,9,0,0
5000,241,5,25000.0,19,0,0
5000,242,2,22000.0,8,0,0
5000,244,2,22000.0,8,0,0
5000,245,2,25000.0,8,0,0
5000,246,3,23500.0,17,0,0
5000,249,2,23000.0,4,0,0
5000,250,2,23000.0,8,0,0
5000,252,2,22000.0,8,0,0
5000,253,5,25000.0,24,1,1
5000,255,5,25000.0,19,0,0
5000,256,5,25000.0,18,0,0
5000,257,5,25000.0,15,0,0
5000,258,4,25000.0,19,0,0
5000,259,2,24500.0,5,0,0
5000,262,2,25000.0,0,0,0
5000,266,2,25000.0,7,0,0
5000,272,5,25000.0,6,0,0
5000,5,4,22000.0,43,4,4
5000,20,2,3500.0,1,0,0
5000,22,2,10000.0,13,2,2
5000,29,5,25000.0,40,2,2
5000,30,4,25000.0,69,8,8
5000,31,4,25000.0,45,3,3
5000,32,5,25000.0,54,7,7
5000,34,2,4000.0,4,0,0
5000,36,5,25000.0,61,9,9
5000,43,5,25000.0,45,4,4
5000,49,5,25000.0,62,6,6
5000,65,5,25000.0,56,7,7
5000,66,3,1000.0,0,0,0
5000,67,2,3000.0,3,0,0
5000,68,2,2000.0,0,0,0
5000,72,4,1500.0,1,0,0
5000,73,4,25000.0,37,3,3
5000,83,2,1500.0,0,0,0
5000,87,4,25000.0,36,7,7
5000,88,2,2500.0,3,0,0
5000,90,2,2500.0,2,0,0
5000,91,2,2000.0,2,0,0
5000,92,2,2000.0,3,0,0
5000,93,2,2000.0,2,0,0
5000,99,2,2000.0,2,0,0
5000,102,5,25000.0,38,4,4
5000,103,2,3000.0,4,0,0
5000,104,2,3000.0,1,0,0
5000,105,2,3500.0,2,0,0
5000,106,2,3000.0,1,2,2
5000,108,5,25000.0,32,4,4
5000,110,2,13500.0,19,2,2
5000,112,5,25000.0,33,6,6
5000,113,4,5500.0,7,1,1
5000,114,2,4000.0,3,0,0
5000,115,2,5500.0,5,0,0
5000,117,2,4000.0,3,0,0
5000,118,4,25000.0,60,8,8
5000,119,2,6500.0,8,0,0
5000,123,2,5000.0,3,0,0
5000,124,2,5500.0,5,0,0
5000,125,2,5500.0,5,0,0
5000,126,2,16000.0,22,3,3
5000,127,2,4500.0,3,0,0
5000,129,2,5000.0,0,0,0
5000,130,2,13500.0,22,2,2
5000,131,2,5500.0,0,0,0
5000,134,2,5500.0,5,0,0
5000,135,2,5000.0,2,1,1
5000,136,4,6000.0,2,0,0
5000,138,2,5000.0,3,0,0
5000,140,2,7000.0,8,1,1
5000,142,2,8500.0,8,2,2
5000,143,2,7000.0,6,3,3
5000,144,2,6000.0,7,0,0
5000,147,4,9000.0,20,2,2
5000,148,5,25000.0,32,4,4
5000,149,2,6500.0,3,0,0
5000,150,2,8000.0,7,0,0
5000,151,2,6500.0,1,1,1
5000,152,5,25000.0,28,3,3
5000,153,3,7500.0,4,0,0
5000,155,2,9000.0,7,0,0
5000,156,2,8000.0,7,0,0
5000,157,2,8000.0,4,0,0
5000,158,3,10000.0,14,0,0
5000,159,5,25000.0,35,5,5
5000,160,2,10000.0,7,1,1
5000,162,2,10500.0,8,2,2
5000,163,2,9500.0,7,0,0
5000,164,2,8000.0,3,1,1
5000,165,2,8500.0,5,0,0
5000,169,2,10000.0,7,0,0
5000,175,3,10000.0,12,0,0
5000,176,2,9000.0,4,0,0
5000,178,2,14000.0,8,0,0
5000,181,2,9000.0,9,1,1
5000,182,5,24500.0,22,3,3
5000,184,2,12000.0,9,0,0
5000,186,2,10000.0,2,0,0
5000,187,5,10500.0,2,0,0
5000,188,2,12500.0,8,0,0
5000,189,2,12000.0,2,0,0
5000,190,3,13500.0,14,2,2
5000,191,4,14000.0,14,0,0
5000,192,2,11500.0,3,0,0
5000,196,2,17000.0,11,1,1
5000,198,4,25000.0,32,2,2
5000,199,4,15000.0,35,3,3
5000,200,2,13000.0,5,0,0
5000,202,5,16000.0,30,3,3
5000,203,5,25000.0,32,4,4
5000,204,2,12500.0,2,0,0
5000,205,5,25000.0,30,1,1
5000,206,5,12500.0,5,0,0
5000,208,2,15000.0,9,0,0
5000,209,2,15000.0,9,0,0
5000,211,2,13500.0,8,1,1
5000,215,2,13500.0,9,0,0
5000,218,2,15000.0,9,0,0
5000,219,2,13500.0,5,0,0
5000,220,3,15000.0,9,0,0
5000,223,2,14000.0,8,0,0
5000,227,2,14000.0,8,0,0
5000,228,5,25000.0,31,3,3
5000,229,4,25000.0,19,1,1
5000,230,5,25000.0,31,4,4
5000,231,2,14000.0,5,0,0
5000,236,2,14500.0,7,0,0
5000,238,2,16000.0,9,0,0
5000,239,4,25000.0,14,1,1
5000,240,2,21000.0,9,0,0
5000,241,2,15000.0,3,0,0
5000,244,4,18500.0,14,0,0
5000,245,2,17500.0,8,0,0
5000,246,2,15500.0,3,0,0
5000,247,3,16500.0,16,0,0
5000,248,2,19500.0,10,0,0
5000,249,2,16500.0,9,0,0
5000,252,2,16500.0,5,0,0
5000,254,5,25000.0,21,0,0
5000,255,2,18000.0,8,0,0
5000,259,2,17500.0,2,0,0
5000,262,2,17500.0,4,0,0
5000,263,3,18000.0,9,0,0
5000,264,2,20000.0,12,1,1
5000,265,2,21000.0,9,0,0
5000,269,2,18000.0,8,0,0
5000,270,5,25000.0,26,2,2
5000,271,2,25000.0,9,0,0
5000,272,2,19500.0,8,0,0
5000,275,5,21500.0,19,1,1
5000,276,2,20500.0,5,0,0
5000,279,5,23000.0,18,0,0
5000,280,2,20500.0,4,0,0
5000,282,2,21000.0,7,0,0
5000,283,2,24000.0,13,1,1
5000,286,2,22000.0,8,0,0
5000,290,2,22000.0,4,0,0
5000,292,2,23000.0,1,0,0
5000,295,5,25000.0,19,0,0
5000,296,4,25000.0,23,0,0
5000,297,5,25000.0,21,0,0
5000,298,5,25000.0,20,0,0
5000,301,2,25000.0,8,0,0
5000,302,2,24500.0,4,0,0
5000,306,2,25000.0,9,0,0
5000,0,4,1000.0,1,0,0
5000,1,4,17000.0,37,4,4
5000,12,5,25000.0,44,5,5
5000,28,3,23000.0,36,4,4
5000,29,5,25000.0,62,6,6
5000,52,5,25000.0,81,15,15
5000,53,5,8000.0,15,1,1
5000,64,2,4000.0,2,0,0
5000,71,3,12000.0,17,4,4
5000,76,2,1000.0,0,0,0
5000,80,5,25000.0,78,9,9
5000,85,2,1000.0,0,0,0
5000,91,2,1500.0,1,0,0
5000,92,4,25000.0,62,9,9
5000,93,4,2000.0,1,0,0
5000,94,5,25000.0,52,6,6
5000,96,5,18500.0,70,7,7
5000,97,2,1500.0,2,0,0
5000,98,2,3500.0,4,0,0
5000,100,2,5000.0,7,0,0
5000,101,2,2000.0,2,0,0
5000,103,2,3500.0,2,1,1
5000,104,2,2000.0,2,0,0
5000,106,3,3000.0,6,1,1
5000,107,2,3000.0,3,0,0
5000,109,2,3500.0,3,0,0
5000,111,2,4500.0,5,0,0
5000,112,2,8500.0,8,2,2
5000,114,3,15500.0,27,5,5
5000,117,2,4000.0,1,0,0
5000,118,2,7000.0,3,0,0
5000,119,2,4000.0,2,0,0
5000,120,2,5000.0,3,0,0
5000,121,2,9500.0,8,0,0
5000,123,2,5000.0,2,0,0
5000,124,2,16000.0,22,3,3
5000,126,2,5500.0,2,0,0
5000,128,2,5500.0,1,0,0
5000,129,2,6000.0,1,0,0
5000,130,2,7500.0,1,0,0
5000,133,2,6500.0,2,1,1
5000,134,2,6500.0,3,0,0
5000,135,2,7500.0,5,0,0
5000,136,2,6500.0,2,0,0
5000,138,2,7000.0,3,0,0
5000,139,2,7500.0,4,1,1
5000,140,5,25000.0,52,6,6
5000,142,2,8500.0,5,2,2
5000,144,2,8000.0,4,1,1
5000,146,2,8000.0,3,0,0
5000,147,2,11500.0,10,1,1
5000,148,4,25000.0,52,13,13
5000,149,2,8500.0,2,0,0
5000,151,2,9500.0,4,0,0
5000,157,2,21000.0,27,5,5
5000,162,2,9500.0,5,0,0
5000,164,2,10000.0,2,0,0
5000,165,2,10500.0,4,0,0
5000,166,2,12000.0,8,1,1
5000,167,5,25000.0,38,5,5
5000,168,2,12000.0,5,0,0
5000,169,2,10500.0,1,0,0
5000,171,2,11500.0,8,0,0
5000,173,2,19000.0,24,3,3
5000,178,2,18000.0,18,2,2
5000,179,2,12000.0,3,0,0
5000,180,2,12500.0,8,1,1
5000,181,2,12000.0,3,0,0
5000,182,2,24500.0,23,3,3
5000,184,2,11500.0,3,0,0
5000,187,5,25000.0,39,3,3
5000,188,2,14000.0,8,0,0
5000,189,2,12500.0,3,0,0
5000,190,2,12500.0,4,0,0
5000,191,2,13000.0,2,0,0
5000,196,2,16000.0,9,0,0
5000,198,2,13500.0,5,1,1
5000,199,2,14000.0,5,0,0
5000,200,2,14500.0,8,1,1
5000,201,2,14500.0,7,0,0
5000,202,4,25000.0,49,6,6
5000,203,5,25000.0,42,2,2
5000,206,2,14000.0,4,1,1
5000,209,5,25000.0,42,6,6
5000,211,2,16000.0,9,0,0
5000,214,2,15000.0,4,1,1
5000,215,2,15000.0,4,2,2
5000,218,2,15000.0,5,0,0
5000,219,2,14500.0,2,0,0
5000,220,2,15000.0,4,1,1
5000,222,2,15000.0,7,0,0
5000,224,2,15000.0,4,0,0
5000,225,2,15000.0,2,0,0
5000,228,2,16500.0,8,0,0
5000,229,2,18000.0,8,0,0
5000,231,4,16000.0,9,0,0
5000,234,3,17500.0,8,0,0
5000,235,2,18000.0,8,0,0
5000,238,5,25000.0,35,6,6
5000,239,4,25000.0,24,1,1
5000,240,5,25000.0,18,1,1
5000,241,3,19000.0,19,1,1
5000,244,2,20000.0,8,0,0
5000,245,4,25000.0,33,3,3
5000,247,2,18000.0,8,0,0
5000,248,2,25000.0,9,0,0
5000,250,2,20500.0,8,0,0
5000,251,2,18000.0,5,0,0
5000,252,2,18000.0,7,0,0
5000,253,2,18500.0,9,0,0
5000,257,3,20000.0,9,0,0
5000,259,2,19500.0,0,0,0
5000,260,2,25000.0,9,0,0
5000,261,2,22000.0,8,0,0
5000,262,2,19500.0,5,0,0
5000,265,2,20500.0,8,0,0
5000,266,2,20000.0,4,0,0
5000,267,2,20000.0,6,0,0
5000,271,2,23000.0,10,1,1
5000,272,3,21000.0,5,0,0
5000,273,4,25000.0,27,1,1
5000,275,2,22500.0,13,2,2
5000,280,2,25000.0,9,0,0
5000,281,5,25000.0,21,0,0
5000,282,2,21500.0,8,0,0
5000,283,2,22500.0,7,0,0
5000,284,2,21500.0,6,0,0
5000,286,5,25000.0,18,0,0
5000,287,5,25000.0,20,0,0
5000,289,2,22500.0,8,0,0
5000,290,2,25000.0,8,0,0
5000,293,2,23000.0,9,0,0
5000,295,2,25000.0,9,0,0
5000,296,4,25000.0,14,0,0
5000,297,5,25000.0,18,0,0
5000,298,5,25000.0,19,0,0
5000,299,2,25000.0,8,1,1
5000,308,2,25000.0,4,0,0
5000,311,5,25000.0,8,0,0
5000,315,2,25000.0,7,0,0
10000,0,5,25000.0,50,3,3
10000,3,2,3500.0,3,0,0
10000,9,5,25000.0,53,3,3
10000,25,4,6500.0,8,0,0
10000,26,5,25000.0,51,5,5
10000,27,5,25000.0,48,4,4
10000,28,5,25000.0,49,5,5
10000,40,2,2500.0,2,0,0
10000,51,4,10500.0,14,0,0
10000,64,5,25000.0,50,6,6
10000,67,4,25000.0,49,3,3
10000,69,4,5500.0,3,2,2
10000,79,5,3000.0,2,0,0
10000,95,5,25000.0,61,8,8
10000,96,3,6500.0,8,1,1
10000,98,2,1000.0,0,0,0
10000,100,2,1000.0,0,0,0
10000,101,2,3000.0,1,1,1
10000,102,2,2500.0,2,0,0
10000,103,3,3500.0,0,0,0
10000,104,2,4000.0,3,0,0
10000,106,2,5500.0,3,1,1
10000,108,2,4500.0,0,0,0
10000,109,2,4000.0,0,0,0
10000,110,5,25000.0,45,6,6
10000,111,5,25000.0,58,4,4
10000,112,4,25000.0,53,6,6
10000,113,3,4500.0,3,0,0
10000,114,3,6500.0,2,0,0
10000,116,2,4500.0,1,0,0
10000,119,5,25000.0,38,2,2
10000,120,5,21000.0,38,8,8
10000,121,5,10500.0,6,3,3
10000,122,2,12500.0,12,1,1
10000,125,2,7000.0,3,0,0
10000,127,5,25000.0,47,11,11
10000,128,2,8000.0,2,0,0
10000,129,2,8500.0,2,0,0
10000,131,5,7500.0,1,0,0
10000,133,2,12000.0,8,1,1
10000,134,2,8000.0,2,0,0
10000,135,4,25000.0,28,2,2
10000,136,2,9500.0,3,0,0
10000,140,2,10000.0,2,0,0
10000,141,4,12000.0,4,0,0
10000,142,5,25000.0,42,12,12
10000,143,2,10000.0,2,0,0
10000,144,2,9500.0,2,0,0
10000,145,2,9500.0,2,0,0
10000,148,2,9500.0,2,0,0
10000,149,2,9500.0,3,0,0
10000,152,2,10000.0,2,0,0
10000,153,5,25000.0,54,7,7
10000,154,2,10000.0,1,0,0
10000,155,2,10000.0,2,0,0
10000,156,2,10000.0,1,0,0
10000,157,2,10500.0,2,1,1
10000,159,4,19000.0,22,2,2
10000,160,5,25000.0,40,3,3
10000,162,2,13000.0,3,0,0
10000,163,2,10500.0,5,0,0
10000,165,2,11500.0,5,0,0
10000,167,2,10500.0,4,0,0
10000,168,5,25000.0,33,2,2
10000,169,5,11500.0,1,0,0
10000,170,2,11500.0,4,0,0
10000,172,2,11500.0,5,1,1
10000,173,2,15000.0,8,0,0
10000,175,2,12000.0,2,0,0
10000,176,2,12000.0,3,0,0
10000,177,5,25000.0,19,1,1
10000,178,2,12000.0,3,0,0
10000,180,2,12000.0,5,0,0
10000,181,3,14500.0,5,1,1
10000,182,2,12500.0,3,0,0
10000,183,2,13500.0,1,0,0
10000,184,2,13500.0,2,0,0
10000,190,5,25000.0,28,2,2
10000,191,5,25000.0,56,4,4
10000,194,2,16500.0,7,0,0
10000,195,2,17000.0,3,1,1
10000,203,2,17000.0,5,0,0
10000,206,5,25000.0,21,1,1
10000,207,5,25000.0,36,3,3
10000,209,4,25000.0,22,3,3
10000,210,2,18000.0,2,0,0
10000,215,2,18500.0,4,1,1
10000,218,5,25000.0,28,0,0
10000,221,4,22000.0,16,0,0
10000,222,5,25000.0,19,1,1
10000,223,2,20000.0,6,0,0
10000,224,2,21000.0,3,0,0
10000,225,2,19500.0,3,0,0
10000,226,2,19500.0,3,0,0
10000,228,5,22500.0,24,2,2
10000,229,2,21000.0,9,0,0
10000,231,2,20000.0,3,0,0
10000,232,2,21000.0,4,0,0
10000,238,2,21500.0,5,1,1
10000,239,2,20500.0,4,0,0
10000,240,2,22500.0,6,0,0
10000,241,2,21000.0,3,0,0
10000,242,2,21000.0,3,0,0
10000,243,4,25000.0,13,0,0
10000,244,2,22000.0,8,0,0
10000,248,3,24500.0,9,0,0
10000,249,5,25000.0,19,1,1
10000,250,4,25000.0,16,0,0
10000,252,2,22000.0,6,0,0
10000,254,2,23500.0,2,0,0
10000,255,3,25000.0,9,0,0
10000,256,3,23000.0,4,0,0
10000,257,2,24000.0,3,0,0
10000,260,2,25000.0,10,0,0
10000,262,2,24500.0,6,0,0
10000,263,3,25000.0,12,0,0
10000,265,5,25000.0,7,0,0
10000,270,4,25000.0,2,0,0
10000,0,3,4000.0,4,1,1
10000,15,5,25000.0,46,2,2
10000,16,5,25000.0,69,9,9
10000,21,2,1000.0,1,0,0
10000,31,3,10000.0,9,1,1
10000,34,2,1000.0,0,0,0
10000,44,5,25000.0,74,7,7
10000,46,2,1000.0,0,0,0
10000,51,2,13500.0,16,3,3
10000,54,4,25000.0,44,4,4
10000,64,3,19000.0,24,2,2
10000,69,4,1000.0,1,0,0
10000,70,4,25000.0,43,4,4
10000,71,2,19000.0,11,0,0
10000,74,2,1000.0,1,0,0
10000,76,5,25000.0,53,7,7
10000,77,5,25000.0,45,6,6
10000,78,3,25000.0,35,5,5
10000,81,2,2500.0,1,0,0
10000,82,2,1000.0,1,0,0
10000,83,2,20500.0,21,3,3
10000,85,5,25000.0,42,4,4
10000,86,2,3000.0,1,0,0
10000,87,2,2000.0,1,0,0
10000,88,3,6000.0,7,0,0
10000,89,5,25000.0,30,5,5
10000,90,2,5500.0,5,0,0
10000,91,2,4500.0,7,0,0
10000,92,2,5500.0,5,0,0
10000,93,2,5000.0,1,1,1
10000,94,2,4500.0,4,0,0
10000,96,2,2500.0,2,0,0
10000,98,5,25000.0,43,5,5
10000,99,5,17500.0,32,5,5
10000,101,2,3000.0,5,1,1
10000,102,2,3500.0,3,1,1
10000,103,2,3000.0,3,0,0
10000,105,2,6000.0,9,0,0
10000,106,2,3500.0,2,0,0
10000,108,2,4500.0,6,0,0
10000,109,5,25000.0,52,8,8
10000,110,2,5000.0,4,0,0
10000,111,2,4500.0,2,0,0
10000,113,2,4500.0,2,0,0
10000,114,2,7000.0,4,0,0
10000,117,2,7500.0,7,1,1
10000,118,2,5000.0,2,0,0
10000,119,5,25000.0,51,4,4
10000,120,2,6500.0,2,0,0
10000,121,2,6000.0,2,0,0
10000,122,2,8500.0,3,1,1
10000,123,2,6500.0,0,1,1
10000,124,2,6500.0,3,0,0
10000,125,5,9000.0,5,1,1
10000,126,3,11000.0,10,1,1
10000,127,5,25000.0,52,5,5
10000,128,5,25000.0,33,3,3
10000,130,2,12500.0,9,0,0
10000,131,5,12500.0,16,1,1
10000,132,4,25000.0,39,4,4
10000,133,2,7500.0,1,0,0
10000,134,2,8000.0,4,0,0
10000,135,2,8000.0,3,0,0
10000,136,5,25000.0,57,4,4
10000,138,2,9500.0,5,0,0
10000,139,2,8000.0,2,0,0
10000,142,2,11000.0,6,0,0
10000,143,2,8000.0,1,0,0
10000,147,2,9500.0,2,0,0
10000,148,2,10500.0,2,0,0
10000,149,5,25000.0,14,0,0
10000,154,2,9000.0,3,0,0
10000,155,5,25000.0,29,2,2
10000,156,5,25000.0,25,3,3
10000,158,2,9500.0,1,0,0
10000,162,4,11000.0,6,1,1
10000,163,4,25000.0,53,4,4
10000,164,5,25000.0,36,3,3
10000,165,2,11500.0,4,1,1
10000,166,5,25000.0,20,1,1
10000,170,5,14500.0,13,0,0
10000,171,5,25000.0,34,4,4
10000,175,2,12500.0,3,0,0
10000,176,2,14500.0,3,0,0
10000,178,5,25000.0,41,3,3
10000,183,2,13500.0,4,0,0
10000,185,2,15500.0,8,1,1
10000,188,2,15500.0,6,0,0
10000,189,5,25000.0,20,0,0
10000,190,5,25000.0,28,2,2
10000,193,2,13500.0,4,0,0
10000,197,2,16000.0,14,1,1
10000,198,2,14000.0,1,0,0
10000,200,2,14000.0,1,0,0
10000,202,2,14500.0,2,0,0
10000,205,4,25000.0,35,1,1
10000,206,3,25000.0,21,2,2
10000,207,2,17000.0,11,0,0
10000,209,2,15500.0,7,1,1
10000,214,5,25000.0,34,4,4
10000,215,4,15500.0,2,0,0
10000,216,3,20000.0,10,0,0
10000,217,2,17500.0,5,0,0
10000,218,3,18000.0,11,0,0
10000,219,2,16500.0,4,0,0
10000,220,2,18500.0,4,0,0
10000,221,2,16500.0,2,0,0
10000,222,2,18500.0,7,0,0
10000,226,5,25000.0,39,5,5
10000,229,4,21500.0,19,2,2
10000,232,5,23500.0,18,0,0
10000,234,2,19500.0,7,0,0
10000,235,2,19000.0,2,0,0
10000,237,4,24500.0,18,1,1
10000,238,2,19000.0,3,0,0
10000,239,2,19500.0,2,0,0
10000,240,2,19500.0,5,0,0
10000,244,2,20500.0,8,0,0
10000,247,2,20000.0,6,0,0
10000,248,2,20500.0,0,0,0
10000,249,4,25000.0,14,0,0
10000,250,2,20500.0,7,0,0
10000,251,2,20500.0,4,0,0
10000,257,2,22500.0,8,0,0
10000,258,2,24000.0,8,0,0
10000,259,2,23000.0,6,0,0
10000,261,2,22000.0,5,0,0
10000,264,5,25000.0,21,0,0
10000,265,5,25000.0,18,0,0
10000,266,5,24000.0,21,2,2
10000,269,2,23500.0,8,0,0
10000,271,3,25000.0,11,1,1
10000,274,2,23000.0,4,0,0
10000,277,5,25000.0,17,0,0
10000,278,2,25000.0,6,0,0
10000,281,5,25000.0,11,0,0
10000,282,5,25000.0,22,0,0
10000,283,5,25000.0,29,1,1
10000,284,2,25000.0,8,0,0
10000,287,2,24500.0,8,0,0
10000,292,3,25000.0,7,0,0
10000,294,2,25000.0,2,0,0
10000,295,2,25000.0,3,0,0
10000,296,2,25000.0,5,0,0
10000,0,4,15500.0,31,3,3
10000,13,5,25000.0,61,9,9
10000,14,4,25000.0,37,4,4
10000,16,4,25000.0,52,13,13
10000,33,3,1500.0,0,0,0
10000,44,2,6500.0,6,0,0
10000,45,5,1000.0,1,0,0
10000,49,4,25000.0,49,4,4
10000,58,5,18000.0,25,2,2
10000,67,5,25000.0,54,7,7
10000,74,4,17500.0,30,1,1
10000,90,2,2000.0,1,0,0
10000,98,5,25000.0,58,7,7
10000,99,2,1000.0,1,0,0
10000,102,2,2500.0,1,0,0
10000,103,2,1000.0,0,0,0
10000,107,2,1500.0,1,0,0
10000,108,3,5500.0,6,0,0
10000,110,5,25000.0,59,7,7
10000,111,2,1500.0,0,0,0
10000,113,5,25000.0,61,10,10
10000,114,4,3000.0,2,0,0
10000,115,2,7000.0,5,1,1
10000,116,2,2500.0,2,0,0
10000,117,5,25000.0,67,8,8
10000,118,5,25000.0,58,11,11
10000,119,4,25000.0,42,4,4
10000,120,2,3500.0,3,0,0
10000,121,2,2500.0,3,0,0
10000,123,2,2500.0,3,0,0
10000,125,2,3500.0,3,0,0
10000,127,2,2500.0,3,0,0
10000,129,2,11000.0,10,2,2
10000,130,3,7000.0,2,0,0
10000,132,2,3500.0,1,0,0
10000,133,2,3000.0,6,0,0
10000,137,2,3000.0,2,0,0
10000,138,2,3000.0,3,0,0
10000,140,5,7500.0,16,1,1
10000,141,2,6500.0,7,0,0
10000,143,2,4500.0,2,1,1
10000,144,2,5500.0,3,0,0
10000,146,2,6500.0,8,0,0
10000,150,4,25000.0,58,9,9
10000,152,3,6000.0,3,1,1
10000,153,2,6000.0,4,0,0
10000,154,2,6500.0,2,0,0
10000,155,2,6500.0,2,3,3
10000,156,2,6500.0,2,0,0
10000,157,2,6000.0,2,0,0
10000,158,2,6500.0,2,0,0
10000,161,2,7500.0,6,2,2
10000,162,2,6500.0,6,0,0
10000,163,4,10000.0,3,1,1
10000,165,2,7000.0,1,0,0
10000,166,2,7500.0,1,0,0
10000,168,5,25000.0,70,9,9
10000,169,2,11000.0,5,2,2
10000,171,2,8000.0,2,0,0
10000,172,2,8000.0,2,0,0
10000,177,2,8500.0,2,1,1
10000,178,2,9500.0,2,0,0
10000,179,2,11000.0,4,0,0
10000,180,2,9000.0,3,0,0
10000,181,2,9500.0,1,0,0
10000,182,2,10000.0,4,2,2
10000,183,2,9500.0,7,0,0
10000,185,2,9000.0,7,0,0
10000,186,2,10500.0,4,2,2
10000,187,2,9000.0,3,0,0
10000,188,4,15000.0,18,2,2
10000,191,2,9500.0,2,0,0
10000,193,5,25000.0,42,4,4
10000,194,2,13000.0,6,1,1
10000,195,2,11500.0,3,0,0
10000,200,2,10000.0,3,0,0
10000,201,2,10500.0,2,0,0
10000,202,2,11000.0,4,0,0
10000,205,2,14500.0,3,0,0
10000,206,2,11000.0,2,1,1
10000,209,5,25000.0,44,8,8
10000,210,2,25000.0,19,3,3
10000,212,2,14000.0,1,0,0
10000,214,3,14500.0,4,0,0
10000,215,2,19500.0,8,0,0
10000,217,2,17500.0,7,1,1
10000,218,2,14500.0,2,0,0
10000,220,4,25000.0,21,3,3
10000,221,4,25000.0,35,2,2
10000,222,2,15000.0,1,0,0
10000,223,2,16000.0,3,0,0
10000,228,2,19000.0,11,1,1
10000,230,2,18500.0,8,1,1
10000,231,2,19500.0,10,0,0
10000,232,2,17000.0,6,1,1
10000,237,2,17000.0,3,0,0
10000,238,2,18000.0,4,0,0
10000,239,2,17000.0,4,0,0
10000,242,3,16500.0,3,0,0
10000,244,2,18000.0,5,0,0
10000,246,2,17500.0,7,0,0
10000,247,3,18000.0,10,0,0
10000,248,4,25000.0,22,0,0
10000,252,2,17500.0,4,0,0
10000,254,2,21500.0,8,0,0
10000,255,5,19500.0,12,1,1
10000,257,2,19500.0,3,0,0
10000,260,4,25000.0,21,0,0
10000,261,4,25000.0,13,1,1
10000,262,2,20000.0,5,0,0
10000,263,2,20500.0,10,2,2
10000,265,2,19500.0,3,0,0
10000,267,2,21000.0,5,0,0
10000,268,5,25000.0,37,3,3
10000,269,3,23500.0,11,1,1
10000,270,2,20500.0,4,0,0
10000,271,2,21000.0,4,0,0
10000,272,2,25000.0,8,2,2
10000,274,2,21000.0,2,0,0
10000,275,2,21000.0,1,0,0
10000,276,2,21500.0,6,0,0
10000,278,2,22000.0,8,0,0
10000,279,2,21500.0,7,0,0
10000,280,2,21500.0,4,0,0
10000,281,5,25000.0,26,3,3
10000,282,2,22000.0,5,0,0
10000,284,5,25000.0,19,1,1
10000,289,2,24000.0,7,0,0
10000,292,2,23500.0,3,0,0
10000,294,2,24500.0,6,0,0
10000,295,2,24000.0,7,0,0
10000,296,2,24000.0,3,0,0
10000,297,2,24000.0,2,0,0
10000,299,2,24000.0,2,0,0
10000,301,3,25000.0,13,0,0
10000,304,2,24500.0,2,0,0
10000,306,2,25000.0,5,0,0
10000,307,5,25000.0,2,0,0
10000,312,2,25000.0,5,0,0
10000,314,5,25000.0,8,0,0
10000,315,3,25000.0,3,0,0
10000,6,4,25000.0,63,10,10
10000,7,4,6500.0,5,2,2
10000,15,4,25000.0,53,8,8
10000,25,4,25000.0,54,6,6
10000,26,5,18000.0,33,5,5
10000,32,5,6500.0,9,1,1
10000,33,5,25000.0,67,9,9
10000,36,2,1500.0,0,0,0
10000,40,3,1500.0,2,0,0
10000,42,2,1500.0,0,0,0
10000,43,2,3000.0,3,0,0
10000,44,2,2500.0,1,0,0
10000,47,2,1000.0,2,0,0
10000,48,5,6500.0,9,1,1
10000,50,3,2000.0,3,0,0
10000,51,4,19500.0,44,4,4
10000,52,2,1500.0,0,0,0
10000,53,2,2500.0,3,0,0
10000,54,2,1500.0,3,0,0
10000,55,2,2500.0,4,0,0
10000,56,2,2000.0,5,0,0
10000,57,2,2000.0,4,0,0
10000,60,2,1500.0,3,0,0
10000,62,2,3000.0,3,1,1
10000,63,2,5000.0,6,0,0
10000,64,2,2000.0,1,0,0
10000,67,2,3000.0,4,0,0
10000,68,2,2000.0,3,0,0
10000,70,2,2000.0,1,0,0
10000,72,2,3500.0,1,0,0
10000,73,2,3000.0,4,0,0
10000,74,2,7500.0,4,0,0
10000,78,4,25000.0,43,4,4
10000,79,5,25000.0,55,7,7
10000,81,2,4000.0,2,0,0
10000,82,2,21000.0,21,4,4
10000,84,2,3500.0,2,0,0
10000,85,2,7000.0,7,2,2
10000,88,2,4500.0,4,0,0
10000,89,2,5500.0,3,2,2
10000,91,2,4500.0,4,0,0
10000,92,3,25000.0,30,5,5
10000,93,5,25000.0,56,8,8
10000,94,4,25000.0,36,5,5
10000,95,4,6000.0,6,1,1
10000,96,2,4500.0,5,0,0
10000,101,4,8500.0,11,0,0
10000,103,2,4000.0,2,0,0
10000,104,2,4500.0,2,0,0
10000,105,4,9000.0,13,1,1
10000,107,2,4500.0,5,0,0
10000,111,5,25000.0,57,7,7
10000,112,4,25000.0,50,5,5
10000,113,2,5500.0,1,0,0
10000,114,5,25000.0,48,4,4
10000,116,2,6500.0,2,0,0
10000,118,2,7000.0,3,0,0
10000,121,2,7000.0,4,1,1
10000,123,2,6000.0,3,0,0
10000,124,4,25000.0,55,7,7
10000,126,5,25000.0,50,6,6
10000,127,2,7000.0,3,0,0
10000,128,2,7000.0,2,0,0
10000,130,2,7000.0,0,1,1
10000,132,5,25000.0,44,5,5
10000,133,2,11500.0,6,1,1
10000,135,5,10000.0,4,0,0
10000,136,3,14500.0,12,2,2
10000,140,2,10000.0,0,0,0
10000,142,2,10000.0,2,0,0
10000,143,2,11000.0,3,1,1
10000,144,5,25000.0,55,7,7
10000,145,3,10000.0,5,0,0
10000,146,5,25000.0,22,1,1
10000,147,2,10500.0,3,0,0
10000,148,2,11500.0,1,0,0
10000,154,2,11000.0,2,1,1
10000,155,5,25000.0,34,3,3
10000,156,5,25000.0,21,1,1
10000,157,3,25000.0,32,3,3
10000,159,2,11000.0,1,0,0
10000,160,4,17000.0,19,1,1
10000,161,3,23500.0,33,5,5
10000,163,2,12000.0,3,0,0
10000,164,2,11500.0,1,0,0
10000,165,2,13000.0,2,0,0
10000,167,4,16500.0,14,1,1
10000,168,5,25000.0,45,6,6
10000,169,5,25000.0,31,1,1
10000,170,2,14500.0,7,0,0
10000,176,4,17500.0,22,0,0
10000,177,2,13500.0,1,0,0
10000,178,3,25000.0,39,4,4
10000,179,2,16000.0,6,0,0
10000,180,2,15000.0,4,0,0
10000,184,2,15000.0,4,0,0
10000,185,2,16500.0,7,0,0
10000,187,5,25000.0,41,4,4
10000,188,4,25000.0,15,0,0
10000,191,2,17000.0,5,0,0
10000,193,2,17000.0,2,0,0
10000,194,3,17500.0,2,0,0
10000,195,2,17000.0,5,0,0
10000,197,5,25000.0,23,1,1
10000,198,3,20000.0,16,0,0
10000,199,3,25000.0,12,0,0
10000,200,5,20000.0,16,0,0
10000,201,3,18500.0,5,0,0
10000,202,2,17500.0,5,0,0
10000,204,2,17500.0,4,0,0
10000,207,4,18000.0,8,1,1
10000,209,2,19000.0,3,1,1
10000,210,4,19000.0,5,0,0
10000,211,3,24500.0,16,0,0
10000,212,2,20000.0,5,1,1
10000,215,2,21000.0,8,0,0
10000,218,5,25000.0,19,0,0
10000,219,5,24000.0,27,1,1
10000,222,2,23500.0,8,0,0
10000,223,2,22500.0,8,0,0
10000,225,2,21000.0,2,0,0
10000,226,2,20500.0,1,0,0
10000,227,2,25000.0,8,0,0
10000,228,2,22500.0,4,0,0
10000,231,2,21500.0,6,0,0
10000,233,2,21000.0,4,0,0
10000,235,5,25000.0,30,1,1
10000,238,2,23000.0,2,0,0
10000,239,5,25000.0,14,0,0
10000,240,4,25000.0,19,1,1
10000,241,5,25000.0,19,1,1
10000,245,2,23500.0,2,0,0
10000,246,2,24000.0,1,0,0
10000,247,2,23500.0,1,0,0
10000,249,2,24500.0,6,0,0
10000,251,2,25000.0,8,0,0
10000,252,2,24000.0,5,0,0
10000,254,2,25000.0,3,0,0
10000,255,2,24500.0,5,0,0
10000,256,2,24000.0,5,0,0
10000,257,2,24500.0,4,0,0
10000,258,5,25000.0,6,0,0
10000,259,2,25000.0,1,0,0
10000,262,2,25000.0,6,0,0
10000,263,2,25000.0,6,0,0
10000,264,2,25000.0,8,0,0
10000,0,4,14500.0,20,1,1
10000,11,5,25000.0,49,3,3
10000,12,5,25000.0,61,8,8
10000,23,5,19500.0,32,3,3
10000,25,4,25000.0,46,3,3
10000,48,5,20500.0,48,7,7
10000,55,5,25000.0,43,2,2
10000,60,5,2500.0,5,0,0
10000,61,5,23500.0,59,7,7
10000,62,5,15000.0,24,0,0
10000,70,2,1500.0,0,0,0
10000,75,3,3000.0,1,0,0
10000,76,3,19000.0,33,4,4
10000,87,2,2500.0,2,0,0
10000,90,4,25000.0,44,5,5
10000,91,2,15500.0,20,2,2
10000,93,5,25000.0,46,3,3
10000,94,5,25000.0,47,3,3
10000,95,2,3000.0,1,0,0
10000,96,5,25000.0,52,7,7
10000,97,4,4500.0,3,0,0
10000,98,2,1500.0,2,0,0
10000,100,2,1500.0,2,0,0
10000,101,2,1000.0,1,0,0
10000,103,2,1500.0,3,0,0
10000,109,5,3000.0,3,0,0
10000,110,5,20500.0,34,2,2
10000,111,5,25000.0,31,3,3
10000,112,5,3500.0,5,0,0
10000,113,3,25000.0,29,5,5
10000,114,4,5000.0,2,0,0
10000,116,2,4500.0,5,0,0
10000,118,2,3500.0,2,0,0
10000,120,2,4000.0,1,0,0
10000,121,2,3500.0,3,0,0
10000,122,2,5000.0,2,0,0
10000,123,2,7000.0,4,0,0
10000,124,2,10500.0,8,2,2
10000,125,2,5000.0,1,0,0
10000,130,2,5500.0,1,1,1
10000,131,2,5000.0,1,0,0
10000,132,5,25000.0,45,5,5
10000,133,3,8000.0,6,1,1
10000,136,2,8000.0,3,1,1
10000,137,2,7500.0,5,1,1
10000,138,2,6500.0,5,1,1
10000,141,2,13500.0,18,3,3
10000,142,2,6500.0,2,0,0
10000,143,2,7000.0,1,0,0
10000,144,2,7000.0,5,0,0
10000,148,2,9000.0,5,0,0
10000,151,4,25000.0,46,3,3
10000,153,2,8500.0,2,0,0
10000,157,5,25000.0,44,4,4
10000,158,2,11500.0,4,0,0
10000,160,2,9000.0,3,0,0
10000,163,2,11000.0,8,0,0
10000,166,4,25000.0,37,4,4
10000,167,3,9500.0,0,0,0
10000,170,5,25000.0,24,2,2
10000,171,5,25000.0,29,3,3
10000,172,2,12000.0,5,0,0
10000,175,2,11000.0,2,0,0
10000,177,2,10500.0,2,0,0
10000,178,5,25000.0,34,6,6
10000,179,2,13000.0,3,0,0
10000,180,2,11500.0,1,0,0
10000,181,2,13000.0,5,0,0
10000,182,2,14000.0,4,0,0
10000,183,2,13500.0,2,0,0
10000,187,5,25000.0,44,3,3
10000,189,2,16000.0,8,1,1
10000,190,2,14500.0,3,0,0
10000,191,2,14500.0,2,0,0
10000,192,5,25000.0,28,2,2
10000,193,2,13500.0,0,0,0
10000,195,3,19000.0,16,2,2
10000,196,5,25000.0,29,3,3
10000,197,3,15000.0,2,0,0
10000,198,2,15500.0,3,0,0
10000,199,5,22000.0,25,3,3
10000,201,5,25000.0,44,5,5
10000,202,2,15500.0,1,0,0
10000,204,2,17500.0,6,0,0
10000,207,5,25000.0,30,3,3
10000,208,2,18500.0,8,0,0
10000,213,5,25000.0,25,1,1
10000,214,5,25000.0,18,0,0
10000,215,3,17500.0,2,0,0
10000,216,3,17500.0,2,0,0
10000,217,5,21500.0,22,1,1
10000,218,3,19000.0,4,0,0
10000,219,3,19000.0,6,0,0
10000,222,2,18000.0,4,0,0
10000,223,2,18500.0,2,0,0
10000,226,2,19000.0,2,0,0
10000,230,5,25000.0,24,3,3
10000,232,2,19500.0,0,0,0
10000,235,2,20000.0,4,0,0
10000,237,5,25000.0,23,1,1
10000,238,5,23500.0,20,2,2
10000,239,5,25000.0,24,1,1
10000,241,2,24500.0,8,0,0
10000,243,2,21500.0,5,0,0
10000,245,2,22000.0,5,0,0
10000,247,4,24500.0,9,1,1
10000,248,3,22500.0,1,0,0
10000,250,2,23500.0,1,0,0
10000,253,5,25000.0,16,0,0
10000,255,2,25000.0,9,0,0
10000,256,2,24000.0,4,0,0
10000,257,5,25000.0,11,0,0
10000,258,3,25000.0,6,0,0
10000,259,4,25000.0,8,0,0
10000,261,2,25000.0,6,0,0
10000,262,2,25000.0,4,0,0
10000,11,5,25000.0,50,10,10
10000,26,5,25000.0,61,5,5
10000,27,5,25000.0,40,2,2
10000,40,5,4000.0,4,0,0
10000,45,5,25000.0,45,3,3
10000,48,2,14000.0,12,3,3
10000,49,5,9000.0,8,0,0
10000,59,5,25000.0,51,5,5
10000,66,2,1000.0,0,0,0
10000,68,5,24000.0,51,4,4
10000,70,4,25000.0,31,3,3
10000,72,2,1500.0,3,0,0
10000,74,2,3000.0,4,0,0
10000,79,2,2500.0,2,0,0
10000,80,3,12500.0,14,2,2
10000,81,2,2500.0,2,0,0
10000,82,5,25000.0,36,3,3
10000,83,2,11000.0,10,0,0
10000,84,2,5000.0,4,0,0
10000,86,2,3500.0,2,1,1
10000,88,2,3500.0,2,0,0
10000,89,5,25000.0,45,5,5
10000,93,2,4500.0,0,0,0
10000,94,4,25000.0,52,6,6
10000,95,5,25000.0,45,6,6
10000,96,5,25000.0,44,4,4
10000,98,2,7000.0,3,0,0
10000,99,2,8000.0,3,0,0
10000,100,2,9000.0,2,0,0
10000,101,2,5500.0,1,0,0
10000,104,2,6000.0,1,0,0
10000,106,2,6000.0,2,1,1
10000,107,2,8500.0,3,0,0
10000,108,5,25000.0,45,8,8
10000,110,2,9000.0,5,0,0
10000,111,2,7500.0,2,0,0
10000,112,5,10500.0,8,0,0
10000,114,2,11500.0,8,1,1
10000,115,2,9500.0,4,0,0
10000,117,2,8500.0,2,1,1
10000,118,5,25000.0,56,6,6
10000,119,2,8000.0,1,0,0
10000,120,2,8000.0,2,0,0
10000,121,2,8000.0,2,0,0
10000,122,2,8000.0,2,0,0
10000,124,5,25000.0,24,1,1
10000,125,4,12500.0,11,0,0
10000,126,2,9500.0,2,0,0
10000,127,2,12500.0,8,0,0
10000,128,2,9500.0,1,0,0
10000,132,2,10500.0,4,0,0
10000,133,5,25000.0,45,5,5
10000,134,5,25000.0,36,3,3
10000,135,4,25000.0,34,3,3
10000,136,3,11500.0,10,0,0
10000,137,2,10000.0,4,0,0
10000,139,5,25000.0,41,5,5
10000,140,2,10500.0,4,0,0
10000,143,5,23000.0,30,1,1
10000,144,5,25000.0,44,6,6
10000,147,2,10500.0,3,0,0
10000,148,5,25000.0,27,3,3
10000,149,2,11500.0,1,0,0
10000,151,5,23500.0,25,2,2
10000,152,3,17500.0,10,0,0
10000,153,5,25000.0,40,5,5
10000,154,3,17000.0,14,3,3
10000,156,4,25000.0,15,3,3
10000,158,2,13000.0,3,0,0
10000,160,2,13000.0,4,0,0
10000,161,2,14000.0,5,0,0
10000,162,5,14000.0,4,0,0
10000,163,2,14000.0,2,1,1
10000,164,2,14000.0,2,0,0
10000,166,2,14000.0,3,0,0
10000,167,2,14000.0,2,0,0
10000,168,3,14500.0,1,0,0
10000,170,2,14500.0,2,1,1
10000,171,2,15000.0,3,0,0
10000,172,2,16500.0,5,0,0
10000,173,2,17500.0,6,0,0
10000,177,4,25000.0,27,2,2
10000,178,4,25000.0,36,2,2
10000,179,2,16000.0,3,0,0
10000,181,2,16000.0,2,0,0
10000,182,2,16000.0,0,0,0
10000,184,2,19500.0,6,0,0
10000,186,5,25000.0,20,1,1
10000,187,4,21000.0,15,0,0
10000,191,2,18000.0,2,0,0
10000,192,3,25000.0,20,1,1
10000,193,2,17500.0,2,0,0
10000,194,2,17500.0,3,0,0
10000,198,5,25000.0,30,3,3
10000,200,2,20500.0,8,1,1
10000,202,4,25000.0,35,2,2
10000,203,4,25000.0,30,3,3
10000,204,4,25000.0,25,2,2
10000,206,2,21000.0,1,0,0
10000,207,5,25000.0,17,0,0
10000,209,2,20000.0,3,1,1
10000,212,2,21000.0,5,0,0
10000,214,4,22000.0,9,0,0
10000,217,2,20500.0,3,0,0
10000,218,2,20500.0,2,0,0
10000,220,2,24000.0,9,0,0
10000,222,2,22000.0,6,1,1
10000,223,2,22500.0,4,0,0
10000,227,2,22000.0,5,0,0
10000,228,2,23000.0,5,0,0
10000,231,5,25000.0,20,0,0
10000,232,5,25000.0,19,0,0
10000,233,5,25000.0,18,0,0
10000,234,3,25000.0,14,1,1
10000,235,2,23500.0,2,0,0
10000,236,2,25000.0,8,0,0
10000,237,2,23000.0,5,0,0
10000,238,2,23000.0,3,0,0
10000,240,2,23000.0,4,0,0
10000,242,2,25000.0,8,0,0
10000,245,2,25000.0,11,0,0
10000,246,3,24500.0,9,0,0
10000,248,2,24000.0,3,0,0
10000,249,2,24500.0,3,0,0
10000,254,4,25000.0,11,0,0
10000,12,2,1000.0,0,0,0
10000,22,2,1500.0,0,0,0
10000,27,5,25000.0,47,7,7
10000,39,5,25000.0,45,6,6
10000,40,5,17500.0,20,3,3
10000,44,2,4500.0,0,0,0
10000,47,5,25000.0,44,4,4
10000,57,2,10500.0,6,1,1
10000,66,5,25000.0,51,5,5
10000,67,4,25000.0,28,3,3
10000,68,5,7000.0,7,3,3
10000,69,3,3500.0,2,0,0
10000,71,2,1500.0,2,0,0
10000,72,3,1000.0,2,0,0
10000,73,2,8500.0,5,0,0
10000,76,2,2500.0,3,0,0
10000,77,2,4000.0,5,0,0
10000,78,5,25000.0,46,7,7
10000,80,4,23000.0,27,6,6
10000,81,2,5000.0,3,0,0
10000,82,2,3000.0,0,0,0
10000,83,2,3000.0,2,0,0
10000,85,2,3000.0,2,0,0
10000,87,2,5000.0,0,0,0
10000,88,5,25000.0,45,8,8
10000,89,4,25000.0,42,8,8
10000,91,2,7500.0,3,0,0
10000,92,2,4500.0,0,0,0
10000,94,3,8000.0,4,0,0
10000,95,5,7000.0,2,0,0
10000,96,2,6000.0,0,0,0
10000,97,5,8500.0,7,1,1
10000,99,4,25000.0,38,6,6
10000,100,3,8500.0,2,0,0
10000,102,2,9000.0,7,0,0
10000,103,2,7000.0,2,0,0
10000,105,2,7000.0,0,0,0
10000,106,2,9500.0,4,0,0
10000,107,2,7000.0,2,0,0
10000,109,2,7500.0,2,0,0
10000,110,5,11000.0,13,0,0
10000,111,5,19000.0,21,8,8
10000,112,2,8000.0,4,0,0
10000,113,2,8000.0,3,0,0
10000,114,2,8500.0,3,0,0
10000,115,2,8500.0,1,0,0
10000,116,4,25000.0,37,3,3
10000,117,2,10000.0,5,1,1
10000,122,2,8500.0,2,0,0
10000,123,2,9500.0,2,0,0
10000,125,2,10000.0,2,1,1
10000,126,2,9500.0,2,0,0
10000,128,2,11000.0,4,1,1
10000,129,2,10000.0,2,0,0
10000,130,2,13000.0,6,0,0
10000,131,2,13000.0,8,0,0
10000,133,2,11500.0,5,0,0
10000,136,2,12000.0,5,1,1
10000,137,3,14000.0,11,1,1
10000,138,5,25000.0,41,4,4
10000,140,3,12500.0,1,0,0
10000,141,2,11500.0,2,0,0
10000,143,2,12000.0,2,0,0
10000,144,2,11500.0,1,0,0
10000,147,2,12000.0,4,0,0
10000,148,5,25000.0,36,5,5
10000,149,2,12500.0,3,1,1
10000,150,2,12500.0,1,0,0
10000,152,2,13500.0,6,1,1
10000,154,2,13500.0,5,1,1
10000,155,3,25000.0,20,1,1
10000,156,5,25000.0,44,8,8
10000,157,4,12500.0,2,0,0
10000,158,2,15000.0,8,1,1
10000,159,2,14000.0,3,0,0
10000,162,2,12500.0,2,0,0
10000,164,2,13000.0,2,0,0
10000,166,2,13000.0,2,0,0
10000,167,5,25000.0,38,7,7
10000,168,5,25000.0,38,6,6
10000,169,5,17000.0,8,0,0
10000,172,2,17000.0,7,1,1
10000,173,2,15000.0,4,0,0
10000,176,2,15500.0,2,0,0
10000,177,2,17000.0,3,0,0
10000,178,5,17500.0,7,0,0
10000,179,2,16500.0,3,0,0
10000,180,2,16500.0,6,0,0
10000,183,2,17500.0,2,0,0
10000,186,2,19000.0,4,0,0
10000,189,4,25000.0,15,0,0
10000,192,2,19500.0,5,0,0
10000,196,5,25000.0,20,3,3
10000,197,2,19000.0,3,0,0
10000,198,2,19500.0,3,0,0
10000,200,2,21000.0,2,0,0
10000,203,2,22000.0,4,1,1
10000,204,2,21000.0,7,0,0
10000,210,2,22000.0,4,0,0
10000,212,4,24000.0,13,1,1
10000,213,5,25000.0,17,2,2
10000,214,5,22500.0,2,0,0
10000,215,2,24000.0,5,1,1
10000,217,4,25000.0,7,0,0
10000,218,4,25000.0,12,0,0
10000,219,5,25000.0,18,0,0
10000,222,2,23500.0,2,1,1
10000,223,2,25000.0,6,0,0
10000,224,2,24000.0,6,0,0
10000,225,4,25000.0,10,0,0
10000,230,4,25000.0,5,0,0
10000,231,4,25000.0,4,0,0
10000,232,2,25000.0,1,1,1
10000,233,5,25000.0,1,0,0
10000,234,3,25000.0,2,0,0
10000,0,4,9000.0,11,1,1
10000,4,4,15500.0,25,8,8
10000,16,4,25000.0,54,4,4
10000,17,3,11000.0,11,2,2
10000,18,5,22500.0,48,6,6
10000,20,3,22000.0,30,5,5
10000,34,2,7000.0,4,0,0
10000,36,3,3500.0,1,0,0
10000,39,5,25000.0,61,7,7
10000,40,3,5000.0,3,0,0
10000,50,5,25000.0,55,3,3
10000,58,2,1500.0,0,0,0
10000,63,2,1000.0,1,0,0
10000,79,5,1000.0,2,0,0
10000,91,2,1000.0,0,0,0
10000,93,5,25000.0,74,8,8
10000,94,5,25000.0,59,6,6
10000,95,5,11500.0,18,2,2
10000,96,5,25000.0,56,7,7
10000,97,3,2000.0,2,0,0
10000,98,2,2000.0,3,0,0
10000,100,2,3000.0,2,0,0
10000,101,3,6500.0,6,1,1
10000,102,5,25000.0,46,4,4
10000,103,2,3000.0,4,0,0
10000,107,2,4000.0,6,0,0
10000,109,2,3000.0,2,0,0
10000,112,5,17500.0,31,5,5
10000,113,2,3500.0,1,0,0
10000,115,4,25000.0,30,2,2
10000,116,5,25000.0,42,4,4
10000,117,3,8000.0,9,2,2
10000,120,5,7500.0,3,1,1
10000,121,4,25000.0,47,6,6
10000,122,2,6500.0,3,0,0
10000,125,2,5500.0,0,0,0
10000,126,2,5500.0,2,0,0
10000,127,4,24000.0,41,4,4
10000,128,3,25000.0,41,6,6
10000,130,2,9500.0,6,1,1
10000,131,2,6000.0,1,0,0
10000,132,2,6000.0,2,0,0
10000,133,2,7000.0,3,0,0
10000,134,2,6500.0,1,0,0
10000,136,2,7500.0,2,0,0
10000,137,2,7000.0,1,0,0
10000,138,3,10000.0,10,0,0
10000,139,2,11500.0,8,0,0
10000,140,2,15000.0,14,2,2
10000,142,2,8500.0,1,0,0
10000,144,2,8000.0,4,1,1
10000,146,2,10500.0,5,0,0
10000,149,2,9000.0,2,0,0
10000,151,2,8500.0,2,0,0
10000,153,4,16000.0,16,1,1
10000,156,2,9500.0,3,0,0
10000,157,2,10500.0,4,1,1
10000,158,5,25000.0,28,3,3
10000,159,2,9500.0,2,0,0
10000,160,2,10500.0,3,0,0
10000,161,2,9500.0,2,0,0
10000,162,3,25000.0,45,6,6
10000,164,2,10500.0,7,0,0
10000,166,2,11000.0,4,0,0
10000,168,2,10000.0,2,0,0
10000,169,2,10500.0,5,1,1
10000,174,3,12000.0,5,0,0
10000,175,2,13000.0,8,0,0
10000,177,2,10500.0,3,0,0
10000,179,2,12000.0,7,0,0
10000,183,5,16000.0,16,3,3
10000,184,2,12000.0,4,0,0
10000,186,2,11000.0,4,0,0
10000,187,5,25000.0,52,7,7
10000,188,5,25000.0,64,6,6
10000,189,2,15000.0,7,0,0
10000,190,2,12500.0,4,0,0
10000,191,4,15000.0,9,0,0
10000,192,4,16000.0,13,0,0
10000,194,2,13000.0,4,2,2
10000,195,4,16000.0,17,1,1
10000,198,5,25000.0,25,4,4
10000,199,2,13000.0,1,1,1
10000,200,2,13500.0,4,0,0
10000,202,2,15500.0,3,0,0
10000,203,2,15500.0,8,0,0
10000,205,2,14500.0,4,0,0
10000,206,2,14500.0,12,1,1
10000,211,5,25000.0,39,6,6
10000,212,5,25000.0,32,1,1
10000,213,2,14500.0,6,0,0
10000,214,4,17000.0,15,1,1
10000,215,5,25000.0,34,5,5
10000,216,2,15000.0,5,0,0
10000,221,2,16500.0,4,1,1
10000,222,3,25000.0,16,0,0
10000,223,2,16500.0,7,0,0
10000,225,3,22500.0,21,2,2
10000,226,5,25000.0,23,2,2
10000,228,5,25000.0,23,1,1
10000,233,2,19000.0,8,0,0
10000,235,4,25000.0,16,2,2
10000,237,2,19000.0,5,0,0
10000,240,2,18000.0,5,0,0
10000,248,2,18500.0,6,0,0
10000,249,5,25000.0,31,0,0
10000,250,5,25000.0,22,2,2
10000,251,5,25000.0,24,2,2
10000,252,5,25000.0,17,1,1
10000,253,3,23000.0,15,0,0
10000,255,2,21500.0,9,0,0
10000,256,5,19500.0,7,0,0
10000,257,2,21500.0,5,1,1
10000,259,5,25000.0,21,1,1
10000,260,5,23500.0,29,1,1
10000,263,2,20500.0,2,0,0
10000,264,2,20500.0,4,0,0
10000,266,5,25000.0,20,1,1
10000,267,5,25000.0,23,1,1
10000,268,5,25000.0,20,1,1
10000,270,5,25000.0,23,0,0
10000,274,2,22000.0,5,0,0
10000,275,2,24500.0,9,0,0
10000,276,2,22000.0,5,0,0
10000,277,2,22500.0,6,0,0
10000,278,2,22500.0,7,1,1
10000,280,5,22500.0,5,0,0
10000,281,2,23000.0,5,0,0
10000,284,2,23000.0,3,0,0
10000,285,2,25000.0,9,1,1
10000,287,2,23500.0,4,0,0
10000,291,4,25000.0,13,0,0
10000,292,3,25000.0,11,0,0
10000,295,2,24000.0,6,0,0
10000,296,5,25000.0,15,0,0
10000,297,3,25000.0,12,0,0
10000,298,3,25000.0,8,0,0
10000,299,3,24500.0,1,0,0
10000,301,2,25000.0,7,0,0
10000,303,2,25000.0,7,0,0
10000,305,2,25000.0,5,0,0
10000,306,2,25000.0,7,0,0
10000,307,5,25000.0,2,0,0
10000,308,2,25000.0,3,0,0
10000,309,2,25000.0,5,0,0
10000,1,2,1000.0,0,0,0
10000,36,2,10000.0,15,2,2
10000,40,5,25000.0,46,5,5
10000,41,5,25000.0,50,7,7
10000,43,2,1000.0,0,0,0
10000,49,4,25000.0,55,6,6
10000,53,4,25000.0,49,6,6
10000,63,4,25000.0,47,4,4
10000,64,5,25000.0,55,6,6
10000,65,3,23000.0,36,7,7
10000,66,5,21500.0,41,4,4
10000,83,5,22000.0,40,8,8
10000,98,2,1500.0,0,0,0
10000,101,5,25000.0,49,8,8
10000,105,2,1000.0,0,0,0
10000,106,2,1500.0,0,0,0
10000,107,5,25000.0,55,6,6
10000,108,3,7000.0,5,2,2
10000,110,2,1000.0,2,0,0
10000,112,2,1000.0,0,0,0
10000,113,4,2000.0,4,0,0
10000,115,2,1500.0,3,0,0
10000,116,2,1500.0,2,0,0
10000,119,5,24500.0,42,6,6
10000,121,2,5500.0,5,0,0
10000,123,2,2500.0,3,0,0
10000,124,4,5000.0,1,1,1
10000,125,4,25000.0,46,7,7
10000,128,2,3000.0,2,0,0
10000,131,2,3000.0,3,0,0
10000,133,2,7500.0,8,0,0
10000,135,2,4500.0,1,0,0
10000,136,2,4500.0,2,0,0
10000,139,2,11000.0,9,0,0
10000,140,2,4500.0,2,0,0
10000,143,4,25000.0,53,9,9
10000,144,2,5500.0,4,0,0
10000,145,2,7500.0,2,0,0
10000,146,2,8000.0,3,0,0
10000,147,2,8000.0,6,1,1
10000,148,2,7000.0,4,0,0
10000,149,2,7000.0,4,1,1
10000,150,2,6000.0,5,0,0
10000,153,2,7000.0,8,0,0
10000,155,5,25000.0,52,6,6
10000,157,2,7000.0,1,0,0
10000,159,2,9000.0,4,0,0
10000,161,2,8500.0,4,0,0
10000,163,2,9500.0,5,0,0
10000,164,2,9500.0,4,0,0
10000,166,2,8500.0,0,0,0
10000,167,2,11000.0,4,1,1
10000,169,2,8500.0,1,0,0
10000,170,2,9000.0,3,0,0
10000,171,2,9000.0,5,0,0
10000,172,2,9500.0,3,0,0
10000,174,3,11000.0,8,1,1
10000,175,4,25000.0,26,4,4
10000,177,2,9500.0,2,0,0
10000,179,2,9500.0,2,0,0
10000,180,2,10000.0,3,1,1
10000,183,2,9500.0,3,0,0
10000,184,3,25000.0,20,4,4
10000,186,2,11500.0,6,0,0
10000,189,2,11000.0,5,0,0
10000,190,4,25000.0,30,2,2
10000,191,5,25000.0,34,3,3
10000,192,3,12000.0,3,0,0
10000,196,5,25000.0,42,3,3
10000,197,5,25000.0,44,6,6
10000,198,5,25000.0,29,3,3
10000,199,3,22000.0,30,4,4
10000,200,2,12500.0,5,0,0
10000,204,2,12000.0,4,0,0
10000,205,2,14000.0,4,0,0
10000,209,2,13000.0,5,0,0
10000,213,2,15000.0,4,0,0
10000,217,2,14000.0,3,0,0
10000,218,2,14000.0,2,0,0
10000,219,2,13500.0,3,0,0
10000,223,2,16000.0,8,0,0
10000,227,2,14500.0,3,0,0
10000,231,2,15500.0,4,2,2
10000,236,5,25000.0,18,1,1
10000,237,4,25000.0,26,3,3
10000,238,2,17500.0,5,0,0
10000,239,2,18500.0,7,1,1
10000,242,2,15500.0,1,0,0
10000,243,2,17500.0,13,2,2
10000,244,3,21500.0,16,1,1
10000,245,4,17500.0,15,0,0
10000,246,5,25000.0,41,3,3
10000,247,2,16500.0,2,0,0
10000,254,5,25000.0,23,2,2
10000,259,5,25000.0,28,2,2
10000,260,2,19500.0,2,0,0
10000,262,2,23000.0,8,0,0
10000,264,2,20000.0,5,0,0
10000,268,5,25000.0,31,1,1
10000,269,3,24500.0,18,2,2
10000,274,2,22000.0,6,0,0
10000,275,2,21500.0,3,0,0
10000,276,5,25000.0,14,0,0
10000,278,2,24500.0,7,0,0
10000,280,2,24000.0,7,0,0
10000,281,2,23500.0,2,0,0
10000,284,4,23500.0,7,0,0
10000,286,5,25000.0,12,0,0
10000,287,3,25000.0,7,0,0
10000,289,2,25000.0,9,0,0
10000,291,2,25000.0,4,0,0
10000,292,2,25000.0,9,0,0
10000,293,2,25000.0,2,0,0
10000,295,2,25000.0,8,0,0
10000,297,2,25000.0,6,0,0
10000,298,2,25000.0,6,0,0
10000,299,3,25000.0,4,0,0
10000,300,2,25000.0,4,0,0
10000,303,2,25000.0,7,0,0
10000,304,2,25000.0,6,0,0
10000,305,2,25000.0,3,0,0
10000,10,4,11500.0,19,1,1
10000,20,2,4000.0,3,0,0
10000,36,5,25000.0,57,5,5
10000,38,4,12500.0,13,4,4
10000,47,4,18000.0,31,5,5
10000,60,2,11500.0,11,0,0
10000,62,5,7000.0,15,2,2
10000,63,2,1500.0,0,0,0
10000,65,3,17000.0,24,9,9
10000,66,5,25000.0,49,4,4
10000,67,2,1000.0,1,0,0
10000,72,5,25000.0,54,7,7
10000,77,5,25000.0,78,7,7
10000,78,4,25000.0,56,7,7
10000,79,5,25000.0,54,6,6
10000,80,2,8000.0,6,2,2
10000,81,2,1500.0,1,0,0
10000,84,2,3000.0,0,0,0
10000,92,2,1000.0,3,0,0
10000,93,2,1000.0,0,0,0
10000,94,2,2500.0,2,0,0
10000,98,5,25000.0,63,11,11
10000,99,3,1500.0,4,0,0
10000,100,3,8000.0,11,0,0
10000,101,2,4500.0,3,0,0
10000,102,2,1000.0,4,0,0
10000,106,2,1500.0,3,0,0
10000,109,2,1000.0,1,0,0
10000,110,2,1000.0,3,0,0
10000,113,2,1500.0,3,0,0
10000,116,2,1500.0,3,0,0
10000,117,5,25000.0,67,9,9
10000,118,5,25000.0,45,7,7
10000,119,2,3500.0,4,0,0
10000,120,2,2500.0,2,0,0
10000,121,2,2500.0,2,0,0
10000,122,2,3000.0,1,0,0
10000,123,2,4500.0,1,0,0
10000,124,2,3500.0,3,2,2
10000,126,2,3500.0,2,1,1
10000,128,2,2500.0,2,0,0
10000,129,2,2500.0,2,0,0
10000,131,2,3500.0,1,0,0
10000,132,5,25000.0,63,9,9
10000,133,2,8000.0,8,0,0
10000,136,2,3500.0,2,0,0
10000,141,2,4000.0,2,0,0
10000,143,2,5500.0,4,0,0
10000,146,2,5500.0,5,0,0
10000,149,5,9500.0,14,2,2
10000,151,2,12500.0,8,1,1
10000,156,2,6000.0,3,1,1
10000,157,2,8500.0,6,0,0
10000,158,2,6000.0,4,0,0
10000,161,2,7500.0,3,1,1
10000,162,2,9000.0,6,1,1
10000,163,2,9000.0,7,0,0
10000,164,2,7500.0,2,0,0
10000,165,2,7500.0,2,0,0
10000,167,4,14000.0,15,4,4
10000,168,2,8000.0,2,1,1
10000,169,2,7500.0,3,0,0
10000,170,2,7500.0,2,0,0
10000,171,2,7500.0,2,0,0
10000,172,2,13000.0,7,2,2
10000,174,2,8500.0,5,0,0
10000,175,2,8000.0,3,0,0
10000,176,2,7500.0,2,0,0
10000,178,2,9000.0,6,0,0
10000,179,2,8000.0,3,0,0
10000,181,2,8000.0,2,0,0
10000,182,2,9500.0,4,1,1
10000,183,2,8000.0,4,1,1
10000,184,2,9000.0,6,0,0
10000,185,2,8500.0,4,0,0
10000,187,2,8000.0,3,0,0
10000,188,2,10000.0,7,0,0
10000,189,2,8000.0,0,0,0
10000,191,4,25000.0,33,4,4
10000,192,3,8500.0,2,0,0
10000,193,2,9000.0,2,0,0
10000,194,2,8500.0,2,0,0
10000,197,3,13000.0,12,1,1
10000,198,5,25000.0,61,7,7
10000,200,2,13000.0,7,0,0
10000,201,5,25000.0,52,5,5
10000,202,3,12000.0,8,0,0
10000,203,2,17500.0,11,2,2
10000,204,2,11500.0,2,0,0
10000,206,2,11500.0,2,0,0
10000,209,2,13000.0,4,1,1
10000,211,2,12500.0,8,1,1
10000,212,2,11500.0,4,0,0
10000,213,5,25000.0,33,4,4
10000,214,5,13500.0,12,0,0
10000,215,5,25000.0,35,2,2
10000,216,2,14000.0,10,2,2
10000,217,2,12000.0,6,0,0
10000,218,2,12500.0,2,0,0
10000,220,2,12500.0,3,0,0
10000,221,2,13500.0,4,1,1
10000,222,2,13000.0,3,1,1
10000,224,2,14500.0,6,1,1
10000,225,2,13000.0,2,0,0
10000,226,5,25000.0,27,3,3
10000,228,5,16000.0,13,0,0
10000,230,5,25000.0,31,1,1
10000,232,5,25000.0,26,1,1
10000,233,5,25000.0,39,5,5
10000,234,5,25000.0,31,3,3
10000,235,5,25000.0,25,1,1
10000,238,5,25000.0,27,2,2
10000,239,4,25000.0,23,2,2
10000,240,2,16000.0,2,0,0
10000,242,2,17000.0,5,0,0
10000,243,2,16500.0,1,1,1
10000,249,4,19500.0,22,1,1
10000,250,5,25000.0,26,2,2
10000,251,5,25000.0,23,2,2
10000,252,5,25000.0,30,5,5
10000,255,2,16500.0,2,0,0
10000,256,2,17000.0,4,0,0
10000,257,2,17500.0,9,0,0
10000,260,5,25000.0,24,2,2
10000,261,3,23000.0,18,1,1
10000,262,3,25000.0,16,0,0
10000,265,2,17000.0,6,0,0
10000,268,2,19500.0,9,1,1
10000,271,2,17500.0,5,0,0
10000,275,2,19500.0,5,1,1
10000,279,2,19500.0,5,0,0
10000,280,2,20000.0,5,0,0
10000,284,5,25000.0,26,2,2
10000,285,2,20500.0,2,0,0
10000,286,5,25000.0,19,1,1
10000,288,2,21500.0,3,0,0
10000,289,5,25000.0,27,1,1
10000,290,5,25000.0,19,0,0
10000,291,4,25000.0,16,0,0
10000,295,2,24000.0,5,0,0
10000,297,5,25000.0,17,0,0
10000,298,3,24000.0,0,0,0
10000,300,2,24500.0,8,0,0
10000,301,5,25000.0,10,0,0
10000,302,2,24500.0,3,0,0
10000,0,4,25000.0,52,7,7
10000,1,5,25000.0,46,4,4
10000,7,5,20000.0,34,6,6
10000,28,5,25000.0,35,1,1
10000,36,5,25000.0,65,10,10
10000,48,5,1500.0,1,0,0
10000,49,5,25000.0,44,2,2
10000,58,4,2000.0,1,0,0
10000,59,3,2500.0,0,0,0
10000,62,5,25000.0,69,9,9
10000,63,5,25000.0,58,8,8
10000,64,2,1000.0,2,0,0
10000,66,2,2000.0,2,0,0
10000,69,2,2000.0,2,0,0
10000,71,4,25000.0,28,1,1
10000,72,3,25000.0,34,4,4
10000,73,3,13500.0,14,2,2
10000,74,4,25000.0,46,5,5
10000,76,2,3500.0,2,0,0
10000,77,2,3000.0,3,1,1
10000,78,2,3000.0,2,0,0
10000,82,2,5000.0,5,1,1
10000,87,5,10500.0,13,2,2
10000,90,4,7500.0,3,0,0
10000,93,2,5000.0,3,0,0
10000,94,2,5500.0,4,1,1
10000,95,5,25000.0,56,11,11
10000,96,4,25000.0,47,8,8
10000,97,4,25000.0,55,5,5
10000,98,2,5500.0,3,0,0
10000,100,2,7000.0,3,0,0
10000,102,2,6000.0,2,0,0
10000,103,2,8000.0,4,0,0
10000,105,2,6500.0,2,0,0
10000,106,2,7000.0,3,0,0
10000,113,5,10000.0,6,1,1
10000,114,5,25000.0,28,3,3
10000,115,5,25000.0,57,6,6
10000,116,2,7000.0,1,1,1
10000,118,5,25000.0,47,4,4
10000,120,2,7500.0,4,0,0
10000,122,2,7500.0,4,0,0
10000,126,3,8000.0,0,0,0
10000,127,3,8500.0,0,0,0
10000,128,5,11000.0,9,1,1
10000,129,3,12000.0,12,1,1
10000,130,4,25000.0,41,6,6
10000,131,2,9500.0,0,0,0
10000,132,5,25000.0,41,4,4
10000,133,2,13500.0,8,0,0
10000,136,2,10500.0,0,2,2
10000,137,4,12000.0,10,2,2
10000,138,5,25000.0,32,3,3
10000,139,3,10500.0,2,0,0
10000,141,2,10500.0,1,0,0
10000,142,5,25000.0,48,4,4
10000,146,4,18000.0,20,2,2
10000,147,3,12500.0,2,0,0
10000,148,2,11500.0,1,0,0
10000,149,2,12000.0,5,0,0
10000,150,2,11500.0,3,0,0
10000,152,2,13000.0,1,1,1
10000,155,2,13000.0,3,1,1
10000,157,4,25000.0,31,5,5
10000,158,3,13000.0,1,0,0
10000,159,2,14500.0,4,0,0
10000,160,2,13500.0,2,0,0
10000,161,2,17000.0,11,3,3
10000,162,2,13500.0,2,0,0
10000,166,2,14500.0,1,0,0
10000,167,2,14000.0,4,0,0
10000,168,4,17000.0,12,1,1
10000,169,2,15000.0,3,0,0
10000,170,4,25000.0,39,6,6
10000,171,2,22500.0,10,0,0
10000,175,2,17000.0,4,0,0
10000,176,2,18500.0,7,0,0
10000,178,2,17500.0,5,0,0
10000,179,2,17000.0,5,0,0
10000,181,2,17500.0,7,0,0
10000,186,3,17500.0,3,0,0
10000,187,4,21500.0,14,0,0
10000,188,5,25000.0,29,2,2
10000,189,4,25000.0,20,1,1
10000,190,2,21000.0,7,1,1
10000,191,2,18000.0,1,0,0
10000,193,2,18000.0,5,0,0
10000,195,2,18500.0,5,0,0
10000,196,2,19000.0,6,0,0
10000,198,2,19000.0,2,0,0
10000,200,2,18500.0,3,0,0
10000,202,3,19000.0,1,0,0
10000,205,2,19000.0,3,0,0
10000,206,2,20000.0,4,1,1
10000,207,2,19000.0,6,0,0
10000,210,2,20000.0,7,0,0
10000,211,2,19000.0,8,0,0
10000,213,2,19000.0,5,0,0
10000,214,2,19500.0,7,0,0
10000,217,2,21000.0,9,0,0
10000,219,5,25000.0,26,2,2
10000,220,3,25000.0,14,1,1
10000,221,3,22500.0,9,0,0
10000,222,2,20500.0,7,0,0
10000,223,5,21500.0,16,0,0
10000,224,5,25000.0,24,1,1
10000,225,2,25000.0,16,1,1
10000,226,2,20500.0,1,0,0
10000,229,4,24000.0,18,1,1
10000,230,2,22000.0,8,0,0
10000,231,2,23000.0,10,0,0
10000,234,2,21500.0,3,0,0
10000,235,5,25000.0,18,1,1
10000,236,4,25000.0,16,0,0
10000,238,2,22000.0,4,0,0
10000,239,2,23000.0,8,1,1
10000,241,2,22000.0,2,0,0
10000,242,2,22000.0,2,0,0
10000,243,2,22000.0,2,0,0
10000,244,2,22500.0,3,1,1
10000,252,2,25000.0,11,1,1
10000,253,2,22500.0,5,0,0
10000,254,4,25000.0,16,0,0
10000,256,5,25000.0,21,0,0
10000,257,4,25000.0,15,0,0
10000,258,3,24000.0,4,0,0
10000,259,2,23000.0,5,0,0
10000,260,5,25000.0,24,0,0
10000,262,2,25000.0,7,0,0
10000,263,2,25000.0,8,0,0
10000,268,2,25000.0,7,0,0
10000,270,2,25000.0,2,0,0
10000,273,3,25000.0,8,0,0
10000,274,3,25000.0,5,0,0
10000,275,4,25000.0,10,0,0
10000,276,3,25000.0,6,0,0
10000,277,3,25000.0,7,0,0
10000,279,2,25000.0,5,0,0
10000,282,2,25000.0,5,0,0
10000,283,2,25000.0,7,0,0
10000,285,2,25000.0,2,0,0
10000,286,2,25000.0,3,0,0
10000,287,2,25000.0,5,0,0
10000,289,2,25000.0,4,0,0
10000,290,2,25000.0,5,0,0
10000,291,2,25000.0,7,1,1
10000,0,4,25000.0,38,6,6
10000,9,2,9500.0,9,3,3
10000,10,3,6500.0,4,0,0
10000,11,4,25000.0,46,6,6
10000,12,5,25000.0,49,5,5
10000,13,3,16000.0,14,2,2
10000,35,5,25000.0,71,10,10
10000,48,4,20000.0,40,6,6
10000,49,5,10000.0,17,3,3
10000,61,5,25000.0,56,4,4
10000,66,4,23000.0,42,4,4
10000,68,5,25000.0,65,8,8
10000,69,2,1000.0,1,0,0
10000,73,2,2000.0,2,0,0
10000,82,5,17500.0,41,3,3
10000,83,5,25000.0,57,8,8
10000,84,3,14500.0,10,6,6
10000,94,5,8000.0,18,1,1
10000,99,2,3500.0,3,0,0
10000,100,2,2500.0,2,0,0
10000,102,2,3000.0,4,0,0
10000,104,5,25000.0,57,7,7
10000,106,2,2500.0,3,0,0
10000,107,2,4500.0,4,0,0
10000,108,3,5500.0,4,0,0
10000,111,2,2500.0,2,0,0
10000,112,2,7500.0,5,1,1
10000,113,2,3500.0,2,0,0
10000,114,2,2500.0,2,0,0
10000,117,2,3000.0,2,0,0
10000,121,2,7000.0,3,0,0
10000,124,2,4500.0,1,0,0
10000,126,2,4500.0,5,1,1
10000,127,4,25000.0,52,7,7
10000,129,2,7000.0,4,0,0
10000,130,5,6500.0,9,0,0
10000,131,2,5500.0,6,0,0
10000,133,2,5000.0,2,0,0
10000,135,2,5500.0,3,0,0
10000,137,2,5000.0,4,0,0
10000,138,2,6000.0,6,0,0
10000,139,2,5500.0,3,0,0
10000,140,2,6000.0,3,1,1
10000,142,2,6000.0,3,0,0
10000,144,4,25000.0,33,2,2
10000,145,3,24500.0,36,7,7
10000,146,3,6000.0,3,0,0
10000,151,2,5500.0,5,0,0
10000,153,5,25000.0,63,8,8
10000,154,5,25000.0,49,8,8
10000,155,2,6500.0,2,0,0
10000,157,2,7000.0,5,0,0
10000,158,2,7500.0,4,0,0
10000,159,2,6500.0,1,0,0
10000,160,2,8000.0,5,0,0
10000,162,2,6500.0,2,0,0
10000,164,2,7000.0,1,0,0
10000,165,2,7500.0,2,0,0
10000,166,4,25000.0,51,6,6
10000,167,5,20000.0,35,2,2
10000,171,5,25000.0,38,3,3
10000,172,5,9000.0,3,0,0
10000,173,2,9000.0,3,0,0
10000,175,3,25000.0,24,2,2
10000,182,2,11000.0,1,0,0
10000,184,2,12000.0,4,0,0
10000,186,2,11500.0,3,0,0
10000,189,2,12000.0,4,0,0
10000,190,2,13500.0,4,0,0
10000,191,2,13500.0,7,0,0
10000,193,2,11500.0,4,0,0
10000,195,5,25000.0,29,3,3
10000,196,2,12500.0,3,1,1
10000,197,2,13000.0,4,0,0
10000,199,2,12500.0,2,0,0
10000,204,3,15000.0,4,0,0
10000,206,2,13000.0,1,0,0
10000,209,5,22000.0,26,3,3
10000,211,5,25000.0,35,3,3
10000,212,3,16500.0,4,0,0
10000,214,3,16000.0,5,1,1
10000,215,2,15000.0,5,0,0
10000,216,2,19500.0,8,0,0
10000,220,4,21000.0,19,2,2
10000,221,2,15000.0,2,0,0
10000,222,2,15000.0,2,0,0
10000,225,2,15000.0,4,0,0
10000,226,2,18500.0,10,0,0
10000,230,2,15500.0,2,0,0
10000,231,2,16500.0,8,0,0
10000,232,2,16000.0,2,0,0
10000,233,2,15500.0,2,0,0
10000,234,5,25000.0,33,2,2
10000,235,5,25000.0,28,2,2
10000,240,5,25000.0,25,2,2
10000,241,3,25000.0,17,1,1
10000,242,3,25000.0,22,1,1
10000,244,5,25000.0,28,2,2
10000,245,2,19500.0,6,1,1
10000,247,3,21500.0,5,0,0
10000,248,2,20000.0,4,0,0
10000,250,2,21500.0,8,0,0
10000,251,4,25000.0,25,2,2
10000,252,4,25000.0,18,1,1
10000,253,5,25000.0,19,1,1
10000,254,2,21000.0,4,0,0
10000,255,2,21000.0,4,0,0
10000,256,2,21000.0,3,0,0
10000,258,2,22500.0,9,0,0
10000,266,2,23500.0,8,0,0
10000,269,4,25000.0,26,1,1
10000,271,3,25000.0,12,1,1
10000,274,2,23000.0,4,0,0
10000,279,2,24000.0,10,1,1
10000,280,2,23000.0,3,0,0
10000,282,2,23500.0,5,0,0
10000,285,3,24000.0,4,0,0
10000,286,2,24000.0,4,0,0
10000,290,2,23500.0,2,0,0
10000,291,2,23500.0,3,0,0
10000,294,2,25000.0,8,0,0
10000,295,5,25000.0,19,0,0
10000,296,4,25000.0,14,0,0
10000,297,3,25000.0,6,0,0
10000,298,5,25000.0,7,0,0
10000,299,4,25000.0,10,0,0
10000,301,2,25000.0,4,0,0
10000,302,5,25000.0,5,0,0
10000,10,2,11000.0,4,0,0
10000,18,4,16000.0,29,7,7
10000,22,4,24000.0,48,6,6
10000,33,5,25000.0,66,8,8
10000,36,5,25000.0,49,8,8
10000,37,5,25000.0,69,9,9
10000,52,5,25000.0,52,6,6
10000,57,5,25000.0,63,7,7
10000,59,3,25000.0,36,6,6
10000,72,3,10000.0,8,1,1
10000,74,5,1500.0,1,0,0
10000,86,4,25000.0,52,7,7
10000,89,2,1000.0,0,0,0
10000,114,2,2000.0,0,0,0
10000,117,2,2500.0,1,0,0
10000,119,2,1000.0,1,0,0
10000,121,5,25000.0,54,6,6
10000,125,2,1500.0,3,0,0
10000,126,2,4000.0,3,0,0
10000,127,2,7000.0,6,1,1
10000,128,2,1000.0,3,0,0
10000,131,2,2000.0,2,0,0
10000,132,2,1500.0,3,0,0
10000,133,5,9000.0,13,2,2
10000,135,2,2500.0,4,0,0
10000,136,2,3000.0,1,0,0
10000,144,4,13000.0,20,4,4
10000,145,5,9000.0,10,4,4
10000,146,4,10000.0,10,1,1
10000,147,3,3500.0,3,0,0
10000,148,2,2500.0,1,0,0
10000,149,2,5000.0,3,0,0
10000,150,2,3000.0,1,0,0
10000,154,2,3500.0,3,1,1
10000,155,2,5500.0,3,0,0
10000,158,2,3500.0,2,0,0
10000,162,2,4500.0,3,1,1
10000,163,5,25000.0,54,8,8
10000,164,3,3500.0,1,0,0
10000,165,2,5000.0,1,1,1
10000,166,3,20000.0,28,5,5
10000,168,2,4500.0,1,0,0
10000,170,2,5500.0,4,0,0
10000,172,2,5000.0,3,0,0
10000,174,2,4500.0,2,0,0
10000,177,4,5500.0,4,0,0
10000,179,2,5500.0,3,0,0
10000,182,4,5500.0,0,0,0
10000,183,5,25000.0,62,10,10
10000,188,2,7500.0,3,1,1
10000,189,3,7000.0,2,0,0
10000,190,5,25000.0,64,9,9
10000,192,4,25000.0,51,5,5
10000,194,2,7500.0,1,0,0
10000,195,5,25000.0,32,2,2
10000,196,3,8000.0,3,0,0
10000,199,2,9000.0,0,0,0
10000,200,2,10500.0,6,0,0
10000,202,2,9000.0,3,0,0
10000,203,2,9000.0,3,0,0
10000,204,2,10500.0,2,0,0
10000,208,3,13500.0,15,2,2
10000,209,2,9500.0,5,1,1
10000,211,2,10000.0,4,0,0
10000,212,5,25000.0,41,4,4
10000,213,2,10500.0,2,0,0
10000,214,3,13000.0,5,1,1
10000,216,2,15000.0,6,1,1
10000,217,5,25000.0,52,8,8
10000,218,5,25000.0,42,3,3
10000,219,2,11500.0,5,0,0
10000,220,2,11500.0,2,1,1
10000,221,2,11000.0,5,0,0
10000,223,2,13000.0,6,0,0
10000,225,2,15000.0,9,0,0
10000,226,2,13500.0,9,1,1
10000,228,2,12000.0,2,0,0
10000,229,2,11500.0,4,0,0
10000,230,3,15000.0,11,0,0
10000,232,3,12500.0,6,0,0
10000,233,2,14000.0,5,1,1
10000,235,2,12500.0,2,0,0
10000,237,2,12500.0,5,1,1
10000,239,2,13000.0,5,0,0
10000,241,2,14500.0,5,0,0
10000,245,4,13500.0,5,1,1
10000,247,2,14500.0,5,1,1
10000,248,2,13000.0,3,0,0
10000,249,2,13000.0,4,0,0
10000,251,2,13000.0,1,0,0
10000,252,4,25000.0,31,3,3
10000,253,5,25000.0,44,6,6
10000,254,2,14500.0,5,0,0
10000,255,2,22500.0,8,0,0
10000,256,2,14500.0,4,0,0
10000,259,2,14500.0,6,0,0
10000,262,4,25000.0,47,5,5
10000,264,2,19000.0,6,3,3
10000,265,2,15000.0,3,0,0
10000,268,2,16500.0,5,0,0
10000,270,5,25000.0,30,3,3
10000,271,4,25000.0,33,3,3
10000,272,2,16000.0,1,0,0
10000,274,2,17000.0,4,0,0
10000,275,2,16500.0,4,0,0
10000,277,3,17000.0,3,0,0
10000,280,2,17000.0,4,0,0
10000,281,5,25000.0,18,1,1
10000,282,2,18000.0,7,0,0
10000,283,2,19000.0,5,1,1
10000,285,2,19500.0,0,0,0
10000,287,3,22500.0,16,1,1
10000,288,2,22500.0,9,0,0
10000,289,5,25000.0,22,2,2
10000,290,2,19500.0,2,0,0
10000,291,2,21000.0,3,0,0
10000,293,2,22000.0,7,0,0
10000,294,2,24500.0,8,0,0
10000,296,2,20000.0,5,0,0
10000,297,5,25000.0,20,1,1
10000,298,2,20500.0,3,0,0
10000,299,2,24500.0,8,0,0
10000,302,5,24000.0,17,0,0
10000,303,4,25000.0,22,0,0
10000,305,2,22000.0,2,0,0
10000,306,5,22000.0,5,0,0
10000,307,5,25000.0,25,1,1
10000,309,2,23000.0,4,0,0
10000,311,2,23000.0,2,0,0
10000,312,2,25000.0,9,0,0
10000,313,2,24000.0,3,0,0
10000,316,2,23500.0,9,0,0
10000,321,2,24000.0,4,0,0
10000,322,2,25000.0,8,0,0
10000,324,4,25000.0,22,1,1
10000,325,2,24000.0,3,0,0
10000,327,2,25000.0,8,0,0
10000,328,2,25000.0,5,0,0
10000,329,2,25000.0,6,0,0
10000,332,5,25000.0,18,0,0
10000,333,4,25000.0,13,0,0
10000,335,2,24500.0,6,0,0
10000,337,2,25000.0,8,0,0
10000,338,2,25000.0,8,0,0
10000,343,3,25000.0,0,0,0
10000,344,5,25000.0,3,0,0
10000,0,2,5000.0,2,0,0
10000,6,5,25000.0,34,1,1
10000,9,4,16000.0,26,3,3
10000,26,4,25000.0,39,3,3
10000,35,5,25000.0,61,6,6
10000,41,5,25000.0,55,10,10
10000,42,4,23000.0,38,5,5
10000,43,5,23000.0,39,5,5
10000,48,5,25000.0,64,5,5
10000,49,4,25000.0,56,6,6
10000,50,3,25000.0,25,2,2
10000,58,5,25000.0,61,7,7
10000,59,4,25000.0,43,4,4
10000,61,2,4000.0,4,0,0
10000,67,5,25000.0,44,3,3
10000,74,4,17000.0,24,1,1
10000,75,5,25000.0,61,4,4
10000,78,2,2500.0,1,0,0
10000,79,4,6000.0,8,0,0
10000,80,2,1000.0,0,0,0
10000,87,2,1000.0,0,0,0
10000,90,2,1500.0,0,0,0
10000,92,5,11500.0,25,5,5
10000,96,2,3500.0,1,0,0
10000,97,2,4000.0,6,1,1
10000,98,2,1000.0,0,0,0
10000,99,2,2000.0,4,0,0
10000,101,2,2000.0,1,0,0
10000,102,2,2000.0,2,0,0
10000,104,2,2000.0,3,0,0
10000,107,5,25000.0,54,9,9
10000,110,2,3000.0,2,0,0
10000,111,2,4000.0,0,0,0
10000,112,2,4000.0,1,0,0
10000,113,2,3000.0,1,0,0
10000,114,2,3000.0,2,0,0
10000,115,2,5000.0,3,1,1
10000,116,3,6000.0,5,0,0
10000,117,4,17000.0,21,2,2
10000,118,2,3500.0,3,0,0
10000,119,2,4000.0,4,0,0
10000,121,5,25000.0,58,6,6
10000,122,2,4500.0,1,0,0
10000,124,4,7500.0,8,0,0
10000,125,2,6000.0,2,0,0
10000,127,2,6000.0,3,0,0
10000,129,5,25000.0,25,3,3
10000,132,2,6500.0,1,0,0
10000,133,2,6500.0,3,0,0
10000,134,2,21000.0,13,2,2
10000,135,5,25000.0,36,4,4
10000,136,2,7000.0,3,0,0
10000,137,5,25000.0,51,7,7
10000,139,2,7500.0,2,0,0
10000,140,2,8500.0,3,1,1
10000,143,2,9000.0,2,1,1
10000,145,2,8500.0,2,0,0
10000,148,3,12000.0,8,1,1
10000,149,4,25000.0,20,4,4
10000,150,3,16000.0,24,2,2
10000,154,2,9000.0,3,0,0
10000,156,2,9500.0,3,0,0
10000,158,5,9500.0,4,0,0
10000,160,5,12000.0,10,0,0
10000,162,5,25000.0,33,2,2
10000,163,3,17500.0,14,3,3
10000,164,2,10500.0,2,0,0
10000,165,2,11500.0,7,0,0
10000,167,2,12000.0,4,0,0
10000,170,2,11000.0,1,0,0
10000,171,3,14500.0,11,1,1
10000,178,5,25000.0,41,3,3
10000,179,4,16000.0,19,0,0
10000,180,2,16000.0,13,1,1
10000,181,2,13000.0,3,0,0
10000,184,2,14000.0,6,0,0
10000,185,5,25000.0,53,4,4
10000,187,2,12500.0,2,0,0
10000,189,2,12500.0,3,0,0
10000,190,2,12500.0,2,0,0
10000,191,4,16500.0,13,0,0
10000,192,3,25000.0,22,2,2
10000,203,2,15500.0,2,0,0
10000,206,4,16000.0,2,0,0
10000,207,2,17500.0,6,0,0
10000,210,5,25000.0,26,3,3
10000,212,2,18000.0,5,0,0
10000,213,2,18500.0,5,0,0
10000,214,2,19500.0,7,0,0
10000,215,3,18000.0,2,0,0
10000,216,3,25000.0,19,1,1
10000,217,5,25000.0,35,4,4
10000,218,2,18000.0,1,0,0
10000,219,2,22000.0,7,1,1
10000,220,2,19000.0,8,0,0
10000,221,5,25000.0,19,0,0
10000,222,5,25000.0,23,1,1
10000,223,2,19000.0,2,0,0
10000,226,5,23000.0,19,1,1
10000,227,5,25000.0,24,2,2
10000,229,5,25000.0,17,0,0
10000,230,5,25000.0,23,1,1
10000,231,3,25000.0,16,0,0
10000,235,2,22000.0,8,0,0
10000,238,2,21500.0,2,0,0
10000,240,5,25000.0,18,1,1
10000,242,5,25000.0,18,0,0
10000,243,3,22000.0,4,1,1
10000,245,2,22000.0,5,0,0
10000,248,2,22500.0,3,0,0
10000,249,2,25000.0,11,1,1
10000,251,5,25000.0,20,0,0
10000,252,2,23500.0,4,0,0
10000,254,5,25000.0,19,0,0
10000,258,2,24000.0,3,0,0
10000,263,2,25000.0,0,0,0
10000,7,5,25000.0,54,3,3
10000,8,5,25000.0,42,2,2
10000,9,2,1000.0,0,0,0
10000,23,3,1000.0,2,0,0
10000,24,3,25000.0,35,6,6
10000,38,4,25000.0,49,7,7
10000,41,2,1000.0,0,0,0
10000,44,5,25000.0,41,3,3
10000,63,2,5000.0,4,0,0
10000,70,5,20000.0,38,4,4
10000,71,5,9000.0,10,1,1
10000,72,5,25000.0,56,7,7
10000,74,5,25000.0,62,5,5
10000,82,3,4000.0,3,0,0
10000,84,2,1500.0,1,0,0
10000,86,3,12000.0,8,1,1
10000,87,4,25000.0,35,3,3
10000,88,4,17500.0,35,5,5
10000,89,2,2500.0,3,0,0
10000,90,2,2000.0,2,0,0
10000,91,2,1500.0,1,0,0
10000,93,2,1500.0,1,0,0
10000,94,5,25000.0,58,7,7
10000,96,2,4000.0,2,0,0
10000,100,2,2000.0,3,0,0
10000,102,5,25000.0,52,6,6
10000,103,4,25000.0,55,6,6
10000,104,5,25000.0,67,10,10
10000,105,2,2500.0,2,0,0
10000,107,2,3000.0,4,0,0
10000,108,2,3000.0,0,0,0
10000,109,2,3500.0,0,0,0
10000,110,2,3500.0,2,0,0
10000,112,2,5000.0,3,0,0
10000,113,2,6000.0,2,1,1
10000,114,2,4000.0,2,0,0
10000,115,5,25000.0,39,6,6
10000,117,2,4500.0,3,0,0
10000,118,2,6500.0,4,1,1
10000,119,4,24500.0,45,5,5
10000,120,3,24500.0,25,3,3
10000,121,2,5000.0,1,0,0
10000,124,3,7500.0,2,2,2
10000,125,5,25000.0,40,5,5
10000,127,2,6500.0,1,0,0
10000,128,2,7000.0,2,0,0
10000,130,5,25000.0,38,4,4
10000,131,2,9500.0,2,0,0
10000,133,2,7500.0,3,0,0
10000,135,2,9000.0,5,2,2
10000,137,2,8000.0,5,0,0
10000,139,2,10500.0,2,0,0
10000,140,5,25000.0,54,8,8
10000,141,3,20000.0,22,4,4
10000,144,2,9500.0,5,0,0
10000,145,2,9500.0,3,0,0
10000,147,4,14500.0,15,1,1
10000,149,2,9500.0,2,1,1
10000,150,2,9500.0,1,0,0
10000,151,2,10000.0,2,0,0
10000,152,2,11000.0,6,0,0
10000,153,2,10500.0,1,0,0
10000,154,2,12500.0,6,0,0
10000,155,2,14000.0,5,0,0
10000,157,3,15500.0,11,0,0
10000,158,2,12000.0,2,0,0
10000,162,2,15500.0,7,0,0
10000,163,2,13000.0,4,0,0
10000,164,2,12500.0,5,1,1
10000,165,2,14000.0,7,0,0
10000,166,2,12500.0,2,0,0
10000,167,2,15500.0,7,0,0
10000,168,2,13000.0,2,0,0
10000,169,5,25000.0,31,3,3
10000,170,3,14000.0,2,0,0
10000,171,5,25000.0,25,5,5
10000,172,2,14000.0,2,0,0
10000,177,2,14500.0,3,0,0
10000,180,2,14500.0,4,0,0
10000,181,2,14500.0,3,0,0
10000,182,5,25000.0,27,3,3
10000,184,2,16500.0,2,0,0
10000,185,3,17000.0,7,2,2
10000,187,2,15500.0,5,0,0
10000,189,2,15500.0,4,0,0
10000,190,2,19000.0,11,1,1
10000,191,2,15500.0,5,0,0
10000,192,5,25000.0,42,4,4
10000,195,4,25000.0,16,0,0
10000,196,5,25000.0,28,1,1
10000,201,2,18000.0,10,1,1
10000,203,2,16500.0,3,0,0
10000,204,2,16500.0,3,0,0
10000,205,2,23000.0,12,2,2
10000,208,2,18000.0,0,0,0
10000,209,2,24500.0,20,2,2
10000,211,2,20500.0,10,1,1
10000,214,2,17500.0,3,0,0
10000,215,2,17500.0,3,0,0
10000,216,2,17500.0,2,1,1
10000,218,2,17500.0,1,0,0
10000,220,3,18000.0,6,0,0
10000,221,2,18000.0,6,0,0
10000,222,5,25000.0,29,2,2
10000,223,2,18500.0,6,0,0
10000,227,2,18500.0,3,0,0
10000,228,2,19000.0,8,0,0
10000,229,2,19000.0,6,0,0
10000,230,2,19000.0,1,0,0
10000,233,2,19000.0,7,0,0
10000,234,2,21000.0,4,0,0
10000,238,2,21500.0,5,0,0
10000,239,2,24000.0,8,0,0
10000,242,2,22500.0,8,0,0
10000,243,5,25000.0,21,1,1
10000,245,3,25000.0,17,1,1
10000,249,2,25000.0,12,0,0
10000,250,2,22500.0,1,0,0
10000,252,5,25000.0,19,0,0
10000,257,5,25000.0,18,0,0
10000,258,5,25000.0,18,1,1
10000,259,4,25000.0,17,0,0
10000,261,5,25000.0,22,1,1
10000,262,2,24000.0,0,0,0
10000,264,5,25000.0,20,0,0
10000,268,2,25000.0,6,0,0
10000,269,2,24500.0,2,0,0
10000,270,2,25000.0,3,0,0
10000,13,4,25000.0,42,4,4
10000,14,5,25000.0,61,7,7
10000,31,5,5000.0,2,0,0
10000,32,4,12500.0,14,2,2
10000,33,4,25000.0,32,4,4
10000,34,5,22500.0,47,4,4
10000,39,2,3500.0,1,0,0
10000,46,4,10500.0,12,0,0
10000,51,4,2000.0,0,0,0
10000,52,2,1500.0,0,0,0
10000,61,5,22500.0,32,7,7
10000,63,2,1000.0,0,0,0
10000,65,2,6000.0,1,0,0
10000,68,2,1500.0,0,0,0
10000,69,2,1500.0,2,0,0
10000,70,2,1500.0,2,0,0
10000,71,2,1500.0,3,0,0
10000,73,5,25000.0,60,8,8
10000,74,3,2500.0,0,0,0
10000,75,2,1500.0,1,0,0
10000,76,3,4000.0,3,0,0
10000,78,2,3000.0,2,0,0
10000,79,2,10000.0,5,0,0
10000,80,2,5000.0,3,0,0
10000,82,5,3500.0,1,0,0
10000,83,2,4500.0,2,1,1
10000,85,2,6000.0,4,0,0
10000,87,2,3500.0,2,0,0
10000,88,3,5500.0,3,1,1
10000,89,5,5500.0,7,0,0
10000,90,2,7000.0,6,1,1
10000,91,2,4000.0,1,0,0
10000,93,2,5000.0,3,0,0
10000,96,2,7500.0,4,0,0
10000,97,2,4000.0,4,0,0
10000,98,2,6500.0,7,1,1
10000,101,3,5000.0,2,0,0
10000,102,2,4500.0,2,0,0
10000,104,2,4500.0,3,0,0
10000,108,2,4500.0,4,1,1
10000,110,2,4500.0,3,0,0
10000,112,2,6000.0,5,2,2
10000,113,2,5000.0,2,0,0
10000,114,4,25000.0,54,8,8
10000,115,3,6000.0,3,0,0
10000,118,2,6500.0,1,0,0
10000,119,2,10000.0,4,1,1
10000,120,5,25000.0,54,8,8
10000,121,3,8000.0,9,0,0
10000,122,2,7000.0,1,0,0
10000,123,2,7000.0,2,0,0
10000,125,5,25000.0,52,7,7
10000,126,4,25000.0,47,10,10
10000,127,2,7500.0,1,0,0
10000,128,2,9500.0,4,0,0
10000,129,2,9000.0,5,0,0
10000,130,4,21500.0,36,6,6
10000,131,2,8000.0,2,1,1
10000,132,3,10500.0,7,1,1
10000,133,2,8500.0,3,0,0
10000,135,5,25000.0,32,5,5
10000,136,4,21500.0,32,7,7
10000,137,2,9500.0,1,0,0
10000,139,4,23500.0,31,7,7
10000,140,5,14500.0,11,2,2
10000,141,2,10500.0,3,0,0
10000,142,2,10000.0,1,0,0
10000,143,2,13500.0,7,1,1
10000,145,4,16000.0,15,2,2
10000,146,5,11000.0,1,1,1
10000,148,2,13000.0,3,0,0
10000,151,2,11000.0,3,0,0
10000,152,2,11500.0,3,0,0
10000,155,2,12000.0,3,1,1
10000,157,2,12500.0,2,0,0
10000,158,2,12000.0,3,0,0
10000,160,2,12500.0,3,1,1
10000,161,2,12000.0,3,0,0
10000,162,5,25000.0,45,6,6
10000,164,5,25000.0,39,6,6
10000,165,5,25000.0,45,3,3
10000,166,2,13500.0,1,0,0
10000,168,2,14000.0,5,0,0
10000,169,2,13000.0,1,1,1
10000,170,2,13500.0,1,0,0
10000,173,2,13500.0,2,0,0
10000,174,2,13500.0,3,0,0
10000,175,2,14000.0,4,0,0
10000,177,2,14000.0,1,1,1
10000,179,2,18000.0,5,1,1
10000,180,2,16500.0,6,0,0
10000,182,2,17500.0,5,1,1
10000,184,2,16000.0,4,0,0
10000,187,2,17000.0,10,1,1
10000,189,2,17000.0,2,0,0
10000,191,2,17500.0,5,0,0
10000,192,5,25000.0,44,6,6
10000,193,4,25000.0,32,3,3
10000,195,2,16500.0,4,0,0
10000,197,5,25000.0,35,4,4
10000,198,2,19000.0,5,1,1
10000,199,5,25000.0,17,0,0
10000,201,5,25000.0,36,5,5
10000,202,3,21500.0,15,0,0
10000,203,2,18500.0,0,0,0
10000,207,5,25000.0,30,4,4
10000,209,5,25000.0,36,4,4
10000,210,2,19500.0,5,0,0
10000,211,2,21000.0,8,0,0
10000,212,2,20000.0,7,0,0
10000,214,2,19500.0,2,0,0
10000,215,2,21000.0,4,1,1
10000,217,2,20500.0,4,0,0
10000,219,2,20500.0,6,0,0
10000,223,2,22000.0,3,0,0
10000,230,3,21000.0,6,0,0
10000,232,2,22000.0,3,0,0
10000,236,2,22500.0,4,0,0
10000,237,2,24500.0,6,0,0
10000,238,2,23000.0,4,0,0
10000,239,2,22000.0,2,0,0
10000,240,2,22500.0,3,0,0
10000,243,2,23000.0,3,0,0
10000,247,5,25000.0,20,0,0
10000,248,2,23500.0,5,0,0
10000,249,5,25000.0,12,0,0
10000,250,5,25000.0,18,0,0
10000,252,5,25000.0,6,0,0
10000,253,3,25000.0,5,0,0
10000,255,2,25000.0,8,0,0
10000,256,2,25000.0,4,0,0
10000,259,2,25000.0,4,0,0
10000,260,5,25000.0,6,0,0
10000,261,2,25000.0,3,0,0
10000,262,2,25000.0,3,0,0
10000,263,2,25000.0,6,0,0
10000,266,2,25000.0,8,0,0
10000,269,3,25000.0,2,0,0
10000,0,5,25000.0,78,8,8
10000,13,5,25000.0,51,4,4
10000,14,4,5000.0,4,1,1
10000,26,5,21500.0,56,7,7
10000,31,5,25000.0,71,8,8
10000,33,5,24500.0,44,2,2
10000,48,5,13500.0,24,5,5
10000,50,4,4500.0,5,1,1
10000,51,3,6000.0,5,0,0
10000,58,4,1500.0,1,0,0
10000,59,5,18000.0,35,4,4
10000,67,5,25000.0,56,7,7
10000,81,5,25000.0,66,10,10
10000,83,5,16500.0,20,2,2
10000,84,4,25000.0,56,4,4
10000,85,4,10000.0,18,4,4
10000,88,5,22500.0,44,4,4
10000,89,2,1000.0,0,0,0
10000,94,2,1500.0,0,0,0
10000,97,4,25000.0,36,3,3
10000,101,2,1000.0,2,0,0
10000,102,2,1500.0,2,0,0
10000,108,2,1500.0,2,0,0
10000,109,2,15000.0,8,2,2
10000,110,2,1500.0,1,0,0
10000,114,5,25000.0,66,5,5
10000,115,2,2500.0,1,1,1
10000,117,2,3500.0,1,0,0
10000,118,5,25000.0,48,9,9
10000,120,2,3500.0,4,0,0
10000,121,5,15500.0,30,2,2
10000,124,2,3000.0,4,0,0
10000,125,2,3000.0,3,0,0
10000,126,2,3000.0,3,0,0
10000,132,2,4500.0,2,0,0
10000,133,2,4500.0,2,0,0
10000,134,2,4500.0,1,0,0
10000,135,2,6000.0,4,0,0
10000,136,2,6000.0,3,0,0
10000,137,2,5000.0,2,0,0
10000,139,2,6000.0,3,0,0
10000,141,5,25000.0,38,4,4
10000,142,2,6000.0,2,1,1
10000,144,2,6000.0,1,0,0
10000,145,3,25000.0,39,5,5
10000,146,2,8000.0,3,0,0
10000,147,2,6500.0,3,0,0
10000,148,2,6500.0,2,0,0
10000,149,2,7500.0,6,0,0
10000,152,2,10500.0,9,2,2
10000,153,2,10000.0,4,1,1
10000,155,2,8000.0,2,2,2
10000,156,2,7000.0,1,0,0
10000,157,2,9000.0,6,1,1
10000,158,2,7000.0,2,0,0
10000,163,3,7500.0,5,1,1
10000,164,2,9500.0,2,1,1
10000,165,2,8000.0,3,0,0
10000,168,2,10000.0,11,0,0
10000,169,2,7500.0,2,0,0
10000,174,2,8000.0,4,0,0
10000,175,2,8000.0,4,0,0
10000,176,2,11000.0,11,1,1
10000,178,2,9000.0,3,0,0
10000,180,2,8500.0,3,0,0
10000,181,2,8500.0,5,0,0
10000,185,4,9000.0,4,0,0
10000,186,5,25000.0,52,10,10
10000,187,2,8500.0,3,0,0
10000,188,4,25000.0,15,2,2
10000,190,5,25000.0,30,4,4
10000,191,2,9500.0,1,0,0
10000,192,2,10500.0,3,0,0
10000,193,3,15500.0,15,2,2
10000,194,5,25000.0,35,3,3
10000,195,2,10000.0,1,0,0
10000,196,2,10000.0,1,0,0
10000,197,2,11000.0,1,0,0
10000,198,4,23500.0,28,2,2
10000,199,2,12000.0,4,0,0
10000,200,2,11000.0,4,0,0
10000,201,2,12000.0,3,0,0
10000,202,3,13500.0,7,1,1
10000,204,3,15500.0,10,1,1
10000,206,2,13500.0,2,0,0
10000,209,5,25000.0,40,4,4
10000,210,3,16000.0,7,1,1
10000,211,2,13500.0,1,0,0
10000,212,2,14000.0,1,0,0
10000,213,2,13500.0,3,0,0
10000,214,5,25000.0,53,7,7
10000,215,2,14000.0,1,0,0
10000,218,2,15500.0,5,0,0
10000,219,2,14500.0,3,0,0
10000,220,2,18500.0,8,0,0
10000,221,2,15000.0,2,1,1
10000,222,2,25000.0,14,1,1
10000,224,2,15000.0,4,0,0
10000,225,5,25000.0,45,3,3
10000,227,2,17000.0,6,0,0
10000,228,2,17000.0,5,1,1
10000,229,2,17500.0,7,0,0
10000,231,2,16500.0,1,0,0
10000,232,2,18000.0,7,1,1
10000,234,2,25000.0,18,1,1
10000,235,2,16500.0,5,0,0
10000,236,5,19000.0,13,0,0
10000,237,2,18000.0,3,0,0
10000,240,2,19500.0,8,0,0
10000,241,2,18000.0,3,0,0
10000,243,2,22000.0,8,0,0
10000,248,2,22000.0,8,0,0
10000,249,2,18500.0,3,0,0
10000,250,2,18500.0,5,0,0
10000,251,2,21000.0,9,0,0
10000,253,2,19000.0,4,0,0
10000,254,2,20000.0,4,1,1
10000,255,2,19500.0,5,0,0
10000,257,2,19500.0,7,0,0
10000,258,2,21000.0,6,0,0
10000,259,3,20000.0,6,0,0
10000,260,2,22500.0,8,1,1
10000,261,2,23000.0,8,0,0
10000,262,2,20000.0,2,0,0
10000,264,2,22000.0,8,0,0
10000,265,2,20500.0,4,0,0
10000,267,4,25000.0,22,1,1
10000,268,4,21500.0,10,0,0
10000,269,2,21000.0,7,0,0
10000,270,2,21500.0,8,1,1
10000,272,2,21000.0,4,0,0
10000,274,2,25000.0,8,1,1
10000,277,2,23500.0,10,0,0
10000,278,2,21500.0,5,0,0
10000,280,2,24500.0,8,0,0
10000,281,2,22000.0,6,0,0
10000,282,2,22500.0,5,0,0
10000,283,3,25000.0,10,1,1
10000,284,2,25000.0,9,1,1
10000,285,2,24000.0,7,0,0
10000,286,2,23500.0,3,0,0
10000,287,2,22500.0,3,0,0
10000,291,2,24000.0,4,0,0
10000,292,4,25000.0,14,0,0
10000,293,5,25000.0,18,1,1
10000,294,4,25000.0,13,0,0
10000,297,2,24000.0,6,0,0
10000,299,2,25000.0,3,0,0
10000,300,2,24500.0,5,1,1
10000,301,2,25000.0,8,0,0
10000,303,2,24500.0,2,0,0
10000,304,2,25000.0,8,0,0
10000,305,5,25000.0,8,0,0
10000,306,2,25000.0,8,0,0
10000,311,2,25000.0,2,0,0
10000,313,2,25000.0,3,0,0
10000,314,2,25000.0,6,0,0
10000,315,2,25000.0,5,0,0
10000,7,3,19500.0,32,3,3
10000,8,5,25000.0,41,2,2
10000,44,5,25000.0,41,2,2
10000,45,4,25000.0,53,7,7
10000,47,5,25000.0,59,6,6
10000,48,5,25000.0,46,3,3
10000,50,3,17500.0,21,3,3
10000,51,5,25000.0,61,8,8
10000,53,5,25000.0,49,8,8
10000,54,2,2500.0,2,0,0
10000,68,3,22500.0,39,3,3
10000,69,5,11500.0,19,2,2
10000,70,5,25000.0,55,11,11
10000,71,5,25000.0,56,4,4
10000,81,5,25000.0,72,7,7
10000,88,2,1000.0,0,0,0
10000,89,4,2500.0,1,0,0
10000,93,2,2500.0,2,0,0
10000,94,2,2500.0,0,0,0
10000,97,5,25000.0,38,2,2
10000,98,5,25000.0,48,5,5
10000,99,2,2500.0,3,0,0
10000,101,2,2000.0,3,0,0
10000,102,5,12500.0,26,2,2
10000,103,2,2500.0,1,0,0
10000,104,2,3500.0,3,0,0
10000,107,2,4000.0,1,0,0
10000,109,2,3000.0,3,0,0
10000,110,2,3500.0,2,0,0
10000,112,2,6000.0,3,0,0
10000,113,3,5500.0,1,0,0
10000,114,4,25000.0,49,8,8
10000,118,2,5500.0,5,0,0
10000,121,2,14000.0,13,1,1
10000,122,2,4000.0,1,0,0
10000,123,5,25000.0,57,5,5
10000,124,5,25000.0,56,8,8
10000,125,2,4500.0,5,0,0
10000,126,2,7500.0,3,0,0
10000,127,2,9500.0,9,1,1
10000,128,2,5000.0,1,0,0
10000,131,2,5000.0,2,0,0
10000,132,2,5000.0,3,0,0
10000,133,2,5000.0,3,0,0
10000,135,2,6000.0,4,0,0
10000,136,2,5000.0,4,0,0
10000,137,2,5000.0,1,0,0
10000,139,2,6000.0,5,0,0
10000,141,5,25000.0,39,5,5
10000,142,2,6000.0,3,0,0
10000,144,2,5500.0,2,0,0
10000,146,2,6500.0,3,0,0
10000,148,2,6000.0,2,0,0
10000,150,2,6500.0,3,0,0
10000,157,2,11000.0,9,1,1
10000,159,5,25000.0,53,7,7
10000,160,4,9500.0,5,3,3
10000,161,2,8000.0,3,1,1
10000,162,2,8500.0,5,0,0
10000,165,2,10500.0,4,0,0
10000,166,2,11500.0,6,0,0
10000,167,2,8500.0,3,0,0
10000,168,2,11000.0,6,1,1
10000,169,2,8500.0,4,0,0
10000,170,2,12000.0,7,1,1
10000,171,2,8500.0,0,0,0
10000,177,2,9000.0,4,0,0
10000,178,2,9500.0,5,0,0
10000,183,2,10000.0,7,0,0
10000,184,2,10000.0,6,1,1
10000,185,3,10000.0,2,0,0
10000,186,4,25000.0,25,4,4
10000,188,2,10500.0,5,0,0
10000,193,5,25000.0,36,4,4
10000,194,5,25000.0,43,5,5
10000,198,2,12000.0,3,0,0
10000,199,4,25000.0,36,4,4
10000,200,5,25000.0,51,7,7
10000,203,2,13500.0,3,0,0
10000,204,2,14000.0,9,1,1
10000,205,5,25000.0,34,2,2
10000,206,2,15000.0,9,0,0
10000,210,2,17000.0,7,0,0
10000,212,2,13500.0,7,0,0
10000,214,2,14500.0,5,0,0
10000,215,2,13500.0,0,0,0
10000,216,2,15000.0,3,0,0
10000,217,2,15000.0,9,0,0
10000,222,2,20000.0,11,1,1
10000,225,2,17500.0,7,0,0
10000,226,2,16000.0,4,0,0
10000,227,2,16000.0,3,0,0
10000,232,2,16500.0,0,0,0
10000,233,3,16500.0,4,0,0
10000,234,4,25000.0,23,1,1
10000,235,2,17500.0,4,0,0
10000,239,5,19000.0,10,0,0
10000,240,3,19000.0,6,0,0
10000,241,2,18500.0,4,0,0
10000,242,2,20500.0,7,1,1
10000,243,2,18000.0,1,0,0
10000,246,2,21500.0,9,1,1
10000,248,2,18500.0,3,0,0
10000,249,3,18500.0,8,0,0
10000,250,3,18500.0,7,0,0
10000,251,2,18500.0,1,0,0
10000,252,2,19000.0,4,0,0
10000,253,2,21500.0,10,1,1
10000,254,2,18500.0,4,0,0
10000,257,2,19000.0,4,1,1
10000,259,2,20500.0,8,0,0
10000,260,5,25000.0,20,1,1
10000,261,5,25000.0,21,1,1
10000,262,5,25000.0,18,0,0
10000,263,2,20000.0,2,0,0
10000,267,5,25000.0,24,1,1
10000,269,2,21500.0,6,0,0
10000,270,2,21500.0,7,0,0
10000,272,2,23500.0,8,1,1
10000,274,5,22500.0,15,1,1
10000,275,4,25000.0,16,0,0
10000,279,4,25000.0,17,1,1
10000,280,2,23500.0,7,0,0
10000,283,4,25000.0,18,0,0
10000,284,5,25000.0,17,0,0
10000,285,4,25000.0,13,0,0
10000,286,2,23500.0,5,0,0
10000,287,2,25000.0,13,1,1
10000,288,2,24000.0,8,0,0
10000,290,2,25000.0,8,0,0
10000,292,2,24000.0,8,0,0
10000,293,2,24500.0,7,0,0
10000,294,2,24000.0,3,0,0
10000,295,2,24000.0,8,0,0
10000,296,2,25000.0,8,0,0
10000,297,5,25000.0,18,0,0
10000,299,2,25000.0,7,0,0
10000,301,2,24500.0,7,0,0
10000,303,2,24500.0,7,0,0
10000,305,2,24500.0,6,0,0
10000,307,3,25000.0,2,0,0
10000,308,3,25000.0,9,0,0
10000,312,5,25000.0,1,0,0
10000,313,3,25000.0,5,0,0
10000,314,5,25000.0,3,0,0
10000,28,5,25000.0,59,3,3
10000,29,4,25000.0,43,2,2
10000,30,5,25000.0,49,9,9
10000,31,4,19500.0,18,3,3
10000,39,4,8500.0,8,0,0
10000,44,5,23500.0,45,5,5
10000,45,5,25000.0,55,4,4
10000,47,2,9500.0,5,1,1
10000,58,3,1000.0,0,0,0
10000,68,5,25000.0,44,5,5
10000,73,5,25000.0,50,5,5
10000,84,2,2500.0,0,0,0
10000,87,5,25000.0,39,7,7
10000,88,4,25000.0,32,4,4
10000,89,2,1000.0,0,0,0
10000,92,2,1500.0,4,0,0
10000,93,2,2500.0,4,0,0
10000,94,2,4000.0,3,0,0
10000,96,2,8500.0,8,0,0
10000,98,5,25000.0,32,2,2
10000,99,5,25000.0,42,8,8
10000,100,5,25000.0,48,10,10
10000,102,5,25000.0,42,5,5
10000,103,3,3000.0,3,0,0
10000,104,2,3000.0,1,0,0
10000,105,2,6500.0,3,0,0
10000,106,2,4000.0,2,0,0
10000,107,2,4000.0,2,0,0
10000,108,2,4000.0,1,0,0
10000,109,2,6000.0,5,0,0
10000,110,5,25000.0,49,4,4
10000,112,2,10000.0,6,0,0
10000,114,2,6000.0,3,0,0
10000,115,2,5500.0,2,1,1
10000,116,2,5500.0,2,0,0
10000,120,2,6000.0,1,0,0
10000,121,3,8000.0,4,0,0
10000,122,2,9000.0,4,0,0
10000,124,2,7000.0,1,0,0
10000,125,5,25000.0,40,5,5
10000,126,3,7000.0,1,0,0
10000,128,2,11000.0,6,3,3
10000,129,2,8000.0,2,0,0
10000,130,2,8500.0,1,1,1
10000,131,4,25000.0,33,3,3
10000,132,3,8000.0,3,0,0
10000,135,2,8000.0,2,0,0
10000,137,3,8500.0,2,0,0
10000,138,4,8500.0,0,0,0
10000,139,4,24000.0,38,4,4
10000,142,2,10000.0,2,0,0
10000,143,2,10000.0,1,0,0
10000,154,2,13000.0,5,0,0
10000,155,4,16000.0,10,0,0
10000,156,2,15000.0,6,0,0
10000,157,5,17500.0,10,2,2
10000,158,2,14500.0,6,1,1
10000,159,2,15000.0,7,1,1
10000,160,2,20500.0,8,0,0
10000,161,2,14000.0,2,0,0
10000,163,2,14000.0,2,0,0
10000,165,4,25000.0,25,5,5
10000,168,5,25000.0,31,5,5
10000,169,5,25000.0,44,4,4
10000,170,4,25000.0,31,3,3
10000,173,4,25000.0,28,6,6
10000,176,5,19500.0,13,1,1
10000,177,5,19500.0,17,1,1
10000,178,2,18500.0,7,0,0
10000,184,2,18000.0,6,1,1
10000,186,2,16000.0,3,0,0
10000,187,4,17000.0,7,0,0
10000,188,2,16500.0,1,0,0
10000,191,2,19000.0,4,0,0
10000,192,2,18000.0,5,0,0
10000,193,2,21000.0,7,1,1
10000,194,2,18000.0,3,0,0
10000,195,2,18000.0,3,0,0
10000,196,2,18500.0,3,0,0
10000,198,2,18500.0,5,0,0
10000,199,2,18500.0,2,0,0
10000,202,2,20500.0,7,0,0
10000,203,2,19000.0,6,0,0
10000,205,2,19500.0,3,0,0
10000,208,5,25000.0,29,3,3
10000,209,3,25000.0,12,2,2
10000,210,2,23000.0,4,1,1
10000,211,2,20500.0,2,0,0
10000,212,2,20500.0,1,0,0
10000,214,2,23500.0,6,0,0
10000,215,2,22000.0,2,0,0
10000,216,2,22000.0,5,0,0
10000,217,2,22000.0,5,0,0
10000,218,2,21500.0,2,0,0
10000,221,2,24000.0,8,0,0
10000,222,2,21500.0,3,0,0
10000,224,3,25000.0,16,0,0
10000,225,3,25000.0,9,1,1
10000,227,2,25000.0,9,0,0
10000,228,2,25000.0,8,0,0
10000,230,3,22500.0,4,0,0
10000,234,3,25000.0,11,0,0
10000,235,2,23000.0,3,0,0
10000,237,2,23500.0,4,1,1
10000,241,2,24000.0,4,0,0
10000,242,2,24000.0,5,0,0
10000,243,2,25000.0,8,0,0
10000,244,2,25000.0,0,0,0
10000,248,2,24500.0,1,0,0
10000,249,2,24500.0,2,0,0
10000,250,5,25000.0,3,0,0
10000,6,5,25000.0,63,10,10
10000,7,5,25000.0,53,7,7
10000,8,5,25000.0,61,7,7
10000,9,5,25000.0,50,5,5
10000,23,4,22500.0,40,9,9
10000,27,5,8500.0,11,1,1
10000,54,2,1000.0,0,0,0
10000,59,2,1000.0,0,0,0
10000,62,2,1000.0,0,0,0
10000,68,5,25000.0,67,7,7
10000,71,3,2000.0,1,0,0
10000,72,2,3000.0,0,0,0
10000,74,3,4000.0,3,1,1
10000,81,2,2000.0,3,0,0
10000,82,5,25000.0,60,11,11
10000,83,5,25000.0,60,11,11
10000,84,2,4500.0,2,0,0
10000,86,4,2500.0,1,0,0
10000,88,2,5000.0,3,0,0
10000,89,5,25000.0,67,9,9
10000,90,5,25000.0,44,7,7
10000,91,3,22500.0,27,3,3
10000,93,5,20500.0,38,5,5
10000,94,4,8500.0,7,1,1
10000,95,2,4000.0,1,0,0
10000,97,2,4500.0,2,0,0
10000,98,2,5000.0,4,0,0
10000,100,2,4000.0,2,0,0
10000,101,2,5000.0,4,0,0
10000,104,5,10000.0,9,1,1
10000,108,2,5000.0,3,0,0
10000,111,2,6500.0,2,0,0
10000,112,3,8000.0,5,0,0
10000,113,5,25000.0,47,5,5
10000,115,2,7500.0,3,0,0
10000,116,2,6500.0,3,0,0
10000,119,2,12000.0,7,1,1
10000,121,2,6500.0,4,0,0
10000,126,2,7500.0,6,0,0
10000,128,2,6500.0,2,0,0
10000,129,2,7000.0,1,0,0
10000,130,2,6500.0,3,0,0
10000,132,2,7000.0,5,0,0
10000,133,2,7000.0,2,0,0
10000,136,2,10000.0,2,1,1
10000,138,2,8000.0,1,0,0
10000,142,2,9000.0,2,0,0
10000,143,2,8500.0,5,1,1
10000,146,3,15500.0,17,2,2
10000,147,2,11000.0,8,0,0
10000,149,3,19500.0,26,3,3
10000,152,2,13000.0,9,0,0
10000,153,2,10000.0,2,0,0
10000,154,2,10000.0,2,0,0
10000,156,4,11500.0,5,1,1
10000,157,2,13000.0,5,0,0
10000,158,2,21500.0,12,2,2
10000,159,2,13000.0,4,2,2
10000,160,2,10500.0,1,0,0
10000,164,2,12000.0,2,1,1
10000,166,2,12500.0,4,1,1
10000,168,2,11500.0,1,1,1
10000,171,2,11500.0,1,0,0
10000,172,2,12000.0,5,0,0
10000,174,2,12500.0,4,0,0
10000,175,2,14000.0,7,0,0
10000,176,5,25000.0,53,8,8
10000,177,4,25000.0,38,4,4
10000,178,5,25000.0,30,2,2
10000,179,2,14000.0,4,2,2
10000,182,5,25000.0,66,8,8
10000,183,3,12500.0,1,1,1
10000,184,2,13000.0,8,0,0
10000,186,2,12500.0,3,0,0
10000,189,4,14500.0,5,0,0
10000,190,2,13500.0,4,0,0
10000,193,2,14500.0,7,1,1
10000,194,2,14500.0,4,0,0
10000,195,5,25000.0,39,4,4
10000,196,4,25000.0,31,2,2
10000,197,4,17500.0,25,1,1
10000,200,2,16500.0,9,1,1
10000,201,2,15500.0,9,0,0
10000,205,2,14500.0,5,0,0
10000,206,2,15500.0,9,2,2
10000,210,2,15000.0,4,0,0
10000,211,2,15000.0,3,0,0
10000,212,5,25000.0,38,4,4
10000,214,2,15000.0,4,1,1
10000,215,2,15000.0,3,0,0
10000,217,5,25000.0,35,2,2
10000,218,2,16000.0,5,0,0
10000,219,2,16000.0,1,0,0
10000,221,2,16000.0,2,0,0
10000,222,2,18500.0,9,0,0
10000,223,2,16000.0,1,0,0
10000,224,2,17000.0,9,0,0
10000,225,5,16000.0,4,0,0
10000,226,5,25000.0,52,6,6
10000,230,2,17000.0,7,0,0
10000,232,2,16500.0,7,0,0
10000,233,2,16500.0,2,0,0
10000,234,2,17000.0,5,0,0
10000,235,5,25000.0,24,1,1
10000,236,2,17000.0,3,0,0
10000,242,2,18500.0,8,1,1
10000,245,2,18500.0,4,0,0
10000,248,2,19000.0,5,0,0
10000,250,3,19000.0,7,0,0
10000,252,2,21500.0,12,1,1
10000,253,2,18500.0,1,0,0
10000,254,5,23500.0,25,3,3
10000,255,2,22500.0,8,0,0
10000,257,2,22000.0,9,0,0
10000,258,2,21000.0,6,0,0
10000,260,2,19000.0,3,0,0
10000,262,2,20000.0,3,0,0
10000,263,2,19500.0,3,0,0
10000,265,2,21500.0,4,0,0
10000,266,5,25000.0,17,1,1
10000,267,4,25000.0,13,0,0
10000,268,2,22000.0,4,0,0
10000,269,4,25000.0,25,1,1
10000,272,2,23000.0,4,0,0
10000,273,2,23000.0,4,0,0
10000,274,5,25000.0,19,0,0
10000,275,3,23500.0,4,0,0
10000,276,2,23500.0,1,0,0
10000,277,2,23500.0,4,0,0
10000,279,2,24500.0,5,0,0
10000,282,2,25000.0,5,0,0
10000,285,2,25000.0,2,0,0
10000,289,5,25000.0,2,0,0
10000,290,5,25000.0,3,0,0
10000,291,4,25000.0,5,0,0
10000,0,3,11500.0,6,1,1
10000,14,5,25000.0,67,7,7
10000,15,5,6500.0,7,0,0
10000,23,5,25000.0,38,3,3
10000,46,5,25000.0,60,9,9
10000,48,3,22000.0,26,3,3
10000,54,5,25000.0,50,7,7
10000,55,5,25000.0,55,7,7
10000,56,5,3000.0,4,0,0
10000,57,3,1500.0,1,0,0
10000,60,2,1000.0,1,0,0
10000,61,2,2500.0,1,0,0
10000,68,2,2000.0,0,0,0
10000,69,5,25000.0,46,8,8
10000,70,3,6500.0,10,0,0
10000,72,5,25000.0,38,4,4
10000,73,5,25000.0,66,7,7
10000,77,2,2000.0,1,0,0
10000,80,2,3500.0,2,0,0
10000,82,2,3000.0,0,0,0
10000,83,2,5000.0,4,1,1
10000,84,2,4000.0,1,0,0
10000,86,2,6500.0,6,0,0
10000,87,2,3500.0,2,0,0
10000,88,5,6500.0,5,0,0
10000,91,2,4500.0,2,0,0
10000,93,2,5000.0,4,0,0
10000,94,2,7000.0,5,0,0
10000,96,4,25000.0,39,6,6
10000,99,2,6000.0,1,0,0
10000,101,2,6000.0,3,0,0
10000,104,5,25000.0,34,4,4
10000,105,2,9000.0,4,0,0
10000,107,2,19500.0,9,4,4
10000,108,2,7500.0,3,0,0
10000,109,2,8000.0,2,0,0
10000,110,2,8000.0,2,0,0
10000,112,2,8000.0,2,0,0
10000,113,2,9000.0,1,0,0
10000,114,5,25000.0,36,6,6
10000,115,2,14500.0,10,1,1
10000,117,5,25000.0,43,5,5
10000,119,2,9000.0,2,0,0
10000,122,5,11500.0,5,0,0
10000,123,2,10500.0,0,0,0
10000,124,5,25000.0,46,6,6
10000,126,2,17000.0,9,1,1
10000,128,5,25000.0,50,7,7
10000,129,2,11500.0,2,0,0
10000,130,2,12500.0,2,0,0
10000,132,5,25000.0,55,5,5
10000,133,4,25000.0,39,5,5
10000,134,2,12000.0,2,1,1
10000,135,2,12500.0,8,0,0
10000,138,2,15500.0,10,1,1
10000,141,4,13500.0,4,0,0
10000,146,2,14500.0,3,1,1
10000,147,2,14500.0,5,0,0
10000,152,5,25000.0,41,4,4
10000,153,2,14500.0,3,0,0
10000,154,2,14000.0,1,0,0
10000,156,2,14500.0,3,0,0
10000,158,2,15500.0,7,2,2
10000,162,2,14500.0,0,0,0
10000,163,2,14000.0,2,0,0
10000,164,5,25000.0,49,4,4
10000,167,2,14500.0,4,0,0
10000,168,2,19500.0,9,1,1
10000,173,2,14500.0,2,0,0
10000,174,4,25000.0,26,1,1
10000,175,5,25000.0,36,4,4
10000,176,2,15000.0,2,0,0
10000,179,3,18000.0,8,0,0
10000,181,2,16500.0,3,0,0
10000,182,3,21000.0,22,2,2
10000,183,3,17000.0,4,0,0
10000,184,2,17000.0,6,0,0
10000,187,2,17500.0,9,1,1
10000,191,2,17500.0,4,0,0
10000,192,5,22000.0,18,0,0
10000,193,5,25000.0,22,2,2
10000,194,4,18500.0,7,0,0
10000,199,5,25000.0,27,2,2
10000,200,5,25000.0,18,2,2
10000,201,5,19000.0,1,0,0
10000,202,4,20500.0,8,1,1
10000,205,2,20000.0,6,0,0
10000,206,5,25000.0,32,4,4
10000,208,2,19500.0,4,1,1
10000,209,2,19500.0,2,0,0
10000,210,2,19500.0,3,0,0
10000,214,2,19500.0,4,0,0
10000,216,5,20500.0,9,0,0
10000,219,2,21500.0,4,0,0
10000,222,5,25000.0,27,2,2
10000,225,4,21500.0,3,0,0
10000,226,3,21500.0,0,0,0
10000,227,3,22000.0,6,0,0
10000,230,5,25000.0,18,0,0
10000,232,5,25000.0,17,0,0
10000,234,2,25000.0,8,0,0
10000,235,2,24000.0,4,0,0
10000,239,3,25000.0,8,1,1
10000,240,3,25000.0,7,0,0
10000,244,5,25000.0,12,0,0
10000,246,3,25000.0,3,0,0
10000,249,2,25000.0,3,0,0
10000,251,2,25000.0,4,0,0
10000,255,2,25000.0,5,0,0
10000,1,3,8500.0,6,0,0
10000,13,5,8000.0,8,1,1
10000,14,5,25000.0,45,2,2
10000,25,5,12000.0,24,4,4
10000,27,5,25000.0,64,7,7
10000,28,5,25000.0,46,3,3
10000,30,4,1500.0,2,0,0
10000,31,2,2500.0,1,0,0
10000,40,5,25000.0,59,7,7
10000,57,2,6500.0,7,0,0
10000,63,2,11000.0,13,3,3
10000,67,2,25000.0,31,5,5
10000,69,2,2000.0,1,0,0
10000,75,2,8500.0,5,3,3
10000,76,2,1500.0,2,0,0
10000,82,2,12000.0,7,1,1
10000,84,2,3500.0,3,0,0
10000,87,4,25000.0,51,9,9
10000,92,4,5000.0,1,1,1
10000,93,2,1500.0,2,0,0
10000,94,2,1500.0,2,0,0
10000,95,2,4000.0,5,0,0
10000,98,2,1500.0,2,0,0
10000,99,3,2500.0,6,0,0
10000,100,2,3500.0,6,0,0
10000,101,2,2000.0,0,0,0
10000,102,2,2500.0,4,0,0
10000,108,2,3000.0,4,0,0
10000,109,2,11500.0,9,0,0
10000,110,2,2500.0,5,0,0
10000,112,2,4500.0,4,0,0
10000,114,2,4500.0,4,2,2
10000,115,4,4500.0,1,0,0
10000,116,2,4000.0,4,0,0
10000,117,2,3500.0,2,1,1
10000,118,2,5500.0,4,0,0
10000,122,2,3500.0,4,0,0
10000,123,5,24500.0,46,9,9
10000,128,2,4000.0,2,0,0
10000,131,5,25000.0,68,11,11
10000,134,4,25000.0,45,9,9
10000,135,2,6000.0,3,1,1
10000,136,2,8000.0,9,1,1
10000,137,2,5500.0,4,0,0
10000,140,2,5500.0,3,0,0
10000,141,4,6000.0,2,0,0
10000,142,2,10000.0,8,3,3
10000,143,2,6000.0,3,0,0
10000,145,2,9500.0,5,2,2
10000,146,2,6000.0,2,0,0
10000,149,2,10000.0,4,0,0
10000,151,2,7000.0,3,0,0
10000,154,5,25000.0,64,9,9
10000,155,2,7500.0,2,1,1
10000,159,5,25000.0,40,5,5
10000,160,2,10500.0,3,0,0
10000,162,2,11500.0,6,0,0
10000,163,5,25000.0,49,6,6
10000,164,4,25000.0,37,3,3
10000,165,5,25000.0,50,6,6
10000,166,5,25000.0,46,5,5
10000,167,2,8500.0,3,1,1
10000,168,2,9000.0,5,1,1
10000,169,2,10000.0,7,1,1
10000,171,2,10000.0,9,1,1
10000,172,2,9000.0,2,0,0
10000,173,3,9000.0,0,0,0
10000,175,2,10500.0,5,1,1
10000,177,2,9000.0,5,1,1
10000,178,2,12000.0,5,1,1
10000,179,2,11000.0,5,0,0
10000,180,2,10500.0,3,1,1
10000,183,2,9500.0,4,0,0
10000,185,5,25000.0,48,5,5
10000,189,2,14000.0,8,0,0
10000,190,5,25000.0,54,8,8
10000,191,5,25000.0,66,5,5
10000,192,5,25000.0,41,5,5
10000,193,2,12500.0,4,0,0
10000,195,2,11500.0,5,1,1
10000,196,2,12000.0,4,0,0
10000,198,2,13500.0,1,1,1
10000,201,2,12500.0,4,0,0
10000,203,2,13000.0,1,0,0
10000,204,2,13500.0,3,0,0
10000,205,2,14000.0,3,0,0
10000,207,5,25000.0,33,2,2
10000,208,3,16500.0,9,2,2
10000,211,2,14500.0,4,0,0
10000,216,2,14000.0,5,0,0
10000,218,2,16000.0,4,1,1
10000,224,2,15000.0,4,0,0
10000,225,5,25000.0,30,2,2
10000,226,2,15500.0,1,0,0
10000,229,2,16500.0,5,0,0
10000,230,2,16500.0,7,1,1
10000,231,3,17000.0,8,0,0
10000,232,2,17500.0,9,0,0
10000,233,2,17500.0,5,0,0
10000,234,2,16500.0,3,0,0
10000,236,4,25000.0,40,4,4
10000,239,2,19000.0,7,0,0
10000,243,2,18000.0,2,0,0
10000,246,2,19000.0,4,0,0
10000,250,2,22500.0,8,0,0
10000,252,4,22000.0,13,1,1
10000,253,5,25000.0,20,1,1
10000,254,2,21500.0,5,0,0
10000,255,2,20500.0,2,1,1
10000,257,2,21500.0,1,0,0
10000,263,2,22500.0,4,0,0
10000,264,4,25000.0,21,1,1
10000,265,3,23000.0,6,0,0
10000,266,3,25000.0,16,0,0
10000,267,2,22500.0,3,0,0
10000,269,2,25000.0,12,1,1
10000,272,2,24500.0,5,0,0
10000,273,2,23500.0,8,0,0
10000,275,2,22500.0,5,1,1
10000,276,2,25000.0,8,0,0
10000,277,3,25000.0,14,0,0
10000,278,2,24000.0,3,0,0
10000,279,2,25000.0,9,1,1
10000,280,2,23500.0,8,1,1
10000,282,2,23500.0,2,0,0
10000,284,5,25000.0,18,0,0
10000,285,2,25000.0,7,0,0
10000,286,2,25000.0,4,0,0
10000,288,2,25000.0,6,0,0
10000,289,2,25000.0,5,0,0
10000,290,5,25000.0,8,0,0
10000,291,4,25000.0,7,0,0
10000,292,2,25000.0,3,0,0
10000,293,2,25000.0,1,0,0
10000,296,2,25000.0,3,0,0
10000,0,2,1000.0,0,0,0
10000,2,4,5000.0,6,0,0
10000,3,5,25000.0,60,12,12
10000,17,5,25000.0,58,6,6
10000,18,5,25000.0,59,7,7
10000,19,5,25000.0,46,5,5
10000,22,4,25000.0,37,3,3
10000,25,5,25000.0,56,7,7
10000,35,2,14000.0,18,2,2
10000,44,5,25000.0,51,6,6
10000,47,4,9500.0,15,2,2
10000,54,5,25000.0,69,8,8
10000,61,5,24000.0,47,4,4
10000,67,2,1500.0,1,0,0
10000,70,2,1000.0,0,0,0
10000,74,2,1500.0,0,0,0
10000,75,3,1000.0,0,0,0
10000,79,2,2000.0,0,0,0
10000,81,2,2000.0,0,0,0
10000,82,2,1000.0,2,0,0
10000,83,2,1500.0,1,0,0
10000,84,4,23000.0,44,7,7
10000,85,5,25000.0,44,3,3
10000,86,4,1000.0,1,0,0
10000,94,2,2000.0,0,0,0
10000,95,2,2000.0,3,0,0
10000,96,4,8000.0,11,2,2
10000,97,2,3000.0,3,1,1
10000,98,2,2500.0,3,0,0
10000,99,5,25000.0,50,6,6
10000,100,3,8500.0,14,2,2
10000,101,5,25000.0,59,10,10
10000,102,2,3500.0,2,0,0
10000,103,2,3500.0,2,0,0
10000,104,2,3500.0,3,0,0
10000,105,2,3500.0,3,0,0
10000,107,2,4000.0,2,0,0
10000,108,2,3500.0,4,1,1
10000,109,2,5000.0,3,0,0
10000,110,2,4000.0,1,0,0
10000,112,2,3500.0,3,0,0
10000,113,2,3500.0,5,0,0
10000,115,2,5500.0,4,0,0
10000,116,2,4000.0,2,0,0
10000,118,2,3500.0,3,0,0
10000,119,2,5000.0,5,1,1
10000,120,2,5500.0,3,1,1
10000,121,2,4500.0,3,0,0
10000,122,2,5500.0,5,0,0
10000,124,2,4500.0,3,0,0
10000,127,2,5500.0,3,0,0
10000,129,2,5500.0,4,0,0
10000,130,3,7500.0,8,0,0
10000,132,2,5000.0,4,0,0
10000,134,2,5000.0,3,0,0
10000,135,4,25000.0,45,5,5
10000,136,5,25000.0,58,8,8
10000,137,4,6500.0,4,0,0
10000,138,5,15000.0,22,2,2
10000,139,2,9000.0,2,1,1
10000,142,2,6500.0,1,0,0
10000,143,2,10000.0,4,1,1
10000,144,2,7000.0,1,0,0
10000,145,2,9500.0,3,1,1
10000,146,2,8000.0,2,0,0
10000,147,2,9000.0,4,0,0
10000,149,2,7500.0,2,1,1
10000,152,2,10500.0,8,0,0
10000,153,2,9000.0,2,0,0
10000,154,3,8500.0,3,0,0
10000,155,5,25000.0,73,8,8
10000,156,2,8500.0,1,0,0
10000,157,2,8000.0,2,0,0
10000,160,2,8000.0,0,0,0
10000,161,5,25000.0,40,7,7
10000,162,4,17000.0,40,4,4
10000,163,5,25000.0,51,7,7
10000,164,4,25000.0,44,7,7
10000,165,5,25000.0,25,2,2
10000,166,5,11000.0,5,0,0
10000,167,5,25000.0,49,6,6
10000,169,2,10500.0,5,0,0
10000,173,3,17000.0,15,1,1
10000,176,2,11000.0,3,0,0
10000,177,2,13000.0,5,0,0
10000,178,5,25000.0,21,0,0
10000,179,4,23500.0,30,2,2
10000,180,2,12000.0,5,0,0
10000,183,2,12000.0,4,0,0
10000,187,2,13000.0,4,0,0
10000,190,5,15500.0,11,2,2
10000,191,5,13500.0,4,1,1
10000,193,2,14000.0,2,0,0
10000,197,2,14000.0,3,0,0
10000,198,2,14500.0,3,0,0
10000,199,2,14000.0,2,0,0
10000,200,2,14500.0,4,0,0
10000,202,2,14000.0,3,0,0
10000,203,5,25000.0,49,8,8
10000,204,3,17500.0,6,0,0
10000,205,4,25000.0,26,1,1
10000,211,2,15000.0,3,0,0
10000,214,2,15500.0,3,0,0
10000,215,2,15500.0,4,0,0
10000,216,2,15500.0,5,0,0
10000,218,5,15000.0,5,0,0
10000,220,2,15000.0,4,0,0
10000,222,5,25000.0,19,0,0
10000,223,3,16500.0,12,0,0
10000,224,2,17000.0,6,0,0
10000,226,2,16000.0,5,0,0
10000,227,5,25000.0,28,2,2
10000,228,2,17500.0,5,0,0
10000,230,2,16500.0,0,0,0
10000,231,2,17000.0,1,0,0
10000,232,2,16500.0,2,0,0
10000,234,2,19000.0,8,2,2
10000,235,2,18000.0,7,0,0
10000,236,2,17500.0,3,0,0
10000,238,5,25000.0,27,0,0
10000,239,2,17000.0,5,0,0
10000,240,2,17000.0,4,0,0
10000,242,2,17500.0,4,0,0
10000,243,5,25000.0,22,1,1
10000,246,2,21500.0,10,0,0
10000,248,2,18500.0,6,0,0
10000,251,4,25000.0,32,3,3
10000,252,2,19500.0,2,0,0
10000,255,2,21000.0,8,0,0
10000,256,2,18500.0,6,0,0
10000,258,2,20500.0,4,0,0
10000,259,4,25000.0,21,0,0
10000,260,4,25000.0,18,1,1
10000,261,3,20500.0,9,0,0
10000,262,2,22000.0,12,1,1
10000,264,2,19500.0,0,0,0
10000,265,2,19500.0,4,0,0
10000,266,2,21500.0,8,0,0
10000,268,2,19500.0,3,0,0
10000,272,2,20500.0,7,0,0
10000,275,2,24000.0,8,1,1
10000,276,3,22000.0,13,1,1
10000,278,2,22000.0,7,0,0
10000,281,5,25000.0,25,1,1
10000,283,2,21500.0,6,0,0
10000,285,2,24000.0,8,1,1
10000,287,2,21500.0,2,0,0
10000,288,2,23500.0,6,1,1
10000,289,2,23000.0,8,0,0
10000,290,2,24000.0,8,0,0
10000,292,2,23500.0,8,1,1
10000,293,2,24500.0,8,0,0
10000,294,4,25000.0,13,0,0
10000,295,5,25000.0,16,0,0
10000,297,2,23500.0,2,0,0
10000,300,5,25000.0,17,0,0
10000,301,5,25000.0,28,1,1
10000,302,2,25000.0,7,0,0
10000,304,2,25000.0,7,1,1
10000,305,3,25000.0,8,0,0
10000,308,2,25000.0,2,0,0
10000,0,4,9500.0,15,0,0
10000,3,5,14500.0,16,2,2
10000,8,5,25000.0,75,10,10
10000,10,5,10500.0,8,0,0
10000,23,4,16500.0,26,2,2
10000,31,5,1000.0,2,0,0
10000,32,3,8500.0,9,2,2
10000,37,5,11500.0,16,3,3
10000,38,5,25000.0,48,4,4
10000,44,5,25000.0,70,9,9
10000,49,5,25000.0,71,7,7
10000,56,5,25000.0,58,9,9
10000,57,4,4000.0,4,0,0
10000,59,2,2000.0,0,0,0
10000,60,2,3000.0,3,0,0
10000,62,2,2000.0,1,0,0
10000,63,4,25000.0,45,3,3
10000,66,2,2000.0,4,0,0
10000,68,5,25000.0,72,11,11
10000,69,3,4000.0,4,0,0
10000,71,2,13500.0,9,1,1
10000,73,2,2500.0,3,0,0
10000,75,2,2500.0,1,0,0
10000,76,2,2500.0,3,1,1
10000,78,2,2500.0,3,0,0
10000,79,2,5500.0,4,0,0
10000,81,2,3500.0,4,0,0
10000,86,4,18500.0,32,3,3
10000,92,2,7000.0,5,0,0
10000,93,3,3500.0,2,1,1
10000,94,3,9000.0,10,3,3
10000,96,2,5000.0,3,0,0
10000,98,2,3500.0,2,0,0
10000,99,5,25000.0,67,7,7
10000,100,2,4000.0,2,0,0
10000,101,2,4000.0,1,0,0
10000,105,2,6000.0,6,0,0
10000,106,2,4500.0,4,0,0
10000,108,5,6000.0,2,0,0
10000,109,5,6500.0,2,0,0
10000,110,4,6000.0,1,0,0
10000,111,2,6500.0,5,0,0
10000,112,2,6000.0,0,0,0
10000,113,2,6500.0,1,0,0
10000,114,5,25000.0,56,6,6
10000,116,2,7500.0,3,0,0
10000,118,3,11000.0,9,1,1
10000,121,5,10500.0,11,1,1
10000,125,2,9000.0,4,0,0
10000,127,4,25000.0,47,7,7
10000,128,2,8500.0,2,0,0
10000,131,5,14500.0,18,3,3
10000,132,5,25000.0,67,9,9
10000,133,5,25000.0,70,9,9
10000,136,2,10000.0,9,0,0
10000,137,5,15500.0,22,1,1
10000,138,2,11500.0,5,0,0
10000,139,2,10500.0,2,0,0
10000,140,2,10500.0,5,0,0
10000,141,2,10000.0,4,0,0
10000,145,2,10500.0,3,0,0
10000,147,4,25000.0,28,1,1
10000,148,3,10500.0,3,0,0
10000,149,3,10500.0,3,0,0
10000,154,5,25000.0,48,6,6
10000,155,4,25000.0,27,6,6
10000,157,5,25000.0,51,5,5
10000,158,3,25000.0,21,1,1
10000,159,2,13500.0,8,0,0
10000,161,2,13000.0,2,0,0
10000,162,2,13000.0,3,0,0
10000,163,5,25000.0,58,5,5
10000,165,2,13000.0,3,0,0
10000,166,2,12500.0,0,0,0
10000,170,2,13000.0,4,0,0
10000,173,2,14500.0,2,0,0
10000,174,5,25000.0,46,6,6
10000,175,3,18000.0,13,2,2
10000,176,4,14000.0,4,0,0
10000,177,2,13500.0,4,0,0
10000,178,2,13500.0,6,0,0
10000,179,2,20000.0,11,2,2
10000,180,2,13500.0,2,0,0
10000,181,2,17000.0,9,2,2
10000,182,2,15500.0,7,1,1
10000,184,2,14000.0,3,1,1
10000,185,5,17000.0,18,0,0
10000,186,4,19000.0,17,1,1
10000,188,2,15000.0,4,0,0
10000,191,2,16000.0,4,1,1
10000,192,2,15000.0,7,1,1
10000,194,5,25000.0,32,2,2
10000,195,2,15500.0,7,0,0
10000,198,2,17500.0,9,1,1
10000,200,2,17500.0,8,0,0
10000,201,5,19500.0,20,2,2
10000,204,2,17500.0,6,0,0
10000,206,2,17000.0,3,0,0
10000,207,2,16500.0,1,0,0
10000,211,2,17000.0,4,0,0
10000,212,2,17500.0,4,1,1
10000,213,5,23000.0,27,1,1
10000,214,2,17500.0,7,0,0
10000,216,2,18500.0,8,0,0
10000,218,5,25000.0,18,2,2
10000,220,5,25000.0,22,2,2
10000,221,5,22500.0,17,0,0
10000,224,2,20500.0,9,0,0
10000,227,2,19000.0,7,0,0
10000,230,2,18500.0,3,0,0
10000,231,2,19000.0,4,0,0
10000,232,2,19000.0,2,0,0
10000,234,2,19000.0,3,0,0
10000,235,3,21500.0,9,1,1
10000,236,4,25000.0,19,1,1
10000,237,4,21000.0,13,2,2
10000,238,4,25000.0,12,1,1
10000,239,3,20000.0,5,0,0
10000,241,2,21500.0,8,0,0
10000,243,2,22000.0,9,0,0
10000,248,2,21000.0,0,0,0
10000,249,5,25000.0,21,1,1
10000,251,5,24500.0,20,1,1
10000,254,2,23500.0,4,1,1
10000,255,4,25000.0,17,0,0
10000,256,4,25000.0,17,0,0
10000,257,2,23500.0,5,0,0
10000,260,2,25000.0,8,0,0
10000,261,2,23000.0,5,0,0
10000,263,2,25000.0,9,0,0
10000,265,4,25000.0,16,0,0
10000,266,2,25000.0,12,2,2
10000,267,2,24000.0,3,0,0
10000,270,2,24000.0,4,0,0
10000,271,2,25000.0,5,0,0
10000,272,2,24500.0,8,0,0
10000,273,2,24500.0,6,0,0
10000,276,2,24500.0,6,0,0
10000,277,2,25000.0,6,0,0
10000,278,5,25000.0,8,0,0
10000,280,2,25000.0,8,0,0
10000,282,2,25000.0,4,0,0
10000,288,2,25000.0,4,0,0
10000,289,2,25000.0,11,0,0
10000,291,2,25000.0,3,0,0
10000,295,2,25000.0,4,0,0
