N,seed,window,ghost_count,ghost_residual_Q_total
500,0,20,5,35.0
500,0,21,7,18.0
500,0,22,10,12.0
500,0,23,12,8.0
500,0,24,12,0.0
500,0,25,13,2.0
500,0,26,13,0.0
500,0,27,14,4.0
500,0,28,14,0.0
500,0,29,15,6.0
500,0,30,15,0.0
500,0,31,15,0.0
500,0,32,15,0.0
500,0,33,15,0.0
500,0,34,15,0.0
500,0,35,15,0.0
500,0,36,15,0.0
500,0,37,15,0.0
500,0,38,15,0.0
500,0,39,15,0.0
500,0,40,15,0.0
500,0,41,15,0.0
500,0,42,15,0.0
500,0,43,15,0.0
500,0,44,15,0.0
500,0,45,15,0.0
500,0,46,15,0.0
500,0,47,15,0.0
500,0,48,15,0.0
500,0,49,15,0.0
500,0,50,15,0.0
500,0,51,15,0.0
500,0,52,15,0.0
500,0,53,15,0.0
500,0,54,15,0.0
500,0,55,15,0.0
500,0,56,15,0.0
500,0,57,15,0.0
500,0,58,15,0.0
500,0,59,15,0.0
500,0,60,15,0.0
500,0,61,15,0.0
500,0,62,15,0.0
500,0,63,15,0.0
500,0,64,15,0.0
500,0,65,15,0.0
500,0,66,15,0.0
500,0,67,15,0.0
500,0,68,15,0.0
500,0,69,15,0.0
500,1,20,6,22.0
500,1,21,9,39.0
500,1,22,11,12.0
500,1,23,15,17.0
500,1,24,18,16.0
500,1,25,21,11.0
500,1,26,22,5.0
500,1,27,22,2.0
500,1,28,24,5.0
500,1,29,25,2.0
500,1,30,26,3.0
500,1,31,26,0.0
500,1,32,26,0.0
500,1,33,26,0.0
500,1,34,26,0.0
500,1,35,26,0.0
500,1,36,26,0.0
500,1,37,26,0.0
500,1,38,26,0.0
500,1,39,26,0.0
500,1,40,26,0.0
500,1,41,26,0.0
500,1,42,26,0.0
500,1,43,26,0.0
500,1,44,26,0.0
500,1,45,26,0.0
500,1,46,26,0.0
500,1,47,26,0.0
500,1,48,26,0.0
500,1,49,26,0.0
500,1,50,26,0.0
500,1,51,26,0.0
500,1,52,26,0.0
500,1,53,26,0.0
500,1,54,26,0.0
500,1,55,26,0.0
500,1,56,26,0.0
500,1,57,26,0.0
500,1,58,26,0.0
500,1,59,26,0.0
500,1,60,26,0.0
500,1,61,26,0.0
500,1,62,26,0.0
500,1,63,26,0.0
500,1,64,26,0.0
500,1,65,26,0.0
500,1,66,26,0.0
500,1,67,26,0.0
500,1,68,26,0.0
500,1,69,26,0.0
500,2,20,8,72.0
500,2,21,11,51.0
500,2,22,14,28.0
500,2,23,15,1.0
500,2,24,16,1.0
500,2,25,17,2.0
500,2,26,17,0.0
500,2,27,17,0.0
500,2,28,17,0.0
500,2,29,17,0.0
500,2,30,17,0.0
500,2,31,17,0.0
500,2,32,18,2.0
500,2,33,18,0.0
500,2,34,18,0.0
500,2,35,18,0.0
500,2,36,18,0.0
500,2,37,18,0.0
500,2,38,18,0.0
500,2,39,18,0.0
500,2,40,18,0.0
500,2,41,18,0.0
500,2,42,18,0.0
500,2,43,18,0.0
500,2,44,18,0.0
500,2,45,18,0.0
500,2,46,18,0.0
500,2,47,18,0.0
500,2,48,18,0.0
500,2,49,18,0.0
500,2,50,18,0.0
500,2,51,18,0.0
500,2,52,18,0.0
500,2,53,18,0.0
500,2,54,18,0.0
500,2,55,18,0.0
500,2,56,18,0.0
500,2,57,18,0.0
500,2,58,18,0.0
500,2,59,18,0.0
500,2,60,18,0.0
500,2,61,18,0.0
500,2,62,18,0.0
500,2,63,18,0.0
500,2,64,18,0.0
500,2,65,18,0.0
500,2,66,18,0.0
500,2,67,18,0.0
500,2,68,18,0.0
500,2,69,18,0.0
500,3,20,3,31.0
500,3,21,8,40.0
500,3,22,8,24.0
500,3,23,11,29.0
500,3,24,17,21.0
500,3,25,18,1.0
500,3,26,20,10.0
500,3,27,23,8.0
500,3,28,23,0.0
500,3,29,23,0.0
500,3,30,23,0.0
500,3,31,23,0.0
500,3,32,23,0.0
500,3,33,23,0.0
500,3,34,24,1.0
500,3,35,24,0.0
500,3,36,25,3.0
500,3,37,25,0.0
500,3,38,25,0.0
500,3,39,25,0.0
500,3,40,25,0.0
500,3,41,25,0.0
500,3,42,25,0.0
500,3,43,25,0.0
500,3,44,25,0.0
500,3,45,25,0.0
500,3,46,25,0.0
500,3,47,25,0.0
500,3,48,25,0.0
500,3,49,25,0.0
500,3,50,25,0.0
500,3,51,25,0.0
500,3,52,25,0.0
500,3,53,25,0.0
500,3,54,25,0.0
500,3,55,25,0.0
500,3,56,25,0.0
500,3,57,25,0.0
500,3,58,25,0.0
500,3,59,25,0.0
500,3,60,25,0.0
500,3,61,25,0.0
500,3,62,25,0.0
500,3,63,25,0.0
500,3,64,25,0.0
500,3,65,25,0.0
500,3,66,25,0.0
500,3,67,25,0.0
500,3,68,25,0.0
500,3,69,25,0.0
500,4,20,4,25.0
500,4,21,8,28.0
500,4,22,9,8.0
500,4,23,9,1.0
500,4,24,9,0.0
500,4,25,10,12.0
500,4,26,13,11.0
500,4,27,15,6.0
500,4,28,18,9.0
500,4,29,19,6.0
500,4,30,20,2.0
500,4,31,21,1.0
500,4,32,22,1.0
500,4,33,22,0.0
500,4,34,22,0.0
500,4,35,22,0.0
500,4,36,22,0.0
500,4,37,22,0.0
500,4,38,22,0.0
500,4,39,22,0.0
500,4,40,22,0.0
500,4,41,22,0.0
500,4,42,22,0.0
500,4,43,22,0.0
500,4,44,22,0.0
500,4,45,23,3.0
500,4,46,23,0.0
500,4,47,23,0.0
500,4,48,23,0.0
500,4,49,23,0.0
500,4,50,23,0.0
500,4,51,23,0.0
500,4,52,23,0.0
500,4,53,23,0.0
500,4,54,23,0.0
500,4,55,23,0.0
500,4,56,23,0.0
500,4,57,23,0.0
500,4,58,23,0.0
500,4,59,23,0.0
500,4,60,23,0.0
500,4,61,23,0.0
500,4,62,23,0.0
500,4,63,23,0.0
500,4,64,23,0.0
500,4,65,23,0.0
500,4,66,23,0.0
500,4,67,23,0.0
500,4,68,23,0.0
500,4,69,23,0.0
500,5,20,0,0.0
500,5,21,3,9.0
500,5,22,5,17.0
500,5,23,9,8.0
500,5,24,10,1.0
500,5,25,11,6.0
500,5,26,11,0.0
500,5,27,11,0.0
500,5,28,11,0.0
500,5,29,11,0.0
500,5,30,11,0.0
500,5,31,11,0.0
500,5,32,12,3.0
500,5,33,12,0.0
500,5,34,12,0.0
500,5,35,12,0.0
500,5,36,12,0.0
500,5,37,12,0.0
500,5,38,12,0.0
500,5,39,12,0.0
500,5,40,12,0.0
500,5,41,12,0.0
500,5,42,12,0.0
500,5,43,12,0.0
500,5,44,12,0.0
500,5,45,12,0.0
500,5,46,12,0.0
500,5,47,12,0.0
500,5,48,12,0.0
500,5,49,12,0.0
500,5,50,12,0.0
500,5,51,12,0.0
500,5,52,12,0.0
500,5,53,12,0.0
500,5,54,12,0.0
500,5,55,12,0.0
500,5,56,12,0.0
500,5,57,12,0.0
500,5,58,12,0.0
500,5,59,12,0.0
500,5,60,12,0.0
500,5,61,12,0.0
500,5,62,12,0.0
500,5,63,12,0.0
500,5,64,12,0.0
500,5,65,12,0.0
500,5,66,12,0.0
500,5,67,12,0.0
500,5,68,12,0.0
500,5,69,12,0.0
500,6,20,5,31.0
500,6,21,11,56.0
500,6,22,11,37.0
500,6,23,12,35.0
500,6,24,14,35.0
500,6,25,15,9.0
500,6,26,16,2.0
500,6,27,17,2.0
500,6,28,17,0.0
500,6,29,19,4.0
500,6,30,19,0.0
500,6,31,19,0.0
500,6,32,19,0.0
500,6,33,19,0.0
500,6,34,19,0.0
500,6,35,19,0.0
500,6,36,19,0.0
500,6,37,19,0.0
500,6,38,19,0.0
500,6,39,19,0.0
500,6,40,19,0.0
500,6,41,19,0.0
500,6,42,19,0.0
500,6,43,19,0.0
500,6,44,19,0.0
500,6,45,19,0.0
500,6,46,19,0.0
500,6,47,19,0.0
500,6,48,19,0.0
500,6,49,19,0.0
500,6,50,19,0.0
500,6,51,19,0.0
500,6,52,19,0.0
500,6,53,19,0.0
500,6,54,19,0.0
500,6,55,19,0.0
500,6,56,19,0.0
500,6,57,19,0.0
500,6,58,19,0.0
500,6,59,19,0.0
500,6,60,19,0.0
500,6,61,19,0.0
500,6,62,19,0.0
500,6,63,19,0.0
500,6,64,19,0.0
500,6,65,19,0.0
500,6,66,19,0.0
500,6,67,19,0.0
500,6,68,19,0.0
500,6,69,19,0.0
500,7,20,7,61.0
500,7,21,10,43.0
500,7,22,12,33.0
500,7,23,18,43.0
500,7,24,20,21.0
500,7,25,22,15.0
500,7,26,23,3.0
500,7,27,23,0.0
500,7,28,23,0.0
500,7,29,24,2.0
500,7,30,26,8.0
500,7,31,26,0.0
500,7,32,26,0.0
500,7,33,26,0.0
500,7,34,26,0.0
500,7,35,26,0.0
500,7,36,26,0.0
500,7,37,26,0.0
500,7,38,26,0.0
500,7,39,26,0.0
500,7,40,26,0.0
500,7,41,26,0.0
500,7,42,26,0.0
500,7,43,26,0.0
500,7,44,26,0.0
500,7,45,26,0.0
500,7,46,26,0.0
500,7,47,26,0.0
500,7,48,26,0.0
500,7,49,26,0.0
500,7,50,26,0.0
500,7,51,26,0.0
500,7,52,26,0.0
500,7,53,26,0.0
500,7,54,26,0.0
500,7,55,26,0.0
500,7,56,26,0.0
500,7,57,26,0.0
500,7,58,26,0.0
500,7,59,26,0.0
500,7,60,26,0.0
500,7,61,26,0.0
500,7,62,26,0.0
500,7,63,26,0.0
500,7,64,26,0.0
500,7,65,26,0.0
500,7,66,26,0.0
500,7,67,26,0.0
500,7,68,26,0.0
500,7,69,26,0.0
500,8,20,2,14.0
500,8,21,5,20.0
500,8,22,10,16.0
500,8,23,12,5.0
500,8,24,12,0.0
500,8,25,13,6.0
500,8,26,13,0.0
500,8,27,13,0.0
500,8,28,13,0.0
500,8,29,13,0.0
500,8,30,13,0.0
500,8,31,14,6.0
500,8,32,14,0.0
500,8,33,14,0.0
500,8,34,14,0.0
500,8,35,14,0.0
500,8,36,14,0.0
500,8,37,14,0.0
500,8,38,14,0.0
500,8,39,14,0.0
500,8,40,14,0.0
500,8,41,14,0.0
500,8,42,14,0.0
500,8,43,14,0.0
500,8,44,14,0.0
500,8,45,14,0.0
500,8,46,14,0.0
500,8,47,14,0.0
500,8,48,14,0.0
500,8,49,14,0.0
500,8,50,14,0.0
500,8,51,14,0.0
500,8,52,14,0.0
500,8,53,14,0.0
500,8,54,14,0.0
500,8,55,14,0.0
500,8,56,14,0.0
500,8,57,14,0.0
500,8,58,14,0.0
500,8,59,14,0.0
500,8,60,14,0.0
500,8,61,14,0.0
500,8,62,14,0.0
500,8,63,14,0.0
500,8,64,14,0.0
500,8,65,14,0.0
500,8,66,14,0.0
500,8,67,14,0.0
500,8,68,14,0.0
500,8,69,14,0.0
500,9,20,5,20.0
500,9,21,11,27.0
500,9,22,14,6.0
500,9,23,15,5.0
500,9,24,15,0.0
500,9,25,15,0.0
500,9,26,16,8.0
500,9,27,16,0.0
500,9,28,16,0.0
500,9,29,16,0.0
500,9,30,16,0.0
500,9,31,16,0.0
500,9,32,16,0.0
500,9,33,16,0.0
500,9,34,16,0.0
500,9,35,17,1.0
500,9,36,17,0.0
500,9,37,17,0.0
500,9,38,17,0.0
500,9,39,17,0.0
500,9,40,17,0.0
500,9,41,17,0.0
500,9,42,17,0.0
500,9,43,17,0.0
500,9,44,17,0.0
500,9,45,17,0.0
500,9,46,17,0.0
500,9,47,17,0.0
500,9,48,17,0.0
500,9,49,17,0.0
500,9,50,17,0.0
500,9,51,17,0.0
500,9,52,17,0.0
500,9,53,17,0.0
500,9,54,17,0.0
500,9,55,17,0.0
500,9,56,17,0.0
500,9,57,17,0.0
500,9,58,17,0.0
500,9,59,17,0.0
500,9,60,17,0.0
500,9,61,17,0.0
500,9,62,17,0.0
500,9,63,17,0.0
500,9,64,17,0.0
500,9,65,17,0.0
500,9,66,17,0.0
500,9,67,17,0.0
500,9,68,17,0.0
500,9,69,17,0.0
500,10,20,2,20.0
500,10,21,3,20.0
500,10,22,12,53.0
500,10,23,13,6.0
500,10,24,13,0.0
500,10,25,13,0.0
500,10,26,13,0.0
500,10,27,13,0.0
500,10,28,13,0.0
500,10,29,13,0.0
500,10,30,13,0.0
500,10,31,14,4.0
500,10,32,14,0.0
500,10,33,14,0.0
500,10,34,14,0.0
500,10,35,15,3.0
500,10,36,15,0.0
500,10,37,15,0.0
500,10,38,15,0.0
500,10,39,15,0.0
500,10,40,15,0.0
500,10,41,15,0.0
500,10,42,15,0.0
500,10,43,15,0.0
500,10,44,15,0.0
500,10,45,15,0.0
500,10,46,15,0.0
500,10,47,15,0.0
500,10,48,15,0.0
500,10,49,15,0.0
500,10,50,15,0.0
500,10,51,15,0.0
500,10,52,15,0.0
500,10,53,15,0.0
500,10,54,15,0.0
500,10,55,15,0.0
500,10,56,15,0.0
500,10,57,15,0.0
500,10,58,15,0.0
500,10,59,15,0.0
500,10,60,15,0.0
500,10,61,15,0.0
500,10,62,15,0.0
500,10,63,15,0.0
500,10,64,15,0.0
500,10,65,15,0.0
500,10,66,15,0.0
500,10,67,15,0.0
500,10,68,15,0.0
500,10,69,15,0.0
500,11,20,3,59.0
500,11,21,9,40.0
500,11,22,10,11.0
500,11,23,11,27.0
500,11,24,13,3.0
500,11,25,13,0.0
500,11,26,13,0.0
500,11,27,13,0.0
500,11,28,13,0.0
500,11,29,13,0.0
500,11,30,13,0.0
500,11,31,13,0.0
500,11,32,14,2.0
500,11,33,14,0.0
500,11,34,14,0.0
500,11,35,14,0.0
500,11,36,14,0.0
500,11,37,14,0.0
500,11,38,14,0.0
500,11,39,14,0.0
500,11,40,14,0.0
500,11,41,14,0.0
500,11,42,14,0.0
500,11,43,14,0.0
500,11,44,14,0.0
500,11,45,14,0.0
500,11,46,14,0.0
500,11,47,14,0.0
500,11,48,14,0.0
500,11,49,14,0.0
500,11,50,14,0.0
500,11,51,14,0.0
500,11,52,14,0.0
500,11,53,14,0.0
500,11,54,14,0.0
500,11,55,14,0.0
500,11,56,14,0.0
500,11,57,14,0.0
500,11,58,14,0.0
500,11,59,14,0.0
500,11,60,14,0.0
500,11,61,14,0.0
500,11,62,14,0.0
500,11,63,14,0.0
500,11,64,14,0.0
500,11,65,14,0.0
500,11,66,14,0.0
500,11,67,14,0.0
500,11,68,14,0.0
500,11,69,14,0.0
500,12,20,6,32.0
500,12,21,10,21.0
500,12,22,11,5.0
500,12,23,12,1.0
500,12,24,12,0.0
500,12,25,13,7.0
500,12,26,13,0.0
500,12,27,14,2.0
500,12,28,14,0.0
500,12,29,16,5.0
500,12,30,16,0.0
500,12,31,16,0.0
500,12,32,16,0.0
500,12,33,16,0.0
500,12,34,16,0.0
500,12,35,16,0.0
500,12,36,16,0.0
500,12,37,16,0.0
500,12,38,16,0.0
500,12,39,16,0.0
500,12,40,16,0.0
500,12,41,16,0.0
500,12,42,16,0.0
500,12,43,16,0.0
500,12,44,16,0.0
500,12,45,16,0.0
500,12,46,16,0.0
500,12,47,16,0.0
500,12,48,16,0.0
500,12,49,16,0.0
500,12,50,16,0.0
500,12,51,16,0.0
500,12,52,16,0.0
500,12,53,16,0.0
500,12,54,16,0.0
500,12,55,16,0.0
500,12,56,16,0.0
500,12,57,16,0.0
500,12,58,16,0.0
500,12,59,16,0.0
500,12,60,16,0.0
500,12,61,16,0.0
500,12,62,16,0.0
500,12,63,16,0.0
500,12,64,16,0.0
500,12,65,16,0.0
500,12,66,16,0.0
500,12,67,16,0.0
500,12,68,16,0.0
500,12,69,16,0.0
500,13,20,5,56.0
500,13,21,14,78.0
500,13,22,16,31.0
500,13,23,18,32.0
500,13,24,21,37.0
500,13,25,23,8.0
500,13,26,23,0.0
500,13,27,24,4.0
500,13,28,24,0.0
500,13,29,24,0.0
500,13,30,24,0.0
500,13,31,25,3.0
500,13,32,25,0.0
500,13,33,25,0.0
500,13,34,25,0.0
500,13,35,25,0.0
500,13,36,25,0.0
500,13,37,25,0.0
500,13,38,25,0.0
500,13,39,25,0.0
500,13,40,25,0.0
500,13,41,25,0.0
500,13,42,25,0.0
500,13,43,25,0.0
500,13,44,25,0.0
500,13,45,25,0.0
500,13,46,25,0.0
500,13,47,25,0.0
500,13,48,25,0.0
500,13,49,25,0.0
500,13,50,25,0.0
500,13,51,25,0.0
500,13,52,25,0.0
500,13,53,25,0.0
500,13,54,25,0.0
500,13,55,25,0.0
500,13,56,25,0.0
500,13,57,25,0.0
500,13,58,25,0.0
500,13,59,25,0.0
500,13,60,25,0.0
500,13,61,25,0.0
500,13,62,25,0.0
500,13,63,25,0.0
500,13,64,25,0.0
500,13,65,25,0.0
500,13,66,25,0.0
500,13,67,25,0.0
500,13,68,25,0.0
500,13,69,25,0.0
500,14,20,3,49.0
500,14,21,6,20.0
500,14,22,11,17.0
500,14,23,11,0.0
500,14,24,11,0.0
500,14,25,12,2.0
500,14,26,14,7.0
500,14,27,15,6.0
500,14,28,15,0.0
500,14,29,15,0.0
500,14,30,15,0.0
500,14,31,15,0.0
500,14,32,15,0.0
500,14,33,15,0.0
500,14,34,15,0.0
500,14,35,15,0.0
500,14,36,15,0.0
500,14,37,15,0.0
500,14,38,15,0.0
500,14,39,15,0.0
500,14,40,15,0.0
500,14,41,15,0.0
500,14,42,15,0.0
500,14,43,15,0.0
500,14,44,15,0.0
500,14,45,15,0.0
500,14,46,15,0.0
500,14,47,15,0.0
500,14,48,15,0.0
500,14,49,15,0.0
500,14,50,15,0.0
500,14,51,15,0.0
500,14,52,15,0.0
500,14,53,15,0.0
500,14,54,15,0.0
500,14,55,15,0.0
500,14,56,15,0.0
500,14,57,15,0.0
500,14,58,15,0.0
500,14,59,15,0.0
500,14,60,15,0.0
500,14,61,15,0.0
500,14,62,15,0.0
500,14,63,15,0.0
500,14,64,15,0.0
500,14,65,15,0.0
500,14,66,15,0.0
500,14,67,15,0.0
500,14,68,15,0.0
500,14,69,15,0.0
500,15,20,4,17.0
500,15,21,7,20.0
500,15,22,8,5.0
500,15,23,10,6.0
500,15,24,11,1.0
500,15,25,12,2.0
500,15,26,13,3.0
500,15,27,14,1.0
500,15,28,14,0.0
500,15,29,14,0.0
500,15,30,14,0.0
500,15,31,14,0.0
500,15,32,14,0.0
500,15,33,14,0.0
500,15,34,14,0.0
500,15,35,14,0.0
500,15,36,14,0.0
500,15,37,14,0.0
500,15,38,14,0.0
500,15,39,14,0.0
500,15,40,14,0.0
500,15,41,14,0.0
500,15,42,14,0.0
500,15,43,14,0.0
500,15,44,14,0.0
500,15,45,14,0.0
500,15,46,14,0.0
500,15,47,14,0.0
500,15,48,14,0.0
500,15,49,14,0.0
500,15,50,14,0.0
500,15,51,14,0.0
500,15,52,14,0.0
500,15,53,14,0.0
500,15,54,14,0.0
500,15,55,14,0.0
500,15,56,14,0.0
500,15,57,14,0.0
500,15,58,14,0.0
500,15,59,14,0.0
500,15,60,14,0.0
500,15,61,14,0.0
500,15,62,14,0.0
500,15,63,14,0.0
500,15,64,14,0.0
500,15,65,14,0.0
500,15,66,14,0.0
500,15,67,14,0.0
500,15,68,14,0.0
500,15,69,14,0.0
500,16,20,6,46.0
500,16,21,7,24.0
500,16,22,9,12.0
500,16,23,11,4.0
500,16,24,11,0.0
500,16,25,11,0.0
500,16,26,11,0.0
500,16,27,11,0.0
500,16,28,11,0.0
500,16,29,14,4.0
500,16,30,14,0.0
500,16,31,14,0.0
500,16,32,14,0.0
500,16,33,14,0.0
500,16,34,14,0.0
500,16,35,14,0.0
500,16,36,14,0.0
500,16,37,14,0.0
500,16,38,14,0.0
500,16,39,14,0.0
500,16,40,14,0.0
500,16,41,14,0.0
500,16,42,14,0.0
500,16,43,14,0.0
500,16,44,14,0.0
500,16,45,14,0.0
500,16,46,14,0.0
500,16,47,14,0.0
500,16,48,14,0.0
500,16,49,14,0.0
500,16,50,14,0.0
500,16,51,14,0.0
500,16,52,14,0.0
500,16,53,14,0.0
500,16,54,14,0.0
500,16,55,14,0.0
500,16,56,14,0.0
500,16,57,14,0.0
500,16,58,14,0.0
500,16,59,14,0.0
500,16,60,14,0.0
500,16,61,14,0.0
500,16,62,14,0.0
500,16,63,14,0.0
500,16,64,14,0.0
500,16,65,14,0.0
500,16,66,14,0.0
500,16,67,14,0.0
500,16,68,14,0.0
500,16,69,14,0.0
500,17,20,8,89.0
500,17,21,11,19.0
500,17,22,11,0.0
500,17,23,11,0.0
500,17,24,13,18.0
500,17,25,13,0.0
500,17,26,14,1.0
500,17,27,16,2.0
500,17,28,16,0.0
500,17,29,16,0.0
500,17,30,16,0.0
500,17,31,16,0.0
500,17,32,16,0.0
500,17,33,16,0.0
500,17,34,17,1.0
500,17,35,17,0.0
500,17,36,17,0.0
500,17,37,17,0.0
500,17,38,17,0.0
500,17,39,17,0.0
500,17,40,17,0.0
500,17,41,17,0.0
500,17,42,17,0.0
500,17,43,17,0.0
500,17,44,17,0.0
500,17,45,17,0.0
500,17,46,17,0.0
500,17,47,17,0.0
500,17,48,17,0.0
500,17,49,17,0.0
500,17,50,17,0.0
500,17,51,17,0.0
500,17,52,17,0.0
500,17,53,17,0.0
500,17,54,17,0.0
500,17,55,17,0.0
500,17,56,17,0.0
500,17,57,17,0.0
500,17,58,17,0.0
500,17,59,17,0.0
500,17,60,17,0.0
500,17,61,17,0.0
500,17,62,17,0.0
500,17,63,17,0.0
500,17,64,17,0.0
500,17,65,17,0.0
500,17,66,17,0.0
500,17,67,17,0.0
500,17,68,17,0.0
500,17,69,17,0.0
500,18,20,3,25.0
500,18,21,7,11.0
500,18,22,8,8.0
500,18,23,8,0.0
500,18,24,9,1.0
500,18,25,9,0.0
500,18,26,10,1.0
500,18,27,11,2.0
500,18,28,11,0.0
500,18,29,11,0.0
500,18,30,11,0.0
500,18,31,13,8.0
500,18,32,13,0.0
500,18,33,13,0.0
500,18,34,13,0.0
500,18,35,13,0.0
500,18,36,13,0.0
500,18,37,13,0.0
500,18,38,13,0.0
500,18,39,13,0.0
500,18,40,13,0.0
500,18,41,13,0.0
500,18,42,13,0.0
500,18,43,13,0.0
500,18,44,13,0.0
500,18,45,13,0.0
500,18,46,13,0.0
500,18,47,13,0.0
500,18,48,13,0.0
500,18,49,13,0.0
500,18,50,13,0.0
500,18,51,13,0.0
500,18,52,13,0.0
500,18,53,13,0.0
500,18,54,13,0.0
500,18,55,13,0.0
500,18,56,13,0.0
500,18,57,13,0.0
500,18,58,13,0.0
500,18,59,13,0.0
500,18,60,13,0.0
500,18,61,13,0.0
500,18,62,13,0.0
500,18,63,13,0.0
500,18,64,13,0.0
500,18,65,13,0.0
500,18,66,13,0.0
500,18,67,13,0.0
500,18,68,13,0.0
500,18,69,13,0.0
500,19,20,1,24.0
500,19,21,4,35.0
500,19,22,5,37.0
500,19,23,9,22.0
500,19,24,13,30.0
500,19,25,16,23.0
500,19,26,20,36.0
500,19,27,20,16.0
500,19,28,20,7.0
500,19,29,20,0.0
500,19,30,21,1.0
500,19,31,21,0.0
500,19,32,23,2.0
500,19,33,24,10.0
500,19,34,24,0.0
500,19,35,24,0.0
500,19,36,24,0.0
500,19,37,24,0.0
500,19,38,24,0.0
500,19,39,24,0.0
500,19,40,24,0.0
500,19,41,24,0.0
500,19,42,24,0.0
500,19,43,24,0.0
500,19,44,24,0.0
500,19,45,24,0.0
500,19,46,24,0.0
500,19,47,24,0.0
500,19,48,24,0.0
500,19,49,24,0.0
500,19,50,24,0.0
500,19,51,24,0.0
500,19,52,24,0.0
500,19,53,24,0.0
500,19,54,24,0.0
500,19,55,24,0.0
500,19,56,24,0.0
500,19,57,24,0.0
500,19,58,24,0.0
500,19,59,24,0.0
500,19,60,24,0.0
500,19,61,24,0.0
500,19,62,24,0.0
500,19,63,24,0.0
500,19,64,24,0.0
500,19,65,24,0.0
500,19,66,24,0.0
500,19,67,24,0.0
500,19,68,24,0.0
500,19,69,24,0.0
500,20,20,6,19.0
500,20,21,10,11.0
500,20,22,13,14.0
500,20,23,14,3.0
500,20,24,15,5.0
500,20,25,15,0.0
500,20,26,15,0.0
500,20,27,16,3.0
500,20,28,16,0.0
500,20,29,16,0.0
500,20,30,16,0.0
500,20,31,16,0.0
500,20,32,16,0.0
500,20,33,16,0.0
500,20,34,16,0.0
500,20,35,16,0.0
500,20,36,16,0.0
500,20,37,16,0.0
500,20,38,16,0.0
500,20,39,16,0.0
500,20,40,16,0.0
500,20,41,16,0.0
500,20,42,16,0.0
500,20,43,16,0.0
500,20,44,16,0.0
500,20,45,16,0.0
500,20,46,16,0.0
500,20,47,16,0.0
500,20,48,16,0.0
500,20,49,16,0.0
500,20,50,16,0.0
500,20,51,16,0.0
500,20,52,16,0.0
500,20,53,16,0.0
500,20,54,16,0.0
500,20,55,16,0.0
500,20,56,16,0.0
500,20,57,16,0.0
500,20,58,16,0.0
500,20,59,16,0.0
500,20,60,16,0.0
500,20,61,16,0.0
500,20,62,16,0.0
500,20,63,16,0.0
500,20,64,16,0.0
500,20,65,16,0.0
500,20,66,16,0.0
500,20,67,16,0.0
500,20,68,16,0.0
500,20,69,16,0.0
500,21,20,5,62.0
500,21,21,7,56.0
500,21,22,9,14.0
500,21,23,12,10.0
500,21,24,15,7.0
500,21,25,18,8.0
500,21,26,18,2.0
500,21,27,19,2.0
500,21,28,19,0.0
500,21,29,19,0.0
500,21,30,19,0.0
500,21,31,19,0.0
500,21,32,20,3.0
500,21,33,20,0.0
500,21,34,20,0.0
500,21,35,20,0.0
500,21,36,20,0.0
500,21,37,21,3.0
500,21,38,21,0.0
500,21,39,21,0.0
500,21,40,21,0.0
500,21,41,21,0.0
500,21,42,21,0.0
500,21,43,21,0.0
500,21,44,21,0.0
500,21,45,21,0.0
500,21,46,21,0.0
500,21,47,21,0.0
500,21,48,21,0.0
500,21,49,21,0.0
500,21,50,21,0.0
500,21,51,21,0.0
500,21,52,21,0.0
500,21,53,21,0.0
500,21,54,21,0.0
500,21,55,21,0.0
500,21,56,21,0.0
500,21,57,21,0.0
500,21,58,21,0.0
500,21,59,21,0.0
500,21,60,21,0.0
500,21,61,21,0.0
500,21,62,21,0.0
500,21,63,21,0.0
500,21,64,21,0.0
500,21,65,21,0.0
500,21,66,21,0.0
500,21,67,21,0.0
500,21,68,21,0.0
500,21,69,21,0.0
500,22,20,10,43.0
500,22,21,11,8.0
500,22,22,13,10.0
500,22,23,15,9.0
500,22,24,20,12.0
500,22,25,22,8.0
500,22,26,22,0.0
500,22,27,22,0.0
500,22,28,24,4.0
500,22,29,24,0.0
500,22,30,24,0.0
500,22,31,24,0.0
500,22,32,24,0.0
500,22,33,24,0.0
500,22,34,24,0.0
500,22,35,24,0.0
500,22,36,24,0.0
500,22,37,24,0.0
500,22,38,24,0.0
500,22,39,24,0.0
500,22,40,24,0.0
500,22,41,24,0.0
500,22,42,24,0.0
500,22,43,24,0.0
500,22,44,24,0.0
500,22,45,24,0.0
500,22,46,24,0.0
500,22,47,24,0.0
500,22,48,24,0.0
500,22,49,24,0.0
500,22,50,24,0.0
500,22,51,24,0.0
500,22,52,24,0.0
500,22,53,24,0.0
500,22,54,24,0.0
500,22,55,24,0.0
500,22,56,24,0.0
500,22,57,24,0.0
500,22,58,24,0.0
500,22,59,24,0.0
500,22,60,24,0.0
500,22,61,24,0.0
500,22,62,24,0.0
500,22,63,24,0.0
500,22,64,24,0.0
500,22,65,24,0.0
500,22,66,24,0.0
500,22,67,24,0.0
500,22,68,24,0.0
500,22,69,24,0.0
500,23,20,7,45.0
500,23,21,9,31.0
500,23,22,9,16.0
500,23,23,11,27.0
500,23,24,11,10.0
500,23,25,13,25.0
500,23,26,13,6.0
500,23,27,13,0.0
500,23,28,14,2.0
500,23,29,15,7.0
500,23,30,17,9.0
500,23,31,18,4.0
500,23,32,18,0.0
500,23,33,18,0.0
500,23,34,18,0.0
500,23,35,18,0.0
500,23,36,18,0.0
500,23,37,19,2.0
500,23,38,19,0.0
500,23,39,19,0.0
500,23,40,19,0.0
500,23,41,19,0.0
500,23,42,19,0.0
500,23,43,19,0.0
500,23,44,19,0.0
500,23,45,19,0.0
500,23,46,19,0.0
500,23,47,19,0.0
500,23,48,19,0.0
500,23,49,19,0.0
500,23,50,19,0.0
500,23,51,19,0.0
500,23,52,19,0.0
500,23,53,19,0.0
500,23,54,19,0.0
500,23,55,19,0.0
500,23,56,19,0.0
500,23,57,19,0.0
500,23,58,19,0.0
500,23,59,19,0.0
500,23,60,19,0.0
500,23,61,19,0.0
500,23,62,19,0.0
500,23,63,19,0.0
500,23,64,19,0.0
500,23,65,19,0.0
500,23,66,19,0.0
500,23,67,19,0.0
500,23,68,19,0.0
500,23,69,19,0.0
1000,0,20,4,25.0
1000,0,21,7,23.0
1000,0,22,11,60.0
1000,0,23,18,59.0
1000,0,24,24,72.0
1000,0,25,27,26.0
1000,0,26,29,14.0
1000,0,27,34,22.0
1000,0,28,35,8.0
1000,0,29,38,13.0
1000,0,30,40,24.0
1000,0,31,40,0.0
1000,0,32,41,10.0
1000,0,33,44,13.0
1000,0,34,45,3.0
1000,0,35,45,0.0
1000,0,36,45,0.0
1000,0,37,45,0.0
1000,0,38,45,0.0
1000,0,39,46,4.0
1000,0,40,47,1.0
1000,0,41,47,0.0
1000,0,42,47,0.0
1000,0,43,48,1.0
1000,0,44,49,3.0
1000,0,45,49,0.0
1000,0,46,49,0.0
1000,0,47,50,4.0
1000,0,48,50,0.0
1000,0,49,50,0.0
1000,0,50,50,0.0
1000,0,51,50,0.0
1000,0,52,50,0.0
1000,0,53,51,2.0
1000,0,54,52,1.0
1000,0,55,53,2.0
1000,0,56,53,0.0
1000,0,57,53,0.0
1000,0,58,53,0.0
1000,0,59,53,0.0
1000,0,60,53,0.0
1000,0,61,53,0.0
1000,0,62,53,0.0
1000,0,63,53,0.0
1000,0,64,53,0.0
1000,0,65,53,0.0
1000,0,66,53,0.0
1000,0,67,53,0.0
1000,0,68,53,0.0
1000,0,69,53,0.0
1000,1,20,2,26.0
1000,1,21,9,31.0
1000,1,22,11,30.0
1000,1,23,17,24.0
1000,1,24,20,35.0
1000,1,25,24,32.0
1000,1,26,31,49.0
1000,1,27,34,37.0
1000,1,28,35,9.0
1000,1,29,35,0.0
1000,1,30,35,0.0
1000,1,31,38,14.0
1000,1,32,39,3.0
1000,1,33,43,14.0
1000,1,34,45,12.0
1000,1,35,47,12.0
1000,1,36,51,10.0
1000,1,37,51,6.0
1000,1,38,51,0.0
1000,1,39,52,2.0
1000,1,40,53,10.0
1000,1,41,54,3.0
1000,1,42,54,0.0
1000,1,43,54,0.0
1000,1,44,55,4.0
1000,1,45,55,0.0
1000,1,46,55,0.0
1000,1,47,55,0.0
1000,1,48,55,0.0
1000,1,49,55,0.0
1000,1,50,55,0.0
1000,1,51,56,1.0
1000,1,52,56,0.0
1000,1,53,56,0.0
1000,1,54,59,7.0
1000,1,55,59,0.0
1000,1,56,60,4.0
1000,1,57,60,0.0
1000,1,58,60,0.0
1000,1,59,60,0.0
1000,1,60,60,0.0
1000,1,61,60,0.0
1000,1,62,61,3.0
1000,1,63,61,0.0
1000,1,64,61,0.0
1000,1,65,61,0.0
1000,1,66,61,0.0
1000,1,67,61,0.0
1000,1,68,61,0.0
1000,1,69,61,0.0
1000,2,20,2,23.0
1000,2,21,6,47.0
1000,2,22,8,77.0
1000,2,23,10,84.0
1000,2,24,10,79.0
1000,2,25,10,49.0
1000,2,26,14,58.0
1000,2,27,18,70.0
1000,2,28,19,49.0
1000,2,29,22,26.0
1000,2,30,25,26.0
1000,2,31,28,10.0
1000,2,32,33,42.0
1000,2,33,36,20.0
1000,2,34,39,16.0
1000,2,35,41,15.0
1000,2,36,45,18.0
1000,2,37,47,9.0
1000,2,38,48,1.0
1000,2,39,49,3.0
1000,2,40,50,5.0
1000,2,41,51,9.0
1000,2,42,52,3.0
1000,2,43,52,0.0
1000,2,44,52,0.0
1000,2,45,52,0.0
1000,2,46,53,3.0
1000,2,47,53,0.0
1000,2,48,57,9.0
1000,2,49,59,6.0
1000,2,50,60,4.0
1000,2,51,60,0.0
1000,2,52,60,0.0
1000,2,53,60,0.0
1000,2,54,60,0.0
1000,2,55,60,0.0
1000,2,56,60,0.0
1000,2,57,62,4.0
1000,2,58,62,0.0
1000,2,59,63,1.0
1000,2,60,63,0.0
1000,2,61,64,5.0
1000,2,62,64,0.0
1000,2,63,65,2.0
1000,2,64,65,0.0
1000,2,65,65,0.0
1000,2,66,65,0.0
1000,2,67,65,0.0
1000,2,68,65,0.0
1000,2,69,65,0.0
1000,3,20,3,22.0
1000,3,21,8,46.0
1000,3,22,16,83.0
1000,3,23,18,67.0
1000,3,24,19,31.0
1000,3,25,21,19.0
1000,3,26,25,25.0
1000,3,27,27,22.0
1000,3,28,28,13.0
1000,3,29,32,28.0
1000,3,30,33,8.0
1000,3,31,34,15.0
1000,3,32,34,15.0
1000,3,33,37,28.0
1000,3,34,42,20.0
1000,3,35,45,25.0
1000,3,36,45,1.0
1000,3,37,47,5.0
1000,3,38,52,17.0
1000,3,39,52,0.0
1000,3,40,52,0.0
1000,3,41,53,6.0
1000,3,42,53,0.0
1000,3,43,53,0.0
1000,3,44,54,1.0
1000,3,45,54,0.0
1000,3,46,54,0.0
1000,3,47,54,0.0
1000,3,48,55,3.0
1000,3,49,57,4.0
1000,3,50,57,2.0
1000,3,51,58,5.0
1000,3,52,58,0.0
1000,3,53,58,0.0
1000,3,54,60,9.0
1000,3,55,60,0.0
1000,3,56,61,8.0
1000,3,57,62,1.0
1000,3,58,62,0.0
1000,3,59,64,7.0
1000,3,60,64,0.0
1000,3,61,64,0.0
1000,3,62,65,2.0
1000,3,63,65,0.0
1000,3,64,65,0.0
1000,3,65,65,0.0
1000,3,66,65,0.0
1000,3,67,65,0.0
1000,3,68,65,0.0
1000,3,69,65,0.0
1000,4,20,3,35.0
1000,4,21,4,20.0
1000,4,22,4,20.0
1000,4,23,9,38.0
1000,4,24,12,30.0
1000,4,25,12,13.0
1000,4,26,12,6.0
1000,4,27,13,21.0
1000,4,28,14,30.0
1000,4,29,19,60.0
1000,4,30,19,14.0
1000,4,31,23,19.0
1000,4,32,25,21.0
1000,4,33,28,8.0
1000,4,34,29,10.0
1000,4,35,29,7.0
1000,4,36,30,2.0
1000,4,37,36,21.0
1000,4,38,42,24.0
1000,4,39,42,11.0
1000,4,40,42,0.0
1000,4,41,42,0.0
1000,4,42,44,4.0
1000,4,43,44,0.0
1000,4,44,44,0.0
1000,4,45,44,0.0
1000,4,46,45,2.0
1000,4,47,45,0.0
1000,4,48,46,3.0
1000,4,49,48,8.0
1000,4,50,48,5.0
1000,4,51,48,0.0
1000,4,52,48,0.0
1000,4,53,48,0.0
1000,4,54,48,0.0
1000,4,55,48,0.0
1000,4,56,48,0.0
1000,4,57,49,2.0
1000,4,58,49,0.0
1000,4,59,49,0.0
1000,4,60,49,0.0
1000,4,61,49,0.0
1000,4,62,50,4.0
1000,4,63,50,0.0
1000,4,64,52,8.0
1000,4,65,52,0.0
1000,4,66,52,0.0
1000,4,67,52,0.0
1000,4,68,52,0.0
1000,4,69,52,0.0
1000,5,20,3,33.0
1000,5,21,5,35.0
1000,5,22,11,44.0
1000,5,23,14,54.0
1000,5,24,18,57.0
1000,5,25,22,31.0
1000,5,26,24,6.0
1000,5,27,30,16.0
1000,5,28,34,11.0
1000,5,29,35,4.0
1000,5,30,37,8.0
1000,5,31,39,3.0
1000,5,32,42,13.0
1000,5,33,43,5.0
1000,5,34,44,4.0
1000,5,35,44,0.0
1000,5,36,46,7.0
1000,5,37,47,3.0
1000,5,38,48,2.0
1000,5,39,48,0.0
1000,5,40,48,0.0
1000,5,41,49,6.0
1000,5,42,50,2.0
1000,5,43,50,0.0
1000,5,44,54,11.0
1000,5,45,54,0.0
1000,5,46,55,6.0
1000,5,47,55,0.0
1000,5,48,55,0.0
1000,5,49,55,0.0
1000,5,50,55,0.0
1000,5,51,55,0.0
1000,5,52,55,0.0
1000,5,53,55,0.0
1000,5,54,55,0.0
1000,5,55,56,4.0
1000,5,56,57,2.0
1000,5,57,57,0.0
1000,5,58,57,0.0
1000,5,59,57,0.0
1000,5,60,57,0.0
1000,5,61,57,0.0
1000,5,62,57,0.0
1000,5,63,57,0.0
1000,5,64,57,0.0
1000,5,65,57,0.0
1000,5,66,57,0.0
1000,5,67,57,0.0
1000,5,68,57,0.0
1000,5,69,57,0.0
1000,6,20,2,16.0
1000,6,21,3,12.0
1000,6,22,9,28.0
1000,6,23,11,14.0
1000,6,24,14,33.0
1000,6,25,16,6.0
1000,6,26,19,12.0
1000,6,27,23,19.0
1000,6,28,24,3.0
1000,6,29,26,4.0
1000,6,30,27,3.0
1000,6,31,29,11.0
1000,6,32,29,7.0
1000,6,33,31,5.0
1000,6,34,34,13.0
1000,6,35,34,0.0
1000,6,36,34,0.0
1000,6,37,34,0.0
1000,6,38,35,2.0
1000,6,39,36,2.0
1000,6,40,37,2.0
1000,6,41,37,0.0
1000,6,42,37,0.0
1000,6,43,38,2.0
1000,6,44,38,0.0
1000,6,45,40,4.0
1000,6,46,40,0.0
1000,6,47,40,0.0
1000,6,48,40,0.0
1000,6,49,40,0.0
1000,6,50,42,3.0
1000,6,51,42,0.0
1000,6,52,42,0.0
1000,6,53,42,0.0
1000,6,54,42,0.0
1000,6,55,43,6.0
1000,6,56,44,2.0
1000,6,57,44,0.0
1000,6,58,44,0.0
1000,6,59,44,0.0
1000,6,60,44,0.0
1000,6,61,44,0.0
1000,6,62,44,0.0
1000,6,63,44,0.0
1000,6,64,44,0.0
1000,6,65,44,0.0
1000,6,66,44,0.0
1000,6,67,44,0.0
1000,6,68,44,0.0
1000,6,69,44,0.0
1000,7,20,5,49.0
1000,7,21,7,55.0
1000,7,22,9,39.0
1000,7,23,9,33.0
1000,7,24,13,31.0
1000,7,25,16,43.0
1000,7,26,21,28.0
1000,7,27,22,19.0
1000,7,28,24,16.0
1000,7,29,26,13.0
1000,7,30,31,18.0
1000,7,31,32,3.0
1000,7,32,33,1.0
1000,7,33,33,0.0
1000,7,34,33,0.0
1000,7,35,33,0.0
1000,7,36,34,6.0
1000,7,37,37,3.0
1000,7,38,40,3.0
1000,7,39,40,0.0
1000,7,40,40,0.0
1000,7,41,40,0.0
1000,7,42,40,0.0
1000,7,43,41,2.0
1000,7,44,42,1.0
1000,7,45,42,0.0
1000,7,46,43,1.0
1000,7,47,45,7.0
1000,7,48,45,0.0
1000,7,49,45,0.0
1000,7,50,45,0.0
1000,7,51,45,0.0
1000,7,52,45,0.0
1000,7,53,45,0.0
1000,7,54,45,0.0
1000,7,55,45,0.0
1000,7,56,45,0.0
1000,7,57,45,0.0
1000,7,58,45,0.0
1000,7,59,45,0.0
1000,7,60,45,0.0
1000,7,61,45,0.0
1000,7,62,45,0.0
1000,7,63,45,0.0
1000,7,64,45,0.0
1000,7,65,45,0.0
1000,7,66,45,0.0
1000,7,67,45,0.0
1000,7,68,45,0.0
1000,7,69,45,0.0
1000,8,20,2,12.0
1000,8,21,7,29.0
1000,8,22,11,45.0
1000,8,23,19,35.0
1000,8,24,22,14.0
1000,8,25,27,21.0
1000,8,26,31,15.0
1000,8,27,32,10.0
1000,8,28,33,1.0
1000,8,29,34,4.0
1000,8,30,34,0.0
1000,8,31,35,2.0
1000,8,32,36,1.0
1000,8,33,38,11.0
1000,8,34,38,0.0
1000,8,35,38,0.0
1000,8,36,38,0.0
1000,8,37,38,0.0
1000,8,38,38,0.0
1000,8,39,38,0.0
1000,8,40,39,3.0
1000,8,41,39,0.0
1000,8,42,39,0.0
1000,8,43,39,0.0
1000,8,44,39,0.0
1000,8,45,39,0.0
1000,8,46,41,11.0
1000,8,47,41,4.0
1000,8,48,41,0.0
1000,8,49,41,0.0
1000,8,50,41,0.0
1000,8,51,41,0.0
1000,8,52,41,0.0
1000,8,53,41,0.0
1000,8,54,41,0.0
1000,8,55,41,0.0
1000,8,56,41,0.0
1000,8,57,41,0.0
1000,8,58,41,0.0
1000,8,59,42,3.0
1000,8,60,42,0.0
1000,8,61,42,0.0
1000,8,62,42,0.0
1000,8,63,42,0.0
1000,8,64,42,0.0
1000,8,65,42,0.0
1000,8,66,42,0.0
1000,8,67,42,0.0
1000,8,68,42,0.0
1000,8,69,42,0.0
1000,9,20,6,59.0
1000,9,21,10,47.0
1000,9,22,13,26.0
1000,9,23,17,36.0
1000,9,24,20,14.0
1000,9,25,20,5.0
1000,9,26,20,0.0
1000,9,27,22,15.0
1000,9,28,26,15.0
1000,9,29,26,5.0
1000,9,30,29,15.0
1000,9,31,34,23.0
1000,9,32,36,6.0
1000,9,33,38,4.0
1000,9,34,41,8.0
1000,9,35,42,2.0
1000,9,36,42,0.0
1000,9,37,43,3.0
1000,9,38,44,1.0
1000,9,39,45,5.0
1000,9,40,47,8.0
1000,9,41,48,1.0
1000,9,42,48,0.0
1000,9,43,49,4.0
1000,9,44,50,4.0
1000,9,45,50,0.0
1000,9,46,51,5.0
1000,9,47,52,1.0
1000,9,48,52,0.0
1000,9,49,52,0.0
1000,9,50,52,0.0
1000,9,51,52,0.0
1000,9,52,52,0.0
1000,9,53,52,0.0
1000,9,54,52,0.0
1000,9,55,52,0.0
1000,9,56,52,0.0
1000,9,57,52,0.0
1000,9,58,52,0.0
1000,9,59,52,0.0
1000,9,60,52,0.0
1000,9,61,52,0.0
1000,9,62,52,0.0
1000,9,63,52,0.0
1000,9,64,52,0.0
1000,9,65,52,0.0
1000,9,66,52,0.0
1000,9,67,52,0.0
1000,9,68,52,0.0
1000,9,69,52,0.0
1000,10,20,2,23.0
1000,10,21,3,35.0
1000,10,22,7,65.0
1000,10,23,10,76.0
1000,10,24,13,62.0
1000,10,25,17,73.0
1000,10,26,22,87.0
1000,10,27,26,76.0
1000,10,28,31,31.0
1000,10,29,34,23.0
1000,10,30,38,26.0
1000,10,31,38,8.0
1000,10,32,38,2.0
1000,10,33,39,7.0
1000,10,34,41,11.0
1000,10,35,41,5.0
1000,10,36,43,7.0
1000,10,37,43,0.0
1000,10,38,43,0.0
1000,10,39,44,1.0
1000,10,40,45,2.0
1000,10,41,45,0.0
1000,10,42,46,6.0
1000,10,43,46,0.0
1000,10,44,46,0.0
1000,10,45,46,0.0
1000,10,46,47,1.0
1000,10,47,47,0.0
1000,10,48,48,2.0
1000,10,49,48,0.0
1000,10,50,51,10.0
1000,10,51,51,0.0
1000,10,52,51,0.0
1000,10,53,51,0.0
1000,10,54,51,0.0
1000,10,55,52,7.0
1000,10,56,52,0.0
1000,10,57,52,0.0
1000,10,58,52,0.0
1000,10,59,52,0.0
1000,10,60,52,0.0
1000,10,61,52,0.0
1000,10,62,52,0.0
1000,10,63,52,0.0
1000,10,64,52,0.0
1000,10,65,52,0.0
1000,10,66,52,0.0
1000,10,67,52,0.0
1000,10,68,52,0.0
1000,10,69,52,0.0
1000,11,20,9,99.0
1000,11,21,15,97.0
1000,11,22,22,76.0
1000,11,23,27,108.0
1000,11,24,32,41.0
1000,11,25,35,37.0
1000,11,26,38,13.0
1000,11,27,38,8.0
1000,11,28,46,34.0
1000,11,29,47,14.0
1000,11,30,48,7.0
1000,11,31,49,2.0
1000,11,32,49,0.0
1000,11,33,49,0.0
1000,11,34,49,0.0
1000,11,35,49,0.0
1000,11,36,51,3.0
1000,11,37,51,0.0
1000,11,38,52,3.0
1000,11,39,52,0.0
1000,11,40,52,0.0
1000,11,41,52,0.0
1000,11,42,52,0.0
1000,11,43,52,0.0
1000,11,44,52,0.0
1000,11,45,52,0.0
1000,11,46,52,0.0
1000,11,47,52,0.0
1000,11,48,52,0.0
1000,11,49,52,0.0
1000,11,50,52,0.0
1000,11,51,52,0.0
1000,11,52,52,0.0
1000,11,53,52,0.0
1000,11,54,52,0.0
1000,11,55,52,0.0
1000,11,56,52,0.0
1000,11,57,52,0.0
1000,11,58,52,0.0
1000,11,59,52,0.0
1000,11,60,52,0.0
1000,11,61,52,0.0
1000,11,62,52,0.0
1000,11,63,52,0.0
1000,11,64,52,0.0
1000,11,65,52,0.0
1000,11,66,52,0.0
1000,11,67,52,0.0
1000,11,68,52,0.0
1000,11,69,52,0.0
1000,12,20,4,61.0
1000,12,21,6,91.0
1000,12,22,9,66.0
1000,12,23,15,90.0
1000,12,24,19,75.0
1000,12,25,23,84.0
1000,12,26,23,36.0
1000,12,27,27,18.0
1000,12,28,27,11.0
1000,12,29,28,7.0
1000,12,30,28,7.0
1000,12,31,29,4.0
1000,12,32,31,4.0
1000,12,33,33,4.0
1000,12,34,35,11.0
1000,12,35,38,18.0
1000,12,36,39,1.0
1000,12,37,41,15.0
1000,12,38,42,2.0
1000,12,39,43,1.0
1000,12,40,44,1.0
1000,12,41,45,3.0
1000,12,42,46,5.0
1000,12,43,46,0.0
1000,12,44,47,2.0
1000,12,45,48,4.0
1000,12,46,48,0.0
1000,12,47,48,0.0
1000,12,48,48,0.0
1000,12,49,48,0.0
1000,12,50,48,0.0
1000,12,51,49,3.0
1000,12,52,49,0.0
1000,12,53,49,0.0
1000,12,54,52,17.0
1000,12,55,52,0.0
1000,12,56,52,0.0
1000,12,57,53,1.0
1000,12,58,53,0.0
1000,12,59,53,0.0
1000,12,60,53,0.0
1000,12,61,53,0.0
1000,12,62,53,0.0
1000,12,63,53,0.0
1000,12,64,53,0.0
1000,12,65,53,0.0
1000,12,66,54,1.0
1000,12,67,54,0.0
1000,12,68,54,0.0
1000,12,69,54,0.0
1000,13,20,1,11.0
1000,13,21,2,17.0
1000,13,22,4,24.0
1000,13,23,7,37.0
1000,13,24,10,43.0
1000,13,25,11,10.0
1000,13,26,11,10.0
1000,13,27,15,21.0
1000,13,28,22,22.0
1000,13,29,29,19.0
1000,13,30,32,5.0
1000,13,31,33,2.0
1000,13,32,34,17.0
1000,13,33,35,5.0
1000,13,34,35,0.0
1000,13,35,37,16.0
1000,13,36,37,0.0
1000,13,37,37,0.0
1000,13,38,37,0.0
1000,13,39,37,0.0
1000,13,40,37,0.0
1000,13,41,37,0.0
1000,13,42,37,0.0
1000,13,43,37,0.0
1000,13,44,37,0.0
1000,13,45,37,0.0
1000,13,46,39,12.0
1000,13,47,39,0.0
1000,13,48,40,3.0
1000,13,49,40,0.0
1000,13,50,40,0.0
1000,13,51,41,2.0
1000,13,52,42,1.0
1000,13,53,43,3.0
1000,13,54,43,0.0
1000,13,55,44,4.0
1000,13,56,44,0.0
1000,13,57,44,0.0
1000,13,58,44,0.0
1000,13,59,45,1.0
1000,13,60,45,0.0
1000,13,61,45,0.0
1000,13,62,45,0.0
1000,13,63,45,0.0
1000,13,64,45,0.0
1000,13,65,45,0.0
1000,13,66,45,0.0
1000,13,67,45,0.0
1000,13,68,45,0.0
1000,13,69,45,0.0
1000,14,20,4,18.0
1000,14,21,8,26.0
1000,14,22,9,33.0
1000,14,23,12,44.0
1000,14,24,12,28.0
1000,14,25,17,47.0
1000,14,26,20,17.0
1000,14,27,20,11.0
1000,14,28,22,14.0
1000,14,29,23,5.0
1000,14,30,25,7.0
1000,14,31,27,10.0
1000,14,32,31,10.0
1000,14,33,32,1.0
1000,14,34,34,7.0
1000,14,35,35,2.0
1000,14,36,35,2.0
1000,14,37,37,5.0
1000,14,38,37,0.0
1000,14,39,39,10.0
1000,14,40,40,1.0
1000,14,41,40,0.0
1000,14,42,40,0.0
1000,14,43,40,0.0
1000,14,44,41,3.0
1000,14,45,41,0.0
1000,14,46,41,0.0
1000,14,47,41,0.0
1000,14,48,41,0.0
1000,14,49,42,1.0
1000,14,50,42,0.0
1000,14,51,43,4.0
1000,14,52,43,0.0
1000,14,53,43,0.0
1000,14,54,43,0.0
1000,14,55,43,0.0
1000,14,56,43,0.0
1000,14,57,43,0.0
1000,14,58,43,0.0
1000,14,59,43,0.0
1000,14,60,43,0.0
1000,14,61,43,0.0
1000,14,62,43,0.0
1000,14,63,43,0.0
1000,14,64,43,0.0
1000,14,65,43,0.0
1000,14,66,43,0.0
1000,14,67,43,0.0
1000,14,68,43,0.0
1000,14,69,43,0.0
1000,15,20,3,51.0
1000,15,21,6,67.0
1000,15,22,11,74.0
1000,15,23,15,43.0
1000,15,24,18,47.0
1000,15,25,18,16.0
1000,15,26,22,35.0
1000,15,27,30,53.0
1000,15,28,35,36.0
1000,15,29,37,15.0
1000,15,30,39,15.0
1000,15,31,39,6.0
1000,15,32,39,6.0
1000,15,33,39,6.0
1000,15,34,39,6.0
1000,15,35,40,2.0
1000,15,36,41,5.0
1000,15,37,42,10.0
1000,15,38,43,4.0
1000,15,39,44,4.0
1000,15,40,44,0.0
1000,15,41,45,1.0
1000,15,42,45,0.0
1000,15,43,48,9.0
1000,15,44,49,11.0
1000,15,45,49,0.0
1000,15,46,49,0.0
1000,15,47,50,3.0
1000,15,48,50,0.0
1000,15,49,50,0.0
1000,15,50,50,0.0
1000,15,51,51,3.0
1000,15,52,52,4.0
1000,15,53,53,3.0
1000,15,54,54,1.0
1000,15,55,54,0.0
1000,15,56,54,0.0
1000,15,57,54,0.0
1000,15,58,54,0.0
1000,15,59,54,0.0
1000,15,60,54,0.0
1000,15,61,54,0.0
1000,15,62,54,0.0
1000,15,63,55,1.0
1000,15,64,55,0.0
1000,15,65,55,0.0
1000,15,66,55,0.0
1000,15,67,55,0.0
1000,15,68,55,0.0
1000,15,69,55,0.0
1000,16,20,4,19.0
1000,16,21,12,50.0
1000,16,22,15,75.0
1000,16,23,18,47.0
1000,16,24,22,62.0
1000,16,25,22,26.0
1000,16,26,22,16.0
1000,16,27,25,28.0
1000,16,28,26,14.0
1000,16,29,30,33.0
1000,16,30,30,0.0
1000,16,31,36,20.0
1000,16,32,37,12.0
1000,16,33,39,6.0
1000,16,34,39,0.0
1000,16,35,41,20.0
1000,16,36,42,1.0
1000,16,37,43,4.0
1000,16,38,45,5.0
1000,16,39,45,0.0
1000,16,40,45,0.0
1000,16,41,45,0.0
1000,16,42,45,0.0
1000,16,43,46,3.0
1000,16,44,46,0.0
1000,16,45,46,0.0
1000,16,46,46,0.0
1000,16,47,46,0.0
1000,16,48,47,1.0
1000,16,49,47,1.0
1000,16,50,47,0.0
1000,16,51,47,0.0
1000,16,52,47,0.0
1000,16,53,47,0.0
1000,16,54,49,4.0
1000,16,55,50,3.0
1000,16,56,50,0.0
1000,16,57,50,0.0
1000,16,58,50,0.0
1000,16,59,50,0.0
1000,16,60,50,0.0
1000,16,61,50,0.0
1000,16,62,50,0.0
1000,16,63,50,0.0
1000,16,64,50,0.0
1000,16,65,50,0.0
1000,16,66,50,0.0
1000,16,67,50,0.0
1000,16,68,50,0.0
1000,16,69,50,0.0
1000,17,20,1,9.0
1000,17,21,10,46.0
1000,17,22,16,41.0
1000,17,23,20,30.0
1000,17,24,20,6.0
1000,17,25,26,22.0
1000,17,26,31,22.0
1000,17,27,38,20.0
1000,17,28,41,6.0
1000,17,29,44,8.0
1000,17,30,45,4.0
1000,17,31,45,3.0
1000,17,32,45,0.0
1000,17,33,45,0.0
1000,17,34,45,0.0
1000,17,35,45,0.0
1000,17,36,46,7.0
1000,17,37,46,0.0
1000,17,38,46,0.0
1000,17,39,46,0.0
1000,17,40,46,0.0
1000,17,41,47,1.0
1000,17,42,48,1.0
1000,17,43,48,0.0
1000,17,44,48,0.0
1000,17,45,48,0.0
1000,17,46,49,1.0
1000,17,47,49,0.0
1000,17,48,49,0.0
1000,17,49,50,3.0
1000,17,50,50,0.0
1000,17,51,50,0.0
1000,17,52,50,0.0
1000,17,53,50,0.0
1000,17,54,50,0.0
1000,17,55,50,0.0
1000,17,56,50,0.0
1000,17,57,50,0.0
1000,17,58,50,0.0
1000,17,59,50,0.0
1000,17,60,50,0.0
1000,17,61,50,0.0
1000,17,62,50,0.0
1000,17,63,50,0.0
1000,17,64,50,0.0
1000,17,65,50,0.0
1000,17,66,50,0.0
1000,17,67,50,0.0
1000,17,68,50,0.0
1000,17,69,50,0.0
1000,18,20,1,7.0
1000,18,21,5,32.0
1000,18,22,9,55.0
1000,18,23,17,61.0
1000,18,24,17,14.0
1000,18,25,17,5.0
1000,18,26,19,17.0
1000,18,27,20,6.0
1000,18,28,21,9.0
1000,18,29,21,0.0
1000,18,30,22,8.0
1000,18,31,22,0.0
1000,18,32,25,5.0
1000,18,33,25,0.0
1000,18,34,27,7.0
1000,18,35,27,0.0
1000,18,36,27,0.0
1000,18,37,28,1.0
1000,18,38,29,1.0
1000,18,39,31,5.0
1000,18,40,31,0.0
1000,18,41,32,3.0
1000,18,42,32,0.0
1000,18,43,32,0.0
1000,18,44,36,11.0
1000,18,45,36,0.0
1000,18,46,36,0.0
1000,18,47,36,0.0
1000,18,48,36,0.0
1000,18,49,36,0.0
1000,18,50,36,0.0
1000,18,51,38,7.0
1000,18,52,39,1.0
1000,18,53,39,0.0
1000,18,54,39,0.0
1000,18,55,39,0.0
1000,18,56,39,0.0
1000,18,57,40,1.0
1000,18,58,40,0.0
1000,18,59,41,3.0
1000,18,60,41,0.0
1000,18,61,41,0.0
1000,18,62,41,0.0
1000,18,63,41,0.0
1000,18,64,42,1.0
1000,18,65,42,0.0
1000,18,66,42,0.0
1000,18,67,42,0.0
1000,18,68,42,0.0
1000,18,69,42,0.0
1000,19,20,5,34.0
1000,19,21,9,41.0
1000,19,22,17,62.0
1000,19,23,18,30.0
1000,19,24,18,2.0
1000,19,25,19,4.0
1000,19,26,20,1.0
1000,19,27,25,11.0
1000,19,28,30,15.0
1000,19,29,31,5.0
1000,19,30,31,0.0
1000,19,31,32,2.0
1000,19,32,32,0.0
1000,19,33,32,0.0
1000,19,34,32,0.0
1000,19,35,36,8.0
1000,19,36,36,2.0
1000,19,37,37,6.0
1000,19,38,37,0.0
1000,19,39,37,0.0
1000,19,40,37,0.0
1000,19,41,40,6.0
1000,19,42,40,2.0
1000,19,43,40,0.0
1000,19,44,40,0.0
1000,19,45,41,1.0
1000,19,46,41,0.0
1000,19,47,41,0.0
1000,19,48,41,0.0
1000,19,49,41,0.0
1000,19,50,42,1.0
1000,19,51,42,0.0
1000,19,52,42,0.0
1000,19,53,42,0.0
1000,19,54,42,0.0
1000,19,55,42,0.0
1000,19,56,42,0.0
1000,19,57,42,0.0
1000,19,58,43,1.0
1000,19,59,43,0.0
1000,19,60,44,7.0
1000,19,61,44,0.0
1000,19,62,44,0.0
1000,19,63,44,0.0
1000,19,64,44,0.0
1000,19,65,44,0.0
1000,19,66,44,0.0
1000,19,67,44,0.0
1000,19,68,44,0.0
1000,19,69,44,0.0
1000,20,20,7,59.0
1000,20,21,13,72.0
1000,20,22,20,53.0
1000,20,23,20,19.0
1000,20,24,21,1.0
1000,20,25,24,18.0
1000,20,26,26,23.0
1000,20,27,27,4.0
1000,20,28,27,0.0
1000,20,29,31,12.0
1000,20,30,31,0.0
1000,20,31,32,4.0
1000,20,32,33,3.0
1000,20,33,33,0.0
1000,20,34,35,2.0
1000,20,35,35,0.0
1000,20,36,39,14.0
1000,20,37,41,15.0
1000,20,38,43,2.0
1000,20,39,43,0.0
1000,20,40,43,0.0
1000,20,41,43,0.0
1000,20,42,43,0.0
1000,20,43,44,1.0
1000,20,44,44,0.0
1000,20,45,45,1.0
1000,20,46,45,0.0
1000,20,47,45,0.0
1000,20,48,45,0.0
1000,20,49,46,1.0
1000,20,50,46,0.0
1000,20,51,46,0.0
1000,20,52,46,0.0
1000,20,53,46,0.0
1000,20,54,46,0.0
1000,20,55,46,0.0
1000,20,56,46,0.0
1000,20,57,46,0.0
1000,20,58,46,0.0
1000,20,59,46,0.0
1000,20,60,46,0.0
1000,20,61,46,0.0
1000,20,62,46,0.0
1000,20,63,46,0.0
1000,20,64,46,0.0
1000,20,65,46,0.0
1000,20,66,46,0.0
1000,20,67,46,0.0
1000,20,68,46,0.0
1000,20,69,46,0.0
1000,21,20,7,61.0
1000,21,21,10,83.0
1000,21,22,14,54.0
1000,21,23,17,62.0
1000,21,24,19,21.0
1000,21,25,19,9.0
1000,21,26,21,20.0
1000,21,27,25,49.0
1000,21,28,26,13.0
1000,21,29,29,19.0
1000,21,30,31,3.0
1000,21,31,32,4.0
1000,21,32,33,2.0
1000,21,33,35,9.0
1000,21,34,36,1.0
1000,21,35,38,6.0
1000,21,36,40,9.0
1000,21,37,40,3.0
1000,21,38,41,1.0
1000,21,39,43,2.0
1000,21,40,43,0.0
1000,21,41,43,0.0
1000,21,42,43,0.0
1000,21,43,43,0.0
1000,21,44,43,0.0
1000,21,45,45,11.0
1000,21,46,46,2.0
1000,21,47,46,0.0
1000,21,48,46,0.0
1000,21,49,47,4.0
1000,21,50,47,0.0
1000,21,51,47,0.0
1000,21,52,47,0.0
1000,21,53,47,0.0
1000,21,54,47,0.0
1000,21,55,47,0.0
1000,21,56,47,0.0
1000,21,57,47,0.0
1000,21,58,47,0.0
1000,21,59,47,0.0
1000,21,60,47,0.0
1000,21,61,47,0.0
1000,21,62,47,0.0
1000,21,63,47,0.0
1000,21,64,47,0.0
1000,21,65,47,0.0
1000,21,66,47,0.0
1000,21,67,47,0.0
1000,21,68,47,0.0
1000,21,69,47,0.0
1000,22,20,4,45.0
1000,22,21,5,27.0
1000,22,22,8,45.0
1000,22,23,8,8.0
1000,22,24,13,31.0
1000,22,25,16,16.0
1000,22,26,21,38.0
1000,22,27,21,0.0
1000,22,28,23,9.0
1000,22,29,27,15.0
1000,22,30,31,38.0
1000,22,31,32,6.0
1000,22,32,36,9.0
1000,22,33,37,6.0
1000,22,34,37,0.0
1000,22,35,37,0.0
1000,22,36,37,0.0
1000,22,37,39,3.0
1000,22,38,39,0.0
1000,22,39,39,0.0
1000,22,40,39,0.0
1000,22,41,41,9.0
1000,22,42,41,0.0
1000,22,43,45,12.0
1000,22,44,45,0.0
1000,22,45,45,0.0
1000,22,46,45,0.0
1000,22,47,45,0.0
1000,22,48,45,0.0
1000,22,49,46,1.0
1000,22,50,46,0.0
1000,22,51,46,0.0
1000,22,52,46,0.0
1000,22,53,46,0.0
1000,22,54,46,0.0
1000,22,55,46,0.0
1000,22,56,46,0.0
1000,22,57,46,0.0
1000,22,58,46,0.0
1000,22,59,46,0.0
1000,22,60,46,0.0
1000,22,61,46,0.0
1000,22,62,46,0.0
1000,22,63,46,0.0
1000,22,64,46,0.0
1000,22,65,47,3.0
1000,22,66,47,0.0
1000,22,67,47,0.0
1000,22,68,47,0.0
1000,22,69,47,0.0
1000,23,20,3,58.0
1000,23,21,7,28.0
1000,23,22,16,57.0
1000,23,23,21,71.0
1000,23,24,25,47.0
1000,23,25,27,19.0
1000,23,26,29,9.0
1000,23,27,31,15.0
1000,23,28,32,17.0
1000,23,29,32,0.0
1000,23,30,32,0.0
1000,23,31,35,7.0
1000,23,32,36,1.0
1000,23,33,36,0.0
1000,23,34,38,3.0
1000,23,35,39,2.0
1000,23,36,39,0.0
1000,23,37,39,0.0
1000,23,38,39,0.0
1000,23,39,39,0.0
1000,23,40,39,0.0
1000,23,41,39,0.0
1000,23,42,39,0.0
1000,23,43,42,11.0
1000,23,44,42,5.0
1000,23,45,44,7.0
1000,23,46,44,0.0
1000,23,47,47,7.0
1000,23,48,47,0.0
1000,23,49,47,0.0
1000,23,50,48,1.0
1000,23,51,48,0.0
1000,23,52,48,0.0
1000,23,53,48,0.0
1000,23,54,48,0.0
1000,23,55,48,0.0
1000,23,56,48,0.0
1000,23,57,48,0.0
1000,23,58,48,0.0
1000,23,59,48,0.0
1000,23,60,49,3.0
1000,23,61,49,0.0
1000,23,62,50,3.0
1000,23,63,50,0.0
1000,23,64,50,0.0
1000,23,65,50,0.0
1000,23,66,50,0.0
1000,23,67,50,0.0
1000,23,68,50,0.0
1000,23,69,50,0.0
2500,0,20,5,39.0
2500,0,21,8,58.0
2500,0,22,12,80.0
2500,0,23,16,81.0
2500,0,24,20,108.0
2500,0,25,25,111.0
2500,0,26,28,105.0
2500,0,27,40,132.0
2500,0,28,45,108.0
2500,0,29,46,96.0
2500,0,30,51,118.0
2500,0,31,55,88.0
2500,0,32,55,33.0
2500,0,33,56,37.0
2500,0,34,59,47.0
2500,0,35,62,53.0
2500,0,36,64,48.0
2500,0,37,70,50.0
2500,0,38,72,27.0
2500,0,39,73,18.0
2500,0,40,75,10.0
2500,0,41,79,13.0
2500,0,42,82,17.0
2500,0,43,86,31.0
2500,0,44,87,21.0
2500,0,45,91,25.0
2500,0,46,93,11.0
2500,0,47,99,27.0
2500,0,48,99,2.0
2500,0,49,100,6.0
2500,0,50,100,2.0
2500,0,51,101,2.0
2500,0,52,102,6.0
2500,0,53,105,10.0
2500,0,54,107,13.0
2500,0,55,108,2.0
2500,0,56,111,16.0
2500,0,57,111,0.0
2500,0,58,111,0.0
2500,0,59,112,10.0
2500,0,60,115,6.0
2500,0,61,116,6.0
2500,0,62,116,0.0
2500,0,63,117,1.0
2500,0,64,120,14.0
2500,0,65,120,0.0
2500,0,66,120,0.0
2500,0,67,120,0.0
2500,0,68,120,0.0
2500,0,69,120,0.0
2500,1,20,6,65.0
2500,1,21,11,88.0
2500,1,22,14,114.0
2500,1,23,20,138.0
2500,1,24,25,142.0
2500,1,25,33,164.0
2500,1,26,38,163.0
2500,1,27,43,138.0
2500,1,28,50,147.0
2500,1,29,55,145.0
2500,1,30,61,124.0
2500,1,31,64,118.0
2500,1,32,66,97.0
2500,1,33,67,58.0
2500,1,34,69,70.0
2500,1,35,70,31.0
2500,1,36,74,32.0
2500,1,37,75,14.0
2500,1,38,80,29.0
2500,1,39,83,19.0
2500,1,40,84,12.0
2500,1,41,85,2.0
2500,1,42,86,3.0
2500,1,43,86,3.0
2500,1,44,86,0.0
2500,1,45,87,1.0
2500,1,46,87,1.0
2500,1,47,88,3.0
2500,1,48,89,4.0
2500,1,49,89,4.0
2500,1,50,89,0.0
2500,1,51,90,5.0
2500,1,52,91,2.0
2500,1,53,94,12.0
2500,1,54,94,0.0
2500,1,55,95,2.0
2500,1,56,96,3.0
2500,1,57,97,5.0
2500,1,58,100,17.0
2500,1,59,100,6.0
2500,1,60,102,6.0
2500,1,61,102,6.0
2500,1,62,103,2.0
2500,1,63,103,0.0
2500,1,64,103,0.0
2500,1,65,103,0.0
2500,1,66,104,1.0
2500,1,67,105,4.0
2500,1,68,106,1.0
2500,1,69,107,5.0
2500,2,20,2,15.0
2500,2,21,5,38.0
2500,2,22,9,60.0
2500,2,23,14,96.0
2500,2,24,23,132.0
2500,2,25,27,124.0
2500,2,26,33,144.0
2500,2,27,38,111.0
2500,2,28,44,81.0
2500,2,29,48,85.0
2500,2,30,54,84.0
2500,2,31,56,50.0
2500,2,32,57,21.0
2500,2,33,61,37.0
2500,2,34,62,39.0
2500,2,35,64,10.0
2500,2,36,67,21.0
2500,2,37,67,10.0
2500,2,38,71,17.0
2500,2,39,73,27.0
2500,2,40,75,13.0
2500,2,41,78,30.0
2500,2,42,79,23.0
2500,2,43,80,4.0
2500,2,44,84,24.0
2500,2,45,84,20.0
2500,2,46,84,0.0
2500,2,47,89,25.0
2500,2,48,95,40.0
2500,2,49,99,30.0
2500,2,50,101,22.0
2500,2,51,104,18.0
2500,2,52,105,12.0
2500,2,53,105,0.0
2500,2,54,105,0.0
2500,2,55,105,0.0
2500,2,56,105,0.0
2500,2,57,107,8.0
2500,2,58,109,8.0
2500,2,59,109,0.0
2500,2,60,109,0.0
2500,2,61,112,6.0
2500,2,62,113,6.0
2500,2,63,115,5.0
2500,2,64,115,0.0
2500,2,65,115,0.0
2500,2,66,115,0.0
2500,2,67,115,0.0
2500,2,68,115,0.0
2500,2,69,115,0.0
2500,3,20,3,27.0
2500,3,21,4,34.0
2500,3,22,6,62.0
2500,3,23,10,68.0
2500,3,24,12,55.0
2500,3,25,17,101.0
2500,3,26,19,58.0
2500,3,27,25,82.0
2500,3,28,29,89.0
2500,3,29,32,80.0
2500,3,30,36,90.0
2500,3,31,41,53.0
2500,3,32,43,35.0
2500,3,33,49,54.0
2500,3,34,51,22.0
2500,3,35,62,55.0
2500,3,36,66,64.0
2500,3,37,69,13.0
2500,3,38,71,6.0
2500,3,39,75,20.0
2500,3,40,76,9.0
2500,3,41,77,7.0
2500,3,42,84,38.0
2500,3,43,85,20.0
2500,3,44,90,35.0
2500,3,45,90,23.0
2500,3,46,94,16.0
2500,3,47,97,16.0
2500,3,48,97,1.0
2500,3,49,102,19.0
2500,3,50,104,8.0
2500,3,51,104,0.0
2500,3,52,105,6.0
2500,3,53,105,0.0
2500,3,54,107,13.0
2500,3,55,107,13.0
2500,3,56,108,7.0
2500,3,57,108,5.0
2500,3,58,110,10.0
2500,3,59,111,5.0
2500,3,60,113,8.0
2500,3,61,113,0.0
2500,3,62,114,2.0
2500,3,63,114,0.0
2500,3,64,116,4.0
2500,3,65,117,1.0
2500,3,66,119,6.0
2500,3,67,121,8.0
2500,3,68,121,0.0
2500,3,69,122,1.0
2500,4,20,8,59.0
2500,4,21,16,155.0
2500,4,22,16,77.0
2500,4,23,17,75.0
2500,4,24,18,64.0
2500,4,25,20,47.0
2500,4,26,21,47.0
2500,4,27,23,43.0
2500,4,28,30,57.0
2500,4,29,35,55.0
2500,4,30,41,59.0
2500,4,31,49,77.0
2500,4,32,52,42.0
2500,4,33,53,18.0
2500,4,34,56,13.0
2500,4,35,63,40.0
2500,4,36,68,46.0
2500,4,37,75,35.0
2500,4,38,77,13.0
2500,4,39,77,7.0
2500,4,40,77,6.0
2500,4,41,80,19.0
2500,4,42,81,11.0
2500,4,43,85,11.0
2500,4,44,88,21.0
2500,4,45,92,11.0
2500,4,46,93,3.0
2500,4,47,94,4.0
2500,4,48,96,5.0
2500,4,49,99,13.0
2500,4,50,101,8.0
2500,4,51,102,5.0
2500,4,52,105,12.0
2500,4,53,107,11.0
2500,4,54,111,25.0
2500,4,55,111,10.0
2500,4,56,111,0.0
2500,4,57,112,1.0
2500,4,58,116,9.0
2500,4,59,117,6.0
2500,4,60,118,8.0
2500,4,61,119,7.0
2500,4,62,119,0.0
2500,4,63,122,7.0
2500,4,64,124,12.0
2500,4,65,124,0.0
2500,4,66,124,0.0
2500,4,67,124,0.0
2500,4,68,125,3.0
2500,4,69,125,0.0
2500,5,20,3,46.0
2500,5,21,5,58.0
2500,5,22,11,68.0
2500,5,23,16,73.0
2500,5,24,19,77.0
2500,5,25,23,98.0
2500,5,26,27,100.0
2500,5,27,32,70.0
2500,5,28,34,49.0
2500,5,29,39,43.0
2500,5,30,40,13.0
2500,5,31,42,12.0
2500,5,32,42,3.0
2500,5,33,44,17.0
2500,5,34,45,14.0
2500,5,35,49,24.0
2500,5,36,50,8.0
2500,5,37,53,19.0
2500,5,38,64,52.0
2500,5,39,65,16.0
2500,5,40,66,1.0
2500,5,41,68,14.0
2500,5,42,70,4.0
2500,5,43,73,3.0
2500,5,44,75,8.0
2500,5,45,75,0.0
2500,5,46,75,0.0
2500,5,47,78,10.0
2500,5,48,81,13.0
2500,5,49,81,0.0
2500,5,50,82,7.0
2500,5,51,85,10.0
2500,5,52,85,7.0
2500,5,53,88,16.0
2500,5,54,90,13.0
2500,5,55,91,4.0
2500,5,56,92,4.0
2500,5,57,93,1.0
2500,5,58,93,0.0
2500,5,59,95,3.0
2500,5,60,95,0.0
2500,5,61,98,9.0
2500,5,62,98,0.0
2500,5,63,99,8.0
2500,5,64,100,3.0
2500,5,65,100,0.0
2500,5,66,102,8.0
2500,5,67,102,6.0
2500,5,68,104,5.0
2500,5,69,104,0.0
2500,6,20,6,60.0
2500,6,21,10,82.0
2500,6,22,14,99.0
2500,6,23,14,91.0
2500,6,24,16,97.0
2500,6,25,18,82.0
2500,6,26,24,93.0
2500,6,27,27,79.0
2500,6,28,32,98.0
2500,6,29,35,94.0
2500,6,30,42,78.0
2500,6,31,43,73.0
2500,6,32,44,58.0
2500,6,33,46,43.0
2500,6,34,47,14.0
2500,6,35,50,38.0
2500,6,36,54,55.0
2500,6,37,57,52.0
2500,6,38,61,23.0
2500,6,39,63,18.0
2500,6,40,64,4.0
2500,6,41,66,7.0
2500,6,42,69,14.0
2500,6,43,72,9.0
2500,6,44,72,0.0
2500,6,45,75,19.0
2500,6,46,77,5.0
2500,6,47,78,18.0
2500,6,48,79,5.0
2500,6,49,79,0.0
2500,6,50,79,0.0
2500,6,51,81,7.0
2500,6,52,82,24.0
2500,6,53,85,11.0
2500,6,54,86,10.0
2500,6,55,86,4.0
2500,6,56,87,5.0
2500,6,57,87,0.0
2500,6,58,87,0.0
2500,6,59,89,6.0
2500,6,60,90,1.0
2500,6,61,92,4.0
2500,6,62,92,0.0
2500,6,63,92,0.0
2500,6,64,95,17.0
2500,6,65,95,7.0
2500,6,66,97,5.0
2500,6,67,98,3.0
2500,6,68,99,12.0
2500,6,69,99,0.0
2500,7,20,4,40.0
2500,7,21,7,64.0
2500,7,22,10,99.0
2500,7,23,14,126.0
2500,7,24,18,116.0
2500,7,25,21,138.0
2500,7,26,23,106.0
2500,7,27,23,87.0
2500,7,28,25,81.0
2500,7,29,26,92.0
2500,7,30,27,91.0
2500,7,31,27,70.0
2500,7,32,27,49.0
2500,7,33,29,47.0
2500,7,34,34,51.0
2500,7,35,39,60.0
2500,7,36,39,19.0
2500,7,37,41,17.0
2500,7,38,44,38.0
2500,7,39,45,71.0
2500,7,40,46,70.0
2500,7,41,51,95.0
2500,7,42,56,37.0
2500,7,43,58,23.0
2500,7,44,61,30.0
2500,7,45,62,22.0
2500,7,46,64,28.0
2500,7,47,65,22.0
2500,7,48,70,32.0
2500,7,49,70,17.0
2500,7,50,71,14.0
2500,7,51,72,5.0
2500,7,52,73,4.0
2500,7,53,75,5.0
2500,7,54,75,0.0
2500,7,55,76,2.0
2500,7,56,76,0.0
2500,7,57,76,0.0
2500,7,58,76,0.0
2500,7,59,78,9.0
2500,7,60,79,4.0
2500,7,61,82,11.0
2500,7,62,83,12.0
2500,7,63,85,7.0
2500,7,64,86,7.0
2500,7,65,89,4.0
2500,7,66,90,1.0
2500,7,67,92,10.0
2500,7,68,93,5.0
2500,7,69,95,2.0
2500,8,20,2,21.0
2500,8,21,5,38.0
2500,8,22,7,62.0
2500,8,23,8,68.0
2500,8,24,16,99.0
2500,8,25,20,113.0
2500,8,26,26,131.0
2500,8,27,34,127.0
2500,8,28,36,69.0
2500,8,29,43,69.0
2500,8,30,51,84.0
2500,8,31,59,95.0
2500,8,32,63,83.0
2500,8,33,66,84.0
2500,8,34,69,61.0
2500,8,35,70,7.0
2500,8,36,71,15.0
2500,8,37,80,41.0
2500,8,38,82,26.0
2500,8,39,82,0.0
2500,8,40,85,12.0
2500,8,41,88,15.0
2500,8,42,88,0.0
2500,8,43,90,12.0
2500,8,44,91,17.0
2500,8,45,92,9.0
2500,8,46,92,5.0
2500,8,47,94,12.0
2500,8,48,99,19.0
2500,8,49,100,9.0
2500,8,50,100,0.0
2500,8,51,103,10.0
2500,8,52,104,12.0
2500,8,53,104,0.0
2500,8,54,104,0.0
2500,8,55,104,0.0
2500,8,56,105,3.0
2500,8,57,107,7.0
2500,8,58,109,16.0
2500,8,59,109,4.0
2500,8,60,109,0.0
2500,8,61,109,0.0
2500,8,62,112,6.0
2500,8,63,115,8.0
2500,8,64,115,0.0
2500,8,65,116,4.0
2500,8,66,118,8.0
2500,8,67,118,0.0
2500,8,68,118,0.0
2500,8,69,120,5.0
2500,9,20,6,42.0
2500,9,21,7,40.0
2500,9,22,8,37.0
2500,9,23,9,40.0
2500,9,24,14,66.0
2500,9,25,17,77.0
2500,9,26,19,72.0
2500,9,27,21,67.0
2500,9,28,23,67.0
2500,9,29,31,93.0
2500,9,30,34,71.0
2500,9,31,38,72.0
2500,9,32,41,63.0
2500,9,33,43,48.0
2500,9,34,48,71.0
2500,9,35,55,51.0
2500,9,36,56,49.0
2500,9,37,58,29.0
2500,9,38,61,43.0
2500,9,39,65,31.0
2500,9,40,72,43.0
2500,9,41,76,45.0
2500,9,42,80,30.0
2500,9,43,81,9.0
2500,9,44,82,6.0
2500,9,45,82,0.0
2500,9,46,87,27.0
2500,9,47,90,32.0
2500,9,48,92,10.0
2500,9,49,94,13.0
2500,9,50,98,13.0
2500,9,51,99,10.0
2500,9,52,102,16.0
2500,9,53,106,23.0
2500,9,54,112,40.0
2500,9,55,114,15.0
2500,9,56,116,6.0
2500,9,57,117,3.0
2500,9,58,119,5.0
2500,9,59,121,5.0
2500,9,60,121,0.0
2500,9,61,121,0.0
2500,9,62,123,9.0
2500,9,63,123,6.0
2500,9,64,124,7.0
2500,9,65,125,2.0
2500,9,66,126,4.0
2500,9,67,128,5.0
2500,9,68,130,5.0
2500,9,69,130,5.0
2500,10,20,6,46.0
2500,10,21,13,91.0
2500,10,22,17,103.0
2500,10,23,25,135.0
2500,10,24,30,112.0
2500,10,25,33,109.0
2500,10,26,33,73.0
2500,10,27,37,62.0
2500,10,28,40,66.0
2500,10,29,45,59.0
2500,10,30,46,16.0
2500,10,31,49,8.0
2500,10,32,57,31.0
2500,10,33,62,33.0
2500,10,34,69,33.0
2500,10,35,73,14.0
2500,10,36,73,1.0
2500,10,37,79,19.0
2500,10,38,81,8.0
2500,10,39,85,15.0
2500,10,40,88,11.0
2500,10,41,90,3.0
2500,10,42,90,0.0
2500,10,43,90,0.0
2500,10,44,93,15.0
2500,10,45,97,20.0
2500,10,46,97,7.0
2500,10,47,100,9.0
2500,10,48,102,2.0
2500,10,49,104,6.0
2500,10,50,105,7.0
2500,10,51,107,6.0
2500,10,52,107,0.0
2500,10,53,107,0.0
2500,10,54,107,0.0
2500,10,55,108,2.0
2500,10,56,108,0.0
2500,10,57,108,0.0
2500,10,58,110,8.0
2500,10,59,110,0.0
2500,10,60,110,0.0
2500,10,61,111,7.0
2500,10,62,112,7.0
2500,10,63,112,0.0
2500,10,64,112,0.0
2500,10,65,112,0.0
2500,10,66,112,0.0
2500,10,67,113,1.0
2500,10,68,114,2.0
2500,10,69,115,1.0
2500,11,20,8,74.0
2500,11,21,12,97.0
2500,11,22,16,113.0
2500,11,23,23,144.0
2500,11,24,28,161.0
2500,11,25,32,181.0
2500,11,26,33,132.0
2500,11,27,35,112.0
2500,11,28,39,78.0
2500,11,29,44,93.0
2500,11,30,48,97.0
2500,11,31,50,66.0
2500,11,32,53,69.0
2500,11,33,53,48.0
2500,11,34,60,61.0
2500,11,35,63,33.0
2500,11,36,65,24.0
2500,11,37,68,14.0
2500,11,38,72,13.0
2500,11,39,73,8.0
2500,11,40,77,10.0
2500,11,41,79,7.0
2500,11,42,79,2.0
2500,11,43,82,10.0
2500,11,44,84,8.0
2500,11,45,87,11.0
2500,11,46,88,4.0
2500,11,47,89,5.0
2500,11,48,92,12.0
2500,11,49,95,4.0
2500,11,50,100,12.0
2500,11,51,100,3.0
2500,11,52,103,9.0
2500,11,53,105,11.0
2500,11,54,105,1.0
2500,11,55,109,17.0
2500,11,56,110,2.0
2500,11,57,111,7.0
2500,11,58,111,0.0
2500,11,59,111,0.0
2500,11,60,111,0.0
2500,11,61,114,12.0
2500,11,62,114,0.0
2500,11,63,115,2.0
2500,11,64,116,2.0
2500,11,65,117,9.0
2500,11,66,117,0.0
2500,11,67,118,2.0
2500,11,68,119,3.0
2500,11,69,119,3.0
2500,12,20,3,25.0
2500,12,21,7,52.0
2500,12,22,11,67.0
2500,12,23,21,88.0
2500,12,24,23,80.0
2500,12,25,27,73.0
2500,12,26,30,70.0
2500,12,27,31,36.0
2500,12,28,39,58.0
2500,12,29,47,88.0
2500,12,30,52,58.0
2500,12,31,55,54.0
2500,12,32,59,38.0
2500,12,33,62,35.0
2500,12,34,65,39.0
2500,12,35,67,16.0
2500,12,36,68,5.0
2500,12,37,69,5.0
2500,12,38,70,8.0
2500,12,39,74,15.0
2500,12,40,77,24.0
2500,12,41,77,16.0
2500,12,42,77,0.0
2500,12,43,82,22.0
2500,12,44,84,10.0
2500,12,45,85,5.0
2500,12,46,85,3.0
2500,12,47,87,5.0
2500,12,48,87,2.0
2500,12,49,91,20.0
2500,12,50,94,11.0
2500,12,51,94,0.0
2500,12,52,96,4.0
2500,12,53,98,4.0
2500,12,54,101,8.0
2500,12,55,101,1.0
2500,12,56,101,1.0
2500,12,57,102,3.0
2500,12,58,103,1.0
2500,12,59,104,2.0
2500,12,60,104,0.0
2500,12,61,105,4.0
2500,12,62,106,8.0
2500,12,63,106,0.0
2500,12,64,109,6.0
2500,12,65,109,2.0
2500,12,66,109,0.0
2500,12,67,110,1.0
2500,12,68,111,3.0
2500,12,69,112,3.0
2500,13,20,3,53.0
2500,13,21,5,65.0
2500,13,22,11,109.0
2500,13,23,19,112.0
2500,13,24,22,91.0
2500,13,25,25,109.0
2500,13,26,26,59.0
2500,13,27,27,60.0
2500,13,28,30,63.0
2500,13,29,30,63.0
2500,13,30,31,57.0
2500,13,31,33,38.0
2500,13,32,34,41.0
2500,13,33,34,26.0
2500,13,34,39,36.0
2500,13,35,45,61.0
2500,13,36,46,48.0
2500,13,37,52,69.0
2500,13,38,54,56.0
2500,13,39,60,68.0
2500,13,40,60,42.0
2500,13,41,63,23.0
2500,13,42,65,28.0
2500,13,43,68,26.0
2500,13,44,70,10.0
2500,13,45,71,7.0
2500,13,46,75,10.0
2500,13,47,76,11.0
2500,13,48,76,0.0
2500,13,49,79,11.0
2500,13,50,80,9.0
2500,13,51,81,2.0
2500,13,52,84,15.0
2500,13,53,89,10.0
2500,13,54,91,10.0
2500,13,55,91,0.0
2500,13,56,92,2.0
2500,13,57,94,14.0
2500,13,58,97,11.0
2500,13,59,100,11.0
2500,13,60,102,5.0
2500,13,61,103,12.0
2500,13,62,104,4.0
2500,13,63,104,0.0
2500,13,64,104,0.0
2500,13,65,108,13.0
2500,13,66,109,3.0
2500,13,67,109,0.0
2500,13,68,111,4.0
2500,13,69,114,15.0
2500,14,20,4,23.0
2500,14,21,9,50.0
2500,14,22,11,58.0
2500,14,23,12,64.0
2500,14,24,16,62.0
2500,14,25,20,55.0
2500,14,26,24,40.0
2500,14,27,26,36.0
2500,14,28,27,39.0
2500,14,29,33,33.0
2500,14,30,36,42.0
2500,14,31,39,14.0
2500,14,32,44,28.0
2500,14,33,46,42.0
2500,14,34,49,22.0
2500,14,35,54,24.0
2500,14,36,56,16.0
2500,14,37,57,12.0
2500,14,38,59,17.0
2500,14,39,62,18.0
2500,14,40,62,9.0
2500,14,41,65,19.0
2500,14,42,67,7.0
2500,14,43,68,4.0
2500,14,44,70,11.0
2500,14,45,75,15.0
2500,14,46,79,10.0
2500,14,47,79,4.0
2500,14,48,81,7.0
2500,14,49,83,14.0
2500,14,50,83,4.0
2500,14,51,83,0.0
2500,14,52,83,0.0
2500,14,53,85,6.0
2500,14,54,85,0.0
2500,14,55,86,7.0
2500,14,56,89,18.0
2500,14,57,90,5.0
2500,14,58,92,4.0
2500,14,59,92,2.0
2500,14,60,93,6.0
2500,14,61,94,2.0
2500,14,62,94,0.0
2500,14,63,94,0.0
2500,14,64,94,0.0
2500,14,65,95,1.0
2500,14,66,95,0.0
2500,14,67,95,0.0
2500,14,68,96,1.0
2500,14,69,96,0.0
2500,15,20,3,30.0
2500,15,21,4,41.0
2500,15,22,7,63.0
2500,15,23,9,90.0
2500,15,24,12,73.0
2500,15,25,13,66.0
2500,15,26,24,130.0
2500,15,27,29,104.0
2500,15,28,35,106.0
2500,15,29,37,76.0
2500,15,30,40,56.0
2500,15,31,49,90.0
2500,15,32,58,72.0
2500,15,33,62,42.0
2500,15,34,64,26.0
2500,15,35,67,33.0
2500,15,36,70,26.0
2500,15,37,70,15.0
2500,15,38,73,14.0
2500,15,39,77,12.0
2500,15,40,80,20.0
2500,15,41,81,12.0
2500,15,42,82,8.0
2500,15,43,83,2.0
2500,15,44,83,0.0
2500,15,45,85,3.0
2500,15,46,86,5.0
2500,15,47,89,12.0
2500,15,48,90,9.0
2500,15,49,94,12.0
2500,15,50,96,14.0
2500,15,51,96,0.0
2500,15,52,98,6.0
2500,15,53,102,14.0
2500,15,54,104,4.0
2500,15,55,107,15.0
2500,15,56,107,6.0
2500,15,57,107,6.0
2500,15,58,109,5.0
2500,15,59,111,16.0
2500,15,60,111,0.0
2500,15,61,114,9.0
2500,15,62,114,0.0
2500,15,63,114,0.0
2500,15,64,114,0.0
2500,15,65,114,0.0
2500,15,66,114,0.0
2500,15,67,117,9.0
2500,15,68,117,1.0
2500,15,69,117,0.0
2500,16,20,3,21.0
2500,16,21,9,60.0
2500,16,22,15,87.0
2500,16,23,19,95.0
2500,16,24,27,112.0
2500,16,25,31,73.0
2500,16,26,31,60.0
2500,16,27,32,64.0
2500,16,28,37,71.0
2500,16,29,39,40.0
2500,16,30,43,43.0
2500,16,31,47,30.0
2500,16,32,52,33.0
2500,16,33,55,15.0
2500,16,34,59,23.0
2500,16,35,61,8.0
2500,16,36,61,4.0
2500,16,37,61,0.0
2500,16,38,65,17.0
2500,16,39,66,8.0
2500,16,40,66,0.0
2500,16,41,66,0.0
2500,16,42,72,19.0
2500,16,43,75,18.0
2500,16,44,76,10.0
2500,16,45,78,11.0
2500,16,46,81,16.0
2500,16,47,82,14.0
2500,16,48,82,0.0
2500,16,49,84,13.0
2500,16,50,87,13.0
2500,16,51,90,13.0
2500,16,52,90,0.0
2500,16,53,91,1.0
2500,16,54,91,0.0
2500,16,55,92,4.0
2500,16,56,92,0.0
2500,16,57,93,2.0
2500,16,58,93,0.0
2500,16,59,96,15.0
2500,16,60,100,19.0
2500,16,61,101,1.0
2500,16,62,102,5.0
2500,16,63,103,8.0
2500,16,64,105,3.0
2500,16,65,106,6.0
2500,16,66,107,4.0
2500,16,67,107,2.0
2500,16,68,108,7.0
2500,16,69,109,13.0
2500,17,20,1,11.0
2500,17,21,4,38.0
2500,17,22,8,70.0
2500,17,23,8,51.0
2500,17,24,15,96.0
2500,17,25,20,95.0
2500,17,26,31,138.0
2500,17,27,32,132.0
2500,17,28,36,74.0
2500,17,29,40,81.0
2500,17,30,42,59.0
2500,17,31,46,39.0
2500,17,32,46,14.0
2500,17,33,46,7.0
2500,17,34,47,12.0
2500,17,35,47,7.0
2500,17,36,48,9.0
2500,17,37,50,3.0
2500,17,38,51,3.0
2500,17,39,53,9.0
2500,17,40,55,18.0
2500,17,41,55,3.0
2500,17,42,56,6.0
2500,17,43,60,23.0
2500,17,44,60,15.0
2500,17,45,61,7.0
2500,17,46,62,4.0
2500,17,47,66,13.0
2500,17,48,68,9.0
2500,17,49,69,6.0
2500,17,50,71,12.0
2500,17,51,74,6.0
2500,17,52,80,17.0
2500,17,53,85,25.0
2500,17,54,87,6.0
2500,17,55,89,6.0
2500,17,56,96,35.0
2500,17,57,96,11.0
2500,17,58,99,10.0
2500,17,59,101,13.0
2500,17,60,103,2.0
2500,17,61,105,9.0
2500,17,62,107,11.0
2500,17,63,108,4.0
2500,17,64,109,3.0
2500,17,65,111,7.0
2500,17,66,112,4.0
2500,17,67,112,2.0
2500,17,68,115,6.0
2500,17,69,115,0.0
2500,18,20,5,53.0
2500,18,21,9,84.0
2500,18,22,15,111.0
2500,18,23,17,94.0
2500,18,24,18,91.0
2500,18,25,24,114.0
2500,18,26,27,121.0
2500,18,27,27,111.0
2500,18,28,32,125.0
2500,18,29,39,131.0
2500,18,30,51,145.0
2500,18,31,60,152.0
2500,18,32,62,107.0
2500,18,33,67,92.0
2500,18,34,71,50.0
2500,18,35,75,49.0
2500,18,36,77,46.0
2500,18,37,79,10.0
2500,18,38,81,7.0
2500,18,39,85,22.0
2500,18,40,85,7.0
2500,18,41,87,9.0
2500,18,42,88,9.0
2500,18,43,94,36.0
2500,18,44,98,28.0
2500,18,45,98,8.0
2500,18,46,98,0.0
2500,18,47,100,11.0
2500,18,48,101,4.0
2500,18,49,101,4.0
2500,18,50,102,8.0
2500,18,51,105,4.0
2500,18,52,106,3.0
2500,18,53,107,9.0
2500,18,54,110,11.0
2500,18,55,111,8.0
2500,18,56,111,8.0
2500,18,57,111,0.0
2500,18,58,113,4.0
2500,18,59,114,2.0
2500,18,60,114,0.0
2500,18,61,115,5.0
2500,18,62,115,0.0
2500,18,63,116,1.0
2500,18,64,116,0.0
2500,18,65,116,0.0
2500,18,66,117,1.0
2500,18,67,118,2.0
2500,18,68,120,4.0
2500,18,69,120,0.0
2500,19,20,2,12.0
2500,19,21,3,21.0
2500,19,22,6,33.0
2500,19,23,9,58.0
2500,19,24,11,71.0
2500,19,25,12,65.0
2500,19,26,17,97.0
2500,19,27,20,97.0
2500,19,28,24,105.0
2500,19,29,27,91.0
2500,19,30,30,69.0
2500,19,31,33,67.0
2500,19,32,35,87.0
2500,19,33,40,78.0
2500,19,34,43,76.0
2500,19,35,44,36.0
2500,19,36,45,37.0
2500,19,37,49,71.0
2500,19,38,51,58.0
2500,19,39,56,48.0
2500,19,40,57,20.0
2500,19,41,65,60.0
2500,19,42,66,46.0
2500,19,43,68,36.0
2500,19,44,69,33.0
2500,19,45,72,16.0
2500,19,46,74,17.0
2500,19,47,74,17.0
2500,19,48,83,36.0
2500,19,49,86,15.0
2500,19,50,87,3.0
2500,19,51,88,3.0
2500,19,52,89,2.0
2500,19,53,90,7.0
2500,19,54,90,0.0
2500,19,55,93,9.0
2500,19,56,93,4.0
2500,19,57,95,7.0
2500,19,58,97,6.0
2500,19,59,97,4.0
2500,19,60,99,10.0
2500,19,61,100,10.0
2500,19,62,105,9.0
2500,19,63,105,0.0
2500,19,64,108,6.0
2500,19,65,108,2.0
2500,19,66,108,0.0
2500,19,67,109,4.0
2500,19,68,110,9.0
2500,19,69,111,12.0
2500,20,20,3,23.0
2500,20,21,6,49.0
2500,20,22,10,70.0
2500,20,23,17,71.0
2500,20,24,21,85.0
2500,20,25,22,76.0
2500,20,26,23,73.0
2500,20,27,23,40.0
2500,20,28,24,28.0
2500,20,29,31,49.0
2500,20,30,36,84.0
2500,20,31,36,51.0
2500,20,32,38,42.0
2500,20,33,42,61.0
2500,20,34,46,51.0
2500,20,35,52,29.0
2500,20,36,53,20.0
2500,20,37,55,23.0
2500,20,38,56,18.0
2500,20,39,56,14.0
2500,20,40,57,7.0
2500,20,41,62,26.0
2500,20,42,62,7.0
2500,20,43,66,30.0
2500,20,44,70,26.0
2500,20,45,70,14.0
2500,20,46,73,10.0
2500,20,47,78,23.0
2500,20,48,81,23.0
2500,20,49,81,4.0
2500,20,50,82,4.0
2500,20,51,84,9.0
2500,20,52,85,10.0
2500,20,53,85,5.0
2500,20,54,86,9.0
2500,20,55,88,7.0
2500,20,56,90,6.0
2500,20,57,93,15.0
2500,20,58,93,4.0
2500,20,59,93,0.0
2500,20,60,94,4.0
2500,20,61,94,0.0
2500,20,62,95,3.0
2500,20,63,97,7.0
2500,20,64,100,7.0
2500,20,65,106,14.0
2500,20,66,107,12.0
2500,20,67,109,8.0
2500,20,68,109,0.0
2500,20,69,113,7.0
2500,21,20,3,44.0
2500,21,21,6,79.0
2500,21,22,11,116.0
2500,21,23,13,112.0
2500,21,24,16,83.0
2500,21,25,16,77.0
2500,21,26,19,56.0
2500,21,27,21,55.0
2500,21,28,23,61.0
2500,21,29,29,89.0
2500,21,30,33,65.0
2500,21,31,41,75.0
2500,21,32,47,95.0
2500,21,33,50,70.0
2500,21,34,52,41.0
2500,21,35,56,42.0
2500,21,36,59,45.0
2500,21,37,59,37.0
2500,21,38,61,32.0
2500,21,39,61,20.0
2500,21,40,64,30.0
2500,21,41,66,21.0
2500,21,42,68,27.0
2500,21,43,68,20.0
2500,21,44,68,1.0
2500,21,45,71,23.0
2500,21,46,73,17.0
2500,21,47,74,8.0
2500,21,48,74,0.0
2500,21,49,76,9.0
2500,21,50,77,1.0
2500,21,51,78,6.0
2500,21,52,81,17.0
2500,21,53,82,8.0
2500,21,54,83,13.0
2500,21,55,84,9.0
2500,21,56,87,14.0
2500,21,57,87,7.0
2500,21,58,89,17.0
2500,21,59,89,0.0
2500,21,60,89,0.0
2500,21,61,91,6.0
2500,21,62,91,4.0
2500,21,63,92,6.0
2500,21,64,95,15.0
2500,21,65,96,5.0
2500,21,66,96,0.0
2500,21,67,97,1.0
2500,21,68,99,10.0
2500,21,69,99,4.0
2500,22,20,4,27.0
2500,22,21,11,56.0
2500,22,22,16,69.0
2500,22,23,17,29.0
2500,22,24,20,28.0
2500,22,25,23,32.0
2500,22,26,27,47.0
2500,22,27,30,33.0
2500,22,28,31,33.0
2500,22,29,32,29.0
2500,22,30,37,42.0
2500,22,31,43,54.0
2500,22,32,48,52.0
2500,22,33,50,22.0
2500,22,34,57,41.0
2500,22,35,59,29.0
2500,22,36,63,36.0
2500,22,37,67,41.0
2500,22,38,67,29.0
2500,22,39,68,12.0
2500,22,40,74,21.0
2500,22,41,80,29.0
2500,22,42,81,13.0
2500,22,43,83,15.0
2500,22,44,84,11.0
2500,22,45,86,9.0
2500,22,46,90,17.0
2500,22,47,90,9.0
2500,22,48,90,3.0
2500,22,49,94,9.0
2500,22,50,99,25.0
2500,22,51,101,9.0
2500,22,52,105,18.0
2500,22,53,105,6.0
2500,22,54,105,0.0
2500,22,55,105,0.0
2500,22,56,106,6.0
2500,22,57,108,7.0
2500,22,58,108,0.0
2500,22,59,109,3.0
2500,22,60,109,0.0
2500,22,61,111,3.0
2500,22,62,112,5.0
2500,22,63,113,4.0
2500,22,64,117,21.0
2500,22,65,118,16.0
2500,22,66,121,17.0
2500,22,67,123,9.0
2500,22,68,123,1.0
2500,22,69,124,1.0
2500,23,20,6,26.0
2500,23,21,10,78.0
2500,23,22,12,63.0
2500,23,23,12,45.0
2500,23,24,17,59.0
2500,23,25,19,37.0
2500,23,26,22,55.0
2500,23,27,24,34.0
2500,23,28,29,70.0
2500,23,29,33,40.0
2500,23,30,38,27.0
2500,23,31,42,31.0
2500,23,32,42,15.0
2500,23,33,43,10.0
2500,23,34,46,21.0
2500,23,35,49,20.0
2500,23,36,53,30.0
2500,23,37,56,22.0
2500,23,38,59,23.0
2500,23,39,62,9.0
2500,23,40,62,0.0
2500,23,41,62,0.0
2500,23,42,62,0.0
2500,23,43,63,6.0
2500,23,44,66,12.0
2500,23,45,66,6.0
2500,23,46,68,2.0
2500,23,47,71,7.0
2500,23,48,73,13.0
2500,23,49,75,7.0
2500,23,50,79,16.0
2500,23,51,80,1.0
2500,23,52,81,3.0
2500,23,53,83,6.0
2500,23,54,86,19.0
2500,23,55,89,10.0
2500,23,56,89,3.0
2500,23,57,90,13.0
2500,23,58,90,0.0
2500,23,59,90,0.0
2500,23,60,92,9.0
2500,23,61,95,11.0
2500,23,62,97,6.0
2500,23,63,98,8.0
2500,23,64,100,4.0
2500,23,65,100,1.0
2500,23,66,101,7.0
2500,23,67,102,3.0
2500,23,68,103,4.0
2500,23,69,104,3.0
5000,0,20,2,16.0
5000,0,21,2,16.0
5000,0,22,7,47.0
5000,0,23,9,58.0
5000,0,24,13,85.0
5000,0,25,15,99.0
5000,0,26,20,131.0
5000,0,27,22,138.0
5000,0,28,25,140.0
5000,0,29,27,153.0
5000,0,30,29,148.0
5000,0,31,31,158.0
5000,0,32,37,172.0
5000,0,33,50,215.0
5000,0,34,53,188.0
5000,0,35,55,185.0
5000,0,36,58,206.0
5000,0,37,59,151.0
5000,0,38,59,123.0
5000,0,39,70,165.0
5000,0,40,72,135.0
5000,0,41,81,186.0
5000,0,42,83,177.0
5000,0,43,86,164.0
5000,0,44,91,158.0
5000,0,45,98,178.0
5000,0,46,103,159.0
5000,0,47,104,151.0
5000,0,48,106,125.0
5000,0,49,111,108.0
5000,0,50,111,68.0
5000,0,51,113,60.0
5000,0,52,114,46.0
5000,0,53,116,38.0
5000,0,54,120,40.0
5000,0,55,121,37.0
5000,0,56,127,60.0
5000,0,57,127,43.0
5000,0,58,130,35.0
5000,0,59,133,37.0
5000,0,60,135,28.0
5000,0,61,135,13.0
5000,0,62,135,9.0
5000,0,63,140,28.0
5000,0,64,140,19.0
5000,0,65,144,28.0
5000,0,66,149,41.0
5000,0,67,153,35.0
5000,0,68,155,25.0
5000,0,69,159,28.0
5000,1,20,2,19.0
5000,1,21,13,114.0
5000,1,22,15,118.0
5000,1,23,18,126.0
5000,1,24,24,149.0
5000,1,25,27,178.0
5000,1,26,29,214.0
5000,1,27,30,202.0
5000,1,28,33,216.0
5000,1,29,36,208.0
5000,1,30,36,200.0
5000,1,31,41,201.0
5000,1,32,43,224.0
5000,1,33,47,239.0
5000,1,34,51,250.0
5000,1,35,53,234.0
5000,1,36,55,218.0
5000,1,37,61,218.0
5000,1,38,64,170.0
5000,1,39,67,157.0
5000,1,40,71,160.0
5000,1,41,75,140.0
5000,1,42,81,128.0
5000,1,43,89,118.0
5000,1,44,89,78.0
5000,1,45,90,65.0
5000,1,46,91,49.0
5000,1,47,94,58.0
5000,1,48,100,90.0
5000,1,49,100,54.0
5000,1,50,101,52.0
5000,1,51,105,51.0
5000,1,52,107,57.0
5000,1,53,109,58.0
5000,1,54,113,43.0
5000,1,55,117,52.0
5000,1,56,118,35.0
5000,1,57,120,35.0
5000,1,58,125,50.0
5000,1,59,128,41.0
5000,1,60,128,23.0
5000,1,61,130,24.0
5000,1,62,131,26.0
5000,1,63,133,23.0
5000,1,64,135,20.0
5000,1,65,136,20.0
5000,1,66,140,48.0
5000,1,67,140,31.0
5000,1,68,140,23.0
5000,1,69,143,29.0
5000,2,20,3,22.0
5000,2,21,7,47.0
5000,2,22,13,85.0
5000,2,23,22,124.0
5000,2,24,26,149.0
5000,2,25,28,134.0
5000,2,26,33,148.0
5000,2,27,36,128.0
5000,2,28,44,136.0
5000,2,29,47,117.0
5000,2,30,49,98.0
5000,2,31,53,85.0
5000,2,32,55,76.0
5000,2,33,60,59.0
5000,2,34,68,74.0
5000,2,35,75,83.0
5000,2,36,79,79.0
5000,2,37,81,51.0
5000,2,38,83,56.0
5000,2,39,86,31.0
5000,2,40,91,48.0
5000,2,41,96,36.0
5000,2,42,97,40.0
5000,2,43,103,52.0
5000,2,44,103,38.0
5000,2,45,104,42.0
5000,2,46,105,26.0
5000,2,47,110,41.0
5000,2,48,112,16.0
5000,2,49,117,29.0
5000,2,50,118,24.0
5000,2,51,120,22.0
5000,2,52,121,19.0
5000,2,53,121,10.0
5000,2,54,123,21.0
5000,2,55,125,26.0
5000,2,56,131,47.0
5000,2,57,131,15.0
5000,2,58,137,22.0
5000,2,59,141,25.0
5000,2,60,144,23.0
5000,2,61,145,6.0
5000,2,62,145,2.0
5000,2,63,151,29.0
5000,2,64,156,26.0
5000,2,65,162,43.0
5000,2,66,166,29.0
5000,2,67,167,7.0
5000,2,68,168,13.0
5000,2,69,170,9.0
5000,3,20,4,26.0
5000,3,21,9,74.0
5000,3,22,13,99.0
5000,3,23,18,138.0
5000,3,24,24,174.0
5000,3,25,30,196.0
5000,3,26,35,190.0
5000,3,27,42,210.0
5000,3,28,46,178.0
5000,3,29,51,142.0
5000,3,30,54,116.0
5000,3,31,56,117.0
5000,3,32,57,109.0
5000,3,33,58,112.0
5000,3,34,58,74.0
5000,3,35,58,69.0
5000,3,36,59,61.0
5000,3,37,60,61.0
5000,3,38,65,90.0
5000,3,39,68,93.0
5000,3,40,74,82.0
5000,3,41,78,82.0
5000,3,42,79,46.0
5000,3,43,81,38.0
5000,3,44,87,48.0
5000,3,45,92,49.0
5000,3,46,94,36.0
5000,3,47,95,19.0
5000,3,48,99,25.0
5000,3,49,104,36.0
5000,3,50,105,35.0
5000,3,51,105,27.0
5000,3,52,108,15.0
5000,3,53,108,3.0
5000,3,54,112,18.0
5000,3,55,116,27.0
5000,3,56,117,14.0
5000,3,57,125,42.0
5000,3,58,131,42.0
5000,3,59,134,45.0
5000,3,60,135,23.0
5000,3,61,140,23.0
5000,3,62,140,20.0
5000,3,63,140,5.0
5000,3,64,141,5.0
5000,3,65,143,8.0
5000,3,66,146,13.0
5000,3,67,147,13.0
5000,3,68,147,5.0
5000,3,69,149,16.0
5000,4,20,8,98.0
5000,4,21,11,86.0
5000,4,22,15,121.0
5000,4,23,18,118.0
5000,4,24,24,140.0
5000,4,25,28,167.0
5000,4,26,31,169.0
5000,4,27,38,195.0
5000,4,28,43,210.0
5000,4,29,47,196.0
5000,4,30,50,205.0
5000,4,31,54,168.0
5000,4,32,56,126.0
5000,4,33,58,121.0
5000,4,34,59,104.0
5000,4,35,62,115.0
5000,4,36,65,72.0
5000,4,37,68,48.0
5000,4,38,72,43.0
5000,4,39,73,29.0
5000,4,40,76,32.0
5000,4,41,76,20.0
5000,4,42,76,15.0
5000,4,43,79,29.0
5000,4,44,84,41.0
5000,4,45,88,34.0
5000,4,46,91,44.0
5000,4,47,92,31.0
5000,4,48,92,13.0
5000,4,49,94,22.0
5000,4,50,98,26.0
5000,4,51,101,23.0
5000,4,52,102,10.0
5000,4,53,107,17.0
5000,4,54,110,24.0
5000,4,55,112,11.0
5000,4,56,116,21.0
5000,4,57,119,27.0
5000,4,58,121,20.0
5000,4,59,121,20.0
5000,4,60,125,32.0
5000,4,61,127,34.0
5000,4,62,128,27.0
5000,4,63,131,16.0
5000,4,64,135,21.0
5000,4,65,136,14.0
5000,4,66,137,4.0
5000,4,67,138,7.0
5000,4,68,138,7.0
5000,4,69,141,13.0
5000,5,20,4,61.0
5000,5,21,8,124.0
5000,5,22,10,135.0
5000,5,23,15,153.0
5000,5,24,18,157.0
5000,5,25,27,225.0
5000,5,26,32,245.0
5000,5,27,36,248.0
5000,5,28,41,255.0
5000,5,29,46,260.0
5000,5,30,48,219.0
5000,5,31,52,214.0
5000,5,32,53,150.0
5000,5,33,54,132.0
5000,5,34,58,132.0
5000,5,35,65,141.0
5000,5,36,70,119.0
5000,5,37,77,119.0
5000,5,38,81,119.0
5000,5,39,81,104.0
5000,5,40,84,82.0
5000,5,41,86,63.0
5000,5,42,95,71.0
5000,5,43,96,52.0
5000,5,44,98,63.0
5000,5,45,98,21.0
5000,5,46,102,39.0
5000,5,47,105,51.0
5000,5,48,108,21.0
5000,5,49,110,24.0
5000,5,50,114,20.0
5000,5,51,117,22.0
5000,5,52,119,27.0
5000,5,53,123,31.0
5000,5,54,125,23.0
5000,5,55,127,27.0
5000,5,56,129,15.0
5000,5,57,130,12.0
5000,5,58,134,20.0
5000,5,59,137,14.0
5000,5,60,140,16.0
5000,5,61,141,5.0
5000,5,62,144,8.0
5000,5,63,153,45.0
5000,5,64,154,26.0
5000,5,65,154,16.0
5000,5,66,155,7.0
5000,5,67,158,11.0
5000,5,68,158,1.0
5000,5,69,158,1.0
5000,6,20,5,52.0
5000,6,21,8,70.0
5000,6,22,14,121.0
5000,6,23,14,98.0
5000,6,24,23,151.0
5000,6,25,25,143.0
5000,6,26,26,111.0
5000,6,27,27,113.0
5000,6,28,31,127.0
5000,6,29,42,170.0
5000,6,30,47,190.0
5000,6,31,51,183.0
5000,6,32,52,161.0
5000,6,33,55,150.0
5000,6,34,62,206.0
5000,6,35,66,144.0
5000,6,36,69,156.0
5000,6,37,69,86.0
5000,6,38,74,114.0
5000,6,39,78,110.0
5000,6,40,84,102.0
5000,6,41,86,113.0
5000,6,42,89,74.0
5000,6,43,93,88.0
5000,6,44,93,64.0
5000,6,45,99,78.0
5000,6,46,102,71.0
5000,6,47,104,64.0
5000,6,48,107,56.0
5000,6,49,108,18.0
5000,6,50,112,13.0
5000,6,51,117,32.0
5000,6,52,120,45.0
5000,6,53,122,29.0
5000,6,54,123,17.0
5000,6,55,124,23.0
5000,6,56,125,15.0
5000,6,57,126,9.0
5000,6,58,130,29.0
5000,6,59,130,10.0
5000,6,60,132,21.0
5000,6,61,133,14.0
5000,6,62,134,12.0
5000,6,63,137,8.0
5000,6,64,142,17.0
5000,6,65,145,21.0
5000,6,66,145,12.0
5000,6,67,149,18.0
5000,6,68,150,9.0
5000,6,69,152,10.0
5000,7,20,3,22.0
5000,7,21,8,66.0
5000,7,22,9,76.0
5000,7,23,13,122.0
5000,7,24,17,153.0
5000,7,25,17,142.0
5000,7,26,22,140.0
5000,7,27,23,158.0
5000,7,28,24,143.0
5000,7,29,24,126.0
5000,7,30,29,137.0
5000,7,31,31,116.0
5000,7,32,36,123.0
5000,7,33,39,112.0
5000,7,34,43,126.0
5000,7,35,44,121.0
5000,7,36,44,73.0
5000,7,37,47,100.0
5000,7,38,48,91.0
5000,7,39,49,64.0
5000,7,40,52,80.0
5000,7,41,53,45.0
5000,7,42,57,53.0
5000,7,43,59,41.0
5000,7,44,62,49.0
5000,7,45,65,50.0
5000,7,46,67,73.0
5000,7,47,67,34.0
5000,7,48,71,58.0
5000,7,49,73,35.0
5000,7,50,73,27.0
5000,7,51,77,37.0
5000,7,52,81,60.0
5000,7,53,81,39.0
5000,7,54,84,40.0
5000,7,55,86,16.0
5000,7,56,89,30.0
5000,7,57,91,23.0
5000,7,58,95,38.0
5000,7,59,101,44.0
5000,7,60,102,50.0
5000,7,61,103,54.0
5000,7,62,104,42.0
5000,7,63,107,25.0
5000,7,64,111,32.0
5000,7,65,113,13.0
5000,7,66,120,33.0
5000,7,67,125,38.0
5000,7,68,127,27.0
5000,7,69,129,11.0
5000,8,20,5,39.0
5000,8,21,9,85.0
5000,8,22,9,80.0
5000,8,23,11,100.0
5000,8,24,15,111.0
5000,8,25,17,110.0
5000,8,26,20,118.0
5000,8,27,22,134.0
5000,8,28,24,131.0
5000,8,29,27,144.0
5000,8,30,27,137.0
5000,8,31,28,135.0
5000,8,32,28,118.0
5000,8,33,34,145.0
5000,8,34,34,119.0
5000,8,35,36,93.0
5000,8,36,41,93.0
5000,8,37,44,104.0
5000,8,38,50,89.0
5000,8,39,56,102.0
5000,8,40,60,116.0
5000,8,41,63,124.0
5000,8,42,66,118.0
5000,8,43,69,104.0
5000,8,44,74,104.0
5000,8,45,78,97.0
5000,8,46,84,103.0
5000,8,47,89,81.0
5000,8,48,100,105.0
5000,8,49,101,65.0
5000,8,50,103,58.0
5000,8,51,106,59.0
5000,8,52,110,50.0
5000,8,53,113,34.0
5000,8,54,115,32.0
5000,8,55,116,31.0
5000,8,56,121,38.0
5000,8,57,129,63.0
5000,8,58,131,45.0
5000,8,59,135,53.0
5000,8,60,135,27.0
5000,8,61,137,22.0
5000,8,62,140,24.0
5000,8,63,143,36.0
5000,8,64,143,9.0
5000,8,65,145,3.0
5000,8,66,146,2.0
5000,8,67,147,4.0
5000,8,68,147,1.0
5000,8,69,149,10.0
5000,9,20,5,26.0
5000,9,21,8,66.0
5000,9,22,13,93.0
5000,9,23,19,123.0
5000,9,24,20,106.0
5000,9,25,25,138.0
5000,9,26,26,130.0
5000,9,27,28,131.0
5000,9,28,35,164.0
5000,9,29,44,207.0
5000,9,30,47,225.0
5000,9,31,55,253.0
5000,9,32,59,236.0
5000,9,33,61,232.0
5000,9,34,67,221.0
5000,9,35,71,202.0
5000,9,36,75,175.0
5000,9,37,78,139.0
5000,9,38,79,111.0
5000,9,39,82,109.0
5000,9,40,82,87.0
5000,9,41,91,121.0
5000,9,42,95,107.0
5000,9,43,98,103.0
5000,9,44,101,88.0
5000,9,45,103,63.0
5000,9,46,105,47.0
5000,9,47,108,54.0
5000,9,48,110,59.0
5000,9,49,112,21.0
5000,9,50,116,37.0
5000,9,51,120,45.0
5000,9,52,123,40.0
5000,9,53,134,66.0
5000,9,54,140,72.0
5000,9,55,141,56.0
5000,9,56,144,45.0
5000,9,57,148,48.0
5000,9,58,153,46.0
5000,9,59,159,54.0
5000,9,60,160,47.0
5000,9,61,160,34.0
5000,9,62,161,25.0
5000,9,63,161,25.0
5000,9,64,163,29.0
5000,9,65,166,30.0
5000,9,66,167,24.0
5000,9,67,167,11.0
5000,9,68,169,14.0
5000,9,69,171,16.0
5000,10,20,3,31.0
5000,10,21,6,61.0
5000,10,22,9,73.0
5000,10,23,12,104.0
5000,10,24,18,142.0
5000,10,25,24,176.0
5000,10,26,32,181.0
5000,10,27,35,175.0
5000,10,28,38,193.0
5000,10,29,39,154.0
5000,10,30,42,140.0
5000,10,31,44,79.0
5000,10,32,49,67.0
5000,10,33,52,67.0
5000,10,34,53,57.0
5000,10,35,53,51.0
5000,10,36,56,71.0
5000,10,37,57,39.0
5000,10,38,59,44.0
5000,10,39,64,56.0
5000,10,40,67,43.0
5000,10,41,68,39.0
5000,10,42,68,39.0
5000,10,43,73,42.0
5000,10,44,76,45.0
5000,10,45,77,43.0
5000,10,46,79,36.0
5000,10,47,82,30.0
5000,10,48,84,27.0
5000,10,49,84,5.0
5000,10,50,85,2.0
5000,10,51,85,2.0
5000,10,52,87,12.0
5000,10,53,93,36.0
5000,10,54,97,32.0
5000,10,55,101,32.0
5000,10,56,101,16.0
5000,10,57,103,10.0
5000,10,58,106,29.0
5000,10,59,106,8.0
5000,10,60,107,19.0
5000,10,61,110,16.0
5000,10,62,110,10.0
5000,10,63,114,30.0
5000,10,64,117,29.0
5000,10,65,117,12.0
5000,10,66,117,6.0
5000,10,67,117,0.0
5000,10,68,117,0.0
5000,10,69,118,7.0
5000,11,20,3,54.0
5000,11,21,6,89.0
5000,11,22,10,104.0
5000,11,23,14,156.0
5000,11,24,18,188.0
5000,11,25,23,200.0
5000,11,26,26,195.0
5000,11,27,31,189.0
5000,11,28,35,208.0
5000,11,29,39,204.0
5000,11,30,43,214.0
5000,11,31,45,195.0
5000,11,32,47,125.0
5000,11,33,49,109.0
5000,11,34,54,105.0
5000,11,35,58,111.0
5000,11,36,64,134.0
5000,11,37,67,141.0
5000,11,38,68,82.0
5000,11,39,76,108.0
5000,11,40,82,115.0
5000,11,41,85,100.0
5000,11,42,88,71.0
5000,11,43,89,53.0
5000,11,44,92,38.0
5000,11,45,92,30.0
5000,11,46,96,42.0
5000,11,47,102,29.0
5000,11,48,105,15.0
5000,11,49,109,17.0
5000,11,50,110,11.0
5000,11,51,111,10.0
5000,11,52,115,23.0
5000,11,53,116,26.0
5000,11,54,120,31.0
5000,11,55,124,31.0
5000,11,56,124,4.0
5000,11,57,126,11.0
5000,11,58,128,12.0
5000,11,59,131,19.0
5000,11,60,135,21.0
5000,11,61,138,6.0
5000,11,62,139,7.0
5000,11,63,141,15.0
5000,11,64,142,23.0
5000,11,65,148,38.0
5000,11,66,149,21.0
5000,11,67,153,26.0
5000,11,68,154,23.0
5000,11,69,157,32.0
5000,12,20,4,39.0
5000,12,21,10,72.0
5000,12,22,12,96.0
5000,12,23,18,134.0
5000,12,24,21,96.0
5000,12,25,27,131.0
5000,12,26,30,127.0
5000,12,27,35,146.0
5000,12,28,40,164.0
5000,12,29,45,131.0
5000,12,30,47,131.0
5000,12,31,54,140.0
5000,12,32,59,150.0
5000,12,33,62,139.0
5000,12,34,66,156.0
5000,12,35,68,131.0
5000,12,36,76,136.0
5000,12,37,80,110.0
5000,12,38,89,119.0
5000,12,39,93,116.0
5000,12,40,95,102.0
5000,12,41,96,58.0
5000,12,42,101,62.0
5000,12,43,102,47.0
5000,12,44,103,37.0
5000,12,45,107,47.0
5000,12,46,112,34.0
5000,12,47,120,48.0
5000,12,48,122,37.0
5000,12,49,129,43.0
5000,12,50,129,38.0
5000,12,51,130,44.0
5000,12,52,134,41.0
5000,12,53,134,24.0
5000,12,54,135,24.0
5000,12,55,139,31.0
5000,12,56,142,38.0
5000,12,57,142,13.0
5000,12,58,143,3.0
5000,12,59,149,25.0
5000,12,60,152,14.0
5000,12,61,158,32.0
5000,12,62,159,16.0
5000,12,63,160,10.0
5000,12,64,162,15.0
5000,12,65,165,21.0
5000,12,66,166,23.0
5000,12,67,167,20.0
5000,12,68,169,17.0
5000,12,69,171,6.0
5000,13,20,3,24.0
5000,13,21,8,61.0
5000,13,22,12,80.0
5000,13,23,16,119.0
5000,13,24,19,143.0
5000,13,25,24,166.0
5000,13,26,29,180.0
5000,13,27,33,196.0
5000,13,28,37,224.0
5000,13,29,40,191.0
5000,13,30,45,131.0
5000,13,31,49,128.0
5000,13,32,52,110.0
5000,13,33,55,110.0
5000,13,34,58,79.0
5000,13,35,60,54.0
5000,13,36,62,27.0
5000,13,37,66,44.0
5000,13,38,68,43.0
5000,13,39,70,47.0
5000,13,40,70,34.0
5000,13,41,71,20.0
5000,13,42,76,41.0
5000,13,43,78,45.0
5000,13,44,83,49.0
5000,13,45,88,44.0
5000,13,46,90,50.0
5000,13,47,91,32.0
5000,13,48,91,14.0
5000,13,49,95,17.0
5000,13,50,98,33.0
5000,13,51,100,23.0
5000,13,52,103,31.0
5000,13,53,105,24.0
5000,13,54,105,12.0
5000,13,55,105,8.0
5000,13,56,107,14.0
5000,13,57,107,11.0
5000,13,58,110,21.0
5000,13,59,112,8.0
5000,13,60,112,4.0
5000,13,61,114,7.0
5000,13,62,119,20.0
5000,13,63,120,14.0
5000,13,64,120,5.0
5000,13,65,121,3.0
5000,13,66,127,31.0
5000,13,67,131,12.0
5000,13,68,137,28.0
5000,13,69,137,13.0
5000,14,20,4,22.0
5000,14,21,4,22.0
5000,14,22,5,31.0
5000,14,23,9,58.0
5000,14,24,13,85.0
5000,14,25,20,125.0
5000,14,26,23,129.0
5000,14,27,25,124.0
5000,14,28,31,143.0
5000,14,29,35,132.0
5000,14,30,40,107.0
5000,14,31,42,96.0
5000,14,32,47,93.0
5000,14,33,51,101.0
5000,14,34,52,83.0
5000,14,35,55,62.0
5000,14,36,56,49.0
5000,14,37,58,47.0
5000,14,38,61,52.0
5000,14,39,64,27.0
5000,14,40,66,40.0
5000,14,41,68,28.0
5000,14,42,69,21.0
5000,14,43,73,32.0
5000,14,44,74,23.0
5000,14,45,77,31.0
5000,14,46,78,25.0
5000,14,47,82,44.0
5000,14,48,85,36.0
5000,14,49,90,36.0
5000,14,50,97,59.0
5000,14,51,98,31.0
5000,14,52,102,31.0
5000,14,53,103,15.0
5000,14,54,103,6.0
5000,14,55,103,6.0
5000,14,56,108,30.0
5000,14,57,108,26.0
5000,14,58,108,4.0
5000,14,59,112,19.0
5000,14,60,113,13.0
5000,14,61,116,18.0
5000,14,62,121,29.0
5000,14,63,123,25.0
5000,14,64,123,13.0
5000,14,65,126,17.0
5000,14,66,126,11.0
5000,14,67,128,10.0
5000,14,68,131,24.0
5000,14,69,134,20.0
5000,15,20,8,70.0
5000,15,21,14,116.0
5000,15,22,22,153.0
5000,15,23,27,199.0
5000,15,24,28,198.0
5000,15,25,33,231.0
5000,15,26,37,202.0
5000,15,27,41,212.0
5000,15,28,42,176.0
5000,15,29,43,172.0
5000,15,30,45,149.0
5000,15,31,48,135.0
5000,15,32,51,148.0
5000,15,33,57,171.0
5000,15,34,62,166.0
5000,15,35,64,128.0
5000,15,36,66,105.0
5000,15,37,66,68.0
5000,15,38,72,68.0
5000,15,39,73,52.0
5000,15,40,79,73.0
5000,15,41,79,51.0
5000,15,42,82,34.0
5000,15,43,86,45.0
5000,15,44,92,63.0
5000,15,45,92,34.0
5000,15,46,93,23.0
5000,15,47,95,25.0
5000,15,48,102,42.0
5000,15,49,104,28.0
5000,15,50,105,18.0
5000,15,51,106,27.0
5000,15,52,110,34.0
5000,15,53,119,49.0
5000,15,54,122,36.0
5000,15,55,125,24.0
5000,15,56,126,14.0
5000,15,57,126,7.0
5000,15,58,128,15.0
5000,15,59,134,36.0
5000,15,60,135,29.0
5000,15,61,135,11.0
5000,15,62,135,9.0
5000,15,63,136,8.0
5000,15,64,139,22.0
5000,15,65,140,18.0
5000,15,66,141,10.0
5000,15,67,142,19.0
5000,15,68,146,40.0
5000,15,69,147,34.0
5000,16,20,5,54.0
5000,16,21,8,87.0
5000,16,22,11,113.0
5000,16,23,15,157.0
5000,16,24,18,158.0
5000,16,25,25,198.0
5000,16,26,29,191.0
5000,16,27,35,218.0
5000,16,28,39,212.0
5000,16,29,41,181.0
5000,16,30,43,146.0
5000,16,31,49,141.0
5000,16,32,53,146.0
5000,16,33,56,129.0
5000,16,34,60,132.0
5000,16,35,63,106.0
5000,16,36,66,105.0
5000,16,37,70,86.0
5000,16,38,73,83.0
5000,16,39,74,69.0
5000,16,40,79,48.0
5000,16,41,84,53.0
5000,16,42,86,21.0
5000,16,43,92,42.0
5000,16,44,96,30.0
5000,16,45,101,32.0
5000,16,46,104,38.0
5000,16,47,111,47.0
5000,16,48,114,40.0
5000,16,49,119,37.0
5000,16,50,119,7.0
5000,16,51,121,5.0
5000,16,52,121,4.0
5000,16,53,122,6.0
5000,16,54,127,27.0
5000,16,55,129,22.0
5000,16,56,131,11.0
5000,16,57,133,21.0
5000,16,58,135,30.0
5000,16,59,138,37.0
5000,16,60,138,10.0
5000,16,61,139,3.0
5000,16,62,143,20.0
5000,16,63,146,28.0
5000,16,64,149,23.0
5000,16,65,152,24.0
5000,16,66,153,10.0
5000,16,67,153,10.0
5000,16,68,153,0.0
5000,16,69,155,9.0
5000,17,20,4,41.0
5000,17,21,6,62.0
5000,17,22,9,70.0
5000,17,23,10,71.0
5000,17,24,15,88.0
5000,17,25,17,103.0
5000,17,26,21,130.0
5000,17,27,24,146.0
5000,17,28,29,152.0
5000,17,29,30,151.0
5000,17,30,38,151.0
5000,17,31,40,138.0
5000,17,32,43,148.0
5000,17,33,50,150.0
5000,17,34,54,133.0
5000,17,35,60,154.0
5000,17,36,61,153.0
5000,17,37,63,126.0
5000,17,38,69,133.0
5000,17,39,69,106.0
5000,17,40,70,79.0
5000,17,41,70,24.0
5000,17,42,76,36.0
5000,17,43,80,42.0
5000,17,44,80,22.0
5000,17,45,81,24.0
5000,17,46,89,61.0
5000,17,47,92,65.0
5000,17,48,95,44.0
5000,17,49,97,43.0
5000,17,50,99,18.0
5000,17,51,104,59.0
5000,17,52,107,41.0
5000,17,53,109,45.0
5000,17,54,110,19.0
5000,17,55,112,17.0
5000,17,56,121,56.0
5000,17,57,128,67.0
5000,17,58,128,24.0
5000,17,59,131,27.0
5000,17,60,132,30.0
5000,17,61,135,39.0
5000,17,62,140,28.0
5000,17,63,142,9.0
5000,17,64,145,17.0
5000,17,65,146,14.0
5000,17,66,148,13.0
5000,17,67,150,6.0
5000,17,68,151,23.0
5000,17,69,155,40.0
5000,18,20,4,56.0
5000,18,21,5,87.0
5000,18,22,7,101.0
5000,18,23,9,116.0
5000,18,24,13,121.0
5000,18,25,16,126.0
5000,18,26,17,101.0
5000,18,27,22,102.0
5000,18,28,26,139.0
5000,18,29,28,159.0
5000,18,30,29,115.0
5000,18,31,34,142.0
5000,18,32,35,119.0
5000,18,33,37,99.0
5000,18,34,38,80.0
5000,18,35,41,71.0
5000,18,36,46,86.0
5000,18,37,49,95.0
5000,18,38,50,68.0
5000,18,39,50,60.0
5000,18,40,50,29.0
5000,18,41,56,57.0
5000,18,42,57,63.0
5000,18,43,61,80.0
5000,18,44,64,82.0
5000,18,45,67,32.0
5000,18,46,67,26.0
5000,18,47,69,35.0
5000,18,48,73,66.0
5000,18,49,74,36.0
5000,18,50,74,10.0
5000,18,51,80,38.0
5000,18,52,82,24.0
5000,18,53,86,33.0
5000,18,54,89,37.0
5000,18,55,90,19.0
5000,18,56,91,23.0
5000,18,57,93,13.0
5000,18,58,96,18.0
5000,18,59,96,5.0
5000,18,60,98,13.0
5000,18,61,101,27.0
5000,18,62,102,27.0
5000,18,63,102,9.0
5000,18,64,107,26.0
5000,18,65,107,4.0
5000,18,66,111,23.0
5000,18,67,113,32.0
5000,18,68,116,36.0
5000,18,69,118,38.0
5000,19,20,6,69.0
5000,19,21,16,141.0
5000,19,22,19,156.0
5000,19,23,19,156.0
5000,19,24,21,170.0
5000,19,25,27,187.0
5000,19,26,35,212.0
5000,19,27,38,201.0
5000,19,28,43,192.0
5000,19,29,48,219.0
5000,19,30,51,193.0
5000,19,31,51,156.0
5000,19,32,56,144.0
5000,19,33,62,161.0
5000,19,34,70,164.0
5000,19,35,71,115.0
5000,19,36,75,118.0
5000,19,37,77,99.0
5000,19,38,80,70.0
5000,19,39,83,79.0
5000,19,40,85,60.0
5000,19,41,86,52.0
5000,19,42,88,36.0
5000,19,43,89,28.0
5000,19,44,96,49.0
5000,19,45,102,78.0
5000,19,46,105,72.0
5000,19,47,106,59.0
5000,19,48,107,57.0
5000,19,49,108,27.0
5000,19,50,108,23.0
5000,19,51,109,15.0
5000,19,52,111,19.0
5000,19,53,116,29.0
5000,19,54,118,38.0
5000,19,55,122,42.0
5000,19,56,128,25.0
5000,19,57,131,21.0
5000,19,58,133,17.0
5000,19,59,134,16.0
5000,19,60,141,32.0
5000,19,61,144,14.0
5000,19,62,144,9.0
5000,19,63,145,16.0
5000,19,64,147,29.0
5000,19,65,149,27.0
5000,19,66,152,39.0
5000,19,67,155,33.0
5000,19,68,156,13.0
5000,19,69,157,10.0
5000,20,20,5,43.0
5000,20,21,7,70.0
5000,20,22,20,152.0
5000,20,23,24,145.0
5000,20,24,35,208.0
5000,20,25,36,173.0
5000,20,26,39,185.0
5000,20,27,46,198.0
5000,20,28,50,195.0
5000,20,29,56,197.0
5000,20,30,59,167.0
5000,20,31,64,167.0
5000,20,32,64,83.0
5000,20,33,74,134.0
5000,20,34,78,118.0
5000,20,35,81,77.0
5000,20,36,84,89.0
5000,20,37,88,99.0
5000,20,38,90,62.0
5000,20,39,94,54.0
5000,20,40,101,64.0
5000,20,41,104,73.0
5000,20,42,107,68.0
5000,20,43,111,72.0
5000,20,44,112,52.0
5000,20,45,115,20.0
5000,20,46,116,14.0
5000,20,47,117,12.0
5000,20,48,123,39.0
5000,20,49,123,21.0
5000,20,50,124,27.0
5000,20,51,124,3.0
5000,20,52,127,15.0
5000,20,53,130,22.0
5000,20,54,134,16.0
5000,20,55,138,20.0
5000,20,56,140,18.0
5000,20,57,141,21.0
5000,20,58,145,33.0
5000,20,59,148,41.0
5000,20,60,148,29.0
5000,20,61,148,17.0
5000,20,62,150,24.0
5000,20,63,151,5.0
5000,20,64,156,17.0
5000,20,65,160,23.0
5000,20,66,162,29.0
5000,20,67,165,20.0
5000,20,68,169,22.0
5000,20,69,174,13.0
5000,21,20,3,39.0
5000,21,21,6,80.0
5000,21,22,8,96.0
5000,21,23,10,111.0
5000,21,24,16,166.0
5000,21,25,19,172.0
5000,21,26,21,134.0
5000,21,27,24,131.0
5000,21,28,29,157.0
5000,21,29,34,174.0
5000,21,30,39,183.0
5000,21,31,41,168.0
5000,21,32,44,111.0
5000,21,33,47,91.0
5000,21,34,50,86.0
5000,21,35,54,80.0
5000,21,36,59,87.0
5000,21,37,60,54.0
5000,21,38,66,55.0
5000,21,39,72,71.0
5000,21,40,76,61.0
5000,21,41,78,47.0
5000,21,42,79,22.0
5000,21,43,83,31.0
5000,21,44,86,46.0
5000,21,45,89,45.0
5000,21,46,90,32.0
5000,21,47,92,24.0
5000,21,48,94,17.0
5000,21,49,100,38.0
5000,21,50,103,36.0
5000,21,51,104,23.0
5000,21,52,104,13.0
5000,21,53,113,32.0
5000,21,54,113,21.0
5000,21,55,114,12.0
5000,21,56,115,5.0
5000,21,57,118,11.0
5000,21,58,119,12.0
5000,21,59,121,12.0
5000,21,60,122,18.0
5000,21,61,125,10.0
5000,21,62,125,10.0
5000,21,63,125,4.0
5000,21,64,125,0.0
5000,21,65,128,18.0
5000,21,66,128,8.0
5000,21,67,129,3.0
5000,21,68,132,23.0
5000,21,69,138,28.0
5000,22,20,1,11.0
5000,22,21,3,37.0
5000,22,22,12,110.0
5000,22,23,17,128.0
5000,22,24,20,133.0
5000,22,25,26,166.0
5000,22,26,29,134.0
5000,22,27,36,164.0
5000,22,28,40,147.0
5000,22,29,47,185.0
5000,22,30,53,126.0
5000,22,31,55,84.0
5000,22,32,57,57.0
5000,22,33,60,74.0
5000,22,34,70,88.0
5000,22,35,77,78.0
5000,22,36,79,61.0
5000,22,37,81,43.0
5000,22,38,84,35.0
5000,22,39,86,29.0
5000,22,40,88,26.0
5000,22,41,92,42.0
5000,22,42,94,36.0
5000,22,43,97,12.0
5000,22,44,103,48.0
5000,22,45,109,39.0
5000,22,46,113,63.0
5000,22,47,116,45.0
5000,22,48,119,39.0
5000,22,49,121,19.0
5000,22,50,121,8.0
5000,22,51,123,10.0
5000,22,52,125,17.0
5000,22,53,127,18.0
5000,22,54,132,26.0
5000,22,55,133,27.0
5000,22,56,135,37.0
5000,22,57,135,21.0
5000,22,58,137,19.0
5000,22,59,138,4.0
5000,22,60,142,9.0
5000,22,61,145,15.0
5000,22,62,147,11.0
5000,22,63,148,13.0
5000,22,64,148,6.0
5000,22,65,151,19.0
5000,22,66,151,12.0
5000,22,67,154,10.0
5000,22,68,156,6.0
5000,22,69,156,0.0
5000,23,20,4,45.0
5000,23,21,9,102.0
5000,23,22,12,127.0
5000,23,23,16,159.0
5000,23,24,18,137.0
5000,23,25,22,167.0
5000,23,26,25,161.0
5000,23,27,28,184.0
5000,23,28,32,194.0
5000,23,29,35,182.0
5000,23,30,39,206.0
5000,23,31,41,219.0
5000,23,32,44,206.0
5000,23,33,46,209.0
5000,23,34,52,197.0
5000,23,35,56,207.0
5000,23,36,64,223.0
5000,23,37,69,202.0
5000,23,38,71,141.0
5000,23,39,73,139.0
5000,23,40,80,146.0
5000,23,41,83,161.0
5000,23,42,86,125.0
5000,23,43,91,126.0
5000,23,44,95,115.0
5000,23,45,103,100.0
5000,23,46,106,96.0
5000,23,47,112,91.0
5000,23,48,117,65.0
5000,23,49,122,47.0
5000,23,50,125,71.0
5000,23,51,129,53.0
5000,23,52,129,17.0
5000,23,53,131,24.0
5000,23,54,136,45.0
5000,23,55,138,37.0
5000,23,56,139,34.0
5000,23,57,142,30.0
5000,23,58,145,33.0
5000,23,59,149,36.0
5000,23,60,154,40.0
5000,23,61,156,44.0
5000,23,62,157,17.0
5000,23,63,159,20.0
5000,23,64,160,18.0
5000,23,65,160,12.0
5000,23,66,163,19.0
5000,23,67,168,39.0
5000,23,68,170,13.0
5000,23,69,173,17.0
10000,0,20,1,11.0
10000,0,21,3,32.0
10000,0,22,3,32.0
10000,0,23,3,32.0
10000,0,24,5,47.0
10000,0,25,8,87.0
10000,0,26,11,111.0
10000,0,27,16,93.0
10000,0,28,19,116.0
10000,0,29,19,107.0
10000,0,30,22,145.0
10000,0,31,24,147.0
10000,0,32,27,188.0
10000,0,33,30,183.0
10000,0,34,32,202.0
10000,0,35,36,203.0
10000,0,36,37,199.0
10000,0,37,41,208.0
10000,0,38,47,232.0
10000,0,39,56,246.0
10000,0,40,61,273.0
10000,0,41,62,195.0
10000,0,42,67,221.0
10000,0,43,74,237.0
10000,0,44,77,239.0
10000,0,45,78,232.0
10000,0,46,83,248.0
10000,0,47,83,234.0
10000,0,48,88,249.0
10000,0,49,92,257.0
10000,0,50,95,225.0
10000,0,51,95,178.0
10000,0,52,96,133.0
10000,0,53,99,132.0
10000,0,54,103,104.0
10000,0,55,108,106.0
10000,0,56,109,102.0
10000,0,57,110,92.0
10000,0,58,118,86.0
10000,0,59,120,54.0
10000,0,60,121,43.0
10000,0,61,130,83.0
10000,0,62,133,93.0
10000,0,63,134,69.0
10000,0,64,136,62.0
10000,0,65,137,23.0
10000,0,66,142,58.0
10000,0,67,143,46.0
10000,0,68,149,50.0
10000,0,69,151,49.0
10000,1,20,2,14.0
10000,1,21,9,96.0
10000,1,22,9,89.0
10000,1,23,12,109.0
10000,1,24,17,139.0
10000,1,25,20,119.0
10000,1,26,22,129.0
10000,1,27,26,162.0
10000,1,28,30,172.0
10000,1,29,33,193.0
10000,1,30,35,148.0
10000,1,31,36,148.0
10000,1,32,39,162.0
10000,1,33,41,141.0
10000,1,34,47,176.0
10000,1,35,53,201.0
10000,1,36,58,208.0
10000,1,37,61,205.0
10000,1,38,67,199.0
10000,1,39,68,158.0
10000,1,40,72,163.0
10000,1,41,75,162.0
10000,1,42,80,132.0
10000,1,43,80,111.0
10000,1,44,88,147.0
10000,1,45,93,151.0
10000,1,46,100,125.0
10000,1,47,102,121.0
10000,1,48,110,105.0
10000,1,49,110,86.0
10000,1,50,113,81.0
10000,1,51,113,41.0
10000,1,52,118,66.0
10000,1,53,118,51.0
10000,1,54,122,45.0
10000,1,55,126,61.0
10000,1,56,128,43.0
10000,1,57,133,53.0
10000,1,58,137,72.0
10000,1,59,141,78.0
10000,1,60,144,73.0
10000,1,61,149,87.0
10000,1,62,149,27.0
10000,1,63,151,25.0
10000,1,64,156,42.0
10000,1,65,159,44.0
10000,1,66,161,38.0
10000,1,67,163,30.0
10000,1,68,164,25.0
10000,1,69,167,36.0
10000,2,20,2,21.0
10000,2,21,6,82.0
10000,2,22,9,120.0
10000,2,23,13,148.0
10000,2,24,24,213.0
10000,2,25,28,236.0
10000,2,26,31,244.0
10000,2,27,34,264.0
10000,2,28,37,269.0
10000,2,29,38,269.0
10000,2,30,42,253.0
10000,2,31,46,234.0
10000,2,32,53,263.0
10000,2,33,57,262.0
10000,2,34,62,247.0
10000,2,35,67,237.0
10000,2,36,69,240.0
10000,2,37,74,237.0
10000,2,38,82,230.0
10000,2,39,87,237.0
10000,2,40,89,225.0
10000,2,41,94,226.0
10000,2,42,95,214.0
10000,2,43,95,175.0
10000,2,44,95,165.0
10000,2,45,97,161.0
10000,2,46,98,166.0
10000,2,47,102,159.0
10000,2,48,105,151.0
10000,2,49,109,138.0
10000,2,50,117,156.0
10000,2,51,120,153.0
10000,2,52,123,158.0
10000,2,53,130,165.0
10000,2,54,135,164.0
10000,2,55,139,170.0
10000,2,56,141,145.0
10000,2,57,142,120.0
10000,2,58,145,88.0
10000,2,59,146,56.0
10000,2,60,150,77.0
10000,2,61,154,91.0
10000,2,62,156,88.0
10000,2,63,161,70.0
10000,2,64,163,53.0
10000,2,65,164,56.0
10000,2,66,169,79.0
10000,2,67,173,79.0
10000,2,68,178,76.0
10000,2,69,180,47.0
10000,3,20,4,35.0
10000,3,21,8,56.0
10000,3,22,19,139.0
10000,3,23,27,189.0
10000,3,24,34,226.0
10000,3,25,43,276.0
10000,3,26,46,291.0
10000,3,27,52,297.0
10000,3,28,57,291.0
10000,3,29,58,295.0
10000,3,30,65,319.0
10000,3,31,67,300.0
10000,3,32,73,364.0
10000,3,33,80,323.0
10000,3,34,81,310.0
10000,3,35,81,289.0
10000,3,36,83,253.0
10000,3,37,87,278.0
10000,3,38,88,265.0
10000,3,39,96,311.0
10000,3,40,99,283.0
10000,3,41,103,290.0
10000,3,42,107,255.0
10000,3,43,113,253.0
10000,3,44,113,212.0
10000,3,45,114,180.0
10000,3,46,116,143.0
10000,3,47,116,102.0
10000,3,48,121,114.0
10000,3,49,123,98.0
10000,3,50,123,77.0
10000,3,51,127,76.0
10000,3,52,128,77.0
10000,3,53,134,78.0
10000,3,54,138,81.0
10000,3,55,140,83.0
10000,3,56,143,89.0
10000,3,57,146,79.0
10000,3,58,148,57.0
10000,3,59,152,79.0
10000,3,60,154,64.0
10000,3,61,157,56.0
10000,3,62,158,43.0
10000,3,63,160,26.0
10000,3,64,161,29.0
10000,3,65,165,32.0
10000,3,66,170,40.0
10000,3,67,174,39.0
10000,3,68,179,38.0
10000,3,69,181,26.0
10000,4,20,1,7.0
10000,4,21,8,51.0
10000,4,22,12,79.0
10000,4,23,13,80.0
10000,4,24,17,129.0
10000,4,25,20,159.0
10000,4,26,23,159.0
10000,4,27,28,189.0
10000,4,28,30,211.0
10000,4,29,34,244.0
10000,4,30,39,225.0
10000,4,31,42,232.0
10000,4,32,46,249.0
10000,4,33,49,220.0
10000,4,34,54,239.0
10000,4,35,61,276.0
10000,4,36,62,231.0
10000,4,37,66,247.0
10000,4,38,67,212.0
10000,4,39,70,179.0
10000,4,40,72,162.0
10000,4,41,73,127.0
10000,4,42,76,133.0
10000,4,43,79,136.0
10000,4,44,80,133.0
10000,4,45,82,128.0
10000,4,46,85,113.0
10000,4,47,86,104.0
10000,4,48,89,113.0
10000,4,49,93,120.0
10000,4,50,101,144.0
10000,4,51,102,96.0
10000,4,52,102,48.0
10000,4,53,102,42.0
10000,4,54,107,80.0
10000,4,55,108,62.0
10000,4,56,113,58.0
10000,4,57,118,78.0
10000,4,58,123,106.0
10000,4,59,124,94.0
10000,4,60,125,73.0
10000,4,61,127,57.0
10000,4,62,130,59.0
10000,4,63,131,48.0
10000,4,64,132,44.0
10000,4,65,135,65.0
10000,4,66,139,71.0
10000,4,67,140,43.0
10000,4,68,141,44.0
10000,4,69,142,16.0
10000,5,20,1,14.0
10000,5,21,8,58.0
10000,5,22,9,63.0
10000,5,23,11,79.0
10000,5,24,14,93.0
10000,5,25,15,82.0
10000,5,26,19,111.0
10000,5,27,20,128.0
10000,5,28,21,136.0
10000,5,29,24,152.0
10000,5,30,27,170.0
10000,5,31,30,188.0
10000,5,32,30,188.0
10000,5,33,33,187.0
10000,5,34,35,186.0
10000,5,35,40,217.0
10000,5,36,45,193.0
10000,5,37,49,225.0
10000,5,38,54,223.0
10000,5,39,57,194.0
10000,5,40,61,190.0
10000,5,41,63,149.0
10000,5,42,66,142.0
10000,5,43,67,124.0
10000,5,44,71,106.0
10000,5,45,73,101.0
10000,5,46,74,91.0
10000,5,47,85,126.0
10000,5,48,87,114.0
10000,5,49,89,102.0
10000,5,50,89,75.0
10000,5,51,92,88.0
10000,5,52,98,94.0
10000,5,53,102,107.0
10000,5,54,104,102.0
10000,5,55,106,78.0
10000,5,56,107,67.0
10000,5,57,108,50.0
10000,5,58,113,51.0
10000,5,59,117,62.0
10000,5,60,120,64.0
10000,5,61,124,66.0
10000,5,62,129,62.0
10000,5,63,132,43.0
10000,5,64,136,45.0
10000,5,65,140,46.0
10000,5,66,142,28.0
10000,5,67,146,41.0
10000,5,68,149,28.0
10000,5,69,151,33.0
10000,6,20,2,18.0
10000,6,21,6,54.0
10000,6,22,9,76.0
10000,6,23,9,76.0
10000,6,24,12,94.0
10000,6,25,15,114.0
10000,6,26,16,119.0
10000,6,27,19,138.0
10000,6,28,21,157.0
10000,6,29,23,162.0
10000,6,30,23,162.0
10000,6,31,24,152.0
10000,6,32,28,177.0
10000,6,33,33,249.0
10000,6,34,35,252.0
10000,6,35,42,285.0
10000,6,36,49,322.0
10000,6,37,49,283.0
10000,6,38,56,315.0
10000,6,39,60,331.0
10000,6,40,61,326.0
10000,6,41,65,323.0
10000,6,42,70,308.0
10000,6,43,76,323.0
10000,6,44,82,354.0
10000,6,45,86,300.0
10000,6,46,88,300.0
10000,6,47,92,297.0
10000,6,48,94,303.0
10000,6,49,96,272.0
10000,6,50,97,246.0
10000,6,51,98,210.0
10000,6,52,102,217.0
10000,6,53,106,212.0
10000,6,54,111,255.0
10000,6,55,113,244.0
10000,6,56,116,224.0
10000,6,57,120,268.0
10000,6,58,123,222.0
10000,6,59,126,220.0
10000,6,60,129,242.0
10000,6,61,131,217.0
10000,6,62,131,133.0
10000,6,63,134,139.0
10000,6,64,137,138.0
10000,6,65,138,130.0
10000,6,66,141,123.0
10000,6,67,146,141.0
10000,6,68,146,128.0
10000,6,69,146,101.0
10000,7,20,3,34.0
10000,7,21,6,84.0
10000,7,22,8,103.0
10000,7,23,10,123.0
10000,7,24,16,160.0
10000,7,25,20,185.0
10000,7,26,22,210.0
10000,7,27,23,213.0
10000,7,28,25,212.0
10000,7,29,28,228.0
10000,7,30,32,239.0
10000,7,31,34,254.0
10000,7,32,37,259.0
10000,7,33,42,278.0
10000,7,34,47,271.0
10000,7,35,50,228.0
10000,7,36,55,249.0
10000,7,37,57,241.0
10000,7,38,66,202.0
10000,7,39,74,240.0
10000,7,40,82,255.0
10000,7,41,85,241.0
10000,7,42,87,232.0
10000,7,43,92,228.0
10000,7,44,93,196.0
10000,7,45,97,202.0
10000,7,46,101,197.0
10000,7,47,102,187.0
10000,7,48,105,175.0
10000,7,49,113,172.0
10000,7,50,116,138.0
10000,7,51,120,149.0
10000,7,52,127,139.0
10000,7,53,128,70.0
10000,7,54,137,108.0
10000,7,55,140,92.0
10000,7,56,142,76.0
10000,7,57,143,71.0
10000,7,58,145,60.0
10000,7,59,148,47.0
10000,7,60,150,23.0
10000,7,61,150,16.0
10000,7,62,156,28.0
10000,7,63,161,44.0
10000,7,64,165,76.0
10000,7,65,169,51.0
10000,7,66,172,28.0
10000,7,67,175,24.0
10000,7,68,178,29.0
10000,7,69,180,37.0
10000,8,20,5,48.0
10000,8,21,12,108.0
10000,8,22,16,143.0
10000,8,23,19,164.0
10000,8,24,25,195.0
10000,8,25,27,198.0
10000,8,26,28,198.0
10000,8,27,31,212.0
10000,8,28,34,213.0
10000,8,29,36,223.0
10000,8,30,41,236.0
10000,8,31,42,200.0
10000,8,32,43,192.0
10000,8,33,50,223.0
10000,8,34,52,213.0
10000,8,35,56,216.0
10000,8,36,62,233.0
10000,8,37,67,248.0
10000,8,38,76,281.0
10000,8,39,78,270.0
10000,8,40,81,265.0
10000,8,41,84,273.0
10000,8,42,88,273.0
10000,8,43,92,234.0
10000,8,44,97,230.0
10000,8,45,101,220.0
10000,8,46,105,224.0
10000,8,47,115,254.0
10000,8,48,119,231.0
10000,8,49,122,210.0
10000,8,50,124,178.0
10000,8,51,126,154.0
10000,8,52,131,148.0
10000,8,53,132,139.0
10000,8,54,138,143.0
10000,8,55,138,116.0
10000,8,56,139,112.0
10000,8,57,141,98.0
10000,8,58,143,89.0
10000,8,59,147,76.0
10000,8,60,147,76.0
10000,8,61,150,72.0
10000,8,62,152,81.0
10000,8,63,155,95.0
10000,8,64,157,87.0
10000,8,65,160,58.0
10000,8,66,162,57.0
10000,8,67,165,64.0
10000,8,68,168,61.0
10000,8,69,171,65.0
10000,9,20,9,64.0
10000,9,21,16,113.0
10000,9,22,22,156.0
10000,9,23,25,177.0
10000,9,24,30,171.0
10000,9,25,34,178.0
10000,9,26,44,236.0
10000,9,27,48,254.0
10000,9,28,52,266.0
10000,9,29,56,282.0
10000,9,30,59,266.0
10000,9,31,63,274.0
10000,9,32,63,254.0
10000,9,33,67,249.0
10000,9,34,77,282.0
10000,9,35,88,283.0
10000,9,36,93,276.0
10000,9,37,98,277.0
10000,9,38,100,260.0
10000,9,39,101,249.0
10000,9,40,102,216.0
10000,9,41,106,209.0
10000,9,42,110,194.0
10000,9,43,113,186.0
10000,9,44,119,209.0
10000,9,45,126,212.0
10000,9,46,129,197.0
10000,9,47,131,174.0
10000,9,48,132,146.0
10000,9,49,134,139.0
10000,9,50,141,150.0
10000,9,51,144,117.0
10000,9,52,153,115.0
10000,9,53,160,141.0
10000,9,54,163,123.0
10000,9,55,167,138.0
10000,9,56,167,100.0
10000,9,57,170,66.0
10000,9,58,174,60.0
10000,9,59,176,60.0
10000,9,60,177,58.0
10000,9,61,177,38.0
10000,9,62,180,38.0
10000,9,63,180,31.0
10000,9,64,180,31.0
10000,9,65,180,19.0
10000,9,66,183,23.0
10000,9,67,187,32.0
10000,9,68,188,30.0
10000,9,69,188,10.0
10000,10,20,2,17.0
10000,10,21,6,43.0
10000,10,22,8,84.0
10000,10,23,11,119.0
10000,10,24,17,145.0
10000,10,25,21,180.0
10000,10,26,24,201.0
10000,10,27,24,201.0
10000,10,28,26,187.0
10000,10,29,30,217.0
10000,10,30,39,252.0
10000,10,31,40,244.0
10000,10,32,43,246.0
10000,10,33,50,284.0
10000,10,34,53,300.0
10000,10,35,55,300.0
10000,10,36,56,301.0
10000,10,37,56,292.0
10000,10,38,59,258.0
10000,10,39,61,237.0
10000,10,40,68,250.0
10000,10,41,70,233.0
10000,10,42,74,221.0
10000,10,43,77,209.0
10000,10,44,78,169.0
10000,10,45,82,190.0
10000,10,46,87,126.0
10000,10,47,88,81.0
10000,10,48,90,90.0
10000,10,49,91,76.0
10000,10,50,91,64.0
10000,10,51,97,85.0
10000,10,52,100,91.0
10000,10,53,104,95.0
10000,10,54,108,102.0
10000,10,55,113,101.0
10000,10,56,123,110.0
10000,10,57,130,128.0
10000,10,58,130,71.0
10000,10,59,134,94.0
10000,10,60,137,85.0
10000,10,61,139,49.0
10000,10,62,140,41.0
10000,10,63,152,89.0
10000,10,64,153,61.0
10000,10,65,158,59.0
10000,10,66,158,31.0
10000,10,67,164,59.0
10000,10,68,169,66.0
10000,10,69,176,55.0
10000,11,20,9,92.0
10000,11,21,10,90.0
10000,11,22,11,96.0
10000,11,23,16,131.0
10000,11,24,20,159.0
10000,11,25,25,196.0
10000,11,26,31,235.0
10000,11,27,33,225.0
10000,11,28,37,219.0
10000,11,29,46,242.0
10000,11,30,52,276.0
10000,11,31,57,289.0
10000,11,32,63,321.0
10000,11,33,69,274.0
10000,11,34,72,271.0
10000,11,35,75,286.0
10000,11,36,75,256.0
10000,11,37,79,264.0
10000,11,38,83,256.0
10000,11,39,85,244.0
10000,11,40,89,220.0
10000,11,41,92,218.0
10000,11,42,94,191.0
10000,11,43,99,186.0
10000,11,44,106,201.0
10000,11,45,108,193.0
10000,11,46,111,165.0
10000,11,47,114,141.0
10000,11,48,117,147.0
10000,11,49,123,136.0
10000,11,50,129,153.0
10000,11,51,132,135.0
10000,11,52,133,117.0
10000,11,53,134,112.0
10000,11,54,135,83.0
10000,11,55,136,85.0
10000,11,56,136,53.0
10000,11,57,137,50.0
10000,11,58,138,40.0
10000,11,59,141,43.0
10000,11,60,143,57.0
10000,11,61,152,107.0
10000,11,62,156,84.0
10000,11,63,163,105.0
10000,11,64,166,97.0
10000,11,65,173,110.0
10000,11,66,176,114.0
10000,11,67,179,110.0
10000,11,68,180,104.0
10000,11,69,182,90.0
10000,12,20,9,84.0
10000,12,21,13,115.0
10000,12,22,22,188.0
10000,12,23,25,210.0
10000,12,24,30,237.0
10000,12,25,38,269.0
10000,12,26,42,278.0
10000,12,27,49,323.0
10000,12,28,53,356.0
10000,12,29,58,365.0
10000,12,30,67,430.0
10000,12,31,67,401.0
10000,12,32,68,363.0
10000,12,33,71,333.0
10000,12,34,75,342.0
10000,12,35,76,310.0
10000,12,36,79,302.0
10000,12,37,86,357.0
10000,12,38,87,338.0
10000,12,39,91,351.0
10000,12,40,96,320.0
10000,12,41,100,325.0
10000,12,42,104,296.0
10000,12,43,108,235.0
10000,12,44,116,274.0
10000,12,45,122,282.0
10000,12,46,125,276.0
10000,12,47,130,269.0
10000,12,48,137,259.0
10000,12,49,143,236.0
10000,12,50,143,213.0
10000,12,51,146,203.0
10000,12,52,148,188.0
10000,12,53,151,156.0
10000,12,54,152,123.0
10000,12,55,153,86.0
10000,12,56,154,81.0
10000,12,57,156,97.0
10000,12,58,160,83.0
10000,12,59,164,82.0
10000,12,60,165,66.0
10000,12,61,166,43.0
10000,12,62,167,46.0
10000,12,63,171,48.0
10000,12,64,173,36.0
10000,12,65,182,64.0
10000,12,66,185,50.0
10000,12,67,191,60.0
10000,12,68,195,62.0
10000,12,69,195,49.0
10000,13,20,6,54.0
10000,13,21,11,100.0
10000,13,22,15,138.0
10000,13,23,20,165.0
10000,13,24,21,174.0
10000,13,25,25,202.0
10000,13,26,28,221.0
10000,13,27,33,240.0
10000,13,28,34,243.0
10000,13,29,37,230.0
10000,13,30,40,248.0
10000,13,31,44,258.0
10000,13,32,46,238.0
10000,13,33,49,255.0
10000,13,34,51,233.0
10000,13,35,55,241.0
10000,13,36,61,272.0
10000,13,37,65,268.0
10000,13,38,67,247.0
10000,13,39,68,210.0
10000,13,40,75,207.0
10000,13,41,79,203.0
10000,13,42,83,199.0
10000,13,43,88,212.0
10000,13,44,91,191.0
10000,13,45,94,149.0
10000,13,46,94,144.0
10000,13,47,98,112.0
10000,13,48,101,95.0
10000,13,49,104,81.0
10000,13,50,107,81.0
10000,13,51,111,93.0
10000,13,52,115,114.0
10000,13,53,117,98.0
10000,13,54,119,90.0
10000,13,55,123,75.0
10000,13,56,124,52.0
10000,13,57,125,33.0
10000,13,58,126,23.0
10000,13,59,127,38.0
10000,13,60,132,33.0
10000,13,61,133,27.0
10000,13,62,137,45.0
10000,13,63,140,41.0
10000,13,64,143,41.0
10000,13,65,149,54.0
10000,13,66,150,39.0
10000,13,67,154,52.0
10000,13,68,154,16.0
10000,13,69,154,12.0
10000,14,20,5,60.0
10000,14,21,9,104.0
10000,14,22,17,149.0
10000,14,23,20,166.0
10000,14,24,22,177.0
10000,14,25,25,198.0
10000,14,26,28,213.0
10000,14,27,31,238.0
10000,14,28,34,222.0
10000,14,29,37,237.0
10000,14,30,37,231.0
10000,14,31,39,226.0
10000,14,32,42,229.0
10000,14,33,47,244.0
10000,14,34,49,231.0
10000,14,35,51,223.0
10000,14,36,52,211.0
10000,14,37,55,242.0
10000,14,38,60,226.0
10000,14,39,61,219.0
10000,14,40,64,205.0
10000,14,41,65,137.0
10000,14,42,68,149.0
10000,14,43,70,160.0
10000,14,44,73,155.0
10000,14,45,75,138.0
10000,14,46,77,131.0
10000,14,47,85,159.0
10000,14,48,90,172.0
10000,14,49,91,161.0
10000,14,50,98,169.0
10000,14,51,103,164.0
10000,14,52,108,156.0
10000,14,53,113,169.0
10000,14,54,119,121.0
10000,14,55,126,131.0
10000,14,56,130,114.0
10000,14,57,133,105.0
10000,14,58,133,81.0
10000,14,59,135,85.0
10000,14,60,139,88.0
10000,14,61,141,94.0
10000,14,62,145,91.0
10000,14,63,149,102.0
10000,14,64,150,85.0
10000,14,65,153,62.0
10000,14,66,153,35.0
10000,14,67,157,46.0
10000,14,68,161,50.0
10000,14,69,165,58.0
10000,15,20,2,27.0
10000,15,21,3,39.0
10000,15,22,9,84.0
10000,15,23,12,123.0
10000,15,24,14,145.0
10000,15,25,17,138.0
10000,15,26,24,182.0
10000,15,27,32,230.0
10000,15,28,38,267.0
10000,15,29,43,326.0
10000,15,30,47,333.0
10000,15,31,51,313.0
10000,15,32,54,330.0
10000,15,33,57,349.0
10000,15,34,59,345.0
10000,15,35,62,351.0
10000,15,36,63,346.0
10000,15,37,65,349.0
10000,15,38,67,352.0
10000,15,39,71,349.0
10000,15,40,78,365.0
10000,15,41,80,363.0
10000,15,42,84,346.0
10000,15,43,88,335.0
10000,15,44,92,318.0
10000,15,45,96,315.0
10000,15,46,102,322.0
10000,15,47,105,295.0
10000,15,48,106,291.0
10000,15,49,108,252.0
10000,15,50,113,248.0
10000,15,51,117,261.0
10000,15,52,119,261.0
10000,15,53,120,225.0
10000,15,54,123,201.0
10000,15,55,128,233.0
10000,15,56,129,187.0
10000,15,57,134,153.0
10000,15,58,140,153.0
10000,15,59,144,160.0
10000,15,60,148,173.0
10000,15,61,151,162.0
10000,15,62,154,119.0
10000,15,63,157,83.0
10000,15,64,165,122.0
10000,15,65,167,99.0
10000,15,66,169,103.0
10000,15,67,170,61.0
10000,15,68,176,82.0
10000,15,69,180,87.0
10000,16,20,3,23.0
10000,16,21,13,80.0
10000,16,22,19,133.0
10000,16,23,20,139.0
10000,16,24,25,167.0
10000,16,25,28,180.0
10000,16,26,33,204.0
10000,16,27,33,189.0
10000,16,28,38,209.0
10000,16,29,41,243.0
10000,16,30,42,219.0
10000,16,31,48,255.0
10000,16,32,57,296.0
10000,16,33,65,304.0
10000,16,34,69,248.0
10000,16,35,78,274.0
10000,16,36,82,247.0
10000,16,37,85,235.0
10000,16,38,87,206.0
10000,16,39,91,205.0
10000,16,40,93,168.0
10000,16,41,96,165.0
10000,16,42,99,162.0
10000,16,43,101,140.0
10000,16,44,101,103.0
10000,16,45,101,96.0
10000,16,46,107,150.0
10000,16,47,110,129.0
10000,16,48,113,118.0
10000,16,49,117,119.0
10000,16,50,121,129.0
10000,16,51,123,127.0
10000,16,52,128,129.0
10000,16,53,131,128.0
10000,16,54,134,136.0
10000,16,55,140,153.0
10000,16,56,143,83.0
10000,16,57,145,76.0
10000,16,58,148,81.0
10000,16,59,152,77.0
10000,16,60,155,74.0
10000,16,61,160,76.0
10000,16,62,163,72.0
10000,16,63,164,60.0
10000,16,64,171,67.0
10000,16,65,171,49.0
10000,16,66,175,69.0
10000,16,67,177,64.0
10000,16,68,185,79.0
10000,16,69,186,68.0
10000,17,20,0,0.0
10000,17,21,2,16.0
10000,17,22,2,16.0
10000,17,23,3,20.0
10000,17,24,13,114.0
10000,17,25,18,115.0
10000,17,26,21,126.0
10000,17,27,23,140.0
10000,17,28,28,143.0
10000,17,29,36,185.0
10000,17,30,40,223.0
10000,17,31,49,256.0
10000,17,32,51,244.0
10000,17,33,55,247.0
10000,17,34,57,231.0
10000,17,35,61,225.0
10000,17,36,70,214.0
10000,17,37,73,199.0
10000,17,38,81,229.0
10000,17,39,83,229.0
10000,17,40,86,157.0
10000,17,41,89,154.0
10000,17,42,91,168.0
10000,17,43,95,184.0
10000,17,44,95,155.0
10000,17,45,100,125.0
10000,17,46,107,149.0
10000,17,47,108,122.0
10000,17,48,111,108.0
10000,17,49,116,124.0
10000,17,50,117,115.0
10000,17,51,119,103.0
10000,17,52,121,94.0
10000,17,53,124,75.0
10000,17,54,127,62.0
10000,17,55,132,68.0
10000,17,56,138,57.0
10000,17,57,142,64.0
10000,17,58,146,65.0
10000,17,59,147,52.0
10000,17,60,149,52.0
10000,17,61,154,61.0
10000,17,62,158,51.0
10000,17,63,159,48.0
10000,17,64,162,73.0
10000,17,65,162,63.0
10000,17,66,167,59.0
10000,17,67,169,42.0
10000,17,68,172,29.0
10000,17,69,174,24.0
10000,18,20,1,12.0
10000,18,21,5,51.0
10000,18,22,6,56.0
10000,18,23,6,56.0
10000,18,24,9,79.0
10000,18,25,11,94.0
10000,18,26,12,103.0
10000,18,27,17,121.0
10000,18,28,17,113.0
10000,18,29,20,132.0
10000,18,30,22,127.0
10000,18,31,26,140.0
10000,18,32,27,145.0
10000,18,33,30,157.0
10000,18,34,33,158.0
10000,18,35,39,205.0
10000,18,36,43,259.0
10000,18,37,45,244.0
10000,18,38,49,237.0
10000,18,39,52,217.0
10000,18,40,55,174.0
10000,18,41,58,184.0
10000,18,42,59,163.0
10000,18,43,59,147.0
10000,18,44,59,142.0
10000,18,45,61,134.0
10000,18,46,64,155.0
10000,18,47,68,167.0
10000,18,48,71,174.0
10000,18,49,75,177.0
10000,18,50,79,166.0
10000,18,51,82,147.0
10000,18,52,83,135.0
10000,18,53,84,111.0
10000,18,54,87,113.0
10000,18,55,93,106.0
10000,18,56,98,116.0
10000,18,57,101,111.0
10000,18,58,104,125.0
10000,18,59,104,99.0
10000,18,60,108,97.0
10000,18,61,112,118.0
10000,18,62,116,123.0
10000,18,63,122,123.0
10000,18,64,127,105.0
10000,18,65,129,88.0
10000,18,66,134,87.0
10000,18,67,137,84.0
10000,18,68,139,77.0
10000,18,69,141,46.0
10000,19,20,4,63.0
10000,19,21,7,95.0
10000,19,22,8,100.0
10000,19,23,10,111.0
10000,19,24,12,129.0
10000,19,25,15,154.0
10000,19,26,17,166.0
10000,19,27,23,218.0
10000,19,28,27,244.0
10000,19,29,31,239.0
10000,19,30,34,252.0
10000,19,31,41,249.0
10000,19,32,46,258.0
10000,19,33,52,274.0
10000,19,34,57,302.0
10000,19,35,62,302.0
10000,19,36,65,326.0
10000,19,37,66,312.0
10000,19,38,69,328.0
10000,19,39,73,294.0
10000,19,40,79,284.0
10000,19,41,82,285.0
10000,19,42,86,285.0
10000,19,43,93,294.0
10000,19,44,97,301.0
10000,19,45,102,304.0
10000,19,46,108,305.0
10000,19,47,113,287.0
10000,19,48,119,289.0
10000,19,49,124,287.0
10000,19,50,130,252.0
10000,19,51,135,253.0
10000,19,52,142,250.0
10000,19,53,145,229.0
10000,19,54,147,134.0
10000,19,55,151,123.0
10000,19,56,155,111.0
10000,19,57,160,110.0
10000,19,58,162,72.0
10000,19,59,163,56.0
10000,19,60,164,48.0
10000,19,61,166,48.0
10000,19,62,168,45.0
10000,19,63,169,33.0
10000,19,64,170,43.0
10000,19,65,173,37.0
10000,19,66,176,42.0
10000,19,67,178,39.0
10000,19,68,183,51.0
10000,19,69,185,36.0
10000,20,20,0,0.0
10000,20,21,4,28.0
10000,20,22,6,51.0
10000,20,23,10,85.0
10000,20,24,11,95.0
10000,20,25,14,120.0
10000,20,26,16,135.0
10000,20,27,21,158.0
10000,20,28,24,170.0
10000,20,29,26,171.0
10000,20,30,29,173.0
10000,20,31,31,184.0
10000,20,32,35,205.0
10000,20,33,37,217.0
10000,20,34,39,228.0
10000,20,35,43,245.0
10000,20,36,46,247.0
10000,20,37,49,242.0
10000,20,38,49,215.0
10000,20,39,49,215.0
10000,20,40,52,217.0
10000,20,41,53,208.0
10000,20,42,58,231.0
10000,20,43,61,233.0
10000,20,44,68,225.0
10000,20,45,70,218.0
10000,20,46,76,235.0
10000,20,47,84,238.0
10000,20,48,92,235.0
10000,20,49,95,228.0
10000,20,50,98,191.0
10000,20,51,103,163.0
10000,20,52,104,146.0
10000,20,53,106,118.0
10000,20,54,108,79.0
10000,20,55,113,109.0
10000,20,56,116,103.0
10000,20,57,122,101.0
10000,20,58,128,127.0
10000,20,59,133,136.0
10000,20,60,137,162.0
10000,20,61,140,135.0
10000,20,62,144,134.0
10000,20,63,146,113.0
10000,20,64,146,70.0
10000,20,65,150,69.0
10000,20,66,150,46.0
10000,20,67,150,14.0
10000,20,68,154,35.0
10000,20,69,160,58.0
10000,21,20,7,58.0
10000,21,21,9,72.0
10000,21,22,15,131.0
10000,21,23,22,175.0
10000,21,24,27,201.0
10000,21,25,31,209.0
10000,21,26,41,275.0
10000,21,27,44,243.0
10000,21,28,49,285.0
10000,21,29,52,315.0
10000,21,30,58,333.0
10000,21,31,63,367.0
10000,21,32,68,376.0
10000,21,33,71,332.0
10000,21,34,72,303.0
10000,21,35,75,321.0
10000,21,36,80,321.0
10000,21,37,87,331.0
10000,21,38,92,346.0
10000,21,39,96,281.0
10000,21,40,100,293.0
10000,21,41,102,256.0
10000,21,42,106,235.0
10000,21,43,111,251.0
10000,21,44,114,226.0
10000,21,45,116,225.0
10000,21,46,125,248.0
10000,21,47,132,231.0
10000,21,48,132,169.0
10000,21,49,135,147.0
10000,21,50,136,122.0
10000,21,51,138,119.0
10000,21,52,144,151.0
10000,21,53,147,122.0
10000,21,54,151,120.0
10000,21,55,155,110.0
10000,21,56,157,97.0
10000,21,57,158,76.0
10000,21,58,158,54.0
10000,21,59,158,34.0
10000,21,60,160,47.0
10000,21,61,165,63.0
10000,21,62,166,54.0
10000,21,63,171,65.0
10000,21,64,174,52.0
10000,21,65,177,63.0
10000,21,66,180,48.0
10000,21,67,181,46.0
10000,21,68,183,52.0
10000,21,69,186,57.0
10000,22,20,8,84.0
10000,22,21,16,167.0
10000,22,22,19,196.0
10000,22,23,23,229.0
10000,22,24,24,228.0
10000,22,25,29,226.0
10000,22,26,39,260.0
10000,22,27,42,280.0
10000,22,28,48,305.0
10000,22,29,53,314.0
10000,22,30,58,300.0
10000,22,31,60,269.0
10000,22,32,62,265.0
10000,22,33,66,255.0
10000,22,34,70,246.0
10000,22,35,74,270.0
10000,22,36,77,292.0
10000,22,37,80,279.0
10000,22,38,86,277.0
10000,22,39,89,233.0
10000,22,40,90,215.0
10000,22,41,92,225.0
10000,22,42,98,252.0
10000,22,43,101,225.0
10000,22,44,101,191.0
10000,22,45,103,147.0
10000,22,46,109,156.0
10000,22,47,115,167.0
10000,22,48,125,159.0
10000,22,49,130,161.0
10000,22,50,135,156.0
10000,22,51,137,119.0
10000,22,52,140,91.0
10000,22,53,151,127.0
10000,22,54,155,122.0
10000,22,55,158,91.0
10000,22,56,161,88.0
10000,22,57,167,90.0
10000,22,58,171,80.0
10000,22,59,173,72.0
10000,22,60,178,70.0
10000,22,61,181,56.0
10000,22,62,182,41.0
10000,22,63,184,43.0
10000,22,64,184,42.0
10000,22,65,188,53.0
10000,22,66,191,36.0
10000,22,67,192,35.0
10000,22,68,196,47.0
10000,22,69,199,36.0
10000,23,20,2,30.0
10000,23,21,3,61.0
10000,23,22,8,90.0
10000,23,23,15,121.0
10000,23,24,29,212.0
10000,23,25,32,230.0
10000,23,26,39,269.0
10000,23,27,43,284.0
10000,23,28,44,283.0
10000,23,29,45,227.0
10000,23,30,46,227.0
10000,23,31,50,263.0
10000,23,32,55,311.0
10000,23,33,58,302.0
10000,23,34,63,306.0
10000,23,35,65,271.0
10000,23,36,69,292.0
10000,23,37,71,242.0
10000,23,38,74,223.0
10000,23,39,81,250.0
10000,23,40,88,288.0
10000,23,41,90,252.0
10000,23,42,93,249.0
10000,23,43,95,249.0
10000,23,44,100,243.0
10000,23,45,104,179.0
10000,23,46,109,144.0
10000,23,47,111,158.0
10000,23,48,120,211.0
10000,23,49,122,165.0
10000,23,50,124,146.0
10000,23,51,130,121.0
10000,23,52,133,126.0
10000,23,53,138,94.0
10000,23,54,142,86.0
10000,23,55,149,106.0
10000,23,56,151,57.0
10000,23,57,158,84.0
10000,23,58,159,54.0
10000,23,59,164,81.0
10000,23,60,165,85.0
10000,23,61,167,74.0
10000,23,62,170,55.0
10000,23,63,170,46.0
10000,23,64,173,33.0
10000,23,65,174,24.0
10000,23,66,178,33.0
10000,23,67,182,36.0
10000,23,68,189,42.0
10000,23,69,194,50.0
