N,seed,cid,n_core,n_consciousness,n_windows_alive,C_max,C_min,C_swing_amplitude,C_swing_total,n_C_decreases,n_C_increases,group
500,0,0,5,0,42,33,5,28,28.0,0,3,no_activation
500,0,2,3,0,50,21,3,18,18.0,0,3,no_activation
500,0,12,4,1,37,30,5,25,25.0,0,5,single_or_few
500,0,13,5,4,50,51,7,44,44.0,0,13,single_or_few
500,0,14,5,0,50,32,5,27,27.0,0,6,no_activation
500,0,19,5,1,50,37,7,30,30.0,0,7,single_or_few
500,0,20,2,0,32,12,1,11,11.0,0,3,no_activation
500,0,26,6,0,11,41,9,32,32.0,0,7,no_activation
500,0,27,5,0,50,30,7,23,23.0,0,4,no_activation
500,0,28,5,1,50,35,7,28,28.0,0,6,single_or_few
500,0,35,2,0,12,12,4,8,8.0,0,2,no_activation
500,0,43,2,1,2,10,6,4,4.0,0,1,single_or_few
500,0,57,5,2,50,38,8,30,30.0,0,7,single_or_few
500,0,65,2,0,3,11,3,8,8.0,0,2,no_activation
500,0,67,5,0,50,37,5,32,32.0,0,6,no_activation
500,0,68,5,0,38,37,4,33,33.0,0,5,no_activation
500,0,76,2,0,5,13,1,12,12.0,0,4,no_activation
500,0,89,3,0,2,8,4,4,4.0,0,1,no_activation
500,0,91,2,0,2,9,7,2,2.0,0,1,no_activation
500,0,94,3,0,3,12,6,6,6.0,0,2,no_activation
500,0,95,5,0,3,22,11,11,11.0,0,2,no_activation
500,0,98,2,0,2,10,10,0,0.0,0,0,no_activation
500,0,105,5,1,47,23,12,11,11.0,0,2,single_or_few
500,0,108,5,0,4,25,17,8,8.0,0,2,no_activation
500,0,112,3,0,11,18,11,7,7.0,0,2,no_activation
500,0,113,2,0,8,9,9,0,0.0,0,0,no_activation
500,0,115,2,0,6,9,9,0,0.0,0,0,no_activation
500,0,117,5,0,42,32,18,14,14.0,0,2,no_activation
500,0,119,5,0,41,22,18,4,4.0,0,1,no_activation
500,0,120,5,0,3,33,25,8,8.0,0,1,no_activation
500,0,124,5,0,36,23,17,6,6.0,0,1,no_activation
500,0,126,2,0,4,10,10,0,0.0,0,0,no_activation
500,0,127,2,0,4,11,8,3,3.0,0,1,no_activation
500,0,133,2,0,3,9,9,0,0.0,0,0,no_activation
500,0,136,5,0,39,30,27,3,3.0,0,1,no_activation
500,0,137,5,0,15,19,19,0,0.0,0,0,no_activation
500,0,138,4,0,38,18,18,0,0.0,0,0,no_activation
500,0,139,5,0,2,23,23,0,0.0,0,0,no_activation
500,0,140,5,0,6,19,19,0,0.0,0,0,no_activation
500,0,142,2,0,9,11,11,0,0.0,0,0,no_activation
500,0,146,5,0,2,33,31,2,2.0,0,1,no_activation
500,0,147,2,0,4,10,10,0,0.0,0,0,no_activation
500,0,148,2,0,2,9,9,0,0.0,0,0,no_activation
500,0,158,5,0,11,21,21,0,0.0,0,0,no_activation
500,0,159,5,0,34,23,23,0,0.0,0,0,no_activation
500,0,160,5,0,34,23,23,0,0.0,0,0,no_activation
500,0,165,4,0,33,19,19,0,0.0,0,0,no_activation
500,0,166,5,0,32,24,24,0,0.0,0,0,no_activation
500,0,167,3,0,2,14,14,0,0.0,0,0,no_activation
500,0,168,5,0,32,26,26,0,0.0,0,0,no_activation
500,0,169,5,0,5,29,28,1,1.0,0,1,no_activation
500,0,172,2,0,2,12,12,0,0.0,0,0,no_activation
500,0,176,5,0,29,33,33,0,0.0,0,0,no_activation
500,0,181,2,0,4,11,11,0,0.0,0,0,no_activation
500,0,185,5,0,13,20,20,0,0.0,0,0,no_activation
500,0,188,2,0,2,13,13,0,0.0,0,0,no_activation
500,0,189,4,0,4,22,22,0,0.0,0,0,no_activation
500,0,193,2,0,6,10,10,0,0.0,0,0,no_activation
500,0,194,7,0,23,29,29,0,0.0,0,0,no_activation
500,0,198,2,0,3,11,11,0,0.0,0,0,no_activation
500,0,207,2,0,2,10,10,0,0.0,0,0,no_activation
500,0,211,5,0,20,22,22,0,0.0,0,0,no_activation
500,0,212,5,0,20,27,27,0,0.0,0,0,no_activation
500,0,215,5,0,19,23,23,0,0.0,0,0,no_activation
500,0,216,4,0,19,26,26,0,0.0,0,0,no_activation
500,0,217,5,0,10,25,25,0,0.0,0,0,no_activation
500,0,219,5,0,16,28,28,0,0.0,0,0,no_activation
500,0,221,4,0,7,27,27,0,0.0,0,0,no_activation
500,0,227,5,0,2,25,25,0,0.0,0,0,no_activation
500,0,228,5,0,10,26,26,0,0.0,0,0,no_activation
500,0,233,2,0,2,11,11,0,0.0,0,0,no_activation
500,0,234,4,0,10,25,25,0,0.0,0,0,no_activation
500,0,235,2,0,9,10,10,0,0.0,0,0,no_activation
500,0,246,2,0,2,11,11,0,0.0,0,0,no_activation
500,0,248,5,0,7,25,25,0,0.0,0,0,no_activation
500,0,249,5,0,7,26,26,0,0.0,0,0,no_activation
500,0,250,4,0,7,25,25,0,0.0,0,0,no_activation
500,0,251,5,0,7,33,33,0,0.0,0,0,no_activation
500,0,252,2,0,2,12,12,0,0.0,0,0,no_activation
500,0,258,2,0,3,10,10,0,0.0,0,0,no_activation
500,0,261,5,0,6,25,25,0,0.0,0,0,no_activation
500,0,265,2,0,4,12,12,0,0.0,0,0,no_activation
500,0,269,2,0,4,11,11,0,0.0,0,0,no_activation
500,0,270,2,0,4,13,13,0,0.0,0,0,no_activation
500,0,272,5,0,2,24,24,0,0.0,0,0,no_activation
500,1,19,2,1,6,13,2,11,11.0,0,4,single_or_few
500,1,29,2,2,6,12,4,8,8.0,0,4,single_or_few
500,1,30,5,1,50,40,8,32,32.0,0,8,single_or_few
500,1,31,5,1,37,41,9,32,32.0,0,8,single_or_few
500,1,54,5,1,50,39,13,26,26.0,0,8,single_or_few
500,1,63,4,0,43,29,7,22,22.0,0,5,no_activation
500,1,65,3,1,50,24,5,19,19.0,0,5,single_or_few
500,1,66,5,1,50,38,10,28,28.0,0,6,single_or_few
500,1,69,4,1,50,31,12,19,19.0,0,7,single_or_few
500,1,71,4,2,5,25,9,16,16.0,0,4,single_or_few
500,1,72,3,2,5,20,7,13,13.0,0,4,single_or_few
500,1,84,2,0,3,9,3,6,6.0,0,2,no_activation
500,1,85,2,1,6,15,3,12,12.0,0,4,single_or_few
500,1,88,4,2,50,28,8,20,21.0,1,4,single_or_few
500,1,97,5,2,49,24,13,11,11.0,0,4,single_or_few
500,1,98,4,0,49,26,4,22,22.0,0,4,no_activation
500,1,100,3,1,3,18,12,6,6.0,0,1,single_or_few
500,1,104,5,1,47,24,12,12,12.0,0,2,single_or_few
500,1,109,4,0,20,17,12,5,5.0,0,1,no_activation
500,1,110,5,0,46,22,15,7,7.0,0,2,no_activation
500,1,112,2,0,2,10,10,0,0.0,0,0,no_activation
500,1,114,3,1,11,11,8,3,4.0,1,1,single_or_few
500,1,115,5,0,45,24,23,1,1.0,0,1,no_activation
500,1,117,2,1,2,13,8,5,5.0,0,1,single_or_few
500,1,118,2,0,2,10,7,3,3.0,0,1,no_activation
500,1,119,2,1,3,11,11,0,0.0,0,0,single_or_few
500,1,120,4,0,2,19,19,0,0.0,0,0,no_activation
500,1,121,5,1,5,23,16,7,7.0,0,1,single_or_few
500,1,125,5,1,19,22,22,0,0.0,0,0,single_or_few
500,1,126,3,0,40,18,12,6,6.0,0,1,no_activation
500,1,128,3,0,3,19,18,1,1.0,0,1,no_activation
500,1,129,2,0,5,10,10,0,0.0,0,0,no_activation
500,1,131,2,0,3,10,10,0,0.0,0,0,no_activation
500,1,137,2,0,4,9,9,0,0.0,0,0,no_activation
500,1,139,2,0,2,9,9,0,0.0,0,0,no_activation
500,1,141,5,0,37,29,27,2,2.0,0,1,no_activation
500,1,148,3,0,10,14,14,0,0.0,0,0,no_activation
500,1,149,2,0,9,10,10,0,0.0,0,0,no_activation
500,1,150,2,0,2,11,11,0,0.0,0,0,no_activation
500,1,151,2,0,6,11,11,0,0.0,0,0,no_activation
500,1,152,2,0,2,9,9,0,0.0,0,0,no_activation
500,1,155,2,0,5,9,9,0,0.0,0,0,no_activation
500,1,156,4,0,2,25,25,0,0.0,0,0,no_activation
500,1,157,5,0,5,22,22,0,0.0,0,0,no_activation
500,1,158,2,0,6,10,10,0,0.0,0,0,no_activation
500,1,162,2,0,2,9,9,0,0.0,0,0,no_activation
500,1,163,2,0,17,11,11,0,0.0,0,0,no_activation
500,1,164,2,0,18,10,10,0,0.0,0,0,no_activation
500,1,165,5,0,33,22,22,0,0.0,0,0,no_activation
500,1,170,2,0,7,10,10,0,0.0,0,0,no_activation
500,1,176,2,0,3,10,10,0,0.0,0,0,no_activation
500,1,179,2,0,2,11,11,0,0.0,0,0,no_activation
500,1,182,2,0,2,10,10,0,0.0,0,0,no_activation
500,1,185,2,0,3,10,10,0,0.0,0,0,no_activation
500,1,186,2,0,3,12,12,0,0.0,0,0,no_activation
500,1,191,2,0,25,10,10,0,0.0,0,0,no_activation
500,1,193,2,0,6,9,9,0,0.0,0,0,no_activation
500,1,194,5,0,30,22,22,0,0.0,0,0,no_activation
500,1,195,5,0,30,20,20,0,0.0,0,0,no_activation
500,1,197,2,0,8,10,10,0,0.0,0,0,no_activation
500,1,202,5,0,29,26,26,0,0.0,0,0,no_activation
500,1,203,5,0,29,22,22,0,0.0,0,0,no_activation
500,1,206,4,0,29,21,21,0,0.0,0,0,no_activation
500,1,208,2,0,2,9,9,0,0.0,0,0,no_activation
500,1,211,5,0,28,23,23,0,0.0,0,0,no_activation
500,1,212,5,0,28,24,24,0,0.0,0,0,no_activation
500,1,215,5,0,27,26,26,0,0.0,0,0,no_activation
500,1,216,6,0,27,30,30,0,0.0,0,0,no_activation
500,1,217,4,0,26,20,20,0,0.0,0,0,no_activation
500,1,219,2,0,17,10,10,0,0.0,0,0,no_activation
500,1,222,2,0,2,9,9,0,0.0,0,0,no_activation
500,1,228,2,0,4,10,10,0,0.0,0,0,no_activation
500,1,231,3,0,2,18,18,0,0.0,0,0,no_activation
500,1,232,5,0,25,32,32,0,0.0,0,0,no_activation
500,1,238,4,0,24,23,23,0,0.0,0,0,no_activation
500,1,249,5,0,5,22,22,0,0.0,0,0,no_activation
500,1,250,4,0,7,25,25,0,0.0,0,0,no_activation
500,1,253,5,0,23,25,25,0,0.0,0,0,no_activation
500,1,256,2,0,9,11,11,0,0.0,0,0,no_activation
500,1,257,3,0,2,22,22,0,0.0,0,0,no_activation
500,1,259,2,0,4,12,12,0,0.0,0,0,no_activation
500,1,265,2,0,5,11,11,0,0.0,0,0,no_activation
500,1,266,2,0,4,10,10,0,0.0,0,0,no_activation
500,1,267,2,0,2,12,12,0,0.0,0,0,no_activation
500,1,268,2,0,5,13,13,0,0.0,0,0,no_activation
500,1,270,2,0,3,12,12,0,0.0,0,0,no_activation
500,1,272,2,0,2,11,11,0,0.0,0,0,no_activation
500,1,274,2,0,4,10,10,0,0.0,0,0,no_activation
500,1,279,2,0,3,11,11,0,0.0,0,0,no_activation
500,1,280,2,0,7,10,10,0,0.0,0,0,no_activation
500,1,281,2,0,2,11,11,0,0.0,0,0,no_activation
500,1,285,5,0,3,27,27,0,0.0,0,0,no_activation
500,1,286,7,0,18,43,43,0,0.0,0,0,no_activation
500,1,291,2,0,4,12,12,0,0.0,0,0,no_activation
500,1,294,7,0,17,39,39,0,0.0,0,0,no_activation
500,1,295,4,0,14,25,25,0,0.0,0,0,no_activation
500,1,297,2,0,2,10,10,0,0.0,0,0,no_activation
500,1,303,2,0,5,10,10,0,0.0,0,0,no_activation
500,1,307,5,0,14,29,29,0,0.0,0,0,no_activation
500,1,309,5,0,7,26,26,0,0.0,0,0,no_activation
500,1,316,4,0,11,20,20,0,0.0,0,0,no_activation
500,1,317,2,0,2,12,12,0,0.0,0,0,no_activation
500,1,324,2,0,10,8,8,0,0.0,0,0,no_activation
500,1,327,2,0,6,13,13,0,0.0,0,0,no_activation
500,1,329,2,0,5,11,11,0,0.0,0,0,no_activation
500,1,330,5,0,7,25,25,0,0.0,0,0,no_activation
500,1,332,2,0,5,12,12,0,0.0,0,0,no_activation
500,1,333,4,0,7,27,27,0,0.0,0,0,no_activation
500,1,341,3,0,6,18,18,0,0.0,0,0,no_activation
500,1,342,2,0,2,11,11,0,0.0,0,0,no_activation
500,1,350,5,0,5,28,28,0,0.0,0,0,no_activation
500,1,352,4,0,5,26,26,0,0.0,0,0,no_activation
500,1,354,4,0,4,27,27,0,0.0,0,0,no_activation
500,1,356,3,0,4,20,20,0,0.0,0,0,no_activation
500,1,362,4,0,3,25,25,0,0.0,0,0,no_activation
500,1,363,5,0,3,32,32,0,0.0,0,0,no_activation
500,1,368,5,0,2,28,28,0,0.0,0,0,no_activation
500,1,369,3,0,2,19,19,0,0.0,0,0,no_activation
500,2,2,5,0,50,37,9,28,28.0,0,5,no_activation
500,2,6,5,0,50,37,11,26,26.0,0,5,no_activation
500,2,7,5,0,50,37,14,23,23.0,0,6,no_activation
500,2,11,5,0,46,33,13,20,20.0,0,5,no_activation
500,2,12,5,0,50,38,9,29,29.0,0,7,no_activation
500,2,19,3,1,9,23,7,16,16.0,0,3,single_or_few
500,2,23,4,1,50,39,7,32,32.0,0,7,single_or_few
500,2,30,7,2,50,56,11,45,45.0,0,8,single_or_few
500,2,38,5,2,50,45,11,34,34.0,0,8,single_or_few
500,2,40,5,0,10,37,7,30,30.0,0,5,no_activation
500,2,41,4,0,3,21,5,16,16.0,0,2,no_activation
500,2,42,5,0,37,37,10,27,27.0,0,5,no_activation
500,2,43,2,3,5,12,5,7,7.0,0,4,single_or_few
500,2,46,4,0,2,10,8,2,2.0,0,1,no_activation
500,2,60,2,1,5,15,8,7,8.0,1,2,single_or_few
500,2,64,3,0,5,11,8,3,3.0,0,1,no_activation
500,2,65,2,0,3,9,5,4,4.0,0,2,no_activation
500,2,67,4,0,48,20,14,6,6.0,0,1,no_activation
500,2,68,5,1,48,26,20,6,6.0,0,1,single_or_few
500,2,70,2,0,5,9,9,0,0.0,0,0,no_activation
500,2,71,2,1,2,14,11,3,3.0,0,1,single_or_few
500,2,72,2,0,2,9,9,0,0.0,0,0,no_activation
500,2,76,5,0,47,20,18,2,2.0,0,1,no_activation
500,2,77,5,0,47,19,19,0,0.0,0,0,no_activation
500,2,79,2,2,8,10,8,2,4.0,1,2,single_or_few
500,2,83,5,0,46,22,21,1,1.0,0,1,no_activation
500,2,89,2,0,2,9,9,0,0.0,0,0,no_activation
500,2,90,4,0,44,19,19,0,0.0,0,0,no_activation
500,2,92,5,0,43,33,23,10,10.0,0,1,no_activation
500,2,94,5,0,3,19,19,0,0.0,0,0,no_activation
500,2,99,2,0,5,11,8,3,3.0,0,1,no_activation
500,2,100,3,0,2,12,12,0,0.0,0,0,no_activation
500,2,103,3,0,4,11,11,0,0.0,0,0,no_activation
500,2,106,2,0,5,9,9,0,0.0,0,0,no_activation
500,2,108,5,1,6,24,23,1,1.0,0,1,single_or_few
500,2,111,5,0,37,24,24,0,0.0,0,0,no_activation
500,2,112,5,0,10,24,24,0,0.0,0,0,no_activation
500,2,117,2,0,6,12,8,4,4.0,0,1,no_activation
500,2,118,4,0,3,18,18,0,0.0,0,0,no_activation
500,2,119,3,0,4,12,12,0,0.0,0,0,no_activation
500,2,122,2,0,3,9,9,0,0.0,0,0,no_activation
500,2,127,5,0,6,20,20,0,0.0,0,0,no_activation
500,2,128,3,0,13,16,16,0,0.0,0,0,no_activation
500,2,130,2,0,2,10,10,0,0.0,0,0,no_activation
500,2,131,2,0,6,10,10,0,0.0,0,0,no_activation
500,2,132,2,0,3,10,10,0,0.0,0,0,no_activation
500,2,135,2,0,3,10,10,0,0.0,0,0,no_activation
500,2,142,2,0,3,7,7,0,0.0,0,0,no_activation
500,2,151,3,0,6,18,18,0,0.0,0,0,no_activation
500,2,155,7,0,31,42,42,0,0.0,0,0,no_activation
500,2,156,6,0,31,30,30,0,0.0,0,0,no_activation
500,2,168,2,0,7,11,11,0,0.0,0,0,no_activation
500,2,170,5,0,29,22,22,0,0.0,0,0,no_activation
500,2,171,5,0,3,23,23,0,0.0,0,0,no_activation
500,2,172,5,0,29,25,25,0,0.0,0,0,no_activation
500,2,178,2,0,2,11,11,0,0.0,0,0,no_activation
500,2,181,2,0,3,11,11,0,0.0,0,0,no_activation
500,2,186,6,0,9,32,32,0,0.0,0,0,no_activation
500,2,188,2,0,2,10,10,0,0.0,0,0,no_activation
500,2,192,2,0,4,11,11,0,0.0,0,0,no_activation
500,2,194,2,0,8,11,11,0,0.0,0,0,no_activation
500,2,203,5,0,19,25,25,0,0.0,0,0,no_activation
500,2,205,2,0,3,12,12,0,0.0,0,0,no_activation
500,2,206,5,0,18,29,29,0,0.0,0,0,no_activation
500,2,207,6,0,18,36,36,0,0.0,0,0,no_activation
500,2,212,4,0,2,24,24,0,0.0,0,0,no_activation
500,2,218,4,0,11,18,18,0,0.0,0,0,no_activation
500,2,228,2,0,6,12,12,0,0.0,0,0,no_activation
500,2,230,5,0,14,24,24,0,0.0,0,0,no_activation
500,2,231,5,0,14,26,26,0,0.0,0,0,no_activation
500,2,232,5,0,11,27,27,0,0.0,0,0,no_activation
500,2,233,2,0,8,11,11,0,0.0,0,0,no_activation
500,2,238,8,0,13,53,53,0,0.0,0,0,no_activation
500,2,240,5,0,12,22,22,0,0.0,0,0,no_activation
500,2,243,5,0,11,26,26,0,0.0,0,0,no_activation
500,2,245,2,0,3,11,11,0,0.0,0,0,no_activation
500,2,249,5,0,10,28,28,0,0.0,0,0,no_activation
500,2,251,4,0,3,26,26,0,0.0,0,0,no_activation
500,2,252,4,0,6,21,21,0,0.0,0,0,no_activation
500,2,254,2,0,4,10,10,0,0.0,0,0,no_activation
500,2,256,2,0,3,13,13,0,0.0,0,0,no_activation
500,2,258,3,0,2,18,18,0,0.0,0,0,no_activation
500,2,259,5,0,8,33,33,0,0.0,0,0,no_activation
500,2,260,5,0,8,25,25,0,0.0,0,0,no_activation
500,2,262,2,0,3,13,13,0,0.0,0,0,no_activation
500,2,263,2,0,2,11,11,0,0.0,0,0,no_activation
500,2,264,2,0,2,13,13,0,0.0,0,0,no_activation
500,2,266,2,0,2,11,11,0,0.0,0,0,no_activation
500,2,268,2,0,6,12,12,0,0.0,0,0,no_activation
500,2,271,4,0,7,26,26,0,0.0,0,0,no_activation
500,2,272,2,0,5,10,10,0,0.0,0,0,no_activation
500,2,274,2,0,3,13,13,0,0.0,0,0,no_activation
500,2,275,2,0,5,11,11,0,0.0,0,0,no_activation
500,2,283,2,0,2,13,13,0,0.0,0,0,no_activation
500,2,292,2,0,4,11,11,0,0.0,0,0,no_activation
500,2,293,4,0,2,21,21,0,0.0,0,0,no_activation
500,2,294,5,0,4,36,36,0,0.0,0,0,no_activation
500,2,299,5,0,2,26,26,0,0.0,0,0,no_activation
500,2,300,5,0,2,24,24,0,0.0,0,0,no_activation
500,2,301,2,0,2,11,11,0,0.0,0,0,no_activation
500,3,0,4,0,50,28,7,21,21.0,0,6,no_activation
500,3,1,5,1,50,41,5,36,36.0,0,8,single_or_few
500,3,15,5,0,50,34,5,29,29.0,0,8,no_activation
500,3,31,5,2,50,41,5,36,36.0,0,9,single_or_few
500,3,34,5,2,50,43,4,39,39.0,0,9,single_or_few
500,3,40,7,0,50,51,5,46,46.0,0,9,no_activation
500,3,60,5,3,50,46,5,41,41.0,0,10,single_or_few
500,3,62,5,3,50,50,7,43,43.0,0,11,single_or_few
500,3,66,5,2,50,34,5,29,29.0,0,8,single_or_few
500,3,78,2,1,6,15,3,12,12.0,0,4,single_or_few
500,3,79,4,0,42,27,6,21,21.0,0,5,no_activation
500,3,80,2,0,2,9,6,3,3.0,0,1,no_activation
500,3,81,2,1,2,7,5,2,2.0,0,1,single_or_few
500,3,84,2,0,2,8,4,4,4.0,0,1,no_activation
500,3,85,2,1,13,13,2,11,11.0,0,4,single_or_few
500,3,86,3,0,13,15,10,5,5.0,0,1,no_activation
500,3,87,3,0,2,13,11,2,2.0,0,1,no_activation
500,3,88,4,2,3,22,9,13,13.0,0,2,single_or_few
500,3,91,2,1,3,10,10,0,0.0,0,0,single_or_few
500,3,92,2,0,4,11,6,5,5.0,0,1,no_activation
500,3,97,5,2,46,32,16,16,16.0,0,4,single_or_few
500,3,100,2,1,5,10,6,4,4.0,0,1,single_or_few
500,3,101,2,0,3,10,8,2,2.0,0,1,no_activation
500,3,105,3,0,5,11,8,3,3.0,0,1,no_activation
500,3,106,5,0,18,29,20,9,9.0,0,2,no_activation
500,3,110,2,0,2,9,9,0,0.0,0,0,no_activation
500,3,114,2,1,3,9,9,0,0.0,0,0,single_or_few
500,3,115,5,0,42,23,21,2,2.0,0,1,no_activation
500,3,116,3,0,5,14,14,0,0.0,0,0,no_activation
500,3,117,3,0,2,18,12,6,6.0,0,1,no_activation
500,3,119,2,0,2,10,10,0,0.0,0,0,no_activation
500,3,121,2,0,4,10,10,0,0.0,0,0,no_activation
500,3,126,4,0,8,17,17,0,0.0,0,0,no_activation
500,3,127,2,0,2,9,9,0,0.0,0,0,no_activation
500,3,128,3,1,10,16,14,2,2.0,0,1,single_or_few
500,3,130,2,0,7,9,9,0,0.0,0,0,no_activation
500,3,131,2,0,4,9,6,3,3.0,0,1,no_activation
500,3,137,2,0,5,10,10,0,0.0,0,0,no_activation
500,3,142,5,0,2,27,27,0,0.0,0,0,no_activation
500,3,143,5,0,36,21,21,0,0.0,0,0,no_activation
500,3,151,5,0,33,20,20,0,0.0,0,0,no_activation
500,3,152,5,0,33,32,32,0,0.0,0,0,no_activation
500,3,153,3,0,8,13,13,0,0.0,0,0,no_activation
500,3,154,2,0,2,9,9,0,0.0,0,0,no_activation
500,3,157,3,0,4,17,17,0,0.0,0,0,no_activation
500,3,158,6,0,32,41,41,0,0.0,0,0,no_activation
500,3,160,3,0,15,15,15,0,0.0,0,0,no_activation
500,3,162,2,0,3,11,10,1,1.0,0,1,no_activation
500,3,163,4,0,31,19,19,0,0.0,0,0,no_activation
500,3,165,4,0,31,20,20,0,0.0,0,0,no_activation
500,3,166,5,0,31,28,28,0,0.0,0,0,no_activation
500,3,169,2,0,7,10,10,0,0.0,0,0,no_activation
500,3,173,2,0,4,12,12,0,0.0,0,0,no_activation
500,3,174,2,0,4,11,11,0,0.0,0,0,no_activation
500,3,177,2,0,28,9,9,0,0.0,0,0,no_activation
500,3,182,5,0,28,27,27,0,0.0,0,0,no_activation
500,3,186,2,0,3,11,11,0,0.0,0,0,no_activation
500,3,189,5,0,27,17,17,0,0.0,0,0,no_activation
500,3,197,2,0,5,10,10,0,0.0,0,0,no_activation
500,3,199,3,0,2,17,17,0,0.0,0,0,no_activation
500,3,207,3,0,17,17,17,0,0.0,0,0,no_activation
500,3,208,3,0,14,19,19,0,0.0,0,0,no_activation
500,3,210,5,0,9,21,21,0,0.0,0,0,no_activation
500,3,217,3,0,2,14,14,0,0.0,0,0,no_activation
500,3,220,5,0,2,25,25,0,0.0,0,0,no_activation
500,3,221,5,0,22,22,22,0,0.0,0,0,no_activation
500,3,222,5,0,22,25,25,0,0.0,0,0,no_activation
500,3,223,5,0,5,23,23,0,0.0,0,0,no_activation
500,3,225,2,0,2,10,10,0,0.0,0,0,no_activation
500,3,226,2,0,4,11,11,0,0.0,0,0,no_activation
500,3,243,5,0,21,22,22,0,0.0,0,0,no_activation
500,3,249,3,0,9,18,18,0,0.0,0,0,no_activation
500,3,251,5,0,20,25,25,0,0.0,0,0,no_activation
500,3,254,4,0,12,25,25,0,0.0,0,0,no_activation
500,3,256,5,0,5,29,29,0,0.0,0,0,no_activation
500,3,261,9,0,16,54,54,0,0.0,0,0,no_activation
500,3,264,5,0,15,24,24,0,0.0,0,0,no_activation
500,3,282,4,0,2,24,24,0,0.0,0,0,no_activation
500,3,288,2,0,3,12,12,0,0.0,0,0,no_activation
500,3,289,5,0,8,26,26,0,0.0,0,0,no_activation
500,3,290,2,0,2,11,11,0,0.0,0,0,no_activation
500,3,291,11,0,7,66,66,0,0.0,0,0,no_activation
500,3,292,5,0,7,27,27,0,0.0,0,0,no_activation
500,3,306,5,0,5,30,30,0,0.0,0,0,no_activation
500,3,313,5,0,2,30,30,0,0.0,0,0,no_activation
500,3,315,2,0,2,12,12,0,0.0,0,0,no_activation
500,4,4,7,1,50,44,9,35,35.0,0,12,single_or_few
500,4,11,5,2,50,39,5,34,36.0,1,11,single_or_few
500,4,12,5,1,50,31,11,20,20.0,0,7,single_or_few
500,4,15,5,1,50,38,6,32,32.0,0,9,single_or_few
500,4,31,5,0,50,35,8,27,27.0,0,9,no_activation
500,4,33,4,1,50,36,6,30,30.0,0,11,single_or_few
500,4,38,5,0,7,29,8,21,21.0,0,6,no_activation
500,4,53,3,0,4,20,5,15,15.0,0,3,no_activation
500,4,55,5,1,9,32,8,24,24.0,0,7,single_or_few
500,4,57,3,1,45,22,7,15,15.0,0,5,single_or_few
500,4,58,4,2,50,40,5,35,35.0,0,10,single_or_few
500,4,65,5,1,50,39,10,29,29.0,0,10,single_or_few
500,4,66,5,0,50,32,7,25,25.0,0,6,no_activation
500,4,68,5,1,50,30,11,19,19.0,0,6,single_or_few
500,4,74,2,0,2,9,6,3,3.0,0,1,no_activation
500,4,76,5,0,2,20,15,5,5.0,0,1,no_activation
500,4,77,5,2,3,18,9,9,9.0,0,2,single_or_few
500,4,78,5,4,15,26,12,14,14.0,0,4,single_or_few
500,4,79,3,0,9,11,8,3,3.0,0,1,no_activation
500,4,80,4,0,4,19,12,7,7.0,0,1,no_activation
500,4,81,5,1,2,20,17,3,3.0,0,1,single_or_few
500,4,93,2,1,7,14,14,0,0.0,0,0,single_or_few
500,4,100,2,0,3,9,9,0,0.0,0,0,no_activation
500,4,103,7,0,38,43,30,13,13.0,0,2,no_activation
500,4,104,5,0,38,23,15,8,8.0,0,1,no_activation
500,4,105,2,0,2,10,9,1,1.0,0,1,no_activation
500,4,107,5,0,2,22,22,0,0.0,0,0,no_activation
500,4,108,3,1,10,16,16,0,0.0,0,0,single_or_few
500,4,110,2,0,4,10,10,0,0.0,0,0,no_activation
500,4,112,2,0,2,9,9,0,0.0,0,0,no_activation
500,4,115,3,0,4,18,18,0,0.0,0,0,no_activation
500,4,116,2,0,2,7,7,0,0.0,0,0,no_activation
500,4,118,2,0,2,10,10,0,0.0,0,0,no_activation
500,4,122,2,0,5,10,10,0,0.0,0,0,no_activation
500,4,126,5,0,34,22,22,0,0.0,0,0,no_activation
500,4,127,5,0,34,20,20,0,0.0,0,0,no_activation
500,4,128,5,0,7,30,29,1,1.0,0,1,no_activation
500,4,135,5,0,10,25,25,0,0.0,0,0,no_activation
500,4,136,4,0,32,20,20,0,0.0,0,0,no_activation
500,4,137,5,0,4,24,24,0,0.0,0,0,no_activation
500,4,141,3,0,8,19,19,0,0.0,0,0,no_activation
500,4,146,2,0,2,10,10,0,0.0,0,0,no_activation
500,4,150,2,0,2,11,11,0,0.0,0,0,no_activation
500,4,152,2,0,8,12,12,0,0.0,0,0,no_activation
500,4,155,5,0,22,19,19,0,0.0,0,0,no_activation
500,4,158,2,0,6,12,10,2,2.0,0,1,no_activation
500,4,160,2,0,7,11,11,0,0.0,0,0,no_activation
500,4,165,2,0,4,9,9,0,0.0,0,0,no_activation
500,4,166,2,0,2,12,12,0,0.0,0,0,no_activation
500,4,168,5,0,23,20,20,0,0.0,0,0,no_activation
500,4,170,5,0,22,27,27,0,0.0,0,0,no_activation
500,4,171,5,0,22,23,23,0,0.0,0,0,no_activation
500,4,172,5,0,6,24,24,0,0.0,0,0,no_activation
500,4,177,3,0,21,18,18,0,0.0,0,0,no_activation
500,4,184,4,0,20,19,19,0,0.0,0,0,no_activation
500,4,191,7,0,18,48,48,0,0.0,0,0,no_activation
500,4,192,2,0,5,10,10,0,0.0,0,0,no_activation
500,4,193,5,0,16,22,22,0,0.0,0,0,no_activation
500,4,202,2,0,2,12,12,0,0.0,0,0,no_activation
500,4,205,2,0,2,12,12,0,0.0,0,0,no_activation
500,4,208,2,0,2,12,12,0,0.0,0,0,no_activation
500,4,211,4,0,11,16,16,0,0.0,0,0,no_activation
500,4,214,5,0,10,33,33,0,0.0,0,0,no_activation
500,4,218,3,0,6,16,16,0,0.0,0,0,no_activation
500,4,220,2,0,3,12,12,0,0.0,0,0,no_activation
500,4,234,2,0,5,12,12,0,0.0,0,0,no_activation
500,4,236,5,0,5,26,26,0,0.0,0,0,no_activation
500,4,238,5,0,5,25,25,0,0.0,0,0,no_activation
500,4,239,2,0,5,10,10,0,0.0,0,0,no_activation
500,4,244,2,0,2,12,12,0,0.0,0,0,no_activation
500,4,245,4,0,4,20,20,0,0.0,0,0,no_activation
500,4,248,2,0,3,12,12,0,0.0,0,0,no_activation
500,4,251,5,0,2,26,26,0,0.0,0,0,no_activation
500,5,0,5,1,50,36,9,27,27.0,0,6,single_or_few
500,5,3,7,0,50,49,18,31,31.0,0,6,no_activation
500,5,4,5,0,50,37,9,28,28.0,0,6,no_activation
500,5,14,2,1,8,12,2,10,10.0,0,2,single_or_few
500,5,20,4,0,37,28,7,21,21.0,0,5,no_activation
500,5,34,5,0,50,36,17,19,19.0,0,5,no_activation
500,5,35,4,1,50,28,13,15,15.0,0,5,single_or_few
500,5,52,5,0,50,30,8,22,22.0,0,4,no_activation
500,5,58,2,0,17,13,5,8,8.0,0,3,no_activation
500,5,60,5,0,50,36,13,23,23.0,0,6,no_activation
500,5,62,5,1,50,39,13,26,26.0,0,6,single_or_few
500,5,69,5,1,50,35,12,23,23.0,0,6,single_or_few
500,5,74,2,0,2,10,5,5,5.0,0,1,no_activation
500,5,78,4,0,28,29,7,22,22.0,0,4,no_activation
500,5,82,2,0,8,13,7,6,6.0,0,1,no_activation
500,5,85,4,0,2,13,8,5,5.0,0,1,no_activation
500,5,86,4,0,6,26,9,17,17.0,0,4,no_activation
500,5,87,3,0,2,17,8,9,9.0,0,1,no_activation
500,5,92,4,1,50,21,6,15,15.0,0,4,single_or_few
500,5,94,2,0,5,11,5,6,6.0,0,2,no_activation
500,5,98,5,4,49,33,11,22,22.0,0,7,single_or_few
500,5,101,2,0,4,10,10,0,0.0,0,0,no_activation
500,5,104,2,0,2,10,9,1,1.0,0,1,no_activation
500,5,108,2,0,6,11,11,0,0.0,0,0,no_activation
500,5,109,5,0,46,19,14,5,5.0,0,1,no_activation
500,5,110,3,0,5,18,13,5,5.0,0,2,no_activation
500,5,111,2,0,2,9,7,2,2.0,0,1,no_activation
500,5,115,2,0,2,9,8,1,1.0,0,1,no_activation
500,5,118,4,0,45,18,18,0,0.0,0,0,no_activation
500,5,119,5,0,44,23,23,0,0.0,0,0,no_activation
500,5,121,2,0,3,10,10,0,0.0,0,0,no_activation
500,5,129,2,0,3,11,9,2,2.0,0,1,no_activation
500,5,135,3,0,4,14,14,0,0.0,0,0,no_activation
500,5,136,2,0,5,10,9,1,1.0,0,1,no_activation
500,5,138,3,0,4,18,18,0,0.0,0,0,no_activation
500,5,144,2,0,8,9,9,0,0.0,0,0,no_activation
500,5,154,4,0,36,26,18,8,8.0,0,1,no_activation
500,5,155,5,0,36,18,18,0,0.0,0,0,no_activation
500,5,157,5,0,35,21,21,0,0.0,0,0,no_activation
500,5,158,5,0,19,22,22,0,0.0,0,0,no_activation
500,5,161,2,0,2,10,10,0,0.0,0,0,no_activation
500,5,164,2,0,7,11,10,1,1.0,0,1,no_activation
500,5,165,2,0,4,10,10,0,0.0,0,0,no_activation
500,5,167,5,0,2,21,21,0,0.0,0,0,no_activation
500,5,171,2,0,20,11,11,0,0.0,0,0,no_activation
500,5,176,4,0,33,19,19,0,0.0,0,0,no_activation
500,5,177,5,0,21,23,23,0,0.0,0,0,no_activation
500,5,182,5,0,32,22,22,0,0.0,0,0,no_activation
500,5,187,2,0,3,10,10,0,0.0,0,0,no_activation
500,5,189,5,0,31,22,22,0,0.0,0,0,no_activation
500,5,190,4,0,27,22,22,0,0.0,0,0,no_activation
500,5,204,4,0,28,16,16,0,0.0,0,0,no_activation
500,5,206,2,0,7,9,9,0,0.0,0,0,no_activation
500,5,210,4,0,25,26,26,0,0.0,0,0,no_activation
500,5,211,5,0,11,25,25,0,0.0,0,0,no_activation
500,5,212,3,0,6,19,19,0,0.0,0,0,no_activation
500,5,214,2,0,7,11,11,0,0.0,0,0,no_activation
500,5,219,5,0,2,31,31,0,0.0,0,0,no_activation
500,5,221,3,0,20,18,18,0,0.0,0,0,no_activation
500,5,222,3,0,2,19,19,0,0.0,0,0,no_activation
500,5,223,5,0,20,22,22,0,0.0,0,0,no_activation
500,5,226,3,0,11,14,14,0,0.0,0,0,no_activation
500,5,227,3,0,7,16,16,0,0.0,0,0,no_activation
500,5,229,2,0,19,10,10,0,0.0,0,0,no_activation
500,5,237,2,0,2,9,9,0,0.0,0,0,no_activation
500,5,238,2,0,3,13,13,0,0.0,0,0,no_activation
500,5,242,2,0,9,10,10,0,0.0,0,0,no_activation
500,5,248,4,0,16,26,26,0,0.0,0,0,no_activation
500,5,249,4,0,7,19,19,0,0.0,0,0,no_activation
500,5,253,4,0,15,16,16,0,0.0,0,0,no_activation
500,5,256,4,0,14,21,21,0,0.0,0,0,no_activation
500,5,257,4,0,13,21,21,0,0.0,0,0,no_activation
500,5,258,5,0,2,24,24,0,0.0,0,0,no_activation
500,5,264,2,0,3,10,10,0,0.0,0,0,no_activation
500,5,265,5,0,13,24,24,0,0.0,0,0,no_activation
500,5,266,4,0,12,22,22,0,0.0,0,0,no_activation
500,5,267,5,0,2,28,28,0,0.0,0,0,no_activation
500,5,268,3,0,7,19,19,0,0.0,0,0,no_activation
500,5,273,2,0,6,10,10,0,0.0,0,0,no_activation
500,5,276,2,0,6,9,9,0,0.0,0,0,no_activation
500,5,281,2,0,4,11,11,0,0.0,0,0,no_activation
500,5,282,4,0,3,23,23,0,0.0,0,0,no_activation
500,5,283,2,0,3,13,13,0,0.0,0,0,no_activation
500,5,287,2,0,2,12,12,0,0.0,0,0,no_activation
500,5,290,5,0,7,28,28,0,0.0,0,0,no_activation
500,5,291,5,0,7,30,30,0,0.0,0,0,no_activation
500,5,305,2,0,5,13,13,0,0.0,0,0,no_activation
500,5,307,2,0,2,10,10,0,0.0,0,0,no_activation
500,5,314,2,0,2,12,12,0,0.0,0,0,no_activation
500,5,316,9,0,3,53,53,0,0.0,0,0,no_activation
500,5,317,4,0,3,25,25,0,0.0,0,0,no_activation
500,5,318,4,0,2,23,23,0,0.0,0,0,no_activation
500,6,4,2,3,37,21,5,16,16.0,0,5,single_or_few
500,6,14,3,1,50,21,4,17,17.0,0,5,single_or_few
500,6,18,4,0,50,26,8,18,18.0,0,6,no_activation
500,6,29,7,2,50,63,13,50,50.0,0,11,single_or_few
500,6,30,5,0,50,36,13,23,23.0,0,6,no_activation
500,6,34,4,3,45,42,9,33,33.0,0,9,single_or_few
500,6,41,3,0,3,16,5,11,11.0,0,2,no_activation
500,6,50,5,0,50,37,10,27,27.0,0,7,no_activation
500,6,60,5,2,50,35,6,29,29.0,0,6,single_or_few
500,6,89,2,0,7,12,5,7,7.0,0,4,no_activation
500,6,92,5,1,50,37,10,27,27.0,0,8,single_or_few
500,6,97,4,1,16,26,10,16,16.0,0,5,single_or_few
500,6,98,4,1,48,34,5,29,29.0,0,5,single_or_few
500,6,99,3,1,3,14,9,5,5.0,0,1,single_or_few
500,6,104,2,1,14,14,9,5,5.0,0,2,single_or_few
500,6,108,2,0,7,12,10,2,2.0,0,1,no_activation
500,6,112,4,0,6,16,16,0,0.0,0,0,no_activation
500,6,113,5,0,44,32,18,14,14.0,0,1,no_activation
500,6,114,4,0,36,25,16,9,9.0,0,1,no_activation
500,6,115,5,1,44,23,15,8,8.0,0,2,single_or_few
500,6,119,2,0,6,9,9,0,0.0,0,0,no_activation
500,6,120,2,0,4,11,8,3,3.0,0,1,no_activation
500,6,124,4,0,7,20,17,3,3.0,0,1,no_activation
500,6,125,2,0,12,9,9,0,0.0,0,0,no_activation
500,6,127,2,0,2,9,8,1,1.0,0,1,no_activation
500,6,129,2,0,6,9,9,0,0.0,0,0,no_activation
500,6,132,2,0,9,11,11,0,0.0,0,0,no_activation
500,6,134,5,1,42,22,22,0,0.0,0,0,single_or_few
500,6,135,7,0,4,43,33,10,10.0,0,1,no_activation
500,6,136,4,0,29,20,17,3,3.0,0,1,no_activation
500,6,137,2,0,2,9,9,0,0.0,0,0,no_activation
500,6,142,2,0,3,10,10,0,0.0,0,0,no_activation
500,6,144,4,0,39,12,12,0,0.0,0,0,no_activation
500,6,145,2,0,2,10,10,0,0.0,0,0,no_activation
500,6,147,2,0,3,9,9,0,0.0,0,0,no_activation
500,6,148,2,0,6,10,8,2,2.0,0,1,no_activation
500,6,149,2,0,3,10,10,0,0.0,0,0,no_activation
500,6,154,3,0,2,16,16,0,0.0,0,0,no_activation
500,6,155,2,0,2,9,9,0,0.0,0,0,no_activation
500,6,157,2,0,2,9,9,0,0.0,0,0,no_activation
500,6,158,5,0,38,24,24,0,0.0,0,0,no_activation
500,6,159,5,0,14,23,23,0,0.0,0,0,no_activation
500,6,160,5,0,37,23,23,0,0.0,0,0,no_activation
500,6,161,5,0,37,25,25,0,0.0,0,0,no_activation
500,6,162,3,0,16,16,16,0,0.0,0,0,no_activation
500,6,168,5,0,35,19,19,0,0.0,0,0,no_activation
500,6,171,5,0,3,21,21,0,0.0,0,0,no_activation
500,6,173,2,0,2,10,10,0,0.0,0,0,no_activation
500,6,174,2,0,2,11,11,0,0.0,0,0,no_activation
500,6,176,5,0,28,32,32,0,0.0,0,0,no_activation
500,6,177,4,0,4,20,20,0,0.0,0,0,no_activation
500,6,178,4,0,5,18,18,0,0.0,0,0,no_activation
500,6,179,3,0,6,18,18,0,0.0,0,0,no_activation
500,6,180,5,0,32,21,21,0,0.0,0,0,no_activation
500,6,181,5,0,32,32,32,0,0.0,0,0,no_activation
500,6,187,5,0,31,22,22,0,0.0,0,0,no_activation
500,6,190,2,0,5,9,9,0,0.0,0,0,no_activation
500,6,192,3,0,28,17,17,0,0.0,0,0,no_activation
500,6,197,2,0,2,10,10,0,0.0,0,0,no_activation
500,6,199,2,0,2,10,10,0,0.0,0,0,no_activation
500,6,200,5,0,27,22,22,0,0.0,0,0,no_activation
500,6,201,5,0,27,22,22,0,0.0,0,0,no_activation
500,6,202,3,0,27,16,16,0,0.0,0,0,no_activation
500,6,217,5,0,5,24,24,0,0.0,0,0,no_activation
500,6,218,5,0,15,23,23,0,0.0,0,0,no_activation
500,6,219,4,0,2,23,23,0,0.0,0,0,no_activation
500,6,223,3,0,11,14,14,0,0.0,0,0,no_activation
500,6,224,5,0,21,24,24,0,0.0,0,0,no_activation
500,6,231,2,0,6,10,10,0,0.0,0,0,no_activation
500,6,232,2,0,3,9,9,0,0.0,0,0,no_activation
500,6,241,3,0,4,17,17,0,0.0,0,0,no_activation
500,6,242,4,0,19,18,18,0,0.0,0,0,no_activation
500,6,246,3,0,18,18,18,0,0.0,0,0,no_activation
500,6,248,2,0,2,10,10,0,0.0,0,0,no_activation
500,6,250,2,0,5,11,11,0,0.0,0,0,no_activation
500,6,251,2,0,2,12,12,0,0.0,0,0,no_activation
500,6,252,2,0,2,11,11,0,0.0,0,0,no_activation
500,6,258,3,0,2,20,20,0,0.0,0,0,no_activation
500,6,259,5,0,16,22,22,0,0.0,0,0,no_activation
500,6,262,3,0,11,14,14,0,0.0,0,0,no_activation
500,6,265,4,0,3,20,20,0,0.0,0,0,no_activation
500,6,269,5,0,13,22,22,0,0.0,0,0,no_activation
500,6,270,2,0,5,12,12,0,0.0,0,0,no_activation
500,6,273,2,0,5,13,13,0,0.0,0,0,no_activation
500,6,278,5,0,12,25,25,0,0.0,0,0,no_activation
500,6,279,5,0,12,23,23,0,0.0,0,0,no_activation
500,6,281,2,0,8,11,11,0,0.0,0,0,no_activation
500,6,282,4,0,11,17,17,0,0.0,0,0,no_activation
500,6,286,2,0,2,12,12,0,0.0,0,0,no_activation
500,6,288,5,0,9,26,26,0,0.0,0,0,no_activation
500,6,289,5,0,9,33,33,0,0.0,0,0,no_activation
500,6,290,5,0,9,32,32,0,0.0,0,0,no_activation
500,6,294,4,0,3,24,24,0,0.0,0,0,no_activation
500,6,300,8,0,7,47,47,0,0.0,0,0,no_activation
500,6,302,4,0,6,25,25,0,0.0,0,0,no_activation
500,6,305,2,0,4,11,11,0,0.0,0,0,no_activation
500,6,310,2,0,6,11,11,0,0.0,0,0,no_activation
500,6,313,5,0,5,32,32,0,0.0,0,0,no_activation
500,6,314,3,0,5,15,15,0,0.0,0,0,no_activation
500,6,315,4,0,2,26,26,0,0.0,0,0,no_activation
500,6,316,2,0,2,12,12,0,0.0,0,0,no_activation
500,6,318,5,0,3,26,26,0,0.0,0,0,no_activation
500,6,319,5,0,3,31,31,0,0.0,0,0,no_activation
500,6,324,5,0,2,34,34,0,0.0,0,0,no_activation
500,7,0,5,0,50,36,10,26,26.0,0,6,no_activation
500,7,20,5,2,50,35,6,29,29.0,0,8,single_or_few
500,7,27,5,2,50,41,13,28,28.0,0,8,single_or_few
500,7,34,5,1,50,35,4,31,31.0,0,7,single_or_few
500,7,49,3,3,23,34,6,28,28.0,0,8,single_or_few
500,7,51,5,0,50,33,1,32,32.0,0,6,no_activation
500,7,52,5,0,50,35,7,28,28.0,0,7,no_activation
500,7,53,2,1,2,8,7,1,1.0,0,1,single_or_few
500,7,62,2,1,3,8,7,1,1.0,0,1,single_or_few
500,7,65,5,0,50,32,8,24,24.0,0,5,no_activation
500,7,70,2,0,2,9,9,0,0.0,0,0,no_activation
500,7,71,2,2,5,15,8,7,7.0,0,3,single_or_few
500,7,72,2,1,5,15,6,9,9.0,0,4,single_or_few
500,7,75,2,0,2,9,7,2,2.0,0,1,no_activation
500,7,76,2,1,6,14,6,8,10.0,1,3,single_or_few
500,7,78,2,1,5,13,9,4,4.0,0,2,single_or_few
500,7,83,2,1,2,11,9,2,2.0,0,1,single_or_few
500,7,87,2,0,2,11,6,5,5.0,0,1,no_activation
500,7,89,4,1,46,30,12,18,18.0,0,2,single_or_few
500,7,91,2,0,4,10,7,3,3.0,0,1,no_activation
500,7,92,2,1,2,12,9,3,3.0,0,1,single_or_few
500,7,94,3,2,17,13,12,1,1.0,0,1,single_or_few
500,7,95,3,1,2,11,6,5,5.0,0,1,single_or_few
500,7,96,2,1,2,11,9,2,2.0,0,1,single_or_few
500,7,97,2,0,7,8,7,1,1.0,0,1,no_activation
500,7,100,2,0,6,8,8,0,0.0,0,0,no_activation
500,7,104,2,0,4,9,9,0,0.0,0,0,no_activation
500,7,106,5,0,43,22,18,4,4.0,0,1,no_activation
500,7,107,3,1,6,19,13,6,8.0,1,2,single_or_few
500,7,109,2,0,4,9,7,2,2.0,0,1,no_activation
500,7,113,2,0,2,10,10,0,0.0,0,0,no_activation
500,7,116,2,0,3,9,9,0,0.0,0,0,no_activation
500,7,119,5,0,41,30,25,5,5.0,0,1,no_activation
500,7,120,2,0,5,10,10,0,0.0,0,0,no_activation
500,7,121,2,0,3,10,10,0,0.0,0,0,no_activation
500,7,122,2,0,5,10,10,0,0.0,0,0,no_activation
500,7,126,5,1,39,24,21,3,3.0,0,1,single_or_few
500,7,128,2,0,2,9,9,0,0.0,0,0,no_activation
500,7,133,2,0,6,10,10,0,0.0,0,0,no_activation
500,7,134,2,0,3,11,11,0,0.0,0,0,no_activation
500,7,135,2,0,6,11,5,6,6.0,0,1,no_activation
500,7,136,2,0,5,12,12,0,0.0,0,0,no_activation
500,7,137,2,0,6,10,10,0,0.0,0,0,no_activation
500,7,139,3,0,28,18,13,5,5.0,0,1,no_activation
500,7,140,3,0,5,18,18,0,0.0,0,0,no_activation
500,7,148,5,0,17,26,26,0,0.0,0,0,no_activation
500,7,151,4,0,33,26,26,0,0.0,0,0,no_activation
500,7,152,5,0,33,26,26,0,0.0,0,0,no_activation
500,7,153,2,0,4,9,9,0,0.0,0,0,no_activation
500,7,156,5,0,32,30,30,0,0.0,0,0,no_activation
500,7,158,2,0,2,9,9,0,0.0,0,0,no_activation
500,7,159,2,0,2,11,11,0,0.0,0,0,no_activation
500,7,163,2,0,2,11,11,0,0.0,0,0,no_activation
500,7,164,2,0,2,11,11,0,0.0,0,0,no_activation
500,7,168,2,0,3,11,11,0,0.0,0,0,no_activation
500,7,169,4,0,2,24,24,0,0.0,0,0,no_activation
500,7,170,5,0,31,33,33,0,0.0,0,0,no_activation
500,7,174,3,0,2,18,18,0,0.0,0,0,no_activation
500,7,175,5,0,29,22,22,0,0.0,0,0,no_activation
500,7,183,3,0,7,18,18,0,0.0,0,0,no_activation
500,7,186,2,0,2,10,10,0,0.0,0,0,no_activation
500,7,190,3,0,10,11,11,0,0.0,0,0,no_activation
500,7,192,2,0,5,9,9,0,0.0,0,0,no_activation
500,7,196,5,0,25,29,29,0,0.0,0,0,no_activation
500,7,201,2,0,2,11,11,0,0.0,0,0,no_activation
500,7,203,5,0,22,25,25,0,0.0,0,0,no_activation
500,7,204,2,0,3,11,11,0,0.0,0,0,no_activation
500,7,208,5,0,21,23,23,0,0.0,0,0,no_activation
500,7,213,5,0,20,23,23,0,0.0,0,0,no_activation
500,7,214,2,0,2,10,10,0,0.0,0,0,no_activation
500,7,216,2,0,3,11,11,0,0.0,0,0,no_activation
500,7,218,4,0,18,19,19,0,0.0,0,0,no_activation
500,7,219,3,0,2,18,18,0,0.0,0,0,no_activation
500,7,225,5,0,17,25,25,0,0.0,0,0,no_activation
500,7,226,5,0,8,23,23,0,0.0,0,0,no_activation
500,7,227,4,0,17,21,21,0,0.0,0,0,no_activation
500,7,228,2,0,2,9,9,0,0.0,0,0,no_activation
500,7,230,5,0,15,27,27,0,0.0,0,0,no_activation
500,7,238,5,0,14,24,24,0,0.0,0,0,no_activation
500,7,239,2,0,7,10,10,0,0.0,0,0,no_activation
500,7,245,4,0,13,21,21,0,0.0,0,0,no_activation
500,7,246,5,0,13,27,27,0,0.0,0,0,no_activation
500,7,247,3,0,4,18,18,0,0.0,0,0,no_activation
500,7,249,2,0,2,11,11,0,0.0,0,0,no_activation
500,7,253,5,0,12,29,29,0,0.0,0,0,no_activation
500,7,255,3,0,2,19,19,0,0.0,0,0,no_activation
500,7,256,5,0,11,30,30,0,0.0,0,0,no_activation
500,7,262,4,0,3,28,28,0,0.0,0,0,no_activation
500,7,263,5,0,6,32,32,0,0.0,0,0,no_activation
500,7,265,2,0,7,12,12,0,0.0,0,0,no_activation
500,7,267,3,0,5,18,18,0,0.0,0,0,no_activation
500,7,269,5,0,4,28,28,0,0.0,0,0,no_activation
500,7,270,3,0,3,16,16,0,0.0,0,0,no_activation
500,7,273,2,0,3,11,11,0,0.0,0,0,no_activation
500,7,277,2,0,3,12,12,0,0.0,0,0,no_activation
500,7,281,2,0,2,12,12,0,0.0,0,0,no_activation
500,7,282,2,0,2,12,12,0,0.0,0,0,no_activation
500,7,284,5,0,2,21,21,0,0.0,0,0,no_activation
500,8,3,5,0,50,33,7,26,26.0,0,6,no_activation
500,8,11,2,0,27,13,1,12,12.0,0,4,no_activation
500,8,20,4,0,50,30,9,21,21.0,0,5,no_activation
500,8,21,5,0,50,35,12,23,23.0,0,8,no_activation
500,8,45,5,1,50,34,9,25,25.0,0,7,single_or_few
500,8,56,5,1,50,36,8,28,28.0,0,8,single_or_few
500,8,57,2,0,4,11,4,7,7.0,0,3,no_activation
500,8,59,5,1,50,31,3,28,28.0,0,7,single_or_few
500,8,60,2,1,7,20,2,18,18.0,0,6,single_or_few
500,8,61,3,1,5,25,7,18,18.0,0,4,single_or_few
500,8,65,4,1,23,34,7,27,27.0,0,8,single_or_few
500,8,66,3,0,3,10,3,7,7.0,0,2,no_activation
500,8,70,2,0,3,12,6,6,6.0,0,2,no_activation
500,8,72,5,1,50,27,9,18,18.0,0,5,single_or_few
500,8,73,2,0,2,9,4,5,5.0,0,1,no_activation
500,8,74,2,0,2,6,3,3,3.0,0,1,no_activation
500,8,76,5,2,49,21,8,13,13.0,0,6,single_or_few
500,8,78,3,0,2,9,7,2,2.0,0,1,no_activation
500,8,82,2,1,4,14,1,13,13.0,0,2,single_or_few
500,8,85,6,0,47,33,12,21,21.0,0,4,no_activation
500,8,90,8,0,46,27,17,10,10.0,0,2,no_activation
500,8,91,5,0,2,23,15,8,8.0,0,1,no_activation
500,8,94,5,0,7,22,16,6,6.0,0,1,no_activation
500,8,95,3,0,10,18,10,8,8.0,0,1,no_activation
500,8,96,3,0,2,15,13,2,2.0,0,1,no_activation
500,8,97,8,0,42,48,21,27,27.0,0,3,no_activation
500,8,99,2,0,2,10,9,1,1.0,0,1,no_activation
500,8,102,3,0,20,14,9,5,5.0,0,1,no_activation
500,8,104,2,0,6,9,9,0,0.0,0,0,no_activation
500,8,105,2,0,11,9,9,0,0.0,0,0,no_activation
500,8,108,2,0,5,11,9,2,2.0,0,1,no_activation
500,8,109,2,0,2,10,10,0,0.0,0,0,no_activation
500,8,114,2,1,2,17,12,5,5.0,0,1,single_or_few
500,8,116,4,0,7,16,16,0,0.0,0,0,no_activation
500,8,118,4,0,23,17,17,0,0.0,0,0,no_activation
500,8,120,2,0,3,11,11,0,0.0,0,0,no_activation
500,8,122,2,0,3,9,9,0,0.0,0,0,no_activation
500,8,125,3,0,3,10,10,0,0.0,0,0,no_activation
500,8,126,4,0,6,19,19,0,0.0,0,0,no_activation
500,8,128,2,0,2,10,10,0,0.0,0,0,no_activation
500,8,129,2,0,3,10,10,0,0.0,0,0,no_activation
500,8,131,5,0,37,28,24,4,4.0,0,1,no_activation
500,8,132,3,0,7,18,18,0,0.0,0,0,no_activation
500,8,138,2,0,2,11,11,0,0.0,0,0,no_activation
500,8,139,2,0,6,9,9,0,0.0,0,0,no_activation
500,8,140,5,0,35,25,25,0,0.0,0,0,no_activation
500,8,141,5,0,4,22,22,0,0.0,0,0,no_activation
500,8,144,4,0,21,25,25,0,0.0,0,0,no_activation
500,8,145,4,0,12,25,25,0,0.0,0,0,no_activation
500,8,151,2,0,2,10,10,0,0.0,0,0,no_activation
500,8,153,3,0,8,15,15,0,0.0,0,0,no_activation
500,8,159,2,0,10,10,10,0,0.0,0,0,no_activation
500,8,161,4,0,14,21,21,0,0.0,0,0,no_activation
500,8,165,2,0,2,10,10,0,0.0,0,0,no_activation
500,8,166,5,0,31,15,15,0,0.0,0,0,no_activation
500,8,168,7,0,31,38,38,0,0.0,0,0,no_activation
500,8,169,5,0,31,22,22,0,0.0,0,0,no_activation
500,8,175,2,0,2,11,11,0,0.0,0,0,no_activation
500,8,177,2,0,2,10,10,0,0.0,0,0,no_activation
500,8,178,2,0,8,10,10,0,0.0,0,0,no_activation
500,8,180,2,0,5,11,11,0,0.0,0,0,no_activation
500,8,182,2,0,5,10,10,0,0.0,0,0,no_activation
500,8,183,2,0,6,10,10,0,0.0,0,0,no_activation
500,8,188,5,0,6,23,23,0,0.0,0,0,no_activation
500,8,189,4,0,28,25,25,0,0.0,0,0,no_activation
500,8,191,2,0,11,12,12,0,0.0,0,0,no_activation
500,8,196,2,0,5,11,11,0,0.0,0,0,no_activation
500,8,198,2,0,3,11,11,0,0.0,0,0,no_activation
500,8,199,2,0,2,10,10,0,0.0,0,0,no_activation
500,8,202,2,0,4,9,9,0,0.0,0,0,no_activation
500,8,203,2,0,2,9,9,0,0.0,0,0,no_activation
500,8,208,5,0,27,27,27,0,0.0,0,0,no_activation
500,8,210,2,0,2,10,10,0,0.0,0,0,no_activation
500,8,214,4,0,15,24,24,0,0.0,0,0,no_activation
500,8,215,5,0,26,22,22,0,0.0,0,0,no_activation
500,8,216,3,0,8,19,19,0,0.0,0,0,no_activation
500,8,220,2,0,4,10,10,0,0.0,0,0,no_activation
500,8,221,2,0,3,10,10,0,0.0,0,0,no_activation
500,8,222,2,0,3,10,10,0,0.0,0,0,no_activation
500,8,223,2,0,4,10,10,0,0.0,0,0,no_activation
500,8,226,3,0,3,19,19,0,0.0,0,0,no_activation
500,8,227,5,0,21,26,26,0,0.0,0,0,no_activation
500,8,228,2,0,5,12,12,0,0.0,0,0,no_activation
500,8,230,2,0,7,10,10,0,0.0,0,0,no_activation
500,8,233,5,0,23,31,31,0,0.0,0,0,no_activation
500,8,234,3,0,3,19,19,0,0.0,0,0,no_activation
500,8,239,2,0,2,10,10,0,0.0,0,0,no_activation
500,8,243,5,0,22,24,24,0,0.0,0,0,no_activation
500,8,244,4,0,6,22,22,0,0.0,0,0,no_activation
500,8,245,2,0,7,12,12,0,0.0,0,0,no_activation
500,8,247,2,0,2,10,10,0,0.0,0,0,no_activation
500,8,249,5,0,21,24,24,0,0.0,0,0,no_activation
500,8,250,3,0,2,17,17,0,0.0,0,0,no_activation
500,8,255,2,0,2,11,11,0,0.0,0,0,no_activation
500,8,265,2,0,4,12,12,0,0.0,0,0,no_activation
500,8,266,2,0,2,11,11,0,0.0,0,0,no_activation
500,8,267,2,0,2,12,12,0,0.0,0,0,no_activation
500,8,269,2,0,8,11,11,0,0.0,0,0,no_activation
500,8,274,5,0,17,26,26,0,0.0,0,0,no_activation
500,8,275,7,0,17,46,46,0,0.0,0,0,no_activation
500,8,279,3,0,6,18,18,0,0.0,0,0,no_activation
500,8,281,2,0,4,10,10,0,0.0,0,0,no_activation
500,8,284,2,0,7,12,12,0,0.0,0,0,no_activation
500,8,287,2,0,2,13,13,0,0.0,0,0,no_activation
500,8,289,4,0,3,25,25,0,0.0,0,0,no_activation
500,8,290,5,0,13,26,26,0,0.0,0,0,no_activation
500,8,291,5,0,2,24,24,0,0.0,0,0,no_activation
500,8,292,4,0,8,19,19,0,0.0,0,0,no_activation
500,8,293,3,0,13,18,18,0,0.0,0,0,no_activation
500,8,303,2,0,2,12,12,0,0.0,0,0,no_activation
500,8,305,2,0,2,11,11,0,0.0,0,0,no_activation
500,8,308,2,0,3,10,10,0,0.0,0,0,no_activation
500,8,310,5,0,12,32,32,0,0.0,0,0,no_activation
500,8,311,2,0,3,13,13,0,0.0,0,0,no_activation
500,8,312,2,0,2,12,12,0,0.0,0,0,no_activation
500,8,314,2,0,4,12,12,0,0.0,0,0,no_activation
500,8,316,2,0,5,10,10,0,0.0,0,0,no_activation
500,8,317,5,0,9,29,29,0,0.0,0,0,no_activation
500,8,319,2,0,8,11,11,0,0.0,0,0,no_activation
500,8,321,2,0,5,12,12,0,0.0,0,0,no_activation
500,8,322,5,0,3,26,26,0,0.0,0,0,no_activation
500,8,323,2,0,2,13,13,0,0.0,0,0,no_activation
500,8,329,5,0,7,24,24,0,0.0,0,0,no_activation
500,8,332,5,0,8,29,29,0,0.0,0,0,no_activation
500,8,338,3,0,3,19,19,0,0.0,0,0,no_activation
500,8,339,5,0,7,24,24,0,0.0,0,0,no_activation
500,8,340,3,0,3,20,20,0,0.0,0,0,no_activation
500,8,345,2,0,7,11,11,0,0.0,0,0,no_activation
500,8,347,5,0,6,25,25,0,0.0,0,0,no_activation
500,8,348,5,0,5,32,32,0,0.0,0,0,no_activation
500,8,350,2,0,6,13,13,0,0.0,0,0,no_activation
500,8,355,5,0,5,21,21,0,0.0,0,0,no_activation
500,8,359,5,0,4,33,33,0,0.0,0,0,no_activation
500,8,360,5,0,3,35,35,0,0.0,0,0,no_activation
500,8,361,5,0,3,33,33,0,0.0,0,0,no_activation
500,8,363,3,0,3,20,20,0,0.0,0,0,no_activation
500,8,364,2,0,2,11,11,0,0.0,0,0,no_activation
500,8,371,5,0,2,30,30,0,0.0,0,0,no_activation
500,9,11,2,0,2,7,4,3,3.0,0,1,no_activation
500,9,16,4,2,50,32,9,23,23.0,0,3,single_or_few
500,9,20,5,0,50,33,9,24,24.0,0,3,no_activation
500,9,24,2,0,3,13,7,6,6.0,0,1,no_activation
500,9,28,3,0,17,20,6,14,14.0,0,2,no_activation
500,9,31,3,1,15,16,4,12,12.0,0,2,single_or_few
500,9,32,4,0,13,24,7,17,17.0,0,3,no_activation
500,9,36,2,0,29,12,8,4,4.0,0,1,no_activation
500,9,43,5,0,50,32,7,25,25.0,0,3,no_activation
500,9,50,5,2,50,45,9,36,36.0,0,8,single_or_few
500,9,51,5,1,50,41,14,27,27.0,0,5,single_or_few
500,9,52,3,1,50,20,4,16,16.0,0,3,single_or_few
500,9,59,5,1,50,44,9,35,35.0,0,6,single_or_few
500,9,63,2,0,6,12,5,7,7.0,0,2,no_activation
500,9,65,2,0,10,12,4,8,8.0,0,2,no_activation
500,9,66,5,1,5,40,13,27,27.0,0,4,single_or_few
500,9,73,2,0,22,13,4,9,9.0,0,4,no_activation
500,9,74,2,0,3,13,8,5,5.0,0,2,no_activation
500,9,78,5,0,10,33,7,26,26.0,0,4,no_activation
500,9,82,2,0,2,10,5,5,5.0,0,1,no_activation
500,9,84,2,1,4,10,5,5,5.0,0,2,single_or_few
500,9,88,5,2,49,21,13,8,8.0,0,1,single_or_few
500,9,92,2,0,3,8,8,0,0.0,0,0,no_activation
500,9,93,2,0,5,9,9,0,0.0,0,0,no_activation
500,9,95,2,0,8,9,9,0,0.0,0,0,no_activation
500,9,97,4,1,7,20,14,6,6.0,0,1,single_or_few
500,9,98,3,1,4,22,8,14,14.0,0,2,single_or_few
500,9,100,2,0,2,9,9,0,0.0,0,0,no_activation
500,9,104,2,0,3,10,8,2,2.0,0,1,no_activation
500,9,107,5,0,46,20,16,4,4.0,0,1,no_activation
500,9,110,2,0,10,9,6,3,3.0,0,1,no_activation
500,9,113,2,0,2,11,11,0,0.0,0,0,no_activation
500,9,115,2,0,2,11,11,0,0.0,0,0,no_activation
500,9,116,2,0,3,9,9,0,0.0,0,0,no_activation
500,9,117,2,0,7,9,9,0,0.0,0,0,no_activation
500,9,119,5,0,41,19,19,0,0.0,0,0,no_activation
500,9,120,4,0,2,20,20,0,0.0,0,0,no_activation
500,9,124,5,0,14,24,18,6,6.0,0,1,no_activation
500,9,125,4,0,39,25,19,6,6.0,0,1,no_activation
500,9,126,5,0,39,22,22,0,0.0,0,0,no_activation
500,9,127,2,0,2,11,11,0,0.0,0,0,no_activation
500,9,133,2,0,7,13,13,0,0.0,0,0,no_activation
500,9,134,5,0,7,21,21,0,0.0,0,0,no_activation
500,9,136,4,0,4,20,20,0,0.0,0,0,no_activation
500,9,138,3,0,3,11,11,0,0.0,0,0,no_activation
500,9,139,3,0,2,16,16,0,0.0,0,0,no_activation
500,9,141,2,0,13,10,10,0,0.0,0,0,no_activation
500,9,142,4,0,2,19,19,0,0.0,0,0,no_activation
500,9,144,8,0,9,56,47,9,9.0,0,1,no_activation
500,9,145,2,0,2,9,9,0,0.0,0,0,no_activation
500,9,146,2,0,2,10,10,0,0.0,0,0,no_activation
500,9,147,2,0,6,11,11,0,0.0,0,0,no_activation
500,9,149,2,0,3,10,10,0,0.0,0,0,no_activation
500,9,151,2,0,8,10,10,0,0.0,0,0,no_activation
500,9,152,2,0,4,9,9,0,0.0,0,0,no_activation
500,9,154,2,0,4,10,10,0,0.0,0,0,no_activation
500,9,155,2,0,6,9,9,0,0.0,0,0,no_activation
500,9,156,5,1,35,19,19,0,0.0,0,0,single_or_few
500,9,157,3,0,9,19,18,1,1.0,0,1,no_activation
500,9,158,4,0,34,18,18,0,0.0,0,0,no_activation
500,9,159,2,0,2,11,11,0,0.0,0,0,no_activation
500,9,163,2,0,2,9,9,0,0.0,0,0,no_activation
500,9,164,2,0,14,11,11,0,0.0,0,0,no_activation
500,9,167,5,0,33,20,20,0,0.0,0,0,no_activation
500,9,168,4,0,3,22,22,0,0.0,0,0,no_activation
500,9,169,3,0,31,19,19,0,0.0,0,0,no_activation
500,9,172,2,0,5,10,10,0,0.0,0,0,no_activation
500,9,173,3,0,30,18,18,0,0.0,0,0,no_activation
500,9,174,2,0,2,10,10,0,0.0,0,0,no_activation
500,9,176,2,0,5,11,11,0,0.0,0,0,no_activation
500,9,177,2,0,2,10,10,0,0.0,0,0,no_activation
500,9,178,2,0,4,9,9,0,0.0,0,0,no_activation
500,9,179,2,0,7,9,9,0,0.0,0,0,no_activation
500,9,180,2,0,4,11,11,0,0.0,0,0,no_activation
500,9,183,2,0,6,11,11,0,0.0,0,0,no_activation
500,9,192,2,0,9,11,11,0,0.0,0,0,no_activation
500,9,194,5,0,28,22,22,0,0.0,0,0,no_activation
500,9,195,4,0,28,21,21,0,0.0,0,0,no_activation
500,9,196,4,0,28,20,20,0,0.0,0,0,no_activation
500,9,200,3,0,2,14,14,0,0.0,0,0,no_activation
500,9,202,5,0,3,21,21,0,0.0,0,0,no_activation
500,9,203,3,0,3,19,19,0,0.0,0,0,no_activation
500,9,208,2,0,2,10,10,0,0.0,0,0,no_activation
500,9,211,2,0,2,11,11,0,0.0,0,0,no_activation
500,9,214,5,0,23,22,22,0,0.0,0,0,no_activation
500,9,216,5,0,23,27,27,0,0.0,0,0,no_activation
500,9,217,2,0,3,10,10,0,0.0,0,0,no_activation
500,9,220,2,0,2,11,11,0,0.0,0,0,no_activation
500,9,222,2,0,2,11,11,0,0.0,0,0,no_activation
500,9,225,2,0,4,11,11,0,0.0,0,0,no_activation
500,9,226,2,0,7,12,12,0,0.0,0,0,no_activation
500,9,227,2,0,8,11,11,0,0.0,0,0,no_activation
500,9,230,2,0,5,11,11,0,0.0,0,0,no_activation
500,9,234,5,0,7,25,25,0,0.0,0,0,no_activation
500,9,236,3,0,3,17,17,0,0.0,0,0,no_activation
500,9,245,5,0,20,23,23,0,0.0,0,0,no_activation
500,9,246,5,0,19,26,26,0,0.0,0,0,no_activation
500,9,247,5,0,7,22,22,0,0.0,0,0,no_activation
500,9,248,3,0,7,16,16,0,0.0,0,0,no_activation
500,9,251,2,0,4,11,11,0,0.0,0,0,no_activation
500,9,252,2,0,3,12,12,0,0.0,0,0,no_activation
500,9,258,3,0,4,16,16,0,0.0,0,0,no_activation
500,9,259,3,0,2,20,20,0,0.0,0,0,no_activation
500,9,261,2,0,6,12,12,0,0.0,0,0,no_activation
500,9,266,3,0,8,21,21,0,0.0,0,0,no_activation
500,9,268,4,0,10,25,25,0,0.0,0,0,no_activation
500,9,270,2,0,7,11,11,0,0.0,0,0,no_activation
500,9,272,5,0,3,27,27,0,0.0,0,0,no_activation
500,9,274,5,0,14,27,27,0,0.0,0,0,no_activation
500,9,275,5,0,14,26,26,0,0.0,0,0,no_activation
500,9,279,2,0,13,12,12,0,0.0,0,0,no_activation
500,9,282,5,0,13,31,31,0,0.0,0,0,no_activation
500,9,283,5,0,13,31,31,0,0.0,0,0,no_activation
500,9,286,5,0,11,26,26,0,0.0,0,0,no_activation
500,9,287,2,0,2,12,12,0,0.0,0,0,no_activation
500,9,288,2,0,2,12,12,0,0.0,0,0,no_activation
500,9,293,3,0,5,18,18,0,0.0,0,0,no_activation
500,9,294,2,0,2,11,11,0,0.0,0,0,no_activation
500,9,296,2,0,4,11,11,0,0.0,0,0,no_activation
500,9,301,4,0,7,24,24,0,0.0,0,0,no_activation
500,9,309,4,0,5,25,25,0,0.0,0,0,no_activation
500,9,310,8,0,5,54,54,0,0.0,0,0,no_activation
500,9,311,5,0,5,25,25,0,0.0,0,0,no_activation
500,9,316,5,0,4,33,33,0,0.0,0,0,no_activation
500,9,318,5,0,4,32,32,0,0.0,0,0,no_activation
500,9,323,2,0,2,10,10,0,0.0,0,0,no_activation
500,9,328,2,0,2,12,12,0,0.0,0,0,no_activation
500,10,5,4,0,50,29,4,25,25.0,0,5,no_activation
500,10,24,2,0,5,13,2,11,11.0,0,3,no_activation
500,10,35,5,0,50,37,5,32,32.0,0,6,no_activation
500,10,38,2,0,2,5,5,0,0.0,0,0,no_activation
500,10,43,3,1,33,23,3,20,20.0,0,4,single_or_few
500,10,44,3,1,30,22,5,17,17.0,0,5,single_or_few
500,10,46,5,2,50,39,4,35,35.0,0,8,single_or_few
500,10,47,2,1,7,15,6,9,9.0,0,3,single_or_few
500,10,51,2,0,3,11,3,8,8.0,0,2,no_activation
500,10,60,5,0,50,37,7,30,30.0,0,5,no_activation
500,10,64,4,0,50,17,3,14,14.0,0,3,no_activation
500,10,65,5,3,49,33,7,26,26.0,0,6,single_or_few
500,10,67,5,2,14,36,8,28,28.0,0,5,single_or_few
500,10,68,5,0,8,16,10,6,6.0,0,1,no_activation
500,10,69,2,0,2,10,9,1,1.0,0,1,no_activation
500,10,70,2,0,12,9,8,1,1.0,0,1,no_activation
500,10,73,2,1,3,14,6,8,8.0,0,2,single_or_few
500,10,79,5,0,47,24,14,10,10.0,0,1,no_activation
500,10,80,5,1,47,25,8,17,17.0,0,2,single_or_few
500,10,81,5,0,47,22,17,5,5.0,0,1,no_activation
500,10,84,2,0,7,10,7,3,3.0,0,1,no_activation
500,10,88,4,0,46,26,17,9,9.0,0,2,no_activation
500,10,89,4,0,46,23,16,7,7.0,0,1,no_activation
500,10,90,2,1,12,12,7,5,5.0,0,1,single_or_few
500,10,91,2,0,2,10,8,2,2.0,0,1,no_activation
500,10,92,4,1,45,25,15,10,10.0,0,4,single_or_few
500,10,101,3,0,2,17,13,4,4.0,0,1,no_activation
500,10,102,2,0,3,8,8,0,0.0,0,0,no_activation
500,10,103,2,0,2,9,9,0,0.0,0,0,no_activation
500,10,109,2,0,3,10,9,1,1.0,0,1,no_activation
500,10,113,2,0,3,10,10,0,0.0,0,0,no_activation
500,10,117,5,0,2,21,21,0,0.0,0,0,no_activation
500,10,118,5,0,13,18,18,0,0.0,0,0,no_activation
500,10,119,2,0,4,9,9,0,0.0,0,0,no_activation
500,10,122,4,0,8,23,19,4,4.0,0,1,no_activation
500,10,123,5,0,36,22,22,0,0.0,0,0,no_activation
500,10,124,6,0,2,27,27,0,0.0,0,0,no_activation
500,10,126,2,0,3,11,11,0,0.0,0,0,no_activation
500,10,131,3,0,6,16,16,0,0.0,0,0,no_activation
500,10,136,5,0,34,24,24,0,0.0,0,0,no_activation
500,10,138,4,0,3,17,15,2,2.0,0,1,no_activation
500,10,140,5,0,32,29,29,0,0.0,0,0,no_activation
500,10,141,5,0,32,23,23,0,0.0,0,0,no_activation
500,10,142,5,0,32,22,22,0,0.0,0,0,no_activation
500,10,143,2,0,4,10,10,0,0.0,0,0,no_activation
500,10,148,5,0,31,22,22,0,0.0,0,0,no_activation
500,10,151,4,0,3,25,25,0,0.0,0,0,no_activation
500,10,152,5,0,30,21,21,0,0.0,0,0,no_activation
500,10,153,5,0,30,24,24,0,0.0,0,0,no_activation
500,10,154,3,0,4,18,18,0,0.0,0,0,no_activation
500,10,160,4,0,3,18,18,0,0.0,0,0,no_activation
500,10,161,5,0,11,34,34,0,0.0,0,0,no_activation
500,10,164,2,0,6,10,10,0,0.0,0,0,no_activation
500,10,167,5,0,27,22,22,0,0.0,0,0,no_activation
500,10,168,3,0,9,17,17,0,0.0,0,0,no_activation
500,10,170,2,0,2,10,10,0,0.0,0,0,no_activation
500,10,174,2,0,2,11,11,0,0.0,0,0,no_activation
500,10,183,2,0,3,12,11,1,1.0,0,1,no_activation
500,10,186,2,0,2,11,11,0,0.0,0,0,no_activation
500,10,187,5,0,23,21,21,0,0.0,0,0,no_activation
500,10,194,2,0,7,9,9,0,0.0,0,0,no_activation
500,10,195,5,0,7,23,23,0,0.0,0,0,no_activation
500,10,196,5,0,21,23,23,0,0.0,0,0,no_activation
500,10,200,5,0,18,24,24,0,0.0,0,0,no_activation
500,10,202,5,0,17,24,24,0,0.0,0,0,no_activation
500,10,203,5,0,3,24,24,0,0.0,0,0,no_activation
500,10,204,5,0,15,27,27,0,0.0,0,0,no_activation
500,10,207,2,0,3,10,10,0,0.0,0,0,no_activation
500,10,217,4,0,13,19,19,0,0.0,0,0,no_activation
500,10,218,5,0,13,32,32,0,0.0,0,0,no_activation
500,10,220,2,0,6,9,9,0,0.0,0,0,no_activation
500,10,224,4,0,12,25,25,0,0.0,0,0,no_activation
500,10,225,8,0,12,53,53,0,0.0,0,0,no_activation
500,10,227,5,0,11,24,24,0,0.0,0,0,no_activation
500,10,235,4,0,5,18,18,0,0.0,0,0,no_activation
500,10,236,5,0,10,20,20,0,0.0,0,0,no_activation
500,10,237,5,0,9,32,32,0,0.0,0,0,no_activation
500,10,238,5,0,9,21,21,0,0.0,0,0,no_activation
500,10,239,6,0,9,40,40,0,0.0,0,0,no_activation
500,10,244,5,0,8,25,25,0,0.0,0,0,no_activation
500,10,247,2,0,2,12,12,0,0.0,0,0,no_activation
500,10,248,2,0,2,9,9,0,0.0,0,0,no_activation
500,10,252,5,0,7,28,28,0,0.0,0,0,no_activation
500,10,254,2,0,3,12,12,0,0.0,0,0,no_activation
500,10,255,5,0,5,24,24,0,0.0,0,0,no_activation
500,10,259,2,0,3,9,9,0,0.0,0,0,no_activation
500,10,263,5,0,3,29,29,0,0.0,0,0,no_activation
500,10,265,2,0,2,12,12,0,0.0,0,0,no_activation
500,10,272,2,0,2,12,12,0,0.0,0,0,no_activation
500,11,0,4,1,28,31,8,23,23.0,0,5,single_or_few
500,11,8,5,0,50,34,8,26,26.0,0,3,no_activation
500,11,19,5,1,50,59,13,46,46.0,0,10,single_or_few
500,11,30,4,0,19,28,14,14,14.0,0,4,no_activation
500,11,31,4,1,50,38,10,28,28.0,0,6,single_or_few
500,11,33,5,0,50,34,10,24,24.0,0,4,no_activation
500,11,38,3,1,15,33,7,26,26.0,0,4,single_or_few
500,11,39,5,0,17,36,15,21,21.0,0,4,no_activation
500,11,48,4,1,50,29,9,20,20.0,0,4,single_or_few
500,11,50,5,0,50,37,11,26,26.0,0,5,no_activation
500,11,56,5,0,50,35,13,22,22.0,0,5,no_activation
500,11,63,4,0,2,11,8,3,3.0,0,1,no_activation
500,11,64,5,2,3,20,11,9,9.0,0,2,single_or_few
500,11,67,2,0,18,12,3,9,9.0,0,2,no_activation
500,11,87,4,0,41,30,9,21,21.0,0,5,no_activation
500,11,89,4,0,50,27,7,20,20.0,0,4,no_activation
500,11,91,4,0,29,28,9,19,19.0,0,4,no_activation
500,11,92,4,1,50,32,8,24,24.0,0,5,single_or_few
500,11,104,2,1,4,12,8,4,4.0,0,1,single_or_few
500,11,106,4,0,49,27,8,19,19.0,0,3,no_activation
500,11,107,2,0,2,10,8,2,2.0,0,1,no_activation
500,11,113,4,1,4,26,15,11,11.0,0,2,single_or_few
500,11,115,5,1,8,22,19,3,5.0,1,2,single_or_few
500,11,118,2,0,4,11,5,6,6.0,0,1,no_activation
500,11,121,5,0,45,24,18,6,6.0,0,1,no_activation
500,11,122,2,0,45,9,9,0,0.0,0,0,no_activation
500,11,126,2,0,6,11,11,0,0.0,0,0,no_activation
500,11,131,5,0,4,32,23,9,9.0,0,1,no_activation
500,11,133,3,0,9,11,11,0,0.0,0,0,no_activation
500,11,134,5,0,42,21,17,4,4.0,0,1,no_activation
500,11,135,5,1,42,23,22,1,1.0,0,1,single_or_few
500,11,136,2,0,3,9,9,0,0.0,0,0,no_activation
500,11,137,2,0,4,9,9,0,0.0,0,0,no_activation
500,11,138,3,0,3,18,17,1,1.0,0,1,no_activation
500,11,139,5,0,34,22,22,0,0.0,0,0,no_activation
500,11,141,2,0,3,10,10,0,0.0,0,0,no_activation
500,11,144,2,0,11,9,9,0,0.0,0,0,no_activation
500,11,146,2,0,3,9,9,0,0.0,0,0,no_activation
500,11,150,2,0,3,9,9,0,0.0,0,0,no_activation
500,11,151,5,0,39,34,34,0,0.0,0,0,no_activation
500,11,154,2,0,4,11,11,0,0.0,0,0,no_activation
500,11,160,3,0,21,15,15,0,0.0,0,0,no_activation
500,11,167,3,0,2,18,18,0,0.0,0,0,no_activation
500,11,168,5,0,32,22,22,0,0.0,0,0,no_activation
500,11,170,2,0,4,9,9,0,0.0,0,0,no_activation
500,11,173,2,0,8,10,10,0,0.0,0,0,no_activation
500,11,174,2,0,3,9,9,0,0.0,0,0,no_activation
500,11,180,2,0,4,9,9,0,0.0,0,0,no_activation
500,11,182,2,0,7,10,10,0,0.0,0,0,no_activation
500,11,186,2,0,2,9,9,0,0.0,0,0,no_activation
500,11,190,2,0,3,9,9,0,0.0,0,0,no_activation
500,11,191,2,0,5,11,11,0,0.0,0,0,no_activation
500,11,194,3,0,7,18,18,0,0.0,0,0,no_activation
500,11,203,2,0,5,11,11,0,0.0,0,0,no_activation
500,11,205,5,0,22,20,20,0,0.0,0,0,no_activation
500,11,207,2,0,4,10,10,0,0.0,0,0,no_activation
500,11,209,3,0,2,14,14,0,0.0,0,0,no_activation
500,11,210,5,0,6,24,24,0,0.0,0,0,no_activation
500,11,212,2,0,5,11,11,0,0.0,0,0,no_activation
500,11,216,2,0,4,9,9,0,0.0,0,0,no_activation
500,11,217,3,0,26,15,15,0,0.0,0,0,no_activation
500,11,219,2,0,5,11,11,0,0.0,0,0,no_activation
500,11,223,2,0,7,10,10,0,0.0,0,0,no_activation
500,11,224,5,0,25,24,24,0,0.0,0,0,no_activation
500,11,227,3,0,3,19,19,0,0.0,0,0,no_activation
500,11,232,2,0,10,12,12,0,0.0,0,0,no_activation
500,11,233,2,0,3,12,12,0,0.0,0,0,no_activation
500,11,235,2,0,2,13,13,0,0.0,0,0,no_activation
500,11,236,2,0,4,11,11,0,0.0,0,0,no_activation
500,11,247,2,0,4,10,10,0,0.0,0,0,no_activation
500,11,249,5,0,20,23,23,0,0.0,0,0,no_activation
500,11,250,3,0,20,18,18,0,0.0,0,0,no_activation
500,11,252,2,0,2,11,11,0,0.0,0,0,no_activation
500,11,253,2,0,6,11,11,0,0.0,0,0,no_activation
500,11,260,4,0,19,26,26,0,0.0,0,0,no_activation
500,11,261,4,0,7,22,22,0,0.0,0,0,no_activation
500,11,262,4,0,7,27,27,0,0.0,0,0,no_activation
500,11,263,2,0,6,12,12,0,0.0,0,0,no_activation
500,11,267,5,0,18,25,25,0,0.0,0,0,no_activation
500,11,268,3,0,2,18,18,0,0.0,0,0,no_activation
500,11,269,3,0,2,20,20,0,0.0,0,0,no_activation
500,11,275,3,0,7,18,18,0,0.0,0,0,no_activation
500,11,276,5,0,5,25,25,0,0.0,0,0,no_activation
500,11,278,2,0,2,9,9,0,0.0,0,0,no_activation
500,11,284,5,0,2,28,28,0,0.0,0,0,no_activation
500,11,285,3,0,7,18,18,0,0.0,0,0,no_activation
500,11,286,5,0,15,23,23,0,0.0,0,0,no_activation
500,11,289,5,0,14,23,23,0,0.0,0,0,no_activation
500,11,290,2,0,2,10,10,0,0.0,0,0,no_activation
500,11,294,5,0,13,32,32,0,0.0,0,0,no_activation
500,11,301,5,0,10,32,32,0,0.0,0,0,no_activation
500,11,302,5,0,10,28,28,0,0.0,0,0,no_activation
500,11,306,5,0,3,24,24,0,0.0,0,0,no_activation
500,11,307,2,0,5,12,12,0,0.0,0,0,no_activation
500,11,308,2,0,3,12,12,0,0.0,0,0,no_activation
500,11,309,6,0,2,32,32,0,0.0,0,0,no_activation
500,11,310,6,0,8,41,41,0,0.0,0,0,no_activation
500,11,311,3,0,3,19,19,0,0.0,0,0,no_activation
500,11,313,2,0,2,12,12,0,0.0,0,0,no_activation
500,11,316,2,0,6,11,11,0,0.0,0,0,no_activation
500,11,322,5,0,7,25,25,0,0.0,0,0,no_activation
500,11,332,3,0,4,17,17,0,0.0,0,0,no_activation
500,11,339,5,0,2,25,25,0,0.0,0,0,no_activation
500,11,340,5,0,2,33,33,0,0.0,0,0,no_activation
500,11,341,5,0,2,25,25,0,0.0,0,0,no_activation
500,11,342,2,0,2,12,12,0,0.0,0,0,no_activation
500,12,6,5,1,50,38,9,29,29.0,0,5,single_or_few
500,12,15,4,1,50,33,10,23,23.0,0,5,single_or_few
500,12,20,4,1,50,32,12,20,20.0,0,5,single_or_few
500,12,26,2,0,22,13,4,9,9.0,0,3,no_activation
500,12,44,3,2,15,21,3,18,18.0,0,4,single_or_few
500,12,48,3,1,16,20,3,17,17.0,0,3,single_or_few
500,12,59,5,0,50,35,12,23,23.0,0,5,no_activation
500,12,62,2,0,12,13,3,10,10.0,0,4,no_activation
500,12,72,5,4,50,44,16,28,28.0,0,7,single_or_few
500,12,73,4,0,50,27,8,19,19.0,0,3,no_activation
500,12,76,2,0,4,11,4,7,7.0,0,2,no_activation
500,12,80,3,0,9,21,7,14,14.0,0,3,no_activation
500,12,89,4,1,46,24,13,11,11.0,0,4,single_or_few
500,12,90,5,0,50,19,17,2,2.0,0,1,no_activation
500,12,92,2,0,3,9,7,2,2.0,0,1,no_activation
500,12,94,2,1,6,17,9,8,8.0,0,3,single_or_few
500,12,95,2,0,5,10,7,3,3.0,0,2,no_activation
500,12,96,2,0,2,9,6,3,3.0,0,1,no_activation
500,12,98,2,0,2,10,6,4,4.0,0,1,no_activation
500,12,103,2,0,4,10,3,7,7.0,0,2,no_activation
500,12,107,2,0,3,9,8,1,1.0,0,1,no_activation
500,12,110,2,0,2,7,6,1,1.0,0,1,no_activation
500,12,111,2,0,7,9,8,1,1.0,0,1,no_activation
500,12,113,2,0,4,9,9,0,0.0,0,0,no_activation
500,12,114,2,0,2,10,8,2,2.0,0,1,no_activation
500,12,116,5,1,45,25,23,2,2.0,0,1,single_or_few
500,12,117,8,1,45,47,16,31,31.0,0,3,single_or_few
500,12,119,2,0,8,9,8,1,1.0,0,1,no_activation
500,12,123,2,0,6,9,9,0,0.0,0,0,no_activation
500,12,129,4,0,42,24,24,0,0.0,0,0,no_activation
500,12,130,4,0,42,20,20,0,0.0,0,0,no_activation
500,12,131,5,0,31,25,25,0,0.0,0,0,no_activation
500,12,133,2,0,2,9,9,0,0.0,0,0,no_activation
500,12,135,2,1,2,10,10,0,0.0,0,0,single_or_few
500,12,136,5,0,41,21,21,0,0.0,0,0,no_activation
500,12,138,3,0,32,18,14,4,4.0,0,1,no_activation
500,12,139,4,0,3,25,25,0,0.0,0,0,no_activation
500,12,141,2,0,6,9,9,0,0.0,0,0,no_activation
500,12,143,2,0,9,12,12,0,0.0,0,0,no_activation
500,12,148,5,0,7,26,24,2,2.0,0,1,no_activation
500,12,149,3,0,2,15,15,0,0.0,0,0,no_activation
500,12,150,5,0,3,20,20,0,0.0,0,0,no_activation
500,12,151,5,0,2,23,23,0,0.0,0,0,no_activation
500,12,155,2,0,2,10,10,0,0.0,0,0,no_activation
500,12,157,4,0,3,16,16,0,0.0,0,0,no_activation
500,12,158,5,0,35,30,26,4,4.0,0,1,no_activation
500,12,159,2,0,11,9,9,0,0.0,0,0,no_activation
500,12,162,2,0,3,9,9,0,0.0,0,0,no_activation
500,12,163,5,0,34,22,22,0,0.0,0,0,no_activation
500,12,166,2,0,6,9,9,0,0.0,0,0,no_activation
500,12,168,5,0,33,27,24,3,3.0,0,1,no_activation
500,12,169,5,0,9,23,23,0,0.0,0,0,no_activation
500,12,170,2,0,3,9,9,0,0.0,0,0,no_activation
500,12,174,4,0,32,21,21,0,0.0,0,0,no_activation
500,12,176,5,0,31,21,21,0,0.0,0,0,no_activation
500,12,178,2,0,3,10,10,0,0.0,0,0,no_activation
500,12,179,5,0,2,21,21,0,0.0,0,0,no_activation
500,12,183,2,0,2,12,12,0,0.0,0,0,no_activation
500,12,184,2,0,6,10,10,0,0.0,0,0,no_activation
500,12,185,5,0,27,18,18,0,0.0,0,0,no_activation
500,12,190,2,0,7,11,11,0,0.0,0,0,no_activation
500,12,191,5,0,26,22,22,0,0.0,0,0,no_activation
500,12,192,3,0,5,16,16,0,0.0,0,0,no_activation
500,12,196,4,0,25,25,25,0,0.0,0,0,no_activation
500,12,197,4,0,25,16,16,0,0.0,0,0,no_activation
500,12,198,3,0,10,16,16,0,0.0,0,0,no_activation
500,12,204,2,0,6,11,11,0,0.0,0,0,no_activation
500,12,206,2,0,2,10,10,0,0.0,0,0,no_activation
500,12,208,2,0,3,11,11,0,0.0,0,0,no_activation
500,12,210,9,0,23,61,61,0,0.0,0,0,no_activation
500,12,211,3,0,13,18,18,0,0.0,0,0,no_activation
500,12,214,3,0,5,18,18,0,0.0,0,0,no_activation
500,12,217,5,0,3,34,34,0,0.0,0,0,no_activation
500,12,222,2,0,2,11,11,0,0.0,0,0,no_activation
500,12,226,3,0,20,12,12,0,0.0,0,0,no_activation
500,12,229,4,0,17,28,28,0,0.0,0,0,no_activation
500,12,234,3,0,6,19,19,0,0.0,0,0,no_activation
500,12,235,5,0,17,24,24,0,0.0,0,0,no_activation
500,12,240,2,0,4,10,10,0,0.0,0,0,no_activation
500,12,241,2,0,2,10,10,0,0.0,0,0,no_activation
500,12,243,5,0,3,24,24,0,0.0,0,0,no_activation
500,12,247,2,0,2,10,10,0,0.0,0,0,no_activation
500,12,257,5,0,3,26,26,0,0.0,0,0,no_activation
500,12,258,5,0,2,29,29,0,0.0,0,0,no_activation
500,12,259,4,0,10,21,21,0,0.0,0,0,no_activation
500,12,264,2,0,4,10,10,0,0.0,0,0,no_activation
500,12,267,5,0,14,31,31,0,0.0,0,0,no_activation
500,12,269,5,0,14,27,27,0,0.0,0,0,no_activation
500,12,274,4,0,13,25,25,0,0.0,0,0,no_activation
500,12,276,2,0,6,11,11,0,0.0,0,0,no_activation
500,12,277,5,0,12,28,28,0,0.0,0,0,no_activation
500,12,280,3,0,4,17,17,0,0.0,0,0,no_activation
500,12,285,5,0,10,27,27,0,0.0,0,0,no_activation
500,12,286,4,0,7,19,19,0,0.0,0,0,no_activation
500,12,288,3,0,10,19,19,0,0.0,0,0,no_activation
500,12,291,3,0,9,18,18,0,0.0,0,0,no_activation
500,12,298,4,0,8,25,25,0,0.0,0,0,no_activation
500,12,299,5,0,7,24,24,0,0.0,0,0,no_activation
500,12,301,4,0,3,26,26,0,0.0,0,0,no_activation
500,12,302,5,0,7,28,28,0,0.0,0,0,no_activation
500,12,303,8,0,7,48,48,0,0.0,0,0,no_activation
500,12,304,5,0,7,26,26,0,0.0,0,0,no_activation
500,12,309,2,0,2,11,11,0,0.0,0,0,no_activation
500,12,314,4,0,3,24,24,0,0.0,0,0,no_activation
500,12,315,3,0,3,19,19,0,0.0,0,0,no_activation
500,12,317,6,0,2,38,38,0,0.0,0,0,no_activation
500,12,320,5,0,4,27,27,0,0.0,0,0,no_activation
500,12,321,5,0,4,23,23,0,0.0,0,0,no_activation
500,12,322,3,0,3,18,18,0,0.0,0,0,no_activation
500,13,12,5,1,14,35,10,25,25.0,0,6,single_or_few
500,13,21,5,0,50,31,16,15,15.0,0,4,no_activation
500,13,31,5,1,50,41,10,31,31.0,0,7,single_or_few
500,13,33,5,3,50,54,10,44,44.0,0,11,single_or_few
500,13,34,5,0,50,35,11,24,24.0,0,5,no_activation
500,13,45,5,3,3,20,10,10,10.0,0,2,single_or_few
500,13,48,5,2,50,37,11,26,28.0,1,5,single_or_few
500,13,58,5,0,39,32,12,20,20.0,0,4,no_activation
500,13,62,5,0,10,37,7,30,30.0,0,6,no_activation
500,13,64,5,1,15,33,10,23,23.0,0,6,single_or_few
500,13,69,2,0,3,13,9,4,4.0,0,2,no_activation
500,13,77,4,2,11,35,8,27,27.0,0,6,single_or_few
500,13,80,5,1,49,24,7,17,17.0,0,4,single_or_few
500,13,81,2,1,9,14,4,10,10.0,0,4,single_or_few
500,13,82,2,0,3,11,4,7,7.0,0,1,no_activation
500,13,91,5,2,2,19,8,11,11.0,0,1,single_or_few
500,13,94,2,1,8,10,7,3,3.0,0,1,single_or_few
500,13,95,2,0,5,10,6,4,4.0,0,1,no_activation
500,13,97,2,0,2,11,11,0,0.0,0,0,no_activation
500,13,100,5,1,45,39,15,24,24.0,0,4,single_or_few
500,13,101,2,0,4,10,8,2,2.0,0,1,no_activation
500,13,104,2,1,2,10,4,6,6.0,0,1,single_or_few
500,13,106,5,0,44,22,15,7,7.0,0,1,no_activation
500,13,111,2,0,3,10,10,0,0.0,0,0,no_activation
500,13,112,2,0,2,10,10,0,0.0,0,0,no_activation
500,13,113,4,0,43,22,17,5,5.0,0,1,no_activation
500,13,119,5,0,42,23,23,0,0.0,0,0,no_activation
500,13,124,5,0,41,22,22,0,0.0,0,0,no_activation
500,13,126,5,0,39,21,21,0,0.0,0,0,no_activation
500,13,131,2,0,3,9,5,4,4.0,0,1,no_activation
500,13,135,6,0,6,39,23,16,16.0,0,1,no_activation
500,13,137,5,0,4,17,17,0,0.0,0,0,no_activation
500,13,138,5,0,38,21,21,0,0.0,0,0,no_activation
500,13,139,5,0,37,24,24,0,0.0,0,0,no_activation
500,13,140,5,0,5,22,22,0,0.0,0,0,no_activation
500,13,142,2,0,26,10,10,0,0.0,0,0,no_activation
500,13,147,2,0,5,10,10,0,0.0,0,0,no_activation
500,13,150,2,0,6,8,8,0,0.0,0,0,no_activation
500,13,153,2,0,6,10,10,0,0.0,0,0,no_activation
500,13,167,2,0,3,12,12,0,0.0,0,0,no_activation
500,13,171,4,0,3,27,27,0,0.0,0,0,no_activation
500,13,175,2,0,6,11,11,0,0.0,0,0,no_activation
500,13,176,2,0,3,9,9,0,0.0,0,0,no_activation
500,13,177,3,0,5,17,17,0,0.0,0,0,no_activation
500,13,178,3,0,7,12,12,0,0.0,0,0,no_activation
500,13,181,3,0,9,18,18,0,0.0,0,0,no_activation
500,13,183,2,0,5,12,12,0,0.0,0,0,no_activation
500,13,186,3,0,3,18,18,0,0.0,0,0,no_activation
500,13,191,2,0,14,12,12,0,0.0,0,0,no_activation
500,13,192,2,0,11,9,9,0,0.0,0,0,no_activation
500,13,194,5,0,26,24,24,0,0.0,0,0,no_activation
500,13,197,2,0,2,12,12,0,0.0,0,0,no_activation
500,13,199,2,0,2,10,10,0,0.0,0,0,no_activation
500,13,202,6,0,24,41,41,0,0.0,0,0,no_activation
500,13,209,4,0,22,25,25,0,0.0,0,0,no_activation
500,13,212,5,0,21,18,18,0,0.0,0,0,no_activation
500,13,214,2,0,5,12,12,0,0.0,0,0,no_activation
500,13,217,5,0,8,24,24,0,0.0,0,0,no_activation
500,13,220,5,0,19,21,21,0,0.0,0,0,no_activation
500,13,221,3,0,11,18,18,0,0.0,0,0,no_activation
500,13,223,4,0,11,25,25,0,0.0,0,0,no_activation
500,13,227,4,0,3,22,22,0,0.0,0,0,no_activation
500,13,228,4,0,16,24,24,0,0.0,0,0,no_activation
500,13,229,4,0,11,15,15,0,0.0,0,0,no_activation
500,13,231,2,0,2,10,10,0,0.0,0,0,no_activation
500,13,232,2,0,11,11,11,0,0.0,0,0,no_activation
500,13,234,2,0,3,10,10,0,0.0,0,0,no_activation
500,13,235,2,0,6,12,12,0,0.0,0,0,no_activation
500,13,239,2,0,6,12,12,0,0.0,0,0,no_activation
500,13,241,5,0,14,30,30,0,0.0,0,0,no_activation
500,13,244,3,0,13,19,19,0,0.0,0,0,no_activation
500,13,245,2,0,4,10,10,0,0.0,0,0,no_activation
500,13,255,9,0,11,48,48,0,0.0,0,0,no_activation
500,13,258,4,0,5,21,21,0,0.0,0,0,no_activation
500,13,259,3,0,10,17,17,0,0.0,0,0,no_activation
500,13,262,2,0,4,12,12,0,0.0,0,0,no_activation
500,13,268,2,0,2,12,12,0,0.0,0,0,no_activation
500,13,271,3,0,4,20,20,0,0.0,0,0,no_activation
500,13,272,4,0,2,25,25,0,0.0,0,0,no_activation
500,13,275,3,0,8,18,18,0,0.0,0,0,no_activation
500,13,276,5,0,8,23,23,0,0.0,0,0,no_activation
500,13,278,5,0,7,26,26,0,0.0,0,0,no_activation
500,13,279,3,0,4,18,18,0,0.0,0,0,no_activation
500,13,280,4,0,7,23,23,0,0.0,0,0,no_activation
500,13,289,3,0,5,19,19,0,0.0,0,0,no_activation
500,13,293,2,0,3,9,9,0,0.0,0,0,no_activation
500,13,296,5,0,3,33,33,0,0.0,0,0,no_activation
500,13,298,5,0,2,30,30,0,0.0,0,0,no_activation
500,14,8,5,1,50,51,9,42,42.0,0,7,single_or_few
500,14,19,3,0,11,20,5,15,15.0,0,3,no_activation
500,14,24,2,0,7,11,5,6,6.0,0,2,no_activation
500,14,25,3,0,45,20,5,15,15.0,0,3,no_activation
500,14,26,4,1,50,29,9,20,20.0,0,4,single_or_few
500,14,31,5,0,50,36,14,22,22.0,0,4,no_activation
500,14,32,3,1,50,22,3,19,21.0,1,4,single_or_few
500,14,48,5,1,50,41,11,30,30.0,0,6,single_or_few
500,14,49,5,0,50,36,6,30,30.0,0,5,no_activation
500,14,54,3,0,25,18,2,16,16.0,0,5,no_activation
500,14,72,3,1,13,24,5,19,19.0,0,5,single_or_few
500,14,73,3,1,50,26,5,21,21.0,0,4,single_or_few
500,14,81,2,1,31,21,6,15,15.0,0,5,single_or_few
500,14,86,5,1,50,37,7,30,30.0,0,5,single_or_few
500,14,102,5,0,50,37,9,28,28.0,0,4,no_activation
500,14,103,5,1,49,26,14,12,12.0,0,3,single_or_few
500,14,104,5,0,7,28,14,14,14.0,0,3,no_activation
500,14,109,2,0,2,9,6,3,3.0,0,1,no_activation
500,14,112,2,1,4,11,9,2,2.0,0,2,single_or_few
500,14,116,2,1,3,9,8,1,1.0,0,1,single_or_few
500,14,119,5,0,47,20,17,3,3.0,0,1,no_activation
500,14,120,2,0,10,10,10,0,0.0,0,0,no_activation
500,14,122,2,0,2,9,9,0,0.0,0,0,no_activation
500,14,129,5,0,46,24,24,0,0.0,0,0,no_activation
500,14,130,5,0,46,22,18,4,4.0,0,1,no_activation
500,14,133,2,1,4,15,13,2,2.0,0,2,single_or_few
500,14,136,3,1,2,13,6,7,7.0,0,1,single_or_few
500,14,137,5,0,45,24,24,0,0.0,0,0,no_activation
500,14,139,2,0,6,9,9,0,0.0,0,0,no_activation
500,14,140,2,0,6,9,9,0,0.0,0,0,no_activation
500,14,143,2,0,9,10,5,5,5.0,0,2,no_activation
500,14,146,2,0,2,9,7,2,2.0,0,1,no_activation
500,14,151,2,0,3,11,11,0,0.0,0,0,no_activation
500,14,154,2,0,6,9,9,0,0.0,0,0,no_activation
500,14,156,2,0,27,10,10,0,0.0,0,0,no_activation
500,14,158,5,0,42,32,18,14,14.0,0,1,no_activation
500,14,160,2,0,4,9,9,0,0.0,0,0,no_activation
500,14,162,5,0,41,26,26,0,0.0,0,0,no_activation
500,14,163,5,0,41,23,23,0,0.0,0,0,no_activation
500,14,164,2,0,3,9,9,0,0.0,0,0,no_activation
500,14,166,2,0,3,11,11,0,0.0,0,0,no_activation
500,14,169,2,0,2,10,10,0,0.0,0,0,no_activation
500,14,171,2,0,8,9,9,0,0.0,0,0,no_activation
500,14,175,3,0,27,16,16,0,0.0,0,0,no_activation
500,14,176,3,0,11,12,12,0,0.0,0,0,no_activation
500,14,177,3,0,10,18,18,0,0.0,0,0,no_activation
500,14,179,2,0,5,9,9,0,0.0,0,0,no_activation
500,14,180,2,0,3,9,9,0,0.0,0,0,no_activation
500,14,182,2,0,2,9,9,0,0.0,0,0,no_activation
500,14,184,5,0,38,21,21,0,0.0,0,0,no_activation
500,14,185,4,0,5,25,21,4,4.0,0,1,no_activation
500,14,186,5,0,6,23,23,0,0.0,0,0,no_activation
500,14,187,3,0,2,18,18,0,0.0,0,0,no_activation
500,14,188,2,0,2,10,10,0,0.0,0,0,no_activation
500,14,189,2,0,3,10,10,0,0.0,0,0,no_activation
500,14,190,2,0,3,10,10,0,0.0,0,0,no_activation
500,14,192,4,0,36,16,16,0,0.0,0,0,no_activation
500,14,196,2,0,2,9,9,0,0.0,0,0,no_activation
500,14,197,2,0,5,10,10,0,0.0,0,0,no_activation
500,14,199,3,0,35,15,15,0,0.0,0,0,no_activation
500,14,202,5,0,15,23,23,0,0.0,0,0,no_activation
500,14,204,5,0,4,30,30,0,0.0,0,0,no_activation
500,14,207,2,0,2,10,10,0,0.0,0,0,no_activation
500,14,208,5,0,31,21,21,0,0.0,0,0,no_activation
500,14,210,5,0,30,23,23,0,0.0,0,0,no_activation
500,14,211,3,0,8,18,18,0,0.0,0,0,no_activation
500,14,212,2,0,10,10,10,0,0.0,0,0,no_activation
500,14,218,2,0,4,11,11,0,0.0,0,0,no_activation
500,14,223,4,0,22,26,26,0,0.0,0,0,no_activation
500,14,226,5,0,28,29,29,0,0.0,0,0,no_activation
500,14,227,5,0,3,26,26,0,0.0,0,0,no_activation
500,14,228,5,0,27,22,22,0,0.0,0,0,no_activation
500,14,230,2,0,4,11,11,0,0.0,0,0,no_activation
500,14,231,2,0,3,12,12,0,0.0,0,0,no_activation
500,14,235,5,0,7,22,22,0,0.0,0,0,no_activation
500,14,236,2,0,7,11,11,0,0.0,0,0,no_activation
500,14,237,2,0,3,11,11,0,0.0,0,0,no_activation
500,14,239,5,0,24,26,26,0,0.0,0,0,no_activation
500,14,250,4,0,2,16,16,0,0.0,0,0,no_activation
500,14,253,5,0,21,28,28,0,0.0,0,0,no_activation
500,14,255,5,0,20,26,26,0,0.0,0,0,no_activation
500,14,260,2,0,2,9,9,0,0.0,0,0,no_activation
500,14,261,5,0,19,24,24,0,0.0,0,0,no_activation
500,14,262,5,0,2,31,31,0,0.0,0,0,no_activation
500,14,263,5,0,18,31,31,0,0.0,0,0,no_activation
500,14,265,2,0,2,9,9,0,0.0,0,0,no_activation
500,14,269,3,0,6,18,18,0,0.0,0,0,no_activation
500,14,270,3,0,4,16,16,0,0.0,0,0,no_activation
500,14,279,2,0,3,12,12,0,0.0,0,0,no_activation
500,14,285,3,0,8,17,17,0,0.0,0,0,no_activation
500,14,289,5,0,15,22,22,0,0.0,0,0,no_activation
500,14,292,5,0,14,29,29,0,0.0,0,0,no_activation
500,14,293,5,0,14,26,26,0,0.0,0,0,no_activation
500,14,294,3,0,14,18,18,0,0.0,0,0,no_activation
500,14,296,3,0,12,20,20,0,0.0,0,0,no_activation
500,14,300,2,0,6,10,10,0,0.0,0,0,no_activation
500,14,304,3,0,6,14,14,0,0.0,0,0,no_activation
500,14,305,5,0,4,24,24,0,0.0,0,0,no_activation
500,14,308,4,0,12,24,24,0,0.0,0,0,no_activation
500,14,313,2,0,2,13,13,0,0.0,0,0,no_activation
500,14,315,2,0,4,12,12,0,0.0,0,0,no_activation
500,14,316,2,0,3,12,12,0,0.0,0,0,no_activation
500,14,325,5,0,10,28,28,0,0.0,0,0,no_activation
500,14,328,2,0,2,12,12,0,0.0,0,0,no_activation
500,14,331,2,0,2,12,12,0,0.0,0,0,no_activation
500,14,332,5,0,9,32,32,0,0.0,0,0,no_activation
500,14,334,2,0,4,13,13,0,0.0,0,0,no_activation
500,14,337,4,0,8,25,25,0,0.0,0,0,no_activation
500,14,341,2,0,3,9,9,0,0.0,0,0,no_activation
500,14,343,5,0,8,32,32,0,0.0,0,0,no_activation
500,14,344,5,0,8,31,31,0,0.0,0,0,no_activation
500,14,345,4,0,8,17,17,0,0.0,0,0,no_activation
500,14,346,4,0,7,21,21,0,0.0,0,0,no_activation
500,14,351,5,0,6,25,25,0,0.0,0,0,no_activation
500,14,352,5,0,6,32,32,0,0.0,0,0,no_activation
500,14,353,4,0,6,24,24,0,0.0,0,0,no_activation
500,14,363,5,0,2,36,36,0,0.0,0,0,no_activation
500,15,1,5,1,50,34,11,23,25.0,1,5,single_or_few
500,15,5,5,1,50,40,13,27,27.0,0,7,single_or_few
500,15,6,5,1,50,38,10,28,30.0,1,7,single_or_few
500,15,22,3,0,35,20,7,13,13.0,0,3,no_activation
500,15,48,2,0,8,12,8,4,4.0,0,2,no_activation
500,15,49,4,0,16,28,14,14,14.0,0,3,no_activation
500,15,56,5,1,50,38,8,30,30.0,0,5,single_or_few
500,15,57,5,1,50,43,8,35,35.0,0,7,single_or_few
500,15,59,4,0,48,28,7,21,21.0,0,5,no_activation
500,15,60,5,0,49,36,12,24,24.0,0,4,no_activation
500,15,62,2,0,2,6,5,1,1.0,0,1,no_activation
500,15,64,2,0,2,13,9,4,4.0,0,1,no_activation
500,15,66,5,0,50,37,13,24,24.0,0,6,no_activation
500,15,70,2,0,6,11,7,4,4.0,0,1,no_activation
500,15,73,4,0,3,21,13,8,8.0,0,2,no_activation
500,15,77,2,2,6,13,7,6,6.0,0,2,single_or_few
500,15,78,3,0,33,14,7,7,7.0,0,2,no_activation
500,15,79,5,0,2,17,11,6,6.0,0,1,no_activation
500,15,80,4,0,5,18,8,10,10.0,0,2,no_activation
500,15,81,2,1,2,11,8,3,3.0,0,1,single_or_few
500,15,83,2,0,2,5,4,1,1.0,0,1,no_activation
500,15,84,2,0,4,9,6,3,3.0,0,1,no_activation
500,15,89,5,0,28,23,12,11,11.0,0,2,no_activation
500,15,91,4,1,2,19,12,7,7.0,0,1,single_or_few
500,15,94,2,0,3,9,9,0,0.0,0,0,no_activation
500,15,95,2,1,5,12,9,3,3.0,0,2,single_or_few
500,15,97,2,1,2,10,7,3,3.0,0,1,single_or_few
500,15,99,5,1,8,23,13,10,10.0,0,3,single_or_few
500,15,100,5,1,47,19,13,6,6.0,0,1,single_or_few
500,15,101,5,1,46,22,20,2,2.0,0,1,single_or_few
500,15,102,2,0,2,10,9,1,1.0,0,1,no_activation
500,15,105,5,0,9,22,14,8,8.0,0,1,no_activation
500,15,106,2,0,3,10,10,0,0.0,0,0,no_activation
500,15,108,2,0,27,10,10,0,0.0,0,0,no_activation
500,15,109,2,0,4,10,10,0,0.0,0,0,no_activation
500,15,110,6,0,44,28,28,0,0.0,0,0,no_activation
500,15,121,2,0,6,9,9,0,0.0,0,0,no_activation
500,15,122,5,0,5,21,21,0,0.0,0,0,no_activation
500,15,123,2,0,5,9,8,1,1.0,0,1,no_activation
500,15,128,2,0,5,9,9,0,0.0,0,0,no_activation
500,15,130,2,0,5,9,9,0,0.0,0,0,no_activation
500,15,131,4,0,39,23,18,5,5.0,0,1,no_activation
500,15,134,5,0,38,23,23,0,0.0,0,0,no_activation
500,15,135,4,0,20,16,16,0,0.0,0,0,no_activation
500,15,136,5,0,37,24,24,0,0.0,0,0,no_activation
500,15,137,2,0,2,9,9,0,0.0,0,0,no_activation
500,15,140,5,0,36,23,23,0,0.0,0,0,no_activation
500,15,147,2,0,4,11,11,0,0.0,0,0,no_activation
500,15,149,2,0,6,12,12,0,0.0,0,0,no_activation
500,15,150,4,0,6,20,20,0,0.0,0,0,no_activation
500,15,151,4,0,11,22,22,0,0.0,0,0,no_activation
500,15,153,2,0,5,10,10,0,0.0,0,0,no_activation
500,15,154,2,0,4,10,10,0,0.0,0,0,no_activation
500,15,156,2,0,3,11,11,0,0.0,0,0,no_activation
500,15,157,2,0,2,12,12,0,0.0,0,0,no_activation
500,15,158,2,0,2,10,10,0,0.0,0,0,no_activation
500,15,161,2,0,2,9,9,0,0.0,0,0,no_activation
500,15,163,5,0,3,24,24,0,0.0,0,0,no_activation
500,15,164,3,0,4,17,17,0,0.0,0,0,no_activation
500,15,165,4,0,30,25,25,0,0.0,0,0,no_activation
500,15,168,5,0,33,19,19,0,0.0,0,0,no_activation
500,15,169,2,0,13,10,10,0,0.0,0,0,no_activation
500,15,173,2,0,4,11,11,0,0.0,0,0,no_activation
500,15,174,2,0,6,9,9,0,0.0,0,0,no_activation
500,15,175,4,0,3,18,18,0,0.0,0,0,no_activation
500,15,176,2,0,3,9,9,0,0.0,0,0,no_activation
500,15,177,2,0,2,11,11,0,0.0,0,0,no_activation
500,15,178,2,0,2,11,11,0,0.0,0,0,no_activation
500,15,179,2,0,7,10,10,0,0.0,0,0,no_activation
500,15,180,2,0,3,12,12,0,0.0,0,0,no_activation
500,15,184,2,0,2,10,10,0,0.0,0,0,no_activation
500,15,187,7,0,31,33,33,0,0.0,0,0,no_activation
500,15,193,2,0,2,11,11,0,0.0,0,0,no_activation
500,15,194,3,0,4,11,11,0,0.0,0,0,no_activation
500,15,199,2,0,2,11,11,0,0.0,0,0,no_activation
500,15,200,5,0,27,24,24,0,0.0,0,0,no_activation
500,15,201,5,0,10,20,20,0,0.0,0,0,no_activation
500,15,203,5,0,28,32,32,0,0.0,0,0,no_activation
500,15,204,2,0,2,11,11,0,0.0,0,0,no_activation
500,15,205,2,0,4,10,10,0,0.0,0,0,no_activation
500,15,209,2,0,2,11,11,0,0.0,0,0,no_activation
500,15,211,2,0,7,10,10,0,0.0,0,0,no_activation
500,15,213,5,0,11,24,24,0,0.0,0,0,no_activation
500,15,215,2,0,3,11,11,0,0.0,0,0,no_activation
500,15,216,2,0,3,10,10,0,0.0,0,0,no_activation
500,15,224,2,0,15,12,12,0,0.0,0,0,no_activation
500,15,225,5,0,5,22,22,0,0.0,0,0,no_activation
500,15,227,2,0,5,11,11,0,0.0,0,0,no_activation
500,15,228,2,0,3,12,12,0,0.0,0,0,no_activation
500,15,230,4,0,24,21,21,0,0.0,0,0,no_activation
500,15,231,5,0,4,27,27,0,0.0,0,0,no_activation
500,15,232,4,0,21,24,24,0,0.0,0,0,no_activation
500,15,234,2,0,3,12,12,0,0.0,0,0,no_activation
500,15,238,5,0,21,27,27,0,0.0,0,0,no_activation
500,15,240,4,0,13,25,25,0,0.0,0,0,no_activation
500,15,242,2,0,3,12,12,0,0.0,0,0,no_activation
500,15,245,2,0,2,12,12,0,0.0,0,0,no_activation
500,15,247,2,0,5,11,11,0,0.0,0,0,no_activation
500,15,248,5,0,19,25,25,0,0.0,0,0,no_activation
500,15,249,3,0,3,18,18,0,0.0,0,0,no_activation
500,15,251,5,0,19,27,27,0,0.0,0,0,no_activation
500,15,254,2,0,12,9,9,0,0.0,0,0,no_activation
500,15,261,7,0,18,36,36,0,0.0,0,0,no_activation
500,15,264,4,0,7,29,29,0,0.0,0,0,no_activation
500,15,272,2,0,3,12,12,0,0.0,0,0,no_activation
500,15,274,3,0,2,18,18,0,0.0,0,0,no_activation
500,15,275,4,0,16,19,19,0,0.0,0,0,no_activation
500,15,278,2,0,2,10,10,0,0.0,0,0,no_activation
500,15,283,5,0,7,29,29,0,0.0,0,0,no_activation
500,15,294,2,0,6,11,11,0,0.0,0,0,no_activation
500,15,295,5,0,9,27,27,0,0.0,0,0,no_activation
500,15,296,2,0,2,13,13,0,0.0,0,0,no_activation
500,15,304,5,0,3,26,26,0,0.0,0,0,no_activation
500,15,311,2,0,7,12,12,0,0.0,0,0,no_activation
500,15,313,2,0,2,13,13,0,0.0,0,0,no_activation
500,15,320,3,0,6,20,20,0,0.0,0,0,no_activation
500,15,321,4,0,6,27,27,0,0.0,0,0,no_activation
500,15,322,3,0,2,19,19,0,0.0,0,0,no_activation
500,15,323,4,0,2,23,23,0,0.0,0,0,no_activation
500,15,330,4,0,5,19,19,0,0.0,0,0,no_activation
500,15,333,5,0,3,25,25,0,0.0,0,0,no_activation
500,16,0,4,0,37,27,9,18,18.0,0,4,no_activation
500,16,6,4,1,34,36,10,26,26.0,0,6,single_or_few
500,16,10,4,1,11,37,7,30,30.0,0,7,single_or_few
500,16,11,5,0,50,37,10,27,27.0,0,6,no_activation
500,16,13,3,0,18,20,8,12,12.0,0,2,no_activation
500,16,28,5,1,50,42,10,32,32.0,0,6,single_or_few
500,16,32,2,0,17,13,7,6,6.0,0,1,no_activation
500,16,36,5,1,50,34,8,26,26.0,0,5,single_or_few
500,16,50,5,1,50,36,5,31,31.0,0,5,single_or_few
500,16,58,5,3,16,42,8,34,34.0,0,7,single_or_few
500,16,59,2,0,2,10,7,3,3.0,0,1,no_activation
500,16,64,2,1,4,16,4,12,12.0,0,3,single_or_few
500,16,72,5,0,50,37,9,28,28.0,0,4,no_activation
500,16,73,5,0,50,36,14,22,22.0,0,6,no_activation
500,16,78,5,0,20,36,15,21,21.0,0,5,no_activation
500,16,85,2,0,2,8,5,3,3.0,0,1,no_activation
500,16,89,2,1,12,11,6,5,5.0,0,1,single_or_few
500,16,90,4,0,5,26,11,15,15.0,0,3,no_activation
500,16,91,5,1,9,21,6,15,15.0,0,2,single_or_few
500,16,92,4,1,49,29,9,20,20.0,0,4,single_or_few
500,16,93,3,1,2,16,11,5,5.0,0,1,single_or_few
500,16,94,5,0,49,29,13,16,16.0,0,3,no_activation
500,16,98,2,0,2,10,8,2,2.0,0,1,no_activation
500,16,99,4,0,49,23,9,14,14.0,0,2,no_activation
500,16,100,2,0,2,11,6,5,5.0,0,1,no_activation
500,16,104,5,0,47,24,17,7,7.0,0,1,no_activation
500,16,106,2,0,2,10,10,0,0.0,0,0,no_activation
500,16,108,2,0,3,9,9,0,0.0,0,0,no_activation
500,16,109,2,0,6,9,9,0,0.0,0,0,no_activation
500,16,112,5,0,45,23,14,9,9.0,0,2,no_activation
500,16,117,7,0,44,43,24,19,19.0,0,2,no_activation
500,16,120,4,0,14,19,19,0,0.0,0,0,no_activation
500,16,121,2,0,2,12,12,0,0.0,0,0,no_activation
500,16,124,2,0,2,12,11,1,1.0,0,1,no_activation
500,16,127,2,0,2,9,9,0,0.0,0,0,no_activation
500,16,128,2,0,10,9,9,0,0.0,0,0,no_activation
500,16,129,2,1,2,11,11,0,0.0,0,0,single_or_few
500,16,132,2,0,2,10,9,1,1.0,0,1,no_activation
500,16,141,5,0,39,21,21,0,0.0,0,0,no_activation
500,16,144,5,0,39,23,23,0,0.0,0,0,no_activation
500,16,145,4,0,5,17,17,0,0.0,0,0,no_activation
500,16,146,5,0,15,23,23,0,0.0,0,0,no_activation
500,16,147,3,0,21,16,16,0,0.0,0,0,no_activation
500,16,150,2,0,2,9,9,0,0.0,0,0,no_activation
500,16,151,2,0,2,11,11,0,0.0,0,0,no_activation
500,16,157,2,0,3,11,11,0,0.0,0,0,no_activation
500,16,159,5,0,12,22,22,0,0.0,0,0,no_activation
500,16,160,5,0,12,19,19,0,0.0,0,0,no_activation
500,16,161,2,0,6,10,10,0,0.0,0,0,no_activation
500,16,163,2,0,4,9,9,0,0.0,0,0,no_activation
500,16,164,5,0,35,23,23,0,0.0,0,0,no_activation
500,16,166,2,0,2,10,10,0,0.0,0,0,no_activation
500,16,169,2,0,4,12,12,0,0.0,0,0,no_activation
500,16,171,2,0,6,10,10,0,0.0,0,0,no_activation
500,16,172,5,0,33,22,22,0,0.0,0,0,no_activation
500,16,176,2,0,3,10,10,0,0.0,0,0,no_activation
500,16,178,5,0,31,23,23,0,0.0,0,0,no_activation
500,16,181,2,0,5,9,9,0,0.0,0,0,no_activation
500,16,184,4,0,29,25,25,0,0.0,0,0,no_activation
500,16,185,4,0,29,18,18,0,0.0,0,0,no_activation
500,16,186,2,0,2,12,12,0,0.0,0,0,no_activation
500,16,192,4,0,5,20,20,0,0.0,0,0,no_activation
500,16,195,5,0,27,27,27,0,0.0,0,0,no_activation
500,16,197,2,0,4,11,11,0,0.0,0,0,no_activation
500,16,198,5,0,26,20,20,0,0.0,0,0,no_activation
500,16,199,5,0,19,26,26,0,0.0,0,0,no_activation
500,16,209,2,0,2,11,11,0,0.0,0,0,no_activation
500,16,214,5,0,10,32,32,0,0.0,0,0,no_activation
500,16,217,2,0,3,12,12,0,0.0,0,0,no_activation
500,16,219,5,0,22,22,22,0,0.0,0,0,no_activation
500,16,225,3,0,10,19,19,0,0.0,0,0,no_activation
500,16,227,4,0,7,21,21,0,0.0,0,0,no_activation
500,16,236,2,0,2,10,10,0,0.0,0,0,no_activation
500,16,237,2,0,6,10,10,0,0.0,0,0,no_activation
500,16,238,5,0,20,32,32,0,0.0,0,0,no_activation
500,16,239,2,0,2,10,10,0,0.0,0,0,no_activation
500,16,242,2,0,5,11,11,0,0.0,0,0,no_activation
500,16,243,2,0,3,13,13,0,0.0,0,0,no_activation
500,16,247,2,0,3,12,12,0,0.0,0,0,no_activation
500,16,250,2,0,3,13,13,0,0.0,0,0,no_activation
500,16,265,5,0,3,30,30,0,0.0,0,0,no_activation
500,16,272,2,0,8,13,13,0,0.0,0,0,no_activation
500,16,279,5,0,14,29,29,0,0.0,0,0,no_activation
500,16,281,5,0,2,21,21,0,0.0,0,0,no_activation
500,16,282,5,0,5,24,24,0,0.0,0,0,no_activation
500,16,293,3,0,5,18,18,0,0.0,0,0,no_activation
500,16,294,4,0,12,25,25,0,0.0,0,0,no_activation
500,16,295,5,0,7,25,25,0,0.0,0,0,no_activation
500,16,299,6,0,11,29,29,0,0.0,0,0,no_activation
500,16,300,5,0,11,29,29,0,0.0,0,0,no_activation
500,16,301,2,0,3,12,12,0,0.0,0,0,no_activation
500,16,303,8,0,10,41,41,0,0.0,0,0,no_activation
500,16,308,2,0,4,10,10,0,0.0,0,0,no_activation
500,16,309,2,0,2,11,11,0,0.0,0,0,no_activation
500,16,314,2,0,5,11,11,0,0.0,0,0,no_activation
500,16,317,2,0,2,11,11,0,0.0,0,0,no_activation
500,16,319,5,0,9,27,27,0,0.0,0,0,no_activation
500,16,321,2,0,6,10,10,0,0.0,0,0,no_activation
500,16,322,2,0,4,12,12,0,0.0,0,0,no_activation
500,16,324,5,0,8,32,32,0,0.0,0,0,no_activation
500,16,327,2,0,2,13,13,0,0.0,0,0,no_activation
500,16,329,2,0,8,11,11,0,0.0,0,0,no_activation
500,16,334,2,0,7,11,11,0,0.0,0,0,no_activation
500,16,339,5,0,7,28,28,0,0.0,0,0,no_activation
500,16,340,4,0,6,24,24,0,0.0,0,0,no_activation
500,16,344,2,0,4,12,12,0,0.0,0,0,no_activation
500,16,346,5,0,5,26,26,0,0.0,0,0,no_activation
500,16,347,5,0,5,29,29,0,0.0,0,0,no_activation
500,16,348,4,0,2,22,22,0,0.0,0,0,no_activation
500,16,349,5,0,5,28,28,0,0.0,0,0,no_activation
500,16,350,3,0,2,18,18,0,0.0,0,0,no_activation
500,16,351,2,0,2,11,11,0,0.0,0,0,no_activation
500,16,359,2,0,2,11,11,0,0.0,0,0,no_activation
500,16,361,2,0,2,12,12,0,0.0,0,0,no_activation
500,16,362,2,0,4,13,13,0,0.0,0,0,no_activation
500,16,369,5,0,2,35,35,0,0.0,0,0,no_activation
500,17,0,3,2,28,23,5,18,18.0,0,4,single_or_few
500,17,1,4,0,43,29,10,19,19.0,0,5,no_activation
500,17,5,2,0,3,11,7,4,4.0,0,2,no_activation
500,17,14,4,2,50,34,9,25,27.0,1,8,single_or_few
500,17,35,4,0,50,24,10,14,14.0,0,3,no_activation
500,17,36,4,0,35,25,11,14,14.0,0,3,no_activation
500,17,47,4,2,30,26,6,20,20.0,0,4,single_or_few
500,17,51,6,1,50,48,8,40,40.0,0,8,single_or_few
500,17,52,5,1,50,39,7,32,32.0,0,7,single_or_few
500,17,53,4,0,27,26,6,20,20.0,0,3,no_activation
500,17,54,3,2,50,27,6,21,21.0,0,7,single_or_few
500,17,62,5,0,50,35,10,25,25.0,0,5,no_activation
500,17,63,5,2,14,45,10,35,35.0,0,8,single_or_few
500,17,65,2,0,5,12,4,8,8.0,0,2,no_activation
500,17,70,3,0,5,20,6,14,14.0,0,4,no_activation
500,17,81,2,0,3,11,3,8,8.0,0,2,no_activation
500,17,93,2,1,2,13,8,5,5.0,0,1,single_or_few
500,17,95,5,0,49,25,8,17,17.0,0,2,no_activation
500,17,96,4,2,3,15,7,8,8.0,0,2,single_or_few
500,17,97,4,1,49,36,9,27,27.0,0,7,single_or_few
500,17,101,4,0,47,17,12,5,5.0,0,1,no_activation
500,17,103,5,0,4,22,17,5,5.0,0,1,no_activation
500,17,106,2,0,5,9,6,3,3.0,0,1,no_activation
500,17,107,2,0,9,9,9,0,0.0,0,0,no_activation
500,17,109,2,0,2,10,10,0,0.0,0,0,no_activation
500,17,114,2,0,6,10,10,0,0.0,0,0,no_activation
500,17,116,2,0,43,11,11,0,0.0,0,0,no_activation
500,17,118,2,0,2,10,10,0,0.0,0,0,no_activation
500,17,119,4,0,6,19,16,3,3.0,0,1,no_activation
500,17,120,5,0,43,15,15,0,0.0,0,0,no_activation
500,17,124,2,0,3,12,12,0,0.0,0,0,no_activation
500,17,126,5,0,41,29,21,8,8.0,0,1,no_activation
500,17,130,2,0,4,9,9,0,0.0,0,0,no_activation
500,17,131,2,0,6,9,9,0,0.0,0,0,no_activation
500,17,132,2,0,3,10,9,1,1.0,0,1,no_activation
500,17,134,2,0,4,10,10,0,0.0,0,0,no_activation
500,17,137,5,0,40,22,22,0,0.0,0,0,no_activation
500,17,138,2,0,2,9,7,2,2.0,0,1,no_activation
500,17,140,3,0,11,18,15,3,3.0,0,1,no_activation
500,17,146,5,0,37,35,29,6,6.0,0,1,no_activation
500,17,150,3,0,14,15,15,0,0.0,0,0,no_activation
500,17,153,2,0,3,10,10,0,0.0,0,0,no_activation
500,17,155,2,0,2,10,10,0,0.0,0,0,no_activation
500,17,158,3,0,2,18,18,0,0.0,0,0,no_activation
500,17,159,5,0,35,23,23,0,0.0,0,0,no_activation
500,17,160,3,0,7,18,18,0,0.0,0,0,no_activation
500,17,161,2,0,5,12,12,0,0.0,0,0,no_activation
500,17,166,2,0,8,10,10,0,0.0,0,0,no_activation
500,17,167,2,0,2,10,10,0,0.0,0,0,no_activation
500,17,169,2,0,9,9,9,0,0.0,0,0,no_activation
500,17,170,2,0,3,9,9,0,0.0,0,0,no_activation
500,17,171,5,0,33,24,24,0,0.0,0,0,no_activation
500,17,173,6,0,33,32,32,0,0.0,0,0,no_activation
500,17,174,2,0,9,9,9,0,0.0,0,0,no_activation
500,17,180,5,0,18,25,25,0,0.0,0,0,no_activation
500,17,181,5,0,32,25,25,0,0.0,0,0,no_activation
500,17,186,3,0,3,16,16,0,0.0,0,0,no_activation
500,17,192,2,0,2,9,9,0,0.0,0,0,no_activation
500,17,194,4,0,30,18,18,0,0.0,0,0,no_activation
500,17,195,5,0,30,23,23,0,0.0,0,0,no_activation
500,17,196,5,0,30,24,24,0,0.0,0,0,no_activation
500,17,204,5,0,17,25,25,0,0.0,0,0,no_activation
500,17,206,2,0,2,10,10,0,0.0,0,0,no_activation
500,17,207,5,0,26,31,31,0,0.0,0,0,no_activation
500,17,208,5,0,25,22,22,0,0.0,0,0,no_activation
500,17,211,4,0,18,18,18,0,0.0,0,0,no_activation
500,17,214,2,0,3,10,10,0,0.0,0,0,no_activation
500,17,215,2,0,4,10,10,0,0.0,0,0,no_activation
500,17,216,2,0,2,8,8,0,0.0,0,0,no_activation
500,17,219,2,0,8,11,11,0,0.0,0,0,no_activation
500,17,220,4,0,23,16,16,0,0.0,0,0,no_activation
500,17,221,4,0,23,25,25,0,0.0,0,0,no_activation
500,17,222,4,0,6,20,20,0,0.0,0,0,no_activation
500,17,223,5,0,22,22,22,0,0.0,0,0,no_activation
500,17,231,5,0,21,23,23,0,0.0,0,0,no_activation
500,17,232,4,0,4,23,23,0,0.0,0,0,no_activation
500,17,235,2,0,3,10,10,0,0.0,0,0,no_activation
500,17,239,5,0,18,29,29,0,0.0,0,0,no_activation
500,17,241,2,0,2,11,11,0,0.0,0,0,no_activation
500,17,245,3,0,13,18,18,0,0.0,0,0,no_activation
500,17,248,3,0,16,20,20,0,0.0,0,0,no_activation
500,17,249,8,0,16,49,49,0,0.0,0,0,no_activation
500,17,250,5,0,15,20,20,0,0.0,0,0,no_activation
500,17,251,3,0,2,18,18,0,0.0,0,0,no_activation
500,17,256,5,0,14,28,28,0,0.0,0,0,no_activation
500,17,257,2,0,2,10,10,0,0.0,0,0,no_activation
500,17,259,4,0,10,19,19,0,0.0,0,0,no_activation
500,17,263,4,0,12,25,25,0,0.0,0,0,no_activation
500,17,264,3,0,4,18,18,0,0.0,0,0,no_activation
500,17,265,3,0,3,18,18,0,0.0,0,0,no_activation
500,17,268,2,0,5,12,12,0,0.0,0,0,no_activation
500,17,273,2,0,2,13,13,0,0.0,0,0,no_activation
500,17,281,5,0,7,31,31,0,0.0,0,0,no_activation
500,17,282,4,0,7,24,24,0,0.0,0,0,no_activation
500,17,283,2,0,2,10,10,0,0.0,0,0,no_activation
500,17,285,2,0,7,10,10,0,0.0,0,0,no_activation
500,17,288,2,0,3,10,10,0,0.0,0,0,no_activation
500,17,290,2,0,2,13,13,0,0.0,0,0,no_activation
500,17,292,2,0,5,13,13,0,0.0,0,0,no_activation
500,17,293,2,0,4,9,9,0,0.0,0,0,no_activation
500,17,299,2,0,2,11,11,0,0.0,0,0,no_activation
500,17,300,2,0,3,11,11,0,0.0,0,0,no_activation
500,17,303,4,0,4,25,25,0,0.0,0,0,no_activation
500,17,304,3,0,6,18,18,0,0.0,0,0,no_activation
500,17,305,2,0,6,12,12,0,0.0,0,0,no_activation
500,17,307,3,0,2,19,19,0,0.0,0,0,no_activation
500,17,321,5,0,4,27,27,0,0.0,0,0,no_activation
500,17,323,5,0,4,32,32,0,0.0,0,0,no_activation
500,17,326,5,0,3,32,32,0,0.0,0,0,no_activation
500,17,327,3,0,3,16,16,0,0.0,0,0,no_activation
500,17,330,2,0,3,13,13,0,0.0,0,0,no_activation
500,17,333,3,0,2,18,18,0,0.0,0,0,no_activation
500,17,334,5,0,2,25,25,0,0.0,0,0,no_activation
500,17,335,2,0,2,12,12,0,0.0,0,0,no_activation
500,17,337,2,0,2,11,11,0,0.0,0,0,no_activation
500,17,341,2,0,2,9,9,0,0.0,0,0,no_activation
500,17,342,2,0,2,12,12,0,0.0,0,0,no_activation
500,18,0,4,0,50,29,8,21,21.0,0,4,no_activation
500,18,1,3,0,14,20,6,14,14.0,0,3,no_activation
500,18,14,3,1,4,21,7,14,14.0,0,3,single_or_few
500,18,15,5,0,50,39,5,34,34.0,0,5,no_activation
500,18,28,3,2,50,20,6,14,14.0,0,3,single_or_few
500,18,29,5,0,50,35,11,24,24.0,0,4,no_activation
500,18,38,2,0,4,13,5,8,8.0,0,2,no_activation
500,18,43,2,1,8,14,7,7,7.0,0,3,single_or_few
500,18,54,3,1,50,19,6,13,13.0,0,2,single_or_few
500,18,55,5,1,50,41,10,31,31.0,0,7,single_or_few
500,18,61,5,0,50,37,8,29,29.0,0,6,no_activation
500,18,62,3,1,50,21,4,17,17.0,0,4,single_or_few
500,18,77,3,0,14,20,8,12,12.0,0,3,no_activation
500,18,80,4,1,15,35,8,27,27.0,0,6,single_or_few
500,18,81,5,0,50,39,12,27,27.0,0,5,no_activation
500,18,89,2,0,3,12,5,7,7.0,0,2,no_activation
500,18,93,2,0,2,12,6,6,6.0,0,1,no_activation
500,18,94,2,0,5,12,1,11,11.0,0,2,no_activation
500,18,97,2,0,2,11,7,4,4.0,0,1,no_activation
500,18,99,2,0,4,13,4,9,9.0,0,3,no_activation
500,18,106,2,1,2,6,4,2,2.0,0,1,single_or_few
500,18,108,4,1,49,28,13,15,15.0,0,3,single_or_few
500,18,109,5,0,49,33,10,23,23.0,0,3,no_activation
500,18,110,5,0,15,20,10,10,10.0,0,1,no_activation
500,18,111,3,1,7,19,6,13,13.0,0,3,single_or_few
500,18,114,5,0,28,20,13,7,7.0,0,1,no_activation
500,18,115,4,1,47,16,13,3,3.0,0,1,single_or_few
500,18,119,2,0,14,10,3,7,7.0,0,2,no_activation
500,18,122,2,0,3,9,7,2,2.0,0,2,no_activation
500,18,124,2,1,46,10,8,2,2.0,0,2,single_or_few
500,18,128,5,0,45,23,14,9,9.0,0,1,no_activation
500,18,129,5,0,7,34,15,19,19.0,0,2,no_activation
500,18,131,3,0,4,20,10,10,10.0,0,1,no_activation
500,18,135,2,0,3,10,10,0,0.0,0,0,no_activation
500,18,136,2,0,2,9,9,0,0.0,0,0,no_activation
500,18,138,2,0,3,10,10,0,0.0,0,0,no_activation
500,18,140,4,0,43,20,15,5,5.0,0,1,no_activation
500,18,141,3,0,28,18,14,4,4.0,0,1,no_activation
500,18,142,2,0,3,9,9,0,0.0,0,0,no_activation
500,18,146,2,0,3,11,11,0,0.0,0,0,no_activation
500,18,147,2,0,5,9,9,0,0.0,0,0,no_activation
500,18,149,5,0,41,26,22,4,4.0,0,1,no_activation
500,18,151,5,0,39,17,17,0,0.0,0,0,no_activation
500,18,160,5,0,38,22,22,0,0.0,0,0,no_activation
500,18,162,5,0,37,22,22,0,0.0,0,0,no_activation
500,18,165,2,0,2,12,12,0,0.0,0,0,no_activation
500,18,166,2,0,2,9,9,0,0.0,0,0,no_activation
500,18,170,3,0,9,11,11,0,0.0,0,0,no_activation
500,18,172,5,0,36,31,26,5,5.0,0,1,no_activation
500,18,178,4,0,34,17,17,0,0.0,0,0,no_activation
500,18,179,5,0,34,24,24,0,0.0,0,0,no_activation
500,18,182,2,0,2,12,12,0,0.0,0,0,no_activation
500,18,187,2,0,2,10,10,0,0.0,0,0,no_activation
500,18,189,5,0,32,22,22,0,0.0,0,0,no_activation
500,18,192,2,0,3,9,9,0,0.0,0,0,no_activation
500,18,193,2,0,4,10,10,0,0.0,0,0,no_activation
500,18,194,2,0,8,9,9,0,0.0,0,0,no_activation
500,18,199,2,0,3,10,10,0,0.0,0,0,no_activation
500,18,205,2,0,6,10,10,0,0.0,0,0,no_activation
500,18,210,4,0,28,20,20,0,0.0,0,0,no_activation
500,18,212,4,0,13,25,25,0,0.0,0,0,no_activation
500,18,217,2,0,3,11,11,0,0.0,0,0,no_activation
500,18,219,3,0,14,18,18,0,0.0,0,0,no_activation
500,18,221,2,0,13,13,13,0,0.0,0,0,no_activation
500,18,223,2,0,3,11,11,0,0.0,0,0,no_activation
500,18,225,2,0,3,11,11,0,0.0,0,0,no_activation
500,18,228,2,0,3,12,12,0,0.0,0,0,no_activation
500,18,230,2,0,3,11,11,0,0.0,0,0,no_activation
500,18,232,2,0,2,10,10,0,0.0,0,0,no_activation
500,18,233,5,0,22,18,18,0,0.0,0,0,no_activation
500,18,239,4,0,3,25,25,0,0.0,0,0,no_activation
500,18,240,5,0,21,23,23,0,0.0,0,0,no_activation
500,18,242,2,0,3,12,12,0,0.0,0,0,no_activation
500,18,248,6,0,4,32,32,0,0.0,0,0,no_activation
500,18,252,2,0,5,11,11,0,0.0,0,0,no_activation
500,18,255,5,0,10,24,24,0,0.0,0,0,no_activation
500,18,257,5,0,16,21,21,0,0.0,0,0,no_activation
500,18,260,5,0,10,25,25,0,0.0,0,0,no_activation
500,18,263,5,0,13,33,33,0,0.0,0,0,no_activation
500,18,264,5,0,8,26,26,0,0.0,0,0,no_activation
500,18,265,3,0,2,19,19,0,0.0,0,0,no_activation
500,18,267,3,0,10,20,20,0,0.0,0,0,no_activation
500,18,273,5,0,12,25,25,0,0.0,0,0,no_activation
500,18,274,5,0,8,27,27,0,0.0,0,0,no_activation
500,18,277,2,0,2,9,9,0,0.0,0,0,no_activation
500,18,278,2,0,2,13,13,0,0.0,0,0,no_activation
500,18,281,5,0,10,26,26,0,0.0,0,0,no_activation
500,18,282,5,0,10,25,25,0,0.0,0,0,no_activation
500,18,289,4,0,2,26,26,0,0.0,0,0,no_activation
500,18,292,5,0,8,34,34,0,0.0,0,0,no_activation
500,18,295,2,0,6,10,10,0,0.0,0,0,no_activation
500,18,299,5,0,7,33,33,0,0.0,0,0,no_activation
500,18,300,3,0,6,17,17,0,0.0,0,0,no_activation
500,18,301,2,0,2,10,10,0,0.0,0,0,no_activation
500,18,306,5,0,5,29,29,0,0.0,0,0,no_activation
500,18,307,4,0,5,26,26,0,0.0,0,0,no_activation
500,18,308,4,0,3,28,28,0,0.0,0,0,no_activation
500,18,312,4,0,4,27,27,0,0.0,0,0,no_activation
500,18,314,2,0,4,10,10,0,0.0,0,0,no_activation
500,18,315,2,0,2,10,10,0,0.0,0,0,no_activation
500,18,320,2,0,2,13,13,0,0.0,0,0,no_activation
500,18,321,4,0,2,23,23,0,0.0,0,0,no_activation
500,18,323,2,0,2,12,12,0,0.0,0,0,no_activation
500,19,13,4,1,33,25,4,21,21.0,0,7,single_or_few
500,19,25,3,0,12,20,2,18,18.0,0,6,no_activation
500,19,32,2,0,9,13,2,11,11.0,0,5,no_activation
500,19,34,5,1,50,45,7,38,38.0,0,12,single_or_few
500,19,41,5,0,6,18,9,9,9.0,0,3,no_activation
500,19,42,5,0,2,10,5,5,5.0,0,1,no_activation
500,19,46,5,2,50,35,5,30,32.0,1,11,single_or_few
500,19,54,2,1,3,7,4,3,3.0,0,2,single_or_few
500,19,61,2,1,3,6,3,3,3.0,0,2,single_or_few
500,19,62,2,1,6,13,3,10,10.0,0,5,single_or_few
500,19,65,2,1,3,10,3,7,7.0,0,2,single_or_few
500,19,69,5,1,50,22,8,14,14.0,0,6,single_or_few
500,19,70,2,1,4,12,6,6,6.0,0,3,single_or_few
500,19,72,5,1,8,25,8,17,17.0,0,4,single_or_few
500,19,74,3,1,2,9,5,4,4.0,0,1,single_or_few
500,19,75,2,0,4,11,6,5,5.0,0,1,no_activation
500,19,76,5,1,2,17,15,2,2.0,0,1,single_or_few
500,19,79,2,0,6,9,8,1,1.0,0,1,no_activation
500,19,83,7,3,45,56,15,41,41.0,0,10,single_or_few
500,19,84,2,2,2,12,8,4,4.0,0,1,single_or_few
500,19,86,5,1,7,23,11,12,12.0,0,4,single_or_few
500,19,89,5,2,9,31,16,15,15.0,0,5,single_or_few
500,19,90,4,0,44,27,14,13,13.0,0,3,no_activation
500,19,91,5,0,43,19,10,9,9.0,0,2,no_activation
500,19,92,2,0,2,9,9,0,0.0,0,0,no_activation
500,19,98,3,0,4,11,11,0,0.0,0,0,no_activation
500,19,99,4,0,5,20,13,7,7.0,0,1,no_activation
500,19,100,2,0,8,10,9,1,1.0,0,1,no_activation
500,19,101,2,0,4,12,7,5,5.0,0,1,no_activation
500,19,108,2,0,3,9,9,0,0.0,0,0,no_activation
500,19,111,2,0,2,9,9,0,0.0,0,0,no_activation
500,19,113,2,0,2,10,10,0,0.0,0,0,no_activation
500,19,115,5,0,35,24,21,3,3.0,0,1,no_activation
500,19,116,3,0,4,18,12,6,6.0,0,1,no_activation
500,19,118,5,0,34,20,20,0,0.0,0,0,no_activation
500,19,119,5,0,34,18,18,0,0.0,0,0,no_activation
500,19,123,3,0,33,18,13,5,5.0,0,1,no_activation
500,19,126,3,0,11,17,17,0,0.0,0,0,no_activation
500,19,133,2,0,2,9,9,0,0.0,0,0,no_activation
500,19,137,2,0,2,11,11,0,0.0,0,0,no_activation
500,19,140,5,0,31,22,22,0,0.0,0,0,no_activation
500,19,141,8,0,31,50,43,7,7.0,0,1,no_activation
500,19,142,3,0,31,18,18,0,0.0,0,0,no_activation
500,19,144,2,0,6,11,11,0,0.0,0,0,no_activation
500,19,146,5,0,9,28,28,0,0.0,0,0,no_activation
500,19,148,5,0,29,23,23,0,0.0,0,0,no_activation
500,19,149,4,0,28,23,23,0,0.0,0,0,no_activation
500,19,151,3,0,14,14,14,0,0.0,0,0,no_activation
500,19,153,2,0,3,9,9,0,0.0,0,0,no_activation
500,19,154,3,0,8,16,16,0,0.0,0,0,no_activation
500,19,155,2,0,4,11,11,0,0.0,0,0,no_activation
500,19,156,5,0,27,23,23,0,0.0,0,0,no_activation
500,19,157,7,0,26,42,42,0,0.0,0,0,no_activation
500,19,158,4,0,3,18,18,0,0.0,0,0,no_activation
500,19,161,2,0,6,11,11,0,0.0,0,0,no_activation
500,19,167,4,0,9,26,26,0,0.0,0,0,no_activation
500,19,170,2,0,3,12,12,0,0.0,0,0,no_activation
500,19,171,2,0,2,10,10,0,0.0,0,0,no_activation
500,19,172,2,0,2,9,9,0,0.0,0,0,no_activation
500,19,173,2,0,14,11,11,0,0.0,0,0,no_activation
500,19,180,3,0,6,18,18,0,0.0,0,0,no_activation
500,19,183,2,0,4,11,11,0,0.0,0,0,no_activation
500,19,185,3,0,23,18,18,0,0.0,0,0,no_activation
500,19,188,5,0,22,23,23,0,0.0,0,0,no_activation
500,19,189,5,0,8,24,24,0,0.0,0,0,no_activation
500,19,193,2,0,2,11,11,0,0.0,0,0,no_activation
500,19,194,2,0,4,11,11,0,0.0,0,0,no_activation
500,19,197,3,0,2,18,18,0,0.0,0,0,no_activation
500,19,202,5,0,7,21,21,0,0.0,0,0,no_activation
500,19,207,2,0,4,11,11,0,0.0,0,0,no_activation
500,19,208,2,0,2,11,11,0,0.0,0,0,no_activation
500,19,210,2,0,11,11,11,0,0.0,0,0,no_activation
500,19,214,2,0,2,12,12,0,0.0,0,0,no_activation
500,19,218,5,0,18,33,33,0,0.0,0,0,no_activation
500,19,219,5,0,18,26,26,0,0.0,0,0,no_activation
500,19,221,4,0,16,25,25,0,0.0,0,0,no_activation
500,19,229,4,0,15,17,17,0,0.0,0,0,no_activation
500,19,230,5,0,15,29,29,0,0.0,0,0,no_activation
500,19,239,5,0,14,27,27,0,0.0,0,0,no_activation
500,19,240,5,0,3,31,31,0,0.0,0,0,no_activation
500,19,241,5,0,13,24,24,0,0.0,0,0,no_activation
500,19,242,5,0,13,26,26,0,0.0,0,0,no_activation
500,19,244,2,0,2,11,11,0,0.0,0,0,no_activation
500,19,249,2,0,4,9,9,0,0.0,0,0,no_activation
500,19,250,5,0,12,25,25,0,0.0,0,0,no_activation
500,19,251,5,0,10,24,24,0,0.0,0,0,no_activation
500,19,257,5,0,10,32,32,0,0.0,0,0,no_activation
500,19,258,5,0,9,31,31,0,0.0,0,0,no_activation
500,19,263,5,0,8,27,27,0,0.0,0,0,no_activation
500,19,264,3,0,8,18,18,0,0.0,0,0,no_activation
500,19,268,2,0,2,10,10,0,0.0,0,0,no_activation
500,19,269,2,0,3,9,9,0,0.0,0,0,no_activation
500,19,270,5,0,7,33,33,0,0.0,0,0,no_activation
500,19,278,5,0,4,26,26,0,0.0,0,0,no_activation
500,19,280,4,0,3,24,24,0,0.0,0,0,no_activation
500,19,284,2,0,4,13,13,0,0.0,0,0,no_activation
500,19,286,3,0,3,19,19,0,0.0,0,0,no_activation
500,19,287,5,0,3,29,29,0,0.0,0,0,no_activation
500,19,288,3,0,2,18,18,0,0.0,0,0,no_activation
500,19,294,5,0,2,30,30,0,0.0,0,0,no_activation
500,20,0,5,1,50,37,11,26,26.0,0,6,single_or_few
500,20,20,5,1,29,35,9,26,26.0,0,4,single_or_few
500,20,21,5,1,50,36,5,31,33.0,1,5,single_or_few
500,20,24,5,0,30,39,12,27,27.0,0,4,no_activation
500,20,31,5,0,50,35,11,24,24.0,0,4,no_activation
500,20,34,2,0,10,13,2,11,11.0,0,3,no_activation
500,20,39,5,0,40,35,8,27,27.0,0,3,no_activation
500,20,41,2,1,3,9,2,7,7.0,0,2,single_or_few
500,20,47,5,1,50,45,10,35,35.0,0,5,single_or_few
500,20,50,5,0,14,38,10,28,28.0,0,4,no_activation
500,20,53,2,0,16,11,6,5,5.0,0,2,no_activation
500,20,55,5,1,50,39,11,28,28.0,0,4,single_or_few
500,20,59,5,0,50,37,10,27,27.0,0,3,no_activation
500,20,65,3,1,3,21,9,12,12.0,0,2,single_or_few
500,20,71,5,1,50,37,11,26,26.0,0,4,single_or_few
500,20,72,5,4,50,41,11,30,30.0,0,5,single_or_few
500,20,77,5,2,50,44,10,34,34.0,0,5,single_or_few
500,20,84,2,0,2,9,3,6,6.0,0,1,no_activation
500,20,87,2,0,2,9,4,5,5.0,0,1,no_activation
500,20,88,3,0,6,21,13,8,8.0,0,2,no_activation
500,20,89,3,1,12,21,8,13,13.0,0,3,single_or_few
500,20,98,2,0,4,10,10,0,0.0,0,0,no_activation
500,20,99,5,0,49,22,14,8,8.0,0,1,no_activation
500,20,100,2,0,2,9,9,0,0.0,0,0,no_activation
500,20,107,2,0,7,10,10,0,0.0,0,0,no_activation
500,20,109,2,0,3,9,6,3,3.0,0,1,no_activation
500,20,112,5,0,31,18,18,0,0.0,0,0,no_activation
500,20,117,3,0,21,14,14,0,0.0,0,0,no_activation
500,20,121,5,0,46,22,22,0,0.0,0,0,no_activation
500,20,123,2,0,7,10,10,0,0.0,0,0,no_activation
500,20,124,2,0,13,10,5,5,5.0,0,1,no_activation
500,20,125,2,0,2,9,8,1,1.0,0,1,no_activation
500,20,126,2,0,4,11,11,0,0.0,0,0,no_activation
500,20,127,2,0,7,11,9,2,2.0,0,1,no_activation
500,20,133,2,0,2,9,9,0,0.0,0,0,no_activation
500,20,143,5,0,7,22,19,3,3.0,0,1,no_activation
500,20,148,2,0,2,10,10,0,0.0,0,0,no_activation
500,20,151,2,0,2,10,10,0,0.0,0,0,no_activation
500,20,152,2,0,3,10,10,0,0.0,0,0,no_activation
500,20,153,2,0,4,10,10,0,0.0,0,0,no_activation
500,20,168,2,0,5,9,9,0,0.0,0,0,no_activation
500,20,169,5,0,38,24,24,0,0.0,0,0,no_activation
500,20,170,5,0,5,22,22,0,0.0,0,0,no_activation
500,20,172,2,0,7,11,11,0,0.0,0,0,no_activation
500,20,174,3,0,2,19,19,0,0.0,0,0,no_activation
500,20,175,3,0,2,18,18,0,0.0,0,0,no_activation
500,20,177,2,0,2,10,10,0,0.0,0,0,no_activation
500,20,178,3,0,2,18,18,0,0.0,0,0,no_activation
500,20,179,2,0,4,9,9,0,0.0,0,0,no_activation
500,20,184,2,0,13,10,10,0,0.0,0,0,no_activation
500,20,188,2,0,6,11,11,0,0.0,0,0,no_activation
500,20,192,5,0,35,22,22,0,0.0,0,0,no_activation
500,20,195,3,0,6,19,19,0,0.0,0,0,no_activation
500,20,198,2,0,2,10,10,0,0.0,0,0,no_activation
500,20,199,2,0,6,10,10,0,0.0,0,0,no_activation
500,20,200,2,0,2,11,11,0,0.0,0,0,no_activation
500,20,201,2,0,4,10,10,0,0.0,0,0,no_activation
500,20,203,8,0,32,35,35,0,0.0,0,0,no_activation
500,20,204,5,0,4,22,22,0,0.0,0,0,no_activation
500,20,205,5,0,23,32,32,0,0.0,0,0,no_activation
500,20,207,2,0,8,12,12,0,0.0,0,0,no_activation
500,20,209,2,0,2,11,11,0,0.0,0,0,no_activation
500,20,213,4,0,29,16,16,0,0.0,0,0,no_activation
500,20,215,4,0,2,18,18,0,0.0,0,0,no_activation
500,20,216,5,0,29,22,22,0,0.0,0,0,no_activation
500,20,223,2,0,2,11,11,0,0.0,0,0,no_activation
500,20,224,4,0,6,25,25,0,0.0,0,0,no_activation
500,20,225,3,0,7,17,17,0,0.0,0,0,no_activation
500,20,226,5,0,3,24,24,0,0.0,0,0,no_activation
500,20,230,2,0,2,10,10,0,0.0,0,0,no_activation
500,20,232,2,0,8,9,9,0,0.0,0,0,no_activation
500,20,234,2,0,2,11,11,0,0.0,0,0,no_activation
500,20,238,2,0,2,10,10,0,0.0,0,0,no_activation
500,20,239,2,0,2,9,9,0,0.0,0,0,no_activation
500,20,241,2,0,2,10,10,0,0.0,0,0,no_activation
500,20,242,2,0,6,11,11,0,0.0,0,0,no_activation
500,20,245,5,0,26,32,32,0,0.0,0,0,no_activation
500,20,246,4,0,5,24,24,0,0.0,0,0,no_activation
500,20,247,5,0,25,26,26,0,0.0,0,0,no_activation
500,20,250,2,0,12,11,11,0,0.0,0,0,no_activation
500,20,256,4,0,24,19,19,0,0.0,0,0,no_activation
500,20,257,4,0,12,25,25,0,0.0,0,0,no_activation
500,20,260,2,0,2,11,11,0,0.0,0,0,no_activation
500,20,264,2,0,4,11,11,0,0.0,0,0,no_activation
500,20,268,5,0,19,23,23,0,0.0,0,0,no_activation
500,20,271,5,0,5,25,25,0,0.0,0,0,no_activation
500,20,273,5,0,21,25,25,0,0.0,0,0,no_activation
500,20,274,5,0,21,22,22,0,0.0,0,0,no_activation
500,20,275,4,0,21,25,25,0,0.0,0,0,no_activation
500,20,279,2,0,2,12,12,0,0.0,0,0,no_activation
500,20,284,5,0,17,23,23,0,0.0,0,0,no_activation
500,20,288,2,0,5,11,11,0,0.0,0,0,no_activation
500,20,289,2,0,3,12,12,0,0.0,0,0,no_activation
500,20,296,2,0,9,9,9,0,0.0,0,0,no_activation
500,20,301,2,0,5,10,10,0,0.0,0,0,no_activation
500,20,303,5,0,15,32,32,0,0.0,0,0,no_activation
500,20,312,2,0,2,12,12,0,0.0,0,0,no_activation
500,20,314,2,0,2,10,10,0,0.0,0,0,no_activation
500,20,322,6,0,14,34,34,0,0.0,0,0,no_activation
500,20,323,5,0,4,28,28,0,0.0,0,0,no_activation
500,20,324,3,0,13,19,19,0,0.0,0,0,no_activation
500,20,325,3,0,14,18,18,0,0.0,0,0,no_activation
500,20,330,2,0,3,11,11,0,0.0,0,0,no_activation
500,20,336,2,0,2,13,13,0,0.0,0,0,no_activation
500,20,337,2,0,4,14,14,0,0.0,0,0,no_activation
500,20,340,4,0,2,25,25,0,0.0,0,0,no_activation
500,20,341,4,0,10,26,26,0,0.0,0,0,no_activation
500,20,347,5,0,8,26,26,0,0.0,0,0,no_activation
500,20,348,3,0,2,19,19,0,0.0,0,0,no_activation
500,20,352,5,0,4,33,33,0,0.0,0,0,no_activation
500,20,353,5,0,7,28,28,0,0.0,0,0,no_activation
500,20,356,5,0,4,28,28,0,0.0,0,0,no_activation
500,20,360,4,0,6,25,25,0,0.0,0,0,no_activation
500,20,361,3,0,5,17,17,0,0.0,0,0,no_activation
500,20,364,2,0,2,12,12,0,0.0,0,0,no_activation
500,20,374,7,0,4,42,42,0,0.0,0,0,no_activation
500,21,0,4,3,50,40,5,35,35.0,0,8,single_or_few
500,21,23,5,0,50,38,10,28,28.0,0,6,no_activation
500,21,24,6,0,50,42,9,33,33.0,0,7,no_activation
500,21,26,2,0,2,9,8,1,1.0,0,1,no_activation
500,21,29,5,0,50,35,9,26,26.0,0,6,no_activation
500,21,31,3,5,22,34,5,29,29.0,0,8,repeated_5plus
500,21,36,6,2,50,40,8,32,32.0,0,7,single_or_few
500,21,54,5,1,50,38,12,26,26.0,0,9,single_or_few
500,21,55,4,0,50,29,5,24,24.0,0,5,no_activation
500,21,59,5,2,50,42,7,35,35.0,0,7,single_or_few
500,21,61,2,0,28,13,4,9,9.0,0,3,no_activation
500,21,70,2,0,2,7,5,2,2.0,0,1,no_activation
500,21,81,3,0,5,19,5,14,14.0,0,4,no_activation
500,21,85,5,1,49,31,10,21,22.0,1,4,single_or_few
500,21,86,4,2,18,25,7,18,18.0,0,5,single_or_few
500,21,89,2,1,5,10,6,4,4.0,0,2,single_or_few
500,21,92,2,0,2,9,6,3,3.0,0,1,no_activation
500,21,93,2,0,3,9,6,3,3.0,0,1,no_activation
500,21,95,4,1,46,23,12,11,11.0,0,2,single_or_few
500,21,96,5,0,32,30,18,12,12.0,0,2,no_activation
500,21,97,2,0,8,9,9,0,0.0,0,0,no_activation
500,21,100,2,1,13,11,8,3,3.0,0,1,single_or_few
500,21,104,2,1,5,14,5,9,9.0,0,2,single_or_few
500,21,109,4,0,45,14,8,6,6.0,0,1,no_activation
500,21,110,2,0,17,10,9,1,1.0,0,1,no_activation
500,21,113,2,0,4,10,10,0,0.0,0,0,no_activation
500,21,114,2,0,10,10,10,0,0.0,0,0,no_activation
500,21,116,5,0,44,21,15,6,6.0,0,1,no_activation
500,21,117,3,0,4,14,14,0,0.0,0,0,no_activation
500,21,120,2,0,5,10,10,0,0.0,0,0,no_activation
500,21,123,2,0,5,11,11,0,0.0,0,0,no_activation
500,21,124,5,0,42,22,19,3,3.0,0,1,no_activation
500,21,126,4,0,41,26,24,2,2.0,0,1,no_activation
500,21,128,2,0,2,9,9,0,0.0,0,0,no_activation
500,21,131,5,0,40,30,23,7,7.0,0,1,no_activation
500,21,135,3,0,2,19,19,0,0.0,0,0,no_activation
500,21,138,4,0,38,19,19,0,0.0,0,0,no_activation
500,21,140,5,0,5,24,24,0,0.0,0,0,no_activation
500,21,144,2,0,2,9,9,0,0.0,0,0,no_activation
500,21,145,3,0,6,18,18,0,0.0,0,0,no_activation
500,21,146,3,0,3,19,19,0,0.0,0,0,no_activation
500,21,152,5,0,8,22,22,0,0.0,0,0,no_activation
500,21,153,5,0,8,22,22,0,0.0,0,0,no_activation
500,21,154,3,0,5,16,16,0,0.0,0,0,no_activation
500,21,155,4,0,5,25,25,0,0.0,0,0,no_activation
500,21,156,5,0,10,18,18,0,0.0,0,0,no_activation
500,21,158,4,0,32,25,23,2,2.0,0,1,no_activation
500,21,159,5,0,32,26,26,0,0.0,0,0,no_activation
500,21,166,2,0,5,9,9,0,0.0,0,0,no_activation
500,21,168,2,0,5,9,9,0,0.0,0,0,no_activation
500,21,169,2,0,10,11,11,0,0.0,0,0,no_activation
500,21,170,5,0,12,24,24,0,0.0,0,0,no_activation
500,21,172,2,0,6,10,10,0,0.0,0,0,no_activation
500,21,175,2,0,7,10,10,0,0.0,0,0,no_activation
500,21,177,2,0,7,9,9,0,0.0,0,0,no_activation
500,21,182,5,0,27,22,22,0,0.0,0,0,no_activation
500,21,183,2,0,2,10,10,0,0.0,0,0,no_activation
500,21,189,2,0,4,11,11,0,0.0,0,0,no_activation
500,21,197,2,0,3,12,12,0,0.0,0,0,no_activation
500,21,203,4,0,3,20,20,0,0.0,0,0,no_activation
500,21,211,2,0,6,12,12,0,0.0,0,0,no_activation
500,21,213,2,0,2,12,12,0,0.0,0,0,no_activation
500,21,214,5,0,2,25,25,0,0.0,0,0,no_activation
500,21,215,5,0,22,32,32,0,0.0,0,0,no_activation
500,21,216,5,0,21,21,21,0,0.0,0,0,no_activation
500,21,217,2,0,2,10,10,0,0.0,0,0,no_activation
500,21,218,2,0,3,11,11,0,0.0,0,0,no_activation
500,21,220,3,0,3,18,18,0,0.0,0,0,no_activation
500,21,221,4,0,2,17,17,0,0.0,0,0,no_activation
500,21,222,5,0,8,27,27,0,0.0,0,0,no_activation
500,21,224,2,0,2,11,11,0,0.0,0,0,no_activation
500,21,233,5,0,17,27,27,0,0.0,0,0,no_activation
500,21,234,5,0,8,25,25,0,0.0,0,0,no_activation
500,21,237,2,0,4,12,12,0,0.0,0,0,no_activation
500,21,239,5,0,14,31,31,0,0.0,0,0,no_activation
500,21,242,5,0,14,28,28,0,0.0,0,0,no_activation
500,21,243,5,0,14,27,27,0,0.0,0,0,no_activation
500,21,244,2,0,13,10,10,0,0.0,0,0,no_activation
500,21,246,2,0,6,10,10,0,0.0,0,0,no_activation
500,21,253,2,0,2,12,12,0,0.0,0,0,no_activation
500,21,255,5,0,12,22,22,0,0.0,0,0,no_activation
500,21,256,2,0,2,12,12,0,0.0,0,0,no_activation
500,21,258,4,0,10,20,20,0,0.0,0,0,no_activation
500,21,263,5,0,4,34,34,0,0.0,0,0,no_activation
500,21,264,5,0,5,25,25,0,0.0,0,0,no_activation
500,21,265,7,0,5,46,46,0,0.0,0,0,no_activation
500,21,266,3,0,4,17,17,0,0.0,0,0,no_activation
500,21,270,4,0,4,27,27,0,0.0,0,0,no_activation
500,21,276,4,0,3,20,20,0,0.0,0,0,no_activation
500,21,278,2,0,2,10,10,0,0.0,0,0,no_activation
500,21,280,3,0,2,17,17,0,0.0,0,0,no_activation
500,21,281,7,0,2,40,40,0,0.0,0,0,no_activation
500,22,0,5,0,50,34,14,20,20.0,0,5,no_activation
500,22,11,5,1,50,37,10,27,27.0,0,6,single_or_few
500,22,13,5,1,50,44,13,31,31.0,0,7,single_or_few
500,22,18,5,1,50,39,10,29,29.0,0,7,single_or_few
500,22,30,5,0,50,32,11,21,21.0,0,4,no_activation
500,22,37,5,2,50,43,19,24,24.0,0,7,single_or_few
500,22,48,4,1,2,14,14,0,0.0,0,0,single_or_few
500,22,68,4,1,50,30,11,19,19.0,0,4,single_or_few
500,22,73,5,3,20,51,14,37,37.0,0,10,single_or_few
500,22,74,5,1,50,41,11,30,30.0,0,7,single_or_few
500,22,75,3,0,5,20,7,13,13.0,0,2,no_activation
500,22,78,5,0,3,24,11,13,13.0,0,2,no_activation
500,22,79,5,2,50,38,17,21,21.0,0,6,single_or_few
500,22,85,2,0,4,12,5,7,7.0,0,2,no_activation
500,22,86,5,1,50,35,9,26,26.0,0,5,single_or_few
500,22,87,4,1,50,28,10,18,18.0,0,4,single_or_few
500,22,100,5,1,50,42,13,29,29.0,0,8,single_or_few
500,22,103,7,3,50,37,16,21,21.0,0,7,single_or_few
500,22,104,5,0,50,22,15,7,7.0,0,1,no_activation
500,22,105,6,0,50,23,16,7,7.0,0,1,no_activation
500,22,110,2,2,4,14,10,4,4.0,0,3,single_or_few
500,22,111,5,0,48,28,16,12,12.0,0,2,no_activation
500,22,114,5,0,36,22,15,7,7.0,0,1,no_activation
500,22,121,2,0,2,10,9,1,1.0,0,1,no_activation
500,22,125,4,0,44,20,20,0,0.0,0,0,no_activation
500,22,126,4,0,44,25,18,7,7.0,0,1,no_activation
500,22,127,3,0,44,14,14,0,0.0,0,0,no_activation
500,22,130,4,0,8,17,17,0,0.0,0,0,no_activation
500,22,131,2,0,2,11,11,0,0.0,0,0,no_activation
500,22,134,2,0,2,10,10,0,0.0,0,0,no_activation
500,22,147,3,0,7,14,14,0,0.0,0,0,no_activation
500,22,148,2,0,3,10,6,4,4.0,0,1,no_activation
500,22,149,2,0,4,9,9,0,0.0,0,0,no_activation
500,22,153,5,0,8,22,22,0,0.0,0,0,no_activation
500,22,157,2,0,5,10,10,0,0.0,0,0,no_activation
500,22,159,2,0,3,9,9,0,0.0,0,0,no_activation
500,22,160,2,0,2,11,11,0,0.0,0,0,no_activation
500,22,163,2,0,9,9,9,0,0.0,0,0,no_activation
500,22,167,2,0,3,10,10,0,0.0,0,0,no_activation
500,22,169,3,0,36,14,14,0,0.0,0,0,no_activation
500,22,172,4,0,3,29,29,0,0.0,0,0,no_activation
500,22,178,2,0,13,9,9,0,0.0,0,0,no_activation
500,22,184,2,0,3,10,10,0,0.0,0,0,no_activation
500,22,186,2,0,2,10,10,0,0.0,0,0,no_activation
500,22,188,5,0,33,24,24,0,0.0,0,0,no_activation
500,22,189,5,0,32,28,28,0,0.0,0,0,no_activation
500,22,191,2,0,4,10,10,0,0.0,0,0,no_activation
500,22,192,4,0,6,26,26,0,0.0,0,0,no_activation
500,22,196,2,0,3,10,10,0,0.0,0,0,no_activation
500,22,203,5,0,28,24,24,0,0.0,0,0,no_activation
500,22,204,4,0,4,25,25,0,0.0,0,0,no_activation
500,22,205,5,0,28,25,25,0,0.0,0,0,no_activation
500,22,211,2,0,2,11,11,0,0.0,0,0,no_activation
500,22,212,2,0,3,11,11,0,0.0,0,0,no_activation
500,22,214,2,0,2,10,10,0,0.0,0,0,no_activation
500,22,224,5,0,8,24,24,0,0.0,0,0,no_activation
500,22,225,4,0,25,17,17,0,0.0,0,0,no_activation
500,22,226,3,0,6,16,16,0,0.0,0,0,no_activation
500,22,227,5,0,25,21,21,0,0.0,0,0,no_activation
500,22,228,4,0,13,22,22,0,0.0,0,0,no_activation
500,22,229,3,0,13,18,18,0,0.0,0,0,no_activation
500,22,233,2,0,3,11,11,0,0.0,0,0,no_activation
500,22,236,5,0,23,24,24,0,0.0,0,0,no_activation
500,22,238,4,0,21,23,23,0,0.0,0,0,no_activation
500,22,241,2,0,2,9,9,0,0.0,0,0,no_activation
500,22,244,4,0,6,20,20,0,0.0,0,0,no_activation
500,22,245,4,0,5,24,24,0,0.0,0,0,no_activation
500,22,246,4,0,20,19,19,0,0.0,0,0,no_activation
500,22,247,5,0,20,24,24,0,0.0,0,0,no_activation
500,22,248,5,0,20,35,35,0,0.0,0,0,no_activation
500,22,255,2,0,3,12,12,0,0.0,0,0,no_activation
500,22,256,4,0,17,16,16,0,0.0,0,0,no_activation
500,22,258,5,0,16,25,25,0,0.0,0,0,no_activation
500,22,263,3,0,15,18,18,0,0.0,0,0,no_activation
500,22,264,5,0,2,24,24,0,0.0,0,0,no_activation
500,22,265,4,0,2,26,26,0,0.0,0,0,no_activation
500,22,270,2,0,7,11,11,0,0.0,0,0,no_activation
500,22,272,4,0,10,21,21,0,0.0,0,0,no_activation
500,22,273,4,0,11,19,19,0,0.0,0,0,no_activation
500,22,276,4,0,7,22,22,0,0.0,0,0,no_activation
500,22,277,5,0,9,23,23,0,0.0,0,0,no_activation
500,22,278,4,0,2,20,20,0,0.0,0,0,no_activation
500,22,279,2,0,6,12,12,0,0.0,0,0,no_activation
500,22,285,2,0,2,10,10,0,0.0,0,0,no_activation
500,22,287,3,0,7,19,19,0,0.0,0,0,no_activation
500,22,294,3,0,6,20,20,0,0.0,0,0,no_activation
500,22,295,5,0,6,24,24,0,0.0,0,0,no_activation
500,22,296,5,0,5,26,26,0,0.0,0,0,no_activation
500,22,302,6,0,4,34,34,0,0.0,0,0,no_activation
500,22,303,2,0,2,12,12,0,0.0,0,0,no_activation
500,22,304,4,0,3,24,24,0,0.0,0,0,no_activation
500,22,306,5,0,3,30,30,0,0.0,0,0,no_activation
500,22,307,6,0,3,36,36,0,0.0,0,0,no_activation
500,23,7,5,1,30,33,13,20,20.0,0,7,single_or_few
500,23,8,5,2,50,45,9,36,36.0,0,10,single_or_few
500,23,11,5,1,50,39,13,26,26.0,0,7,single_or_few
500,23,14,5,0,50,35,9,26,26.0,0,7,no_activation
500,23,16,5,0,50,35,10,25,25.0,0,8,no_activation
500,23,19,5,2,50,43,10,33,33.0,0,11,single_or_few
500,23,21,4,2,26,28,4,24,24.0,0,6,single_or_few
500,23,33,4,2,16,33,4,29,31.0,1,6,single_or_few
500,23,42,3,0,50,18,5,13,13.0,0,3,no_activation
500,23,43,5,1,50,44,9,35,35.0,0,9,single_or_few
500,23,44,5,0,50,33,13,20,20.0,0,8,no_activation
500,23,63,5,1,28,38,7,31,31.0,0,9,single_or_few
500,23,67,5,0,50,33,8,25,25.0,0,8,no_activation
500,23,69,2,0,3,13,6,7,7.0,0,2,no_activation
500,23,79,3,1,3,11,7,4,4.0,0,1,single_or_few
500,23,86,5,0,46,22,8,14,14.0,0,2,no_activation
500,23,87,4,1,45,22,18,4,4.0,0,2,single_or_few
500,23,89,2,0,2,9,9,0,0.0,0,0,no_activation
500,23,90,2,0,4,10,5,5,5.0,0,1,no_activation
500,23,95,2,0,4,10,8,2,2.0,0,1,no_activation
500,23,96,3,1,3,19,12,7,7.0,0,2,single_or_few
500,23,98,5,0,43,26,14,12,12.0,0,1,no_activation
500,23,99,5,0,9,23,18,5,5.0,0,1,no_activation
500,23,103,2,1,2,8,8,0,0.0,0,0,single_or_few
500,23,108,2,1,2,9,9,0,0.0,0,0,single_or_few
500,23,109,2,0,5,9,7,2,2.0,0,1,no_activation
500,23,111,2,0,2,9,9,0,0.0,0,0,no_activation
500,23,120,6,0,40,27,20,7,7.0,0,1,no_activation
500,23,121,8,0,40,47,36,11,11.0,0,1,no_activation
500,23,122,5,0,40,19,18,1,1.0,0,1,no_activation
500,23,129,5,0,39,22,16,6,6.0,0,1,no_activation
500,23,134,3,0,35,18,18,0,0.0,0,0,no_activation
500,23,140,2,0,3,10,10,0,0.0,0,0,no_activation
500,23,142,2,0,2,9,9,0,0.0,0,0,no_activation
500,23,146,2,0,7,10,10,0,0.0,0,0,no_activation
500,23,147,2,0,4,10,10,0,0.0,0,0,no_activation
500,23,149,2,0,10,12,12,0,0.0,0,0,no_activation
500,23,151,3,0,9,11,11,0,0.0,0,0,no_activation
500,23,157,2,0,4,11,11,0,0.0,0,0,no_activation
500,23,160,5,0,34,25,25,0,0.0,0,0,no_activation
500,23,164,5,0,33,21,21,0,0.0,0,0,no_activation
500,23,165,5,0,33,32,32,0,0.0,0,0,no_activation
500,23,166,5,0,13,22,22,0,0.0,0,0,no_activation
500,23,168,2,0,2,9,9,0,0.0,0,0,no_activation
500,23,169,5,0,9,25,25,0,0.0,0,0,no_activation
500,23,170,5,0,32,32,32,0,0.0,0,0,no_activation
500,23,171,5,0,32,26,26,0,0.0,0,0,no_activation
500,23,176,5,0,31,22,22,0,0.0,0,0,no_activation
500,23,177,3,0,12,18,18,0,0.0,0,0,no_activation
500,23,181,2,0,8,13,13,0,0.0,0,0,no_activation
500,23,185,3,0,22,19,19,0,0.0,0,0,no_activation
500,23,195,4,0,26,25,25,0,0.0,0,0,no_activation
500,23,196,3,0,4,18,18,0,0.0,0,0,no_activation
500,23,197,5,0,26,23,23,0,0.0,0,0,no_activation
500,23,202,2,0,5,9,9,0,0.0,0,0,no_activation
500,23,204,5,0,25,22,22,0,0.0,0,0,no_activation
500,23,205,7,0,7,48,48,0,0.0,0,0,no_activation
500,23,209,4,0,4,25,25,0,0.0,0,0,no_activation
500,23,219,2,0,5,11,11,0,0.0,0,0,no_activation
500,23,220,3,0,7,19,19,0,0.0,0,0,no_activation
500,23,221,5,0,19,28,28,0,0.0,0,0,no_activation
500,23,224,4,0,2,20,20,0,0.0,0,0,no_activation
500,23,225,4,0,18,19,19,0,0.0,0,0,no_activation
500,23,227,2,0,2,10,10,0,0.0,0,0,no_activation
500,23,228,2,0,3,10,10,0,0.0,0,0,no_activation
500,23,239,2,0,2,10,10,0,0.0,0,0,no_activation
500,23,240,3,0,2,17,17,0,0.0,0,0,no_activation
500,23,242,2,0,2,11,11,0,0.0,0,0,no_activation
500,23,244,4,0,14,16,16,0,0.0,0,0,no_activation
500,23,250,2,0,5,12,12,0,0.0,0,0,no_activation
500,23,258,2,0,5,11,11,0,0.0,0,0,no_activation
500,23,261,5,0,4,32,32,0,0.0,0,0,no_activation
500,23,262,5,0,7,25,25,0,0.0,0,0,no_activation
500,23,263,5,0,10,25,25,0,0.0,0,0,no_activation
500,23,264,5,0,10,25,25,0,0.0,0,0,no_activation
500,23,269,2,0,2,11,11,0,0.0,0,0,no_activation
500,23,271,2,0,4,11,11,0,0.0,0,0,no_activation
500,23,272,5,0,8,28,28,0,0.0,0,0,no_activation
500,23,281,3,0,6,18,18,0,0.0,0,0,no_activation
500,23,282,3,0,4,18,18,0,0.0,0,0,no_activation
500,23,288,5,0,3,28,28,0,0.0,0,0,no_activation
500,23,292,5,0,4,24,24,0,0.0,0,0,no_activation
500,23,299,2,0,3,11,11,0,0.0,0,0,no_activation
500,23,302,4,0,2,26,26,0,0.0,0,0,no_activation
500,23,303,5,0,2,23,23,0,0.0,0,0,no_activation
1000,0,2,3,1,2,4,2,2,2.0,0,1,single_or_few
1000,0,25,2,0,3,10,8,2,2.0,0,1,no_activation
1000,0,29,5,2,50,51,5,46,48.0,1,12,single_or_few
1000,0,36,3,3,43,29,5,24,24.0,0,9,single_or_few
1000,0,37,4,0,3,8,6,2,2.0,0,2,no_activation
1000,0,52,4,1,50,31,3,28,28.0,0,8,single_or_few
1000,0,54,5,3,50,53,6,47,47.0,0,12,single_or_few
1000,0,58,5,3,41,50,5,45,45.0,0,12,single_or_few
1000,0,65,5,1,2,8,6,2,2.0,0,1,single_or_few
1000,0,66,5,0,50,36,6,30,30.0,0,6,no_activation
1000,0,77,5,4,50,46,6,40,40.0,0,11,single_or_few
1000,0,78,4,1,28,36,2,34,34.0,0,10,single_or_few
1000,0,84,2,0,2,10,7,3,3.0,0,1,no_activation
1000,0,85,2,1,2,5,2,3,3.0,0,1,single_or_few
1000,0,93,6,2,50,49,12,37,37.0,0,11,single_or_few
1000,0,94,5,1,8,35,10,25,25.0,0,7,single_or_few
1000,0,95,5,5,50,27,5,22,24.0,1,8,repeated_5plus
1000,0,96,2,1,4,12,4,8,8.0,0,3,single_or_few
1000,0,100,4,0,7,24,2,22,22.0,0,5,no_activation
1000,0,102,2,1,6,9,4,5,6.0,1,1,single_or_few
1000,0,104,2,0,3,9,4,5,5.0,0,2,no_activation
1000,0,105,2,1,2,4,3,1,1.0,1,0,single_or_few
1000,0,106,3,0,2,7,2,5,5.0,0,1,no_activation
1000,0,108,4,0,8,19,4,15,15.0,0,3,no_activation
1000,0,111,2,4,15,26,9,17,17.0,0,6,single_or_few
1000,0,115,5,3,46,28,10,18,18.0,0,4,single_or_few
1000,0,119,2,2,2,6,4,2,2.0,0,1,single_or_few
1000,0,121,2,0,3,9,7,2,2.0,0,1,no_activation
1000,0,125,2,0,3,9,9,0,0.0,0,0,no_activation
1000,0,128,3,2,3,23,10,13,13.0,0,2,single_or_few
1000,0,129,2,2,3,13,8,5,5.0,0,2,single_or_few
1000,0,130,2,1,2,9,7,2,2.0,0,1,single_or_few
1000,0,132,4,1,4,18,7,11,11.0,0,2,single_or_few
1000,0,138,3,0,8,12,10,2,2.0,0,1,no_activation
1000,0,140,5,1,9,37,12,25,25.0,0,4,single_or_few
1000,0,141,4,0,41,15,12,3,3.0,0,1,no_activation
1000,0,142,5,0,41,20,14,6,6.0,0,1,no_activation
1000,0,143,5,0,9,22,12,10,10.0,0,1,no_activation
1000,0,146,5,0,40,21,21,0,0.0,0,0,no_activation
1000,0,149,5,1,39,28,16,12,12.0,0,1,single_or_few
1000,0,153,2,0,4,10,6,4,4.0,0,1,no_activation
1000,0,154,2,0,2,9,9,0,0.0,0,0,no_activation
1000,0,162,4,0,6,24,15,9,9.0,0,1,no_activation
1000,0,163,5,0,35,22,15,7,7.0,0,1,no_activation
1000,0,166,5,0,34,19,16,3,3.0,0,1,no_activation
1000,0,173,2,0,8,9,9,0,0.0,0,0,no_activation
1000,0,175,5,1,31,24,21,3,3.0,0,1,single_or_few
1000,0,177,5,0,30,20,15,5,5.0,0,1,no_activation
1000,0,178,4,0,7,17,17,0,0.0,0,0,no_activation
1000,0,179,4,0,5,15,15,0,0.0,0,0,no_activation
1000,0,180,3,0,29,11,10,1,1.0,0,1,no_activation
1000,0,182,2,0,2,9,9,0,0.0,0,0,no_activation
1000,0,183,2,0,3,9,9,0,0.0,0,0,no_activation
1000,0,185,2,0,2,9,9,0,0.0,0,0,no_activation
1000,0,186,2,0,2,9,9,0,0.0,0,0,no_activation
1000,0,194,5,0,27,21,21,0,0.0,0,0,no_activation
1000,0,195,5,0,27,21,21,0,0.0,0,0,no_activation
1000,0,196,2,0,5,8,8,0,0.0,0,0,no_activation
1000,0,197,2,0,3,8,8,0,0.0,0,0,no_activation
1000,0,205,3,0,17,12,12,0,0.0,0,0,no_activation
1000,0,207,2,0,5,10,10,0,0.0,0,0,no_activation
1000,0,209,3,0,4,18,18,0,0.0,0,0,no_activation
1000,0,211,2,0,3,10,10,0,0.0,0,0,no_activation
1000,0,212,2,0,2,9,8,1,1.0,0,1,no_activation
1000,0,216,5,0,23,30,29,1,1.0,0,1,no_activation
1000,0,223,2,0,7,9,9,0,0.0,0,0,no_activation
1000,0,230,5,0,4,21,21,0,0.0,0,0,no_activation
1000,0,232,2,0,3,10,10,0,0.0,0,0,no_activation
1000,0,233,2,0,7,9,9,0,0.0,0,0,no_activation
1000,0,234,2,0,4,11,11,0,0.0,0,0,no_activation
1000,0,235,2,0,2,11,11,0,0.0,0,0,no_activation
1000,0,241,2,0,3,9,9,0,0.0,0,0,no_activation
1000,0,245,2,0,3,9,9,0,0.0,0,0,no_activation
1000,0,246,5,1,10,23,22,1,1.0,0,1,single_or_few
1000,0,247,5,0,16,31,31,0,0.0,0,0,no_activation
1000,0,248,3,0,5,17,15,2,2.0,0,1,no_activation
1000,0,253,2,0,4,9,9,0,0.0,0,0,no_activation
1000,0,254,2,0,2,9,9,0,0.0,0,0,no_activation
1000,0,260,5,0,14,23,23,0,0.0,0,0,no_activation
1000,0,263,2,0,2,10,10,0,0.0,0,0,no_activation
1000,0,264,2,0,2,10,10,0,0.0,0,0,no_activation
1000,0,267,2,0,3,10,10,0,0.0,0,0,no_activation
1000,0,270,4,0,3,24,24,0,0.0,0,0,no_activation
1000,0,271,5,0,3,22,22,0,0.0,0,0,no_activation
1000,0,275,5,0,6,29,29,0,0.0,0,0,no_activation
1000,0,277,5,0,11,26,26,0,0.0,0,0,no_activation
1000,0,281,5,0,10,21,21,0,0.0,0,0,no_activation
1000,0,284,2,0,4,9,9,0,0.0,0,0,no_activation
1000,0,285,2,0,2,9,9,0,0.0,0,0,no_activation
1000,0,286,2,0,2,10,10,0,0.0,0,0,no_activation
1000,0,288,2,0,5,10,10,0,0.0,0,0,no_activation
1000,0,294,2,0,3,12,12,0,0.0,0,0,no_activation
1000,0,296,2,0,2,10,10,0,0.0,0,0,no_activation
1000,0,304,5,0,8,21,21,0,0.0,0,0,no_activation
1000,0,305,5,0,8,26,26,0,0.0,0,0,no_activation
1000,0,306,5,0,7,25,25,0,0.0,0,0,no_activation
1000,0,307,3,0,7,17,17,0,0.0,0,0,no_activation
1000,0,308,2,0,5,11,11,0,0.0,0,0,no_activation
1000,0,309,2,0,5,9,9,0,0.0,0,0,no_activation
1000,0,310,2,0,2,9,9,0,0.0,0,0,no_activation
1000,0,316,5,0,6,20,20,0,0.0,0,0,no_activation
1000,0,321,5,0,5,21,21,0,0.0,0,0,no_activation
1000,0,322,3,0,3,11,11,0,0.0,0,0,no_activation
1000,0,330,3,0,2,15,15,0,0.0,0,0,no_activation
1000,1,0,3,4,33,38,2,36,36.0,0,12,single_or_few
1000,1,7,5,1,50,38,2,36,36.0,0,11,single_or_few
1000,1,9,2,0,4,5,0,5,5.0,0,2,no_activation
1000,1,23,3,4,33,31,4,27,27.0,0,11,single_or_few
1000,1,27,5,3,50,42,5,37,37.0,0,11,single_or_few
1000,1,31,5,4,50,53,4,49,49.0,0,14,single_or_few
1000,1,39,5,2,50,36,1,35,35.0,0,11,single_or_few
1000,1,42,2,0,3,6,2,4,4.0,0,2,no_activation
1000,1,44,5,4,50,61,4,57,57.0,0,14,single_or_few
1000,1,46,5,4,50,46,6,40,40.0,0,14,single_or_few
1000,1,48,2,2,8,14,2,12,12.0,0,5,single_or_few
1000,1,49,2,0,3,7,1,6,6.0,0,2,no_activation
1000,1,53,5,3,50,43,5,38,38.0,0,12,single_or_few
1000,1,55,2,0,4,8,2,6,6.0,0,3,no_activation
1000,1,57,2,0,4,8,6,2,2.0,0,1,no_activation
1000,1,58,2,1,2,8,3,5,5.0,0,1,single_or_few
1000,1,59,2,0,4,8,6,2,2.0,0,2,no_activation
1000,1,63,3,1,4,13,6,7,7.0,0,3,single_or_few
1000,1,68,5,4,48,28,6,22,22.0,0,8,single_or_few
1000,1,69,5,4,48,31,5,26,28.0,1,6,single_or_few
1000,1,75,4,5,47,23,11,12,14.0,1,7,repeated_5plus
1000,1,76,2,0,2,6,4,2,2.0,0,1,no_activation
1000,1,80,2,0,3,8,3,5,5.0,0,2,no_activation
1000,1,83,2,0,5,9,9,0,0.0,0,0,no_activation
1000,1,85,2,2,12,17,4,13,13.0,0,5,single_or_few
1000,1,101,2,0,3,9,3,6,6.0,0,1,no_activation
1000,1,103,2,0,2,10,3,7,7.0,0,1,no_activation
1000,1,108,5,2,38,23,22,1,1.0,0,1,single_or_few
1000,1,111,2,1,4,9,9,0,0.0,0,0,single_or_few
1000,1,117,4,1,34,27,10,17,17.0,0,2,single_or_few
1000,1,118,5,2,36,32,14,18,18.0,0,2,single_or_few
1000,1,119,2,0,2,9,9,0,0.0,0,0,no_activation
1000,1,120,2,0,3,9,8,1,1.0,0,1,no_activation
1000,1,124,2,0,2,8,7,1,1.0,0,1,no_activation
1000,1,125,2,0,5,9,7,2,2.0,0,1,no_activation
1000,1,130,3,0,2,17,15,2,2.0,0,1,no_activation
1000,1,131,4,1,34,17,12,5,5.0,0,2,single_or_few
1000,1,132,2,0,2,10,10,0,0.0,0,0,no_activation
1000,1,139,5,0,33,16,16,0,0.0,0,0,no_activation
1000,1,141,2,0,2,9,9,0,0.0,0,0,no_activation
1000,1,142,5,1,31,33,9,24,24.0,0,4,single_or_few
1000,1,144,2,0,5,9,6,3,3.0,0,1,no_activation
1000,1,145,2,0,2,9,6,3,3.0,0,1,no_activation
1000,1,149,5,1,29,24,23,1,1.0,0,1,single_or_few
1000,1,150,2,0,2,9,9,0,0.0,0,0,no_activation
1000,1,153,5,1,27,29,14,15,15.0,0,2,single_or_few
1000,1,154,2,0,3,10,10,0,0.0,0,0,no_activation
1000,1,155,2,0,3,9,9,0,0.0,0,0,no_activation
1000,1,157,2,0,8,9,9,0,0.0,0,0,no_activation
1000,1,158,2,0,2,10,10,0,0.0,0,0,no_activation
1000,1,163,2,0,2,9,9,0,0.0,0,0,no_activation
1000,1,166,2,0,7,9,8,1,1.0,0,1,no_activation
1000,1,168,2,0,7,9,9,0,0.0,0,0,no_activation
1000,1,171,2,0,3,10,10,0,0.0,0,0,no_activation
1000,1,172,2,0,10,10,10,0,0.0,0,0,no_activation
1000,1,177,5,0,7,23,23,0,0.0,0,0,no_activation
1000,1,179,5,0,24,20,20,0,0.0,0,0,no_activation
1000,1,180,5,0,24,26,25,1,1.0,0,1,no_activation
1000,1,185,2,0,2,10,10,0,0.0,0,0,no_activation
1000,1,188,5,0,21,21,21,0,0.0,0,0,no_activation
1000,1,190,2,0,3,9,9,0,0.0,0,0,no_activation
1000,1,195,2,0,3,9,9,0,0.0,0,0,no_activation
1000,1,196,2,0,3,10,10,0,0.0,0,0,no_activation
1000,1,198,4,0,3,15,15,0,0.0,0,0,no_activation
1000,1,199,4,0,19,17,17,0,0.0,0,0,no_activation
1000,1,200,3,0,5,16,16,0,0.0,0,0,no_activation
1000,1,201,4,0,19,20,20,0,0.0,0,0,no_activation
1000,1,202,3,1,19,17,14,3,3.0,0,1,single_or_few
1000,1,205,2,0,4,11,11,0,0.0,0,0,no_activation
1000,1,211,2,0,4,9,9,0,0.0,0,0,no_activation
1000,1,219,2,1,2,12,12,0,0.0,0,0,single_or_few
1000,1,226,2,0,3,11,10,1,1.0,0,1,no_activation
1000,1,228,2,0,6,10,10,0,0.0,0,0,no_activation
1000,1,231,2,0,3,10,10,0,0.0,0,0,no_activation
1000,1,234,3,0,11,17,17,0,0.0,0,0,no_activation
1000,1,235,7,0,15,38,38,0,0.0,0,0,no_activation
1000,1,236,4,0,8,24,24,0,0.0,0,0,no_activation
1000,1,244,3,0,5,13,13,0,0.0,0,0,no_activation
1000,1,246,2,0,10,10,10,0,0.0,0,0,no_activation
1000,1,248,2,0,2,10,10,0,0.0,0,0,no_activation
1000,1,251,2,0,4,9,9,0,0.0,0,0,no_activation
1000,1,256,2,0,3,9,9,0,0.0,0,0,no_activation
1000,1,260,2,0,3,9,9,0,0.0,0,0,no_activation
1000,1,262,3,0,8,17,17,0,0.0,0,0,no_activation
1000,1,268,5,0,5,21,21,0,0.0,0,0,no_activation
1000,1,269,5,0,5,25,25,0,0.0,0,0,no_activation
1000,1,270,2,0,5,9,9,0,0.0,0,0,no_activation
1000,1,275,3,0,2,11,11,0,0.0,0,0,no_activation
1000,1,276,2,0,4,9,9,0,0.0,0,0,no_activation
1000,1,279,4,0,3,19,19,0,0.0,0,0,no_activation
1000,2,0,5,4,50,40,4,36,38.0,1,15,single_or_few
1000,2,8,5,5,50,55,3,52,52.0,0,20,repeated_5plus
1000,2,9,5,3,50,48,4,44,44.0,0,14,single_or_few
1000,2,25,4,1,50,33,7,26,26.0,0,12,single_or_few
1000,2,27,5,3,50,38,2,36,36.0,0,14,single_or_few
1000,2,28,4,2,39,43,4,39,39.0,0,13,single_or_few
1000,2,46,2,0,3,4,2,2,2.0,0,1,no_activation
1000,2,50,4,3,17,39,5,34,34.0,0,13,single_or_few
1000,2,54,5,0,2,6,5,1,1.0,0,1,no_activation
1000,2,63,5,6,50,32,4,28,32.0,2,13,repeated_5plus
1000,2,65,2,4,12,14,3,11,13.0,1,7,single_or_few
1000,2,68,2,1,4,7,4,3,3.0,0,3,single_or_few
1000,2,71,5,3,46,31,3,28,28.0,0,11,single_or_few
1000,2,78,2,1,6,15,5,10,10.0,0,3,single_or_few
1000,2,79,2,3,9,14,6,8,10.0,1,4,single_or_few
1000,2,80,2,1,20,9,4,5,5.0,0,1,single_or_few
1000,2,84,2,0,3,9,5,4,4.0,0,2,no_activation
1000,2,86,4,4,42,24,5,19,19.0,0,7,single_or_few
1000,2,87,4,5,39,35,5,30,30.0,0,10,repeated_5plus
1000,2,88,4,0,3,19,8,11,11.0,0,2,no_activation
1000,2,91,2,0,17,11,3,8,8.0,0,2,no_activation
1000,2,93,2,1,3,9,3,6,7.0,1,1,single_or_few
1000,2,110,2,1,4,11,7,4,4.0,0,2,single_or_few
1000,2,111,4,1,35,23,14,9,9.0,0,3,single_or_few
1000,2,115,2,0,3,9,6,3,3.0,0,2,no_activation
1000,2,119,2,0,9,9,6,3,3.0,0,1,no_activation
1000,2,121,2,0,4,10,7,3,3.0,0,1,no_activation
1000,2,123,2,0,2,9,8,1,1.0,0,1,no_activation
1000,2,125,5,1,15,28,19,9,9.0,0,2,single_or_few
1000,2,126,5,1,32,21,14,7,7.0,0,1,single_or_few
1000,2,131,2,0,3,9,7,2,2.0,0,1,no_activation
1000,2,132,2,0,4,9,9,0,0.0,0,0,no_activation
1000,2,133,2,0,2,10,10,0,0.0,0,0,no_activation
1000,2,138,2,0,2,9,8,1,1.0,0,1,no_activation
1000,2,139,5,1,29,22,19,3,5.0,1,2,single_or_few
1000,2,140,3,0,4,10,10,0,0.0,0,0,no_activation
1000,2,142,2,0,5,10,10,0,0.0,0,0,no_activation
1000,2,146,2,0,4,10,7,3,3.0,0,1,no_activation
1000,2,150,4,0,27,23,15,8,8.0,0,1,no_activation
1000,2,152,2,1,2,12,9,3,3.0,0,1,single_or_few
1000,2,154,2,0,2,10,10,0,0.0,0,0,no_activation
1000,2,155,2,0,2,9,9,0,0.0,0,0,no_activation
1000,2,157,2,0,7,9,9,0,0.0,0,0,no_activation
1000,2,158,5,1,24,33,20,13,13.0,0,2,single_or_few
1000,2,160,5,1,24,20,17,3,3.0,0,1,single_or_few
1000,2,162,2,0,2,9,9,0,0.0,0,0,no_activation
1000,2,167,3,0,5,18,13,5,5.0,0,1,no_activation
1000,2,172,2,0,2,8,8,0,0.0,0,0,no_activation
1000,2,176,2,0,2,10,6,4,4.0,0,1,no_activation
1000,2,177,2,0,3,11,6,5,5.0,0,1,no_activation
1000,2,178,2,0,2,9,9,0,0.0,0,0,no_activation
1000,2,184,5,0,7,18,15,3,3.0,0,1,no_activation
1000,2,188,3,0,2,19,14,5,5.0,0,1,no_activation
1000,2,189,5,0,4,25,23,2,2.0,0,1,no_activation
1000,2,190,3,0,3,18,18,0,0.0,0,0,no_activation
1000,2,195,5,0,16,23,23,0,0.0,0,0,no_activation
1000,2,196,5,1,16,22,21,1,1.0,0,1,single_or_few
1000,2,197,4,0,13,19,19,0,0.0,0,0,no_activation
1000,2,199,2,0,8,9,5,4,4.0,0,1,no_activation
1000,2,201,2,0,2,12,10,2,2.0,0,1,no_activation
1000,2,203,2,0,2,9,9,0,0.0,0,0,no_activation
1000,2,205,2,0,4,9,9,0,0.0,0,0,no_activation
1000,2,214,2,0,3,11,11,0,0.0,0,0,no_activation
1000,2,218,2,0,2,9,9,0,0.0,0,0,no_activation
1000,2,219,2,0,6,10,10,0,0.0,0,0,no_activation
1000,2,220,2,0,2,9,9,0,0.0,0,0,no_activation
1000,2,225,5,0,6,23,23,0,0.0,0,0,no_activation
1000,2,227,2,0,3,9,9,0,0.0,0,0,no_activation
1000,2,231,2,0,2,9,9,0,0.0,0,0,no_activation
1000,2,232,2,0,4,12,10,2,2.0,0,1,no_activation
1000,2,234,5,0,4,30,19,11,11.0,0,1,no_activation
1000,2,235,2,0,4,9,9,0,0.0,0,0,no_activation
1000,2,238,2,0,4,10,10,0,0.0,0,0,no_activation
1000,2,239,2,0,2,9,9,0,0.0,0,0,no_activation
1000,2,244,2,0,3,9,9,0,0.0,0,0,no_activation
1000,3,0,5,3,50,44,2,42,42.0,0,14,single_or_few
1000,3,8,4,3,34,33,7,26,28.0,1,11,single_or_few
1000,3,9,3,1,15,20,3,17,17.0,0,7,single_or_few
1000,3,12,5,6,35,62,3,59,59.0,0,19,repeated_5plus
1000,3,16,2,0,3,7,0,7,7.0,0,2,no_activation
1000,3,26,3,2,6,16,6,10,12.0,1,4,single_or_few
1000,3,29,5,1,50,40,8,32,32.0,0,9,single_or_few
1000,3,30,5,1,13,35,5,30,30.0,0,12,single_or_few
1000,3,31,5,6,50,46,5,41,41.0,0,16,repeated_5plus
1000,3,43,3,0,2,4,2,2,2.0,0,1,no_activation
1000,3,51,2,0,2,5,3,2,2.0,0,1,no_activation
1000,3,52,2,0,2,4,1,3,3.0,0,1,no_activation
1000,3,56,3,1,48,22,0,22,22.0,0,9,single_or_few
1000,3,58,5,2,50,38,0,38,38.0,0,11,single_or_few
1000,3,59,2,0,2,5,3,2,2.0,0,1,no_activation
1000,3,60,2,0,3,6,1,5,5.0,0,2,no_activation
1000,3,63,2,0,2,4,2,2,2.0,0,1,no_activation
1000,3,65,2,0,5,7,6,1,1.0,0,1,no_activation
1000,3,71,4,4,18,34,6,28,30.0,1,9,single_or_few
1000,3,73,2,0,4,7,3,4,4.0,0,2,no_activation
1000,3,74,5,3,8,25,5,20,21.0,1,5,single_or_few
1000,3,75,5,5,47,42,7,35,35.0,0,13,repeated_5plus
1000,3,78,2,1,6,10,4,6,6.0,0,4,single_or_few
1000,3,79,2,0,2,9,5,4,4.0,0,1,no_activation
1000,3,81,2,0,3,9,6,3,3.0,0,1,no_activation
1000,3,87,4,5,44,25,7,18,22.0,1,5,repeated_5plus
1000,3,90,2,2,4,11,5,6,6.0,0,2,single_or_few
1000,3,92,2,1,20,17,10,7,7.0,0,2,single_or_few
1000,3,97,5,2,41,27,14,13,13.0,0,3,single_or_few
1000,3,99,4,2,5,28,6,22,22.0,0,4,single_or_few
1000,3,100,5,3,37,34,6,28,28.0,0,6,single_or_few
1000,3,103,2,1,8,15,4,11,11.0,0,4,single_or_few
1000,3,104,2,0,11,9,9,0,0.0,0,0,no_activation
1000,3,106,4,1,36,18,11,7,7.0,0,2,single_or_few
1000,3,113,2,1,2,10,10,0,0.0,0,0,single_or_few
1000,3,116,2,1,4,10,9,1,1.0,0,1,single_or_few
1000,3,119,2,0,13,9,5,4,4.0,0,1,no_activation
1000,3,127,2,0,3,10,4,6,6.0,0,1,no_activation
1000,3,130,2,0,2,10,8,2,2.0,0,1,no_activation
1000,3,134,2,0,5,9,9,0,0.0,0,0,no_activation
1000,3,135,2,0,3,10,8,2,2.0,0,1,no_activation
1000,3,136,2,0,3,9,7,2,2.0,0,1,no_activation
1000,3,137,2,0,8,9,9,0,0.0,0,0,no_activation
1000,3,139,2,0,5,11,11,0,0.0,0,0,no_activation
1000,3,140,2,0,2,10,10,0,0.0,0,0,no_activation
1000,3,143,2,0,9,9,6,3,3.0,0,1,no_activation
1000,3,144,2,0,3,9,9,0,0.0,0,0,no_activation
1000,3,145,2,0,2,9,3,6,6.0,0,1,no_activation
1000,3,147,3,0,5,11,11,0,0.0,0,0,no_activation
1000,3,148,2,0,2,12,12,0,0.0,0,0,no_activation
1000,3,151,2,0,4,11,11,0,0.0,0,0,no_activation
1000,3,158,5,1,21,22,14,8,8.0,0,2,single_or_few
1000,3,159,5,0,21,24,24,0,0.0,0,0,no_activation
1000,3,163,4,0,2,16,8,8,8.0,0,1,no_activation
1000,3,164,5,0,19,32,15,17,17.0,0,1,no_activation
1000,3,166,5,1,19,29,25,4,4.0,0,1,single_or_few
1000,3,167,2,0,2,10,10,0,0.0,0,0,no_activation
1000,3,170,2,0,8,9,4,5,5.0,0,1,no_activation
1000,3,172,2,0,6,8,8,0,0.0,0,0,no_activation
1000,3,175,4,1,2,29,15,14,14.0,0,1,single_or_few
1000,3,176,2,0,3,9,9,0,0.0,0,0,no_activation
1000,3,180,3,0,6,18,8,10,10.0,0,1,no_activation
1000,3,182,2,0,3,11,6,5,5.0,0,1,no_activation
1000,3,184,2,0,2,11,11,0,0.0,0,0,no_activation
1000,3,191,2,0,2,9,9,0,0.0,0,0,no_activation
1000,3,194,2,0,2,9,9,0,0.0,0,0,no_activation
1000,3,199,2,0,3,9,9,0,0.0,0,0,no_activation
1000,3,200,4,0,12,25,25,0,0.0,0,0,no_activation
1000,3,201,2,0,2,9,8,1,1.0,0,1,no_activation
1000,3,203,5,0,11,21,21,0,0.0,0,0,no_activation
1000,3,204,2,0,2,10,10,0,0.0,0,0,no_activation
1000,3,209,2,0,6,9,9,0,0.0,0,0,no_activation
1000,3,213,3,0,2,16,16,0,0.0,0,0,no_activation
1000,3,216,4,0,9,20,18,2,2.0,0,1,no_activation
1000,3,217,3,0,8,18,18,0,0.0,0,0,no_activation
1000,3,218,2,0,3,11,11,0,0.0,0,0,no_activation
1000,3,220,2,0,3,10,10,0,0.0,0,0,no_activation
1000,3,221,2,0,4,9,9,0,0.0,0,0,no_activation
1000,3,223,4,0,6,25,25,0,0.0,0,0,no_activation
1000,3,224,2,0,3,10,10,0,0.0,0,0,no_activation
1000,3,227,2,0,2,9,9,0,0.0,0,0,no_activation
1000,3,229,2,0,2,12,12,0,0.0,0,0,no_activation
1000,3,232,2,0,7,11,11,0,0.0,0,0,no_activation
1000,3,234,2,0,3,10,10,0,0.0,0,0,no_activation
1000,3,246,5,0,5,21,21,0,0.0,0,0,no_activation
1000,3,250,2,0,2,10,10,0,0.0,0,0,no_activation
1000,3,252,5,0,4,20,20,0,0.0,0,0,no_activation
1000,3,256,5,0,3,22,22,0,0.0,0,0,no_activation
1000,3,258,4,0,2,20,20,0,0.0,0,0,no_activation
1000,4,0,4,0,8,16,5,11,11.0,0,5,no_activation
1000,4,8,6,3,50,54,5,49,49.0,0,18,single_or_few
1000,4,9,4,2,19,30,3,27,27.0,0,12,single_or_few
1000,4,22,3,3,50,42,3,39,39.0,0,17,single_or_few
1000,4,25,5,3,50,44,3,41,41.0,0,16,single_or_few
1000,4,28,5,2,50,39,6,33,33.0,0,12,single_or_few
1000,4,29,6,0,47,37,5,32,32.0,0,12,no_activation
1000,4,31,5,5,50,44,3,41,41.0,0,17,repeated_5plus
1000,4,32,3,0,3,4,2,2,2.0,0,1,no_activation
1000,4,60,5,1,7,17,3,14,14.0,0,6,single_or_few
1000,4,73,4,3,50,37,4,33,33.0,0,14,single_or_few
1000,4,97,5,6,50,57,4,53,53.0,0,17,repeated_5plus
1000,4,98,5,1,47,26,3,23,23.0,0,9,single_or_few
1000,4,106,5,4,46,32,5,27,27.0,0,9,single_or_few
1000,4,107,2,0,3,10,7,3,3.0,0,1,no_activation
1000,4,109,5,3,42,24,7,17,21.0,1,4,single_or_few
1000,4,112,2,0,3,8,3,5,5.0,0,1,no_activation
1000,4,113,2,1,6,13,4,9,9.0,0,3,single_or_few
1000,4,114,2,0,3,9,8,1,1.0,0,1,no_activation
1000,4,116,2,0,3,9,4,5,5.0,0,2,no_activation
1000,4,117,3,1,3,16,6,10,10.0,0,2,single_or_few
1000,4,119,2,0,5,10,8,2,2.0,0,1,no_activation
1000,4,120,4,2,7,28,12,16,16.0,0,3,single_or_few
1000,4,125,2,0,4,9,3,6,6.0,0,2,no_activation
1000,4,128,2,0,7,11,5,6,6.0,0,3,no_activation
1000,4,129,2,0,3,10,6,4,4.0,0,1,no_activation
1000,4,134,5,1,37,32,9,23,23.0,0,5,single_or_few
1000,4,135,2,1,5,11,4,7,7.0,0,3,single_or_few
1000,4,137,3,0,2,16,12,4,4.0,0,1,no_activation
1000,4,138,5,0,2,18,11,7,7.0,0,1,no_activation
1000,4,139,2,0,2,7,6,1,1.0,0,1,no_activation
1000,4,141,2,1,5,9,9,0,0.0,0,0,single_or_few
1000,4,144,2,0,3,12,2,10,10.0,0,2,no_activation
1000,4,151,2,1,3,10,9,1,1.0,0,1,single_or_few
1000,4,153,5,0,6,16,15,1,1.0,0,1,no_activation
1000,4,155,2,0,5,9,8,1,1.0,0,1,no_activation
1000,4,156,2,1,17,15,8,7,7.0,0,3,single_or_few
1000,4,157,2,0,3,9,6,3,3.0,0,1,no_activation
1000,4,166,5,0,31,23,11,12,12.0,0,1,no_activation
1000,4,167,3,0,2,17,7,10,10.0,0,1,no_activation
1000,4,168,4,0,16,14,14,0,0.0,0,0,no_activation
1000,4,169,2,0,2,10,3,7,7.0,0,1,no_activation
1000,4,170,5,1,29,23,12,11,13.0,1,2,single_or_few
1000,4,171,3,0,29,18,12,6,6.0,0,1,no_activation
1000,4,172,3,0,2,18,8,10,10.0,0,1,no_activation
1000,4,173,2,0,2,9,6,3,3.0,0,1,no_activation
1000,4,174,2,0,9,9,9,0,0.0,0,0,no_activation
1000,4,176,2,0,3,9,9,0,0.0,0,0,no_activation
1000,4,179,2,0,3,10,7,3,3.0,0,1,no_activation
1000,4,180,2,1,5,10,7,3,3.0,0,1,single_or_few
1000,4,183,3,0,2,13,13,0,0.0,0,0,no_activation
1000,4,184,4,1,27,27,19,8,8.0,0,2,single_or_few
1000,4,186,4,0,26,25,25,0,0.0,0,0,no_activation
1000,4,187,4,2,24,26,19,7,7.0,0,2,single_or_few
1000,4,197,4,0,11,16,16,0,0.0,0,0,no_activation
1000,4,199,2,0,2,10,10,0,0.0,0,0,no_activation
1000,4,201,3,1,11,18,14,4,4.0,0,1,single_or_few
1000,4,202,5,0,8,25,19,6,6.0,0,1,no_activation
1000,4,204,3,0,6,17,16,1,1.0,0,1,no_activation
1000,4,212,2,0,5,10,10,0,0.0,0,0,no_activation
1000,4,220,2,0,2,9,9,0,0.0,0,0,no_activation
1000,4,221,2,0,3,9,9,0,0.0,0,0,no_activation
1000,4,223,5,1,14,25,24,1,1.0,0,1,single_or_few
1000,4,225,3,0,13,18,16,2,2.0,0,1,no_activation
1000,4,226,2,0,5,10,10,0,0.0,0,0,no_activation
1000,4,228,3,0,2,14,14,0,0.0,0,0,no_activation
1000,4,230,4,0,11,24,24,0,0.0,0,0,no_activation
1000,4,234,2,0,2,9,9,0,0.0,0,0,no_activation
1000,4,237,4,0,9,17,12,5,5.0,0,1,no_activation
1000,4,238,5,0,9,22,22,0,0.0,0,0,no_activation
1000,4,239,5,0,5,22,22,0,0.0,0,0,no_activation
1000,4,242,4,0,6,24,24,0,0.0,0,0,no_activation
1000,4,247,2,0,6,9,9,0,0.0,0,0,no_activation
1000,4,250,4,0,5,19,17,2,2.0,0,1,no_activation
1000,4,251,3,0,4,17,13,4,4.0,0,1,no_activation
1000,4,254,2,0,2,10,7,3,3.0,0,1,no_activation
1000,4,256,2,0,4,10,10,0,0.0,0,0,no_activation
1000,4,260,2,0,2,9,9,0,0.0,0,0,no_activation
1000,4,261,2,0,3,12,12,0,0.0,0,0,no_activation
1000,4,263,5,0,3,22,22,0,0.0,0,0,no_activation
1000,4,264,5,0,2,21,21,0,0.0,0,0,no_activation
1000,4,265,2,0,2,11,11,0,0.0,0,0,no_activation
1000,4,266,2,0,2,9,9,0,0.0,0,0,no_activation
1000,5,3,3,1,35,26,2,24,24.0,0,9,single_or_few
1000,5,11,4,5,50,44,2,42,42.0,0,13,repeated_5plus
1000,5,13,4,3,50,32,1,31,31.0,0,9,single_or_few
1000,5,20,4,0,50,26,4,22,22.0,0,6,no_activation
1000,5,30,3,2,50,29,2,27,27.0,0,9,single_or_few
1000,5,47,5,2,50,37,2,35,35.0,0,9,single_or_few
1000,5,48,5,1,50,38,4,34,34.0,0,8,single_or_few
1000,5,49,4,4,50,46,6,40,44.0,2,10,single_or_few
1000,5,51,3,1,9,22,2,20,20.0,0,8,single_or_few
1000,5,54,5,1,50,40,5,35,35.0,0,8,single_or_few
1000,5,55,4,1,50,35,5,30,30.0,0,9,single_or_few
1000,5,69,5,4,50,48,3,45,45.0,0,13,single_or_few
1000,5,73,5,3,35,39,5,34,34.0,0,11,single_or_few
1000,5,74,2,0,3,4,3,1,1.0,0,1,no_activation
1000,5,77,2,0,12,12,3,9,9.0,0,5,no_activation
1000,5,78,5,2,50,40,7,33,33.0,0,10,single_or_few
1000,5,83,2,1,6,13,4,9,9.0,0,5,single_or_few
1000,5,84,2,0,6,11,6,5,5.0,0,2,no_activation
1000,5,89,2,1,2,7,4,3,3.0,0,1,single_or_few
1000,5,91,2,0,3,10,7,3,3.0,0,2,no_activation
1000,5,92,5,8,47,37,6,31,31.0,0,7,repeated_5plus
1000,5,99,2,1,3,10,4,6,6.0,0,2,single_or_few
1000,5,100,5,4,23,29,8,21,21.0,0,6,single_or_few
1000,5,101,5,1,6,25,13,12,12.0,0,2,single_or_few
1000,5,102,2,0,3,11,2,9,9.0,0,2,no_activation
1000,5,104,2,1,2,9,5,4,4.0,0,1,single_or_few
1000,5,106,2,0,2,9,8,1,1.0,0,1,no_activation
1000,5,116,2,0,3,10,5,5,5.0,0,2,no_activation
1000,5,121,2,0,2,9,9,0,0.0,0,0,no_activation
1000,5,123,2,1,5,10,6,4,4.0,0,2,single_or_few
1000,5,131,3,0,10,17,8,9,9.0,0,1,no_activation
1000,5,136,2,0,2,9,6,3,3.0,0,1,no_activation
1000,5,137,2,0,6,9,9,0,0.0,0,0,no_activation
1000,5,139,2,0,5,10,6,4,4.0,0,1,no_activation
1000,5,140,2,0,2,9,9,0,0.0,0,0,no_activation
1000,5,145,5,2,37,23,13,10,10.0,0,3,single_or_few
1000,5,147,2,0,2,8,2,6,6.0,0,1,no_activation
1000,5,148,2,0,4,11,9,2,2.0,0,1,no_activation
1000,5,152,2,0,2,10,10,0,0.0,0,0,no_activation
1000,5,153,2,0,6,10,1,9,9.0,0,1,no_activation
1000,5,156,2,0,3,9,6,3,3.0,0,1,no_activation
1000,5,157,4,0,12,18,13,5,5.0,0,1,no_activation
1000,5,158,2,0,2,9,5,4,4.0,0,1,no_activation
1000,5,166,5,0,32,20,18,2,2.0,0,1,no_activation
1000,5,170,4,0,27,19,14,5,5.0,0,1,no_activation
1000,5,172,2,0,3,11,11,0,0.0,0,0,no_activation
1000,5,178,2,0,2,9,9,0,0.0,0,0,no_activation
1000,5,186,5,1,23,22,20,2,2.0,0,1,single_or_few
1000,5,187,3,0,9,11,11,0,0.0,0,0,no_activation
1000,5,188,5,0,27,21,9,12,12.0,0,1,no_activation
1000,5,190,2,0,3,9,9,0,0.0,0,0,no_activation
1000,5,195,2,0,6,9,9,0,0.0,0,0,no_activation
1000,5,197,2,0,6,9,9,0,0.0,0,0,no_activation
1000,5,198,2,0,2,9,9,0,0.0,0,0,no_activation
1000,5,203,3,0,4,17,17,0,0.0,0,0,no_activation
1000,5,206,5,0,3,21,21,0,0.0,0,0,no_activation
1000,5,207,3,0,5,11,11,0,0.0,0,0,no_activation
1000,5,208,4,0,23,16,16,0,0.0,0,0,no_activation
1000,5,211,4,0,21,25,23,2,2.0,0,1,no_activation
1000,5,215,2,0,2,11,11,0,0.0,0,0,no_activation
1000,5,224,2,0,2,10,10,0,0.0,0,0,no_activation
1000,5,225,2,0,2,9,9,0,0.0,0,0,no_activation
1000,5,226,2,0,3,10,10,0,0.0,0,0,no_activation
1000,5,230,5,0,15,20,20,0,0.0,0,0,no_activation
1000,5,232,5,0,14,23,23,0,0.0,0,0,no_activation
1000,5,237,2,0,7,10,10,0,0.0,0,0,no_activation
1000,5,240,5,0,13,22,22,0,0.0,0,0,no_activation
1000,5,244,2,0,2,9,9,0,0.0,0,0,no_activation
1000,5,245,2,0,7,9,9,0,0.0,0,0,no_activation
1000,5,247,5,0,10,21,21,0,0.0,0,0,no_activation
1000,5,248,5,0,10,21,21,0,0.0,0,0,no_activation
1000,5,249,2,0,2,8,8,0,0.0,0,0,no_activation
1000,5,251,2,0,3,9,9,0,0.0,0,0,no_activation
1000,5,252,2,0,3,10,10,0,0.0,0,0,no_activation
1000,5,255,2,0,2,10,10,0,0.0,0,0,no_activation
1000,5,256,5,0,9,21,21,0,0.0,0,0,no_activation
1000,5,259,5,0,4,21,21,0,0.0,0,0,no_activation
1000,5,262,5,0,8,25,25,0,0.0,0,0,no_activation
1000,5,265,4,0,7,16,16,0,0.0,0,0,no_activation
1000,5,266,5,0,7,22,22,0,0.0,0,0,no_activation
1000,5,270,4,0,5,16,16,0,0.0,0,0,no_activation
1000,5,273,5,0,4,21,21,0,0.0,0,0,no_activation
1000,5,274,2,0,4,10,10,0,0.0,0,0,no_activation
1000,5,276,2,0,2,9,9,0,0.0,0,0,no_activation
1000,5,277,2,0,4,11,11,0,0.0,0,0,no_activation
1000,5,278,2,0,4,10,10,0,0.0,0,0,no_activation
1000,5,279,2,0,2,10,10,0,0.0,0,0,no_activation
1000,5,283,2,0,4,11,11,0,0.0,0,0,no_activation
1000,5,284,4,0,3,24,24,0,0.0,0,0,no_activation
1000,5,285,3,0,2,12,12,0,0.0,0,0,no_activation
1000,5,287,2,0,2,9,9,0,0.0,0,0,no_activation
1000,5,288,2,0,2,11,11,0,0.0,0,0,no_activation
1000,5,289,5,0,2,24,24,0,0.0,0,0,no_activation
1000,5,291,2,0,2,10,10,0,0.0,0,0,no_activation
1000,5,292,2,0,2,9,9,0,0.0,0,0,no_activation
1000,5,293,2,0,2,9,9,0,0.0,0,0,no_activation
1000,5,294,2,0,2,11,11,0,0.0,0,0,no_activation
1000,6,3,3,1,36,21,3,18,18.0,0,5,single_or_few
1000,6,10,5,3,50,44,4,40,42.0,1,9,single_or_few
1000,6,11,4,1,32,26,3,23,23.0,0,8,single_or_few
1000,6,13,5,2,50,46,5,41,41.0,0,12,single_or_few
1000,6,14,3,0,15,20,5,15,15.0,0,6,no_activation
1000,6,16,5,4,24,44,5,39,41.0,1,14,single_or_few
1000,6,17,2,0,19,12,3,9,9.0,0,5,no_activation
1000,6,18,2,0,11,13,3,10,10.0,0,3,no_activation
1000,6,22,4,1,50,33,4,29,29.0,0,10,single_or_few
1000,6,23,4,1,41,32,6,26,26.0,0,9,single_or_few
1000,6,31,5,0,50,36,6,30,30.0,0,8,no_activation
1000,6,35,5,1,50,36,10,26,28.0,1,9,single_or_few
1000,6,38,3,0,5,16,8,8,8.0,0,4,no_activation
1000,6,44,5,6,50,47,5,42,42.0,0,15,repeated_5plus
1000,6,53,4,3,50,36,3,33,33.0,0,10,single_or_few
1000,6,54,9,4,50,74,10,64,66.0,1,16,single_or_few
1000,6,55,4,0,4,17,7,10,10.0,0,3,no_activation
1000,6,59,2,0,2,7,2,5,5.0,0,1,no_activation
1000,6,65,5,0,17,34,2,32,32.0,0,8,no_activation
1000,6,66,4,1,50,28,6,22,22.0,0,6,single_or_few
1000,6,67,5,4,50,36,10,26,28.0,1,7,single_or_few
1000,6,70,2,1,6,14,5,9,9.0,0,4,single_or_few
1000,6,78,3,0,5,11,7,4,4.0,0,1,no_activation
1000,6,79,2,0,2,10,8,2,2.0,0,1,no_activation
1000,6,82,4,2,5,26,9,17,17.0,0,4,single_or_few
1000,6,83,5,2,45,32,11,21,21.0,0,6,single_or_few
1000,6,89,3,0,4,18,8,10,10.0,0,2,no_activation
1000,6,90,3,0,5,14,9,5,5.0,0,2,no_activation
1000,6,91,5,0,43,21,10,11,11.0,0,2,no_activation
1000,6,92,4,0,9,17,13,4,4.0,0,1,no_activation
1000,6,100,2,1,2,10,8,2,2.0,0,1,single_or_few
1000,6,106,5,1,40,22,16,6,6.0,0,1,single_or_few
1000,6,109,5,0,39,24,16,8,8.0,0,1,no_activation
1000,6,111,2,0,2,9,7,2,2.0,0,1,no_activation
1000,6,112,2,0,2,5,3,2,2.0,0,1,no_activation
1000,6,114,2,0,3,9,8,1,1.0,0,1,no_activation
1000,6,115,5,0,37,21,9,12,12.0,0,2,no_activation
1000,6,119,2,0,11,9,9,0,0.0,0,0,no_activation
1000,6,124,2,0,4,11,9,2,2.0,0,1,no_activation
1000,6,129,2,0,2,9,5,4,4.0,0,1,no_activation
1000,6,131,5,0,6,22,22,0,0.0,0,0,no_activation
1000,6,132,4,0,7,26,7,19,19.0,0,2,no_activation
1000,6,136,4,0,32,18,11,7,7.0,0,1,no_activation
1000,6,140,2,0,3,11,11,0,0.0,0,0,no_activation
1000,6,143,4,0,31,19,12,7,7.0,0,1,no_activation
1000,6,155,5,0,27,27,25,2,2.0,0,1,no_activation
1000,6,158,2,0,10,10,10,0,0.0,0,0,no_activation
1000,6,160,5,2,26,23,19,4,4.0,0,2,single_or_few
1000,6,163,2,0,2,9,9,0,0.0,0,0,no_activation
1000,6,169,3,0,8,13,13,0,0.0,0,0,no_activation
1000,6,170,4,0,11,17,17,0,0.0,0,0,no_activation
1000,6,173,2,0,3,10,10,0,0.0,0,0,no_activation
1000,6,177,2,0,2,12,9,3,3.0,0,1,no_activation
1000,6,178,2,0,2,10,10,0,0.0,0,0,no_activation
1000,6,179,2,0,6,11,11,0,0.0,0,0,no_activation
1000,6,180,2,0,4,12,12,0,0.0,0,0,no_activation
1000,6,182,2,0,2,12,6,6,6.0,0,1,no_activation
1000,6,185,2,0,4,9,8,1,1.0,0,1,no_activation
1000,6,188,5,0,21,21,21,0,0.0,0,0,no_activation
1000,6,189,2,0,3,9,9,0,0.0,0,0,no_activation
1000,6,194,4,0,19,16,16,0,0.0,0,0,no_activation
1000,6,195,5,0,19,21,20,1,1.0,0,1,no_activation
1000,6,197,2,0,2,10,10,0,0.0,0,0,no_activation
1000,6,198,2,0,3,12,11,1,1.0,0,1,no_activation
1000,6,199,3,0,16,19,18,1,1.0,0,1,no_activation
1000,6,201,3,0,16,17,17,0,0.0,0,0,no_activation
1000,6,202,2,0,8,9,9,0,0.0,0,0,no_activation
1000,6,211,4,0,8,20,20,0,0.0,0,0,no_activation
1000,6,214,2,0,2,9,9,0,0.0,0,0,no_activation
1000,6,217,2,0,5,9,9,0,0.0,0,0,no_activation
1000,6,218,2,0,2,9,9,0,0.0,0,0,no_activation
1000,6,221,2,0,4,10,10,0,0.0,0,0,no_activation
1000,6,224,2,0,11,10,10,0,0.0,0,0,no_activation
1000,6,225,2,0,3,10,10,0,0.0,0,0,no_activation
1000,6,226,4,0,12,18,18,0,0.0,0,0,no_activation
1000,6,227,2,0,3,9,9,0,0.0,0,0,no_activation
1000,6,231,2,0,4,9,9,0,0.0,0,0,no_activation
1000,6,233,2,0,4,10,6,4,4.0,0,1,no_activation
1000,6,235,2,0,6,9,9,0,0.0,0,0,no_activation
1000,6,239,5,0,11,21,21,0,0.0,0,0,no_activation
1000,6,240,5,0,11,22,22,0,0.0,0,0,no_activation
1000,6,241,2,0,4,10,9,1,1.0,0,1,no_activation
1000,6,242,2,0,2,11,11,0,0.0,0,0,no_activation
1000,6,245,4,0,6,16,16,0,0.0,0,0,no_activation
1000,6,247,5,0,9,22,22,0,0.0,0,0,no_activation
1000,6,248,3,0,9,18,18,0,0.0,0,0,no_activation
1000,6,250,2,0,2,12,12,0,0.0,0,0,no_activation
1000,6,251,2,0,2,12,12,0,0.0,0,0,no_activation
1000,6,253,2,0,8,10,10,0,0.0,0,0,no_activation
1000,6,256,5,0,8,21,21,0,0.0,0,0,no_activation
1000,6,257,2,0,7,10,10,0,0.0,0,0,no_activation
1000,6,259,2,0,2,9,9,0,0.0,0,0,no_activation
1000,6,260,2,0,4,10,10,0,0.0,0,0,no_activation
1000,6,263,4,0,6,17,17,0,0.0,0,0,no_activation
1000,6,264,5,0,2,21,21,0,0.0,0,0,no_activation
1000,6,265,5,0,5,21,21,0,0.0,0,0,no_activation
1000,6,272,5,0,4,20,20,0,0.0,0,0,no_activation
1000,6,273,2,0,4,8,8,0,0.0,0,0,no_activation
1000,6,274,2,0,2,11,11,0,0.0,0,0,no_activation
1000,6,276,2,0,4,9,9,0,0.0,0,0,no_activation
1000,6,277,5,0,3,20,20,0,0.0,0,0,no_activation
1000,7,0,5,3,50,36,4,32,32.0,0,10,single_or_few
1000,7,8,4,1,50,31,1,30,32.0,1,7,single_or_few
1000,7,9,4,1,29,29,3,26,26.0,0,8,single_or_few
1000,7,12,2,0,3,6,1,5,5.0,0,1,no_activation
1000,7,17,5,2,50,43,1,42,42.0,0,11,single_or_few
1000,7,18,3,2,8,24,4,20,20.0,0,7,single_or_few
1000,7,21,2,1,4,8,2,6,6.0,0,2,single_or_few
1000,7,33,5,4,50,43,6,37,39.0,1,12,single_or_few
1000,7,37,2,0,21,12,2,10,10.0,0,3,no_activation
1000,7,42,5,3,50,52,6,46,48.0,1,12,single_or_few
1000,7,62,2,0,4,8,3,5,5.0,0,2,no_activation
1000,7,64,2,0,2,4,1,3,3.0,0,1,no_activation
1000,7,66,2,0,4,9,2,7,7.0,0,3,no_activation
1000,7,72,3,0,23,20,3,17,17.0,0,5,no_activation
1000,7,73,2,0,6,9,2,7,7.0,0,3,no_activation
1000,7,74,2,0,28,11,2,9,9.0,0,3,no_activation
1000,7,77,3,0,5,14,4,10,10.0,0,4,no_activation
1000,7,78,5,4,50,40,7,33,35.0,1,9,single_or_few
1000,7,82,2,0,4,7,2,5,5.0,0,2,no_activation
1000,7,83,2,0,2,5,3,2,2.0,0,1,no_activation
1000,7,85,2,0,2,5,2,3,3.0,0,1,no_activation
1000,7,88,3,2,49,14,5,9,11.0,1,5,single_or_few
1000,7,89,5,1,49,25,4,21,21.0,0,5,single_or_few
1000,7,90,5,1,49,27,11,16,16.0,0,4,single_or_few
1000,7,91,3,1,15,24,4,20,20.0,0,7,single_or_few
1000,7,92,5,1,48,35,8,27,27.0,0,7,single_or_few
1000,7,93,4,1,47,27,10,17,17.0,0,5,single_or_few
1000,7,94,4,2,47,26,6,20,20.0,0,6,single_or_few
1000,7,97,2,1,3,8,8,0,0.0,0,0,single_or_few
1000,7,98,3,1,45,16,8,8,8.0,0,3,single_or_few
1000,7,102,2,0,7,9,4,5,5.0,0,3,no_activation
1000,7,104,4,0,3,20,10,10,10.0,0,2,no_activation
1000,7,107,2,0,3,11,4,7,7.0,0,2,no_activation
1000,7,110,2,1,5,13,4,9,11.0,1,3,single_or_few
1000,7,112,5,2,43,36,11,25,25.0,0,3,single_or_few
1000,7,115,2,0,2,8,4,4,4.0,0,1,no_activation
1000,7,120,2,0,3,9,8,1,1.0,0,1,no_activation
1000,7,121,2,0,3,9,5,4,4.0,0,1,no_activation
1000,7,123,2,0,5,9,6,3,3.0,0,1,no_activation
1000,7,127,2,0,7,9,6,3,3.0,0,1,no_activation
1000,7,128,2,0,7,9,7,2,2.0,0,1,no_activation
1000,7,129,3,0,3,15,9,6,6.0,0,2,no_activation
1000,7,130,2,0,3,10,5,5,5.0,0,1,no_activation
1000,7,131,2,0,2,6,4,2,2.0,0,1,no_activation
1000,7,134,2,0,3,9,6,3,3.0,0,1,no_activation
1000,7,137,5,0,40,21,6,15,15.0,0,2,no_activation
1000,7,138,5,0,4,19,15,4,4.0,0,1,no_activation
1000,7,139,3,0,2,14,5,9,9.0,0,1,no_activation
1000,7,140,4,2,7,16,16,0,0.0,0,0,single_or_few
1000,7,142,2,0,2,9,9,0,0.0,0,0,no_activation
1000,7,143,2,0,2,10,10,0,0.0,0,0,no_activation
1000,7,144,2,0,7,11,6,5,5.0,0,1,no_activation
1000,7,145,2,0,2,11,10,1,1.0,0,1,no_activation
1000,7,146,5,1,36,23,23,0,0.0,0,0,single_or_few
1000,7,147,5,1,16,21,21,0,0.0,0,0,single_or_few
1000,7,148,2,0,4,11,7,4,4.0,0,1,no_activation
1000,7,149,2,0,2,10,10,0,0.0,0,0,no_activation
1000,7,151,5,0,35,22,16,6,6.0,0,1,no_activation
1000,7,153,5,0,33,21,21,0,0.0,0,0,no_activation
1000,7,154,5,1,33,25,20,5,5.0,0,1,single_or_few
1000,7,155,2,0,3,9,9,0,0.0,0,0,no_activation
1000,7,161,2,0,4,9,9,0,0.0,0,0,no_activation
1000,7,165,2,0,2,9,9,0,0.0,0,0,no_activation
1000,7,168,2,0,2,10,10,0,0.0,0,0,no_activation
1000,7,169,2,0,10,9,9,0,0.0,0,0,no_activation
1000,7,170,2,0,6,9,9,0,0.0,0,0,no_activation
1000,7,177,2,0,27,9,9,0,0.0,0,0,no_activation
1000,7,179,5,0,27,23,23,0,0.0,0,0,no_activation
1000,7,185,2,0,6,9,9,0,0.0,0,0,no_activation
1000,7,188,5,0,24,23,21,2,2.0,0,1,no_activation
1000,7,198,2,0,3,10,10,0,0.0,0,0,no_activation
1000,7,199,2,0,3,9,9,0,0.0,0,0,no_activation
1000,7,201,2,0,2,10,10,0,0.0,0,0,no_activation
1000,7,205,5,0,6,21,21,0,0.0,0,0,no_activation
1000,7,206,4,0,2,17,17,0,0.0,0,0,no_activation
1000,7,207,3,0,18,13,13,0,0.0,0,0,no_activation
1000,7,208,5,0,8,20,20,0,0.0,0,0,no_activation
1000,7,209,4,0,8,25,25,0,0.0,0,0,no_activation
1000,7,210,2,0,6,9,9,0,0.0,0,0,no_activation
1000,7,212,2,0,8,8,8,0,0.0,0,0,no_activation
1000,7,215,2,0,2,11,11,0,0.0,0,0,no_activation
1000,7,216,2,0,15,11,10,1,1.0,0,1,no_activation
1000,7,219,5,0,16,22,22,0,0.0,0,0,no_activation
1000,7,220,4,0,2,24,24,0,0.0,0,0,no_activation
1000,7,225,4,0,14,25,24,1,1.0,0,1,no_activation
1000,7,227,4,0,14,16,16,0,0.0,0,0,no_activation
1000,7,228,4,0,8,17,17,0,0.0,0,0,no_activation
1000,7,229,2,0,2,9,9,0,0.0,0,0,no_activation
1000,7,237,2,0,2,9,9,0,0.0,0,0,no_activation
1000,7,239,2,0,7,9,9,0,0.0,0,0,no_activation
1000,7,240,2,0,3,9,9,0,0.0,0,0,no_activation
1000,7,241,3,0,2,16,16,0,0.0,0,0,no_activation
1000,7,242,3,0,11,17,17,0,0.0,0,0,no_activation
1000,7,247,5,0,10,21,21,0,0.0,0,0,no_activation
1000,7,248,5,0,4,22,22,0,0.0,0,0,no_activation
1000,7,249,2,0,4,9,9,0,0.0,0,0,no_activation
1000,7,251,5,0,7,32,32,0,0.0,0,0,no_activation
1000,7,256,2,0,2,10,10,0,0.0,0,0,no_activation
1000,7,259,2,0,4,9,9,0,0.0,0,0,no_activation
1000,7,262,2,0,5,12,12,0,0.0,0,0,no_activation
1000,7,265,2,0,5,9,9,0,0.0,0,0,no_activation
1000,7,269,5,0,4,24,24,0,0.0,0,0,no_activation
1000,7,270,2,0,2,10,10,0,0.0,0,0,no_activation
1000,7,272,2,0,2,10,10,0,0.0,0,0,no_activation
1000,7,277,2,0,3,10,10,0,0.0,0,0,no_activation
1000,7,278,5,0,3,21,21,0,0.0,0,0,no_activation
1000,7,279,2,0,3,13,13,0,0.0,0,0,no_activation
1000,7,282,2,0,2,9,9,0,0.0,0,0,no_activation
1000,7,285,2,0,2,9,9,0,0.0,0,0,no_activation
1000,7,287,2,0,2,11,11,0,0.0,0,0,no_activation
1000,8,13,7,2,50,51,7,44,44.0,0,9,single_or_few
1000,8,25,5,3,50,56,5,51,51.0,0,10,single_or_few
1000,8,30,4,0,50,27,5,22,22.0,0,6,no_activation
1000,8,38,8,5,50,66,8,58,60.0,1,11,repeated_5plus
1000,8,39,5,3,50,42,5,37,37.0,0,6,single_or_few
1000,8,40,5,0,50,37,6,31,31.0,0,7,no_activation
1000,8,48,5,0,50,35,6,29,29.0,0,5,no_activation
1000,8,49,4,1,26,34,6,28,28.0,0,8,single_or_few
1000,8,64,5,1,2,8,5,3,3.0,0,1,single_or_few
1000,8,66,6,2,50,55,5,50,50.0,0,10,single_or_few
1000,8,70,4,0,50,27,7,20,20.0,0,5,no_activation
1000,8,71,5,1,32,36,8,28,28.0,0,6,single_or_few
1000,8,72,5,2,50,37,5,32,32.0,0,7,single_or_few
1000,8,75,4,3,50,31,5,26,26.0,0,6,single_or_few
1000,8,76,5,0,50,31,8,23,23.0,0,6,no_activation
1000,8,77,4,0,5,22,5,17,17.0,0,4,no_activation
1000,8,78,3,0,3,10,4,6,6.0,0,1,no_activation
1000,8,79,2,1,5,10,4,6,6.0,0,4,single_or_few
1000,8,83,2,2,5,15,3,12,12.0,0,4,single_or_few
1000,8,88,2,1,5,13,6,7,7.0,0,3,single_or_few
1000,8,89,2,0,2,9,6,3,3.0,0,1,no_activation
1000,8,92,5,2,48,22,13,9,9.0,0,3,single_or_few
1000,8,93,3,0,2,14,7,7,7.0,0,1,no_activation
1000,8,96,2,0,3,9,6,3,3.0,0,2,no_activation
1000,8,109,2,1,5,14,9,5,5.0,0,3,single_or_few
1000,8,112,2,0,2,9,6,3,3.0,0,1,no_activation
1000,8,114,3,0,13,17,5,12,12.0,0,2,no_activation
1000,8,115,3,1,37,19,8,11,13.0,1,4,single_or_few
1000,8,116,4,0,45,23,20,3,3.0,0,1,no_activation
1000,8,117,2,1,4,9,9,0,0.0,0,0,single_or_few
1000,8,126,2,1,3,10,10,0,0.0,0,0,single_or_few
1000,8,129,2,1,20,11,11,0,0.0,0,0,single_or_few
1000,8,135,2,0,2,8,8,0,0.0,0,0,no_activation
1000,8,136,3,0,2,14,14,0,0.0,0,0,no_activation
1000,8,137,2,0,3,10,6,4,4.0,0,1,no_activation
1000,8,138,2,0,5,9,6,3,3.0,0,1,no_activation
1000,8,139,4,0,43,17,15,2,2.0,0,1,no_activation
1000,8,147,2,0,2,12,7,5,5.0,0,1,no_activation
1000,8,150,2,0,3,9,9,0,0.0,0,0,no_activation
1000,8,153,5,1,41,24,16,8,8.0,0,1,single_or_few
1000,8,157,2,0,6,9,9,0,0.0,0,0,no_activation
1000,8,159,2,0,7,10,9,1,1.0,0,1,no_activation
1000,8,161,2,0,2,9,9,0,0.0,0,0,no_activation
1000,8,167,2,0,5,10,10,0,0.0,0,0,no_activation
1000,8,168,2,0,6,9,9,0,0.0,0,0,no_activation
1000,8,176,2,0,3,11,2,9,9.0,0,2,no_activation
1000,8,178,2,0,2,11,11,0,0.0,0,0,no_activation
1000,8,179,3,0,6,18,17,1,1.0,0,1,no_activation
1000,8,180,5,1,37,21,21,0,0.0,0,0,single_or_few
1000,8,184,2,0,3,10,10,0,0.0,0,0,no_activation
1000,8,188,2,0,2,9,7,2,2.0,0,1,no_activation
1000,8,190,4,0,7,15,9,6,6.0,0,1,no_activation
1000,8,191,5,0,36,22,12,10,10.0,0,1,no_activation
1000,8,192,2,0,31,9,9,0,0.0,0,0,no_activation
1000,8,193,2,0,2,9,9,0,0.0,0,0,no_activation
1000,8,194,4,0,34,15,15,0,0.0,0,0,no_activation
1000,8,196,2,0,2,8,8,0,0.0,0,0,no_activation
1000,8,197,2,0,8,9,9,0,0.0,0,0,no_activation
1000,8,198,2,0,2,9,9,0,0.0,0,0,no_activation
1000,8,203,5,0,31,20,20,0,0.0,0,0,no_activation
1000,8,204,2,0,5,12,12,0,0.0,0,0,no_activation
1000,8,211,2,0,6,10,10,0,0.0,0,0,no_activation
1000,8,212,2,0,3,11,11,0,0.0,0,0,no_activation
1000,8,214,2,0,4,10,10,0,0.0,0,0,no_activation
1000,8,215,2,0,4,10,10,0,0.0,0,0,no_activation
1000,8,216,2,0,2,9,9,0,0.0,0,0,no_activation
1000,8,219,2,0,4,13,7,6,6.0,0,1,no_activation
1000,8,220,2,0,5,13,8,5,5.0,0,2,no_activation
1000,8,223,2,0,10,10,10,0,0.0,0,0,no_activation
1000,8,225,5,0,16,21,19,2,2.0,0,1,no_activation
1000,8,226,2,0,5,10,10,0,0.0,0,0,no_activation
1000,8,229,2,0,3,11,11,0,0.0,0,0,no_activation
1000,8,230,2,0,2,10,10,0,0.0,0,0,no_activation
1000,8,231,2,0,3,11,11,0,0.0,0,0,no_activation
1000,8,233,4,0,23,20,20,0,0.0,0,0,no_activation
1000,8,236,2,0,4,9,9,0,0.0,0,0,no_activation
1000,8,242,2,0,4,9,9,0,0.0,0,0,no_activation
1000,8,245,2,0,2,9,9,0,0.0,0,0,no_activation
1000,8,249,2,0,4,10,10,0,0.0,0,0,no_activation
1000,8,250,2,0,2,9,9,0,0.0,0,0,no_activation
1000,8,251,2,0,21,10,10,0,0.0,0,0,no_activation
1000,8,252,3,0,20,11,11,0,0.0,0,0,no_activation
1000,8,253,3,0,11,15,15,0,0.0,0,0,no_activation
1000,8,254,2,0,4,9,9,0,0.0,0,0,no_activation
1000,8,260,2,0,18,9,9,0,0.0,0,0,no_activation
1000,8,263,2,0,3,10,10,0,0.0,0,0,no_activation
1000,8,265,2,0,2,9,9,0,0.0,0,0,no_activation
1000,8,266,5,0,16,22,22,0,0.0,0,0,no_activation
1000,8,267,2,0,4,9,9,0,0.0,0,0,no_activation
1000,8,268,2,0,4,9,9,0,0.0,0,0,no_activation
1000,8,269,4,0,3,25,25,0,0.0,0,0,no_activation
1000,8,270,3,0,5,13,13,0,0.0,0,0,no_activation
1000,8,272,2,0,2,9,9,0,0.0,0,0,no_activation
1000,8,273,2,0,3,9,9,0,0.0,0,0,no_activation
1000,8,274,2,0,8,9,9,0,0.0,0,0,no_activation
1000,8,285,2,0,4,10,10,0,0.0,0,0,no_activation
1000,8,288,3,1,6,18,16,2,2.0,0,1,single_or_few
1000,8,290,2,0,8,12,12,0,0.0,0,0,no_activation
1000,8,291,2,0,6,12,12,0,0.0,0,0,no_activation
1000,8,292,2,0,4,9,9,0,0.0,0,0,no_activation
1000,8,299,5,0,9,24,24,0,0.0,0,0,no_activation
1000,8,304,2,0,4,11,11,0,0.0,0,0,no_activation
1000,8,307,2,0,2,9,9,0,0.0,0,0,no_activation
1000,8,313,5,0,5,33,33,0,0.0,0,0,no_activation
1000,8,321,2,0,3,9,9,0,0.0,0,0,no_activation
1000,8,322,2,0,2,10,10,0,0.0,0,0,no_activation
1000,8,325,5,0,7,21,21,0,0.0,0,0,no_activation
1000,8,328,2,0,2,9,9,0,0.0,0,0,no_activation
1000,8,332,2,0,2,10,10,0,0.0,0,0,no_activation
1000,8,338,2,0,5,11,11,0,0.0,0,0,no_activation
1000,8,339,2,0,2,11,11,0,0.0,0,0,no_activation
1000,8,342,2,0,2,10,10,0,0.0,0,0,no_activation
1000,8,343,5,0,3,20,20,0,0.0,0,0,no_activation
1000,8,344,5,0,3,22,22,0,0.0,0,0,no_activation
1000,8,345,2,0,3,10,10,0,0.0,0,0,no_activation
1000,8,347,2,0,3,9,9,0,0.0,0,0,no_activation
1000,9,2,5,2,50,43,5,38,38.0,0,12,single_or_few
1000,9,3,5,4,50,38,6,32,32.0,0,12,single_or_few
1000,9,11,5,4,50,50,8,42,42.0,0,12,single_or_few
1000,9,12,3,0,2,11,4,7,7.0,0,1,no_activation
1000,9,23,2,0,4,5,1,4,4.0,0,2,no_activation
1000,9,31,5,1,50,45,4,41,41.0,0,12,single_or_few
1000,9,33,5,1,50,38,5,33,33.0,0,10,single_or_few
1000,9,41,5,2,50,39,4,35,35.0,0,12,single_or_few
1000,9,52,4,3,37,32,4,28,28.0,0,12,single_or_few
1000,9,53,5,0,29,35,9,26,26.0,0,9,no_activation
1000,9,54,4,1,50,29,3,26,26.0,0,8,single_or_few
1000,9,58,5,2,50,35,6,29,29.0,0,10,single_or_few
1000,9,67,2,0,2,1,1,0,0.0,0,0,no_activation
1000,9,72,2,0,2,6,3,3,3.0,0,1,no_activation
1000,9,75,5,2,50,47,9,38,38.0,0,11,single_or_few
1000,9,76,5,2,50,24,8,16,18.0,1,7,single_or_few
1000,9,77,3,3,41,32,6,26,26.0,0,8,single_or_few
1000,9,78,2,1,14,15,4,11,11.0,0,6,single_or_few
1000,9,84,5,2,49,30,7,23,23.0,0,8,single_or_few
1000,9,85,4,3,10,23,4,19,19.0,0,8,single_or_few
1000,9,87,2,0,3,7,4,3,3.0,0,2,no_activation
1000,9,91,3,0,4,13,5,8,8.0,0,3,no_activation
1000,9,95,5,0,46,22,12,10,10.0,0,3,no_activation
1000,9,96,5,3,18,30,8,22,22.0,0,6,single_or_few
1000,9,97,2,1,5,18,3,15,15.0,0,3,single_or_few
1000,9,99,4,0,6,20,9,11,11.0,0,2,no_activation
1000,9,100,4,2,42,27,10,17,17.0,0,4,single_or_few
1000,9,103,2,0,4,12,3,9,9.0,0,2,no_activation
1000,9,107,4,0,13,26,11,15,15.0,0,2,no_activation
1000,9,109,2,1,3,9,7,2,2.0,0,1,single_or_few
1000,9,111,2,0,2,8,6,2,2.0,0,1,no_activation
1000,9,112,2,0,3,9,2,7,7.0,0,2,no_activation
1000,9,115,2,0,2,9,4,5,5.0,0,1,no_activation
1000,9,119,2,0,4,9,8,1,1.0,0,1,no_activation
1000,9,124,3,0,16,13,10,3,3.0,0,1,no_activation
1000,9,125,5,4,38,32,13,19,19.0,0,5,single_or_few
1000,9,129,4,1,37,22,19,3,3.0,0,1,single_or_few
1000,9,136,2,1,3,12,10,2,2.0,0,1,single_or_few
1000,9,137,2,0,2,9,9,0,0.0,0,0,no_activation
1000,9,139,5,1,35,24,19,5,5.0,0,2,single_or_few
1000,9,143,5,0,34,23,21,2,2.0,0,1,no_activation
1000,9,144,5,0,34,33,18,15,15.0,0,2,no_activation
1000,9,145,3,0,3,18,14,4,4.0,0,1,no_activation
1000,9,151,2,0,13,9,8,1,1.0,0,1,no_activation
1000,9,152,2,0,3,10,5,5,5.0,0,1,no_activation
1000,9,157,5,1,32,25,15,10,10.0,0,2,single_or_few
1000,9,158,4,0,31,17,13,4,4.0,0,1,no_activation
1000,9,162,2,0,4,9,9,0,0.0,0,0,no_activation
1000,9,164,2,0,3,9,5,4,4.0,0,1,no_activation
1000,9,165,2,0,3,9,9,0,0.0,0,0,no_activation
1000,9,166,2,0,2,9,9,0,0.0,0,0,no_activation
1000,9,167,2,0,4,10,10,0,0.0,0,0,no_activation
1000,9,168,5,0,30,33,22,11,11.0,0,1,no_activation
1000,9,179,2,0,4,10,10,0,0.0,0,0,no_activation
1000,9,182,2,0,2,9,9,0,0.0,0,0,no_activation
1000,9,184,3,0,9,18,18,0,0.0,0,0,no_activation
1000,9,185,4,0,2,19,19,0,0.0,0,0,no_activation
1000,9,186,3,0,13,14,14,0,0.0,0,0,no_activation
1000,9,190,3,0,3,11,11,0,0.0,0,0,no_activation
1000,9,191,2,0,4,10,10,0,0.0,0,0,no_activation
1000,9,192,2,0,2,10,10,0,0.0,0,0,no_activation
1000,9,197,2,0,2,10,10,0,0.0,0,0,no_activation
1000,9,198,2,0,4,11,11,0,0.0,0,0,no_activation
1000,9,199,2,0,6,11,11,0,0.0,0,0,no_activation
1000,9,200,3,0,24,16,15,1,1.0,0,1,no_activation
1000,9,201,3,0,2,18,12,6,6.0,0,1,no_activation
1000,9,204,3,0,6,17,17,0,0.0,0,0,no_activation
1000,9,205,2,0,5,10,10,0,0.0,0,0,no_activation
1000,9,212,2,0,2,10,10,0,0.0,0,0,no_activation
1000,9,214,5,0,23,21,21,0,0.0,0,0,no_activation
1000,9,217,2,0,4,9,9,0,0.0,0,0,no_activation
1000,9,220,5,0,9,20,20,0,0.0,0,0,no_activation
1000,9,221,2,0,4,10,10,0,0.0,0,0,no_activation
1000,9,232,5,0,3,21,21,0,0.0,0,0,no_activation
1000,9,233,5,0,2,21,21,0,0.0,0,0,no_activation
1000,9,234,2,0,5,9,9,0,0.0,0,0,no_activation
1000,9,237,2,0,3,9,9,0,0.0,0,0,no_activation
1000,9,241,3,0,3,14,14,0,0.0,0,0,no_activation
1000,9,249,5,0,12,21,21,0,0.0,0,0,no_activation
1000,9,250,3,0,4,18,18,0,0.0,0,0,no_activation
1000,9,251,3,0,12,17,17,0,0.0,0,0,no_activation
1000,9,252,5,0,11,22,22,0,0.0,0,0,no_activation
1000,9,253,4,0,11,24,24,0,0.0,0,0,no_activation
1000,9,258,2,0,8,9,9,0,0.0,0,0,no_activation
1000,9,260,5,0,8,26,26,0,0.0,0,0,no_activation
1000,9,261,3,0,8,14,14,0,0.0,0,0,no_activation
1000,9,264,2,0,2,9,9,0,0.0,0,0,no_activation
1000,9,266,2,0,2,10,10,0,0.0,0,0,no_activation
1000,9,267,2,0,3,10,10,0,0.0,0,0,no_activation
1000,9,268,2,0,5,11,11,0,0.0,0,0,no_activation
1000,9,269,2,0,7,10,10,0,0.0,0,0,no_activation
1000,9,277,2,0,4,11,11,0,0.0,0,0,no_activation
1000,9,279,5,0,5,22,22,0,0.0,0,0,no_activation
1000,9,282,2,0,2,10,10,0,0.0,0,0,no_activation
1000,9,290,4,0,2,17,17,0,0.0,0,0,no_activation
1000,10,6,5,3,50,46,2,44,44.0,0,14,single_or_few
1000,10,17,5,6,50,54,3,51,51.0,0,16,repeated_5plus
1000,10,26,5,2,50,46,3,43,43.0,0,13,single_or_few
1000,10,33,2,0,2,1,1,0,0.0,0,0,no_activation
1000,10,35,3,0,2,2,1,1,1.0,0,1,no_activation
1000,10,49,3,2,50,24,0,24,24.0,0,10,single_or_few
1000,10,50,2,0,14,11,1,10,10.0,0,5,no_activation
1000,10,64,5,3,50,43,2,41,41.0,0,14,single_or_few
1000,10,68,2,0,2,2,0,2,2.0,0,1,no_activation
1000,10,70,5,3,39,45,5,40,40.0,0,14,single_or_few
1000,10,71,4,3,50,34,1,33,35.0,1,11,single_or_few
1000,10,76,5,1,46,33,3,30,30.0,0,10,single_or_few
1000,10,77,2,2,6,10,2,8,9.0,1,2,single_or_few
1000,10,78,2,2,18,22,6,16,16.0,0,7,single_or_few
1000,10,81,2,0,3,4,3,1,1.0,0,1,no_activation
1000,10,91,2,0,2,8,5,3,3.0,0,1,no_activation
1000,10,94,4,2,44,32,6,26,26.0,0,10,single_or_few
1000,10,96,2,0,4,11,3,8,8.0,0,2,no_activation
1000,10,99,2,0,2,3,3,0,0.0,0,0,no_activation
1000,10,101,2,0,2,7,3,4,4.0,0,1,no_activation
1000,10,105,2,1,2,11,10,1,1.0,0,1,single_or_few
1000,10,108,2,1,2,12,4,8,8.0,0,1,single_or_few
1000,10,110,2,0,3,9,9,0,0.0,0,0,no_activation
1000,10,113,2,1,5,16,14,2,2.0,0,1,single_or_few
1000,10,115,2,0,2,9,6,3,3.0,0,1,no_activation
1000,10,117,2,1,3,13,6,7,7.0,0,2,single_or_few
1000,10,123,2,0,3,10,10,0,0.0,0,0,no_activation
1000,10,126,2,0,2,9,7,2,2.0,0,1,no_activation
1000,10,128,3,1,4,10,10,0,0.0,0,0,single_or_few
1000,10,129,5,4,39,34,6,28,30.0,1,8,single_or_few
1000,10,130,2,0,3,9,7,2,2.0,0,1,no_activation
1000,10,131,2,0,3,9,9,0,0.0,0,0,no_activation
1000,10,133,2,0,4,9,8,1,1.0,0,1,no_activation
1000,10,134,5,0,11,21,9,12,12.0,0,2,no_activation
1000,10,136,2,0,2,9,9,0,0.0,0,0,no_activation
1000,10,139,2,0,5,10,6,4,4.0,0,1,no_activation
1000,10,141,5,0,35,20,17,3,3.0,0,1,no_activation
1000,10,142,5,0,34,23,14,9,9.0,0,1,no_activation
1000,10,144,2,1,5,13,8,5,5.0,0,2,single_or_few
1000,10,149,2,0,6,9,9,0,0.0,0,0,no_activation
1000,10,150,2,1,6,9,7,2,2.0,0,1,single_or_few
1000,10,151,5,0,33,32,12,20,20.0,0,2,no_activation
1000,10,152,4,0,33,16,12,4,4.0,0,1,no_activation
1000,10,153,2,0,3,9,9,0,0.0,0,0,no_activation
1000,10,157,4,0,23,16,7,9,9.0,0,1,no_activation
1000,10,158,5,1,31,38,17,21,21.0,0,2,single_or_few
1000,10,160,2,0,7,9,9,0,0.0,0,0,no_activation
1000,10,162,2,0,2,9,9,0,0.0,0,0,no_activation
1000,10,164,2,0,3,9,3,6,6.0,0,2,no_activation
1000,10,166,2,0,7,10,8,2,2.0,0,1,no_activation
1000,10,169,3,2,14,19,13,6,6.0,0,2,single_or_few
1000,10,172,2,0,8,11,11,0,0.0,0,0,no_activation
1000,10,174,5,0,27,22,17,5,5.0,0,1,no_activation
1000,10,175,2,0,5,10,9,1,1.0,0,1,no_activation
1000,10,176,2,1,4,14,7,7,7.0,0,2,single_or_few
1000,10,180,5,0,26,20,18,2,2.0,0,1,no_activation
1000,10,181,2,0,2,9,9,0,0.0,0,0,no_activation
1000,10,182,2,0,4,9,9,0,0.0,0,0,no_activation
1000,10,192,4,1,8,21,19,2,2.0,0,1,single_or_few
1000,10,193,4,0,23,22,16,6,6.0,0,1,no_activation
1000,10,201,2,0,3,9,9,0,0.0,0,0,no_activation
1000,10,203,2,0,2,9,9,0,0.0,0,0,no_activation
1000,10,206,2,0,3,10,10,0,0.0,0,0,no_activation
1000,10,213,2,0,2,9,9,0,0.0,0,0,no_activation
1000,10,214,2,0,5,11,11,0,0.0,0,0,no_activation
1000,10,217,2,0,2,10,10,0,0.0,0,0,no_activation
1000,10,220,4,0,16,16,16,0,0.0,0,0,no_activation
1000,10,221,3,0,2,18,18,0,0.0,0,0,no_activation
1000,10,222,2,0,3,12,12,0,0.0,0,0,no_activation
1000,10,223,2,0,2,10,9,1,1.0,0,1,no_activation
1000,10,236,2,0,2,10,10,0,0.0,0,0,no_activation
1000,10,239,5,0,9,23,23,0,0.0,0,0,no_activation
1000,10,240,5,0,12,22,22,0,0.0,0,0,no_activation
1000,10,242,2,0,5,9,9,0,0.0,0,0,no_activation
1000,10,246,4,0,11,19,19,0,0.0,0,0,no_activation
1000,10,247,2,0,2,9,9,0,0.0,0,0,no_activation
1000,10,252,2,0,4,9,9,0,0.0,0,0,no_activation
1000,10,253,2,0,3,10,10,0,0.0,0,0,no_activation
1000,10,256,4,0,10,24,24,0,0.0,0,0,no_activation
1000,10,257,4,0,6,23,23,0,0.0,0,0,no_activation
1000,10,258,3,0,10,13,13,0,0.0,0,0,no_activation
1000,10,259,2,0,5,9,9,0,0.0,0,0,no_activation
1000,10,261,2,0,2,9,9,0,0.0,0,0,no_activation
1000,10,266,2,0,3,10,10,0,0.0,0,0,no_activation
1000,10,270,2,0,2,11,11,0,0.0,0,0,no_activation
1000,10,271,2,0,5,9,9,0,0.0,0,0,no_activation
1000,10,276,4,0,6,24,24,0,0.0,0,0,no_activation
1000,10,278,5,0,7,20,20,0,0.0,0,0,no_activation
1000,10,281,2,0,7,10,10,0,0.0,0,0,no_activation
1000,10,282,3,0,5,17,17,0,0.0,0,0,no_activation
1000,10,285,2,0,2,11,11,0,0.0,0,0,no_activation
1000,10,286,2,0,4,10,10,0,0.0,0,0,no_activation
1000,10,287,2,0,6,9,9,0,0.0,0,0,no_activation
1000,10,290,2,0,3,9,9,0,0.0,0,0,no_activation
1000,10,291,2,0,2,10,10,0,0.0,0,0,no_activation
1000,10,295,5,0,4,31,30,1,1.0,0,1,no_activation
1000,10,297,2,0,2,9,9,0,0.0,0,0,no_activation
1000,11,1,4,1,39,30,6,24,24.0,0,7,single_or_few
1000,11,5,4,6,12,37,5,32,34.0,1,9,repeated_5plus
1000,11,15,4,1,3,11,4,7,7.0,0,2,single_or_few
1000,11,16,2,1,2,6,2,4,4.0,0,1,single_or_few
1000,11,21,4,3,50,38,7,31,31.0,0,9,single_or_few
1000,11,31,2,1,4,14,0,14,14.0,0,3,single_or_few
1000,11,33,5,2,50,36,0,36,36.0,0,8,single_or_few
1000,11,35,4,3,25,32,5,27,27.0,0,7,single_or_few
1000,11,50,5,4,50,59,10,49,49.0,0,12,single_or_few
1000,11,51,4,1,14,39,7,32,32.0,0,9,single_or_few
1000,11,52,2,3,11,22,4,18,22.0,1,8,single_or_few
1000,11,57,2,0,35,12,3,9,9.0,0,5,no_activation
1000,11,62,2,0,17,12,4,8,8.0,0,3,no_activation
1000,11,68,2,2,50,19,3,16,16.0,0,8,single_or_few
1000,11,86,2,0,5,13,4,9,9.0,0,4,no_activation
1000,11,87,2,0,5,7,1,6,6.0,0,3,no_activation
1000,11,91,2,1,7,15,1,14,14.0,0,5,single_or_few
1000,11,92,2,1,2,5,4,1,1.0,1,0,single_or_few
1000,11,99,5,2,49,35,4,31,31.0,0,8,single_or_few
1000,11,101,5,3,33,38,5,33,33.0,0,9,single_or_few
1000,11,102,2,2,4,15,5,10,10.0,0,3,single_or_few
1000,11,112,4,1,47,19,7,12,12.0,0,4,single_or_few
1000,11,116,2,1,2,9,4,5,5.0,0,1,single_or_few
1000,11,119,2,0,37,10,5,5,5.0,0,2,no_activation
1000,11,122,2,0,2,7,6,1,1.0,0,1,no_activation
1000,11,123,2,1,2,12,10,2,2.0,0,1,single_or_few
1000,11,126,2,1,2,11,8,3,3.0,0,1,single_or_few
1000,11,129,2,0,2,8,6,2,2.0,0,1,no_activation
1000,11,130,2,1,4,15,5,10,10.0,0,3,single_or_few
1000,11,131,5,1,42,23,11,12,12.0,0,2,single_or_few
1000,11,136,2,0,2,9,5,4,4.0,0,1,no_activation
1000,11,140,2,0,3,12,3,9,9.0,0,2,no_activation
1000,11,143,3,3,16,18,11,7,7.0,0,3,single_or_few
1000,11,146,2,1,4,11,11,0,0.0,0,0,single_or_few
1000,11,147,2,0,3,10,10,0,0.0,0,0,no_activation
1000,11,150,5,0,35,31,14,17,17.0,0,2,no_activation
1000,11,151,2,0,4,12,10,2,2.0,0,1,no_activation
1000,11,152,2,0,4,9,6,3,3.0,0,1,no_activation
1000,11,153,3,0,13,12,6,6,6.0,0,1,no_activation
1000,11,155,3,0,30,11,8,3,3.0,0,1,no_activation
1000,11,156,4,1,37,21,14,7,7.0,0,2,single_or_few
1000,11,166,3,0,34,18,8,10,10.0,0,2,no_activation
1000,11,169,2,0,3,11,11,0,0.0,0,0,no_activation
1000,11,173,2,0,4,11,11,0,0.0,0,0,no_activation
1000,11,175,2,0,4,12,12,0,0.0,0,0,no_activation
1000,11,183,4,0,3,15,12,3,3.0,0,1,no_activation
1000,11,184,5,0,32,22,22,0,0.0,0,0,no_activation
1000,11,186,5,0,32,20,20,0,0.0,0,0,no_activation
1000,11,187,2,0,2,11,8,3,3.0,0,1,no_activation
1000,11,190,2,0,5,10,1,9,9.0,0,2,no_activation
1000,11,195,4,0,30,23,13,10,10.0,0,1,no_activation
1000,11,202,5,0,8,21,20,1,1.0,0,1,no_activation
1000,11,205,2,0,2,10,10,0,0.0,0,0,no_activation
1000,11,208,5,0,28,21,19,2,2.0,0,1,no_activation
1000,11,209,5,0,28,21,21,0,0.0,0,0,no_activation
1000,11,219,5,0,27,23,23,0,0.0,0,0,no_activation
1000,11,220,2,0,4,9,9,0,0.0,0,0,no_activation
1000,11,225,2,0,3,9,9,0,0.0,0,0,no_activation
1000,11,226,2,0,4,10,10,0,0.0,0,0,no_activation
1000,11,233,5,0,25,31,31,0,0.0,0,0,no_activation
1000,11,235,2,0,12,9,9,0,0.0,0,0,no_activation
1000,11,238,2,0,15,9,9,0,0.0,0,0,no_activation
1000,11,241,3,0,7,13,13,0,0.0,0,0,no_activation
1000,11,242,3,0,20,15,15,0,0.0,0,0,no_activation
1000,11,243,2,0,12,10,10,0,0.0,0,0,no_activation
1000,11,247,2,0,3,10,10,0,0.0,0,0,no_activation
1000,11,249,2,0,23,12,12,0,0.0,0,0,no_activation
1000,11,251,5,0,5,23,23,0,0.0,0,0,no_activation
1000,11,252,3,0,22,14,14,0,0.0,0,0,no_activation
1000,11,255,2,0,6,12,12,0,0.0,0,0,no_activation
1000,11,256,2,0,2,11,11,0,0.0,0,0,no_activation
1000,11,258,2,0,14,11,11,0,0.0,0,0,no_activation
1000,11,259,2,0,18,9,9,0,0.0,0,0,no_activation
1000,11,260,2,0,2,10,10,0,0.0,0,0,no_activation
1000,11,261,3,0,14,15,15,0,0.0,0,0,no_activation
1000,11,265,2,0,6,9,9,0,0.0,0,0,no_activation
1000,11,273,2,0,3,11,11,0,0.0,0,0,no_activation
1000,11,274,2,0,3,10,10,0,0.0,0,0,no_activation
1000,11,276,2,0,2,9,9,0,0.0,0,0,no_activation
1000,11,278,2,0,11,9,8,1,1.0,0,1,no_activation
1000,11,279,2,0,4,10,10,0,0.0,0,0,no_activation
1000,11,280,2,0,4,9,9,0,0.0,0,0,no_activation
1000,11,281,2,0,5,9,9,0,0.0,0,0,no_activation
1000,11,285,2,0,5,10,10,0,0.0,0,0,no_activation
1000,11,286,2,0,3,10,10,0,0.0,0,0,no_activation
1000,11,287,5,0,15,23,23,0,0.0,0,0,no_activation
1000,11,288,2,0,2,10,10,0,0.0,0,0,no_activation
1000,11,290,2,0,3,10,10,0,0.0,0,0,no_activation
1000,11,293,5,0,13,21,21,0,0.0,0,0,no_activation
1000,11,296,5,0,10,31,31,0,0.0,0,0,no_activation
1000,11,297,2,0,5,11,11,0,0.0,0,0,no_activation
1000,11,301,2,0,5,10,9,1,1.0,0,1,no_activation
1000,11,302,5,0,7,24,24,0,0.0,0,0,no_activation
1000,11,303,4,0,7,24,24,0,0.0,0,0,no_activation
1000,11,306,2,0,2,12,12,0,0.0,0,0,no_activation
1000,11,307,2,0,6,10,10,0,0.0,0,0,no_activation
1000,11,309,4,0,6,24,24,0,0.0,0,0,no_activation
1000,11,313,2,0,2,9,9,0,0.0,0,0,no_activation
1000,11,318,2,0,2,10,10,0,0.0,0,0,no_activation
1000,11,319,2,0,2,9,9,0,0.0,0,0,no_activation
1000,11,320,2,0,5,9,9,0,0.0,0,0,no_activation
1000,11,323,4,0,5,16,16,0,0.0,0,0,no_activation
1000,11,324,3,0,5,16,16,0,0.0,0,0,no_activation
1000,11,326,2,0,2,11,11,0,0.0,0,0,no_activation
1000,11,328,5,0,4,24,24,0,0.0,0,0,no_activation
1000,11,329,2,0,2,9,9,0,0.0,0,0,no_activation
1000,11,330,2,0,4,11,11,0,0.0,0,0,no_activation
1000,11,331,2,0,4,10,10,0,0.0,0,0,no_activation
1000,11,332,2,0,2,11,11,0,0.0,0,0,no_activation
1000,11,333,2,0,4,11,11,0,0.0,0,0,no_activation
1000,11,338,5,0,3,24,24,0,0.0,0,0,no_activation
1000,11,340,2,0,2,10,10,0,0.0,0,0,no_activation
1000,11,341,7,0,2,46,46,0,0.0,0,0,no_activation
1000,12,18,5,2,5,15,4,11,11.0,0,4,single_or_few
1000,12,27,4,2,50,37,5,32,34.0,1,14,single_or_few
1000,12,28,5,3,50,41,3,38,38.0,0,15,single_or_few
1000,12,30,5,4,50,42,6,36,36.0,0,13,single_or_few
1000,12,31,5,4,50,50,7,43,43.0,0,16,single_or_few
1000,12,32,4,2,50,36,2,34,34.0,0,13,single_or_few
1000,12,42,2,0,13,12,2,10,10.0,0,4,no_activation
1000,12,45,4,1,50,37,2,35,35.0,0,13,single_or_few
1000,12,61,3,1,3,12,7,5,5.0,0,2,single_or_few
1000,12,67,2,0,2,2,1,1,1.0,0,1,no_activation
1000,12,68,3,3,23,30,3,27,27.0,0,12,single_or_few
1000,12,69,5,6,50,48,6,42,44.0,1,15,repeated_5plus
1000,12,91,2,0,3,4,1,3,3.0,0,2,no_activation
1000,12,92,2,0,2,5,2,3,3.0,0,1,no_activation
1000,12,95,2,2,10,20,3,17,17.0,0,9,single_or_few
1000,12,96,2,1,3,7,0,7,7.0,0,2,single_or_few
1000,12,99,2,1,3,6,2,4,4.0,0,2,single_or_few
1000,12,100,2,0,2,5,3,2,2.0,0,1,no_activation
1000,12,101,5,1,2,11,6,5,5.0,0,1,single_or_few
1000,12,102,2,0,4,12,4,8,8.0,0,2,no_activation
1000,12,104,4,3,48,41,2,39,39.0,0,12,single_or_few
1000,12,105,4,0,5,24,4,20,20.0,0,4,no_activation
1000,12,106,5,3,47,26,4,22,24.0,1,8,single_or_few
1000,12,110,2,1,5,11,7,4,6.0,1,2,single_or_few
1000,12,112,4,2,11,32,7,25,25.0,0,7,single_or_few
1000,12,114,2,1,2,6,3,3,3.0,0,1,single_or_few
1000,12,117,2,1,4,12,2,10,10.0,0,3,single_or_few
1000,12,121,2,0,5,9,4,5,5.0,0,2,no_activation
1000,12,125,2,1,9,9,5,4,4.0,0,1,single_or_few
1000,12,126,2,0,3,9,6,3,3.0,0,2,no_activation
1000,12,131,2,0,6,10,4,6,6.0,0,1,no_activation
1000,12,133,3,1,3,10,7,3,3.0,0,1,single_or_few
1000,12,136,2,0,2,7,6,1,1.0,0,1,no_activation
1000,12,141,5,0,4,21,13,8,8.0,0,2,no_activation
1000,12,142,5,1,34,34,10,24,26.0,1,3,single_or_few
1000,12,144,2,0,2,7,6,1,1.0,0,1,no_activation
1000,12,146,3,1,33,22,8,14,14.0,0,3,single_or_few
1000,12,148,2,0,4,9,9,0,0.0,0,0,no_activation
1000,12,151,5,0,2,22,17,5,5.0,0,1,no_activation
1000,12,152,5,0,32,24,16,8,8.0,0,1,no_activation
1000,12,153,4,0,8,25,25,0,0.0,0,0,no_activation
1000,12,154,5,1,31,30,20,10,11.0,1,3,single_or_few
1000,12,155,4,1,31,18,14,4,4.0,0,1,single_or_few
1000,12,163,2,0,6,10,10,0,0.0,0,0,no_activation
1000,12,165,5,0,10,23,13,10,10.0,0,2,no_activation
1000,12,166,5,1,28,34,16,18,18.0,0,3,single_or_few
1000,12,168,2,0,8,9,9,0,0.0,0,0,no_activation
1000,12,172,5,0,26,28,16,12,12.0,0,1,no_activation
1000,12,173,2,0,3,11,11,0,0.0,0,0,no_activation
1000,12,174,2,0,3,12,12,0,0.0,0,0,no_activation
1000,12,176,5,0,2,32,26,6,6.0,0,1,no_activation
1000,12,177,5,0,25,21,21,0,0.0,0,0,no_activation
1000,12,178,2,0,4,9,9,0,0.0,0,0,no_activation
1000,12,179,2,0,2,10,10,0,0.0,0,0,no_activation
1000,12,184,2,0,2,10,9,1,1.0,0,1,no_activation
1000,12,185,3,0,3,14,14,0,0.0,0,0,no_activation
1000,12,186,2,0,3,9,9,0,0.0,0,0,no_activation
1000,12,189,2,0,7,9,9,0,0.0,0,0,no_activation
1000,12,193,3,1,8,18,8,10,10.0,0,2,single_or_few
1000,12,195,5,0,10,22,22,0,0.0,0,0,no_activation
1000,12,202,5,0,16,17,17,0,0.0,0,0,no_activation
1000,12,210,5,0,2,22,22,0,0.0,0,0,no_activation
1000,12,211,4,0,13,15,15,0,0.0,0,0,no_activation
1000,12,217,4,0,12,24,20,4,4.0,0,1,no_activation
1000,12,218,5,0,4,22,22,0,0.0,0,0,no_activation
1000,12,219,5,0,11,21,21,0,0.0,0,0,no_activation
1000,12,223,5,0,5,21,21,0,0.0,0,0,no_activation
1000,12,224,3,0,8,18,18,0,0.0,0,0,no_activation
1000,12,230,2,0,3,10,10,0,0.0,0,0,no_activation
1000,12,231,2,0,2,12,11,1,1.0,0,1,no_activation
1000,12,235,2,0,8,10,10,0,0.0,0,0,no_activation
1000,12,237,2,0,2,9,9,0,0.0,0,0,no_activation
1000,12,238,2,0,6,10,10,0,0.0,0,0,no_activation
1000,12,239,5,0,6,23,23,0,0.0,0,0,no_activation
1000,12,242,2,0,5,9,9,0,0.0,0,0,no_activation
1000,12,244,2,0,5,9,9,0,0.0,0,0,no_activation
1000,12,245,4,0,2,24,24,0,0.0,0,0,no_activation
1000,12,248,2,0,4,10,10,0,0.0,0,0,no_activation
1000,12,249,4,0,3,17,17,0,0.0,0,0,no_activation
1000,12,250,4,0,3,25,25,0,0.0,0,0,no_activation
1000,12,256,2,0,2,9,9,0,0.0,0,0,no_activation
1000,12,258,3,0,2,16,16,0,0.0,0,0,no_activation
1000,12,260,2,0,2,9,9,0,0.0,0,0,no_activation
1000,13,0,4,1,50,28,2,26,26.0,0,8,single_or_few
1000,13,1,5,1,50,38,3,35,35.0,0,10,single_or_few
1000,13,5,5,4,50,48,6,42,42.0,0,14,single_or_few
1000,13,13,5,3,50,38,4,34,34.0,0,12,single_or_few
1000,13,16,5,4,50,43,4,39,39.0,0,10,single_or_few
1000,13,28,4,0,26,28,3,25,25.0,0,8,no_activation
1000,13,31,4,1,50,28,4,24,24.0,0,9,single_or_few
1000,13,37,4,0,36,27,3,24,24.0,0,7,no_activation
1000,13,49,5,2,50,35,2,33,33.0,0,10,single_or_few
1000,13,50,5,1,35,38,8,30,30.0,0,9,single_or_few
1000,13,52,5,5,50,81,2,79,81.0,1,18,repeated_5plus
1000,13,67,5,0,3,11,3,8,8.0,0,2,no_activation
1000,13,68,4,3,50,39,4,35,35.0,0,10,single_or_few
1000,13,72,5,2,50,38,4,34,34.0,0,8,single_or_few
1000,13,84,5,2,50,37,6,31,31.0,0,10,single_or_few
1000,13,87,5,1,50,47,3,44,44.0,0,11,single_or_few
1000,13,88,5,2,50,33,0,33,33.0,0,9,single_or_few
1000,13,89,4,0,5,13,1,12,12.0,0,4,no_activation
1000,13,94,2,0,5,9,3,6,6.0,0,2,no_activation
1000,13,99,2,1,3,9,6,3,3.0,0,2,single_or_few
1000,13,100,2,0,2,2,1,1,1.0,0,1,no_activation
1000,13,106,5,1,4,26,7,19,19.0,0,3,single_or_few
1000,13,109,5,1,44,19,7,12,12.0,0,4,single_or_few
1000,13,112,2,1,4,18,9,9,9.0,0,2,single_or_few
1000,13,114,2,1,2,9,6,3,3.0,0,1,single_or_few
1000,13,115,2,0,3,11,5,6,6.0,0,2,no_activation
1000,13,120,3,0,40,18,9,9,9.0,0,2,no_activation
1000,13,124,2,0,2,10,10,0,0.0,0,0,no_activation
1000,13,125,2,0,3,10,8,2,2.0,0,2,no_activation
1000,13,126,2,0,6,10,4,6,6.0,0,2,no_activation
1000,13,131,2,1,6,9,8,1,2.0,1,1,single_or_few
1000,13,135,5,1,41,28,14,14,14.0,0,2,single_or_few
1000,13,138,2,1,9,9,8,1,1.0,0,1,single_or_few
1000,13,147,4,0,40,25,6,19,19.0,0,2,no_activation
1000,13,152,4,0,16,15,15,0,0.0,0,0,no_activation
1000,13,153,3,0,23,12,8,4,4.0,0,1,no_activation
1000,13,170,5,0,34,27,20,7,7.0,0,1,no_activation
1000,13,171,5,0,15,22,19,3,3.0,0,1,no_activation
1000,13,172,2,0,2,11,11,0,0.0,0,0,no_activation
1000,13,173,2,0,2,9,4,5,5.0,0,1,no_activation
1000,13,174,2,0,2,9,8,1,1.0,0,1,no_activation
1000,13,177,4,0,2,16,16,0,0.0,0,0,no_activation
1000,13,181,2,0,7,9,8,1,1.0,0,1,no_activation
1000,13,184,5,0,31,24,21,3,3.0,0,1,no_activation
1000,13,185,5,0,31,21,16,5,5.0,0,1,no_activation
1000,13,188,5,0,29,22,22,0,0.0,0,0,no_activation
1000,13,189,5,1,29,21,21,0,0.0,0,0,single_or_few
1000,13,194,5,2,17,26,21,5,5.0,0,1,single_or_few
1000,13,195,2,0,3,9,7,2,2.0,0,1,no_activation
1000,13,196,3,0,2,13,13,0,0.0,0,0,no_activation
1000,13,201,4,0,24,19,19,0,0.0,0,0,no_activation
1000,13,202,5,0,24,21,21,0,0.0,0,0,no_activation
1000,13,206,2,0,5,8,8,0,0.0,0,0,no_activation
1000,13,221,2,0,4,9,4,5,5.0,0,1,no_activation
1000,13,222,5,0,19,22,22,0,0.0,0,0,no_activation
1000,13,224,5,0,18,18,18,0,0.0,0,0,no_activation
1000,13,231,2,0,3,9,9,0,0.0,0,0,no_activation
1000,13,232,2,0,4,9,9,0,0.0,0,0,no_activation
1000,13,236,2,0,3,10,10,0,0.0,0,0,no_activation
1000,13,238,2,0,3,10,10,0,0.0,0,0,no_activation
1000,13,239,4,0,15,15,15,0,0.0,0,0,no_activation
1000,13,251,5,0,13,22,22,0,0.0,0,0,no_activation
1000,13,259,2,0,6,10,10,0,0.0,0,0,no_activation
1000,13,261,2,0,9,11,11,0,0.0,0,0,no_activation
1000,13,263,3,0,10,16,16,0,0.0,0,0,no_activation
1000,13,264,3,0,10,17,17,0,0.0,0,0,no_activation
1000,13,270,2,0,3,11,11,0,0.0,0,0,no_activation
1000,13,272,4,0,8,19,19,0,0.0,0,0,no_activation
1000,13,275,2,0,3,9,9,0,0.0,0,0,no_activation
1000,13,278,4,0,3,19,19,0,0.0,0,0,no_activation
1000,13,280,2,0,2,10,10,0,0.0,0,0,no_activation
1000,13,282,4,0,2,16,16,0,0.0,0,0,no_activation
1000,13,286,2,0,2,9,9,0,0.0,0,0,no_activation
1000,14,5,5,1,18,38,4,34,34.0,0,11,single_or_few
1000,14,11,3,1,15,22,3,19,19.0,0,7,single_or_few
1000,14,16,5,1,22,39,4,35,35.0,0,11,single_or_few
1000,14,22,5,3,50,49,6,43,43.0,0,14,single_or_few
1000,14,23,4,1,50,36,8,28,28.0,0,12,single_or_few
1000,14,24,4,1,40,30,5,25,25.0,0,10,single_or_few
1000,14,50,3,0,2,7,4,3,3.0,0,1,no_activation
1000,14,65,4,2,50,34,3,31,31.0,0,9,single_or_few
1000,14,69,5,4,50,49,5,44,44.0,0,12,single_or_few
1000,14,70,3,2,24,21,5,16,16.0,0,7,single_or_few
1000,14,71,4,3,46,41,5,36,36.0,0,11,single_or_few
1000,14,72,5,2,50,40,6,34,34.0,0,10,single_or_few
1000,14,77,4,1,50,35,1,34,34.0,0,11,single_or_few
1000,14,85,3,1,50,21,3,18,18.0,0,8,single_or_few
1000,14,87,2,1,5,10,6,4,4.0,0,2,single_or_few
1000,14,88,2,0,8,12,0,12,12.0,0,6,no_activation
1000,14,92,4,1,5,11,3,8,8.0,0,4,single_or_few
1000,14,102,2,0,2,8,5,3,3.0,0,1,no_activation
1000,14,104,3,1,23,18,1,17,17.0,0,6,single_or_few
1000,14,108,3,0,5,13,4,9,9.0,0,4,no_activation
1000,14,110,5,2,47,26,3,23,23.0,0,7,single_or_few
1000,14,113,4,3,45,24,6,18,18.0,0,7,single_or_few
1000,14,114,3,2,45,23,4,19,19.0,0,7,single_or_few
1000,14,119,2,0,2,9,4,5,5.0,0,1,no_activation
1000,14,120,2,0,2,6,2,4,4.0,0,1,no_activation
1000,14,122,5,0,4,21,8,13,13.0,0,3,no_activation
1000,14,126,5,2,41,27,16,11,11.0,0,4,single_or_few
1000,14,129,2,0,6,10,10,0,0.0,0,0,no_activation
1000,14,130,2,0,2,7,7,0,0.0,0,0,no_activation
1000,14,133,2,0,2,11,9,2,2.0,0,1,no_activation
1000,14,135,2,0,4,9,9,0,0.0,0,0,no_activation
1000,14,136,2,0,3,9,6,3,3.0,0,2,no_activation
1000,14,137,5,0,39,22,5,17,17.0,0,2,no_activation
1000,14,138,3,1,7,16,12,4,5.0,1,1,single_or_few
1000,14,139,3,0,3,10,10,0,0.0,0,0,no_activation
1000,14,150,2,0,2,10,5,5,5.0,0,1,no_activation
1000,14,152,2,0,6,9,9,0,0.0,0,0,no_activation
1000,14,154,2,0,2,10,10,0,0.0,0,0,no_activation
1000,14,155,7,2,37,36,27,9,9.0,0,2,single_or_few
1000,14,156,3,0,3,14,14,0,0.0,0,0,no_activation
1000,14,157,3,0,9,16,11,5,5.0,0,1,no_activation
1000,14,158,2,1,17,8,6,2,2.0,0,1,single_or_few
1000,14,161,2,0,9,9,9,0,0.0,0,0,no_activation
1000,14,162,2,0,5,9,7,2,2.0,0,1,no_activation
1000,14,168,2,0,2,9,8,1,1.0,0,1,no_activation
1000,14,169,2,0,3,10,10,0,0.0,0,0,no_activation
1000,14,170,2,0,5,9,9,0,0.0,0,0,no_activation
1000,14,171,2,0,2,9,9,0,0.0,0,0,no_activation
1000,14,172,2,0,4,9,9,0,0.0,0,0,no_activation
1000,14,176,2,0,2,9,9,0,0.0,0,0,no_activation
1000,14,178,2,0,17,9,9,0,0.0,0,0,no_activation
1000,14,179,2,0,7,10,10,0,0.0,0,0,no_activation
1000,14,181,2,0,4,11,11,0,0.0,0,0,no_activation
1000,14,184,3,0,3,11,6,5,5.0,0,1,no_activation
1000,14,185,4,0,34,18,18,0,0.0,0,0,no_activation
1000,14,188,5,1,32,23,21,2,2.0,0,1,single_or_few
1000,14,189,4,0,32,24,13,11,11.0,0,1,no_activation
1000,14,193,2,0,6,9,9,0,0.0,0,0,no_activation
1000,14,196,5,0,30,20,20,0,0.0,0,0,no_activation
1000,14,197,3,0,24,13,8,5,5.0,0,1,no_activation
1000,14,199,2,0,6,10,10,0,0.0,0,0,no_activation
1000,14,203,3,0,3,17,14,3,3.0,0,1,no_activation
1000,14,206,2,0,8,8,8,0,0.0,0,0,no_activation
1000,14,207,3,1,4,20,18,2,2.0,0,1,single_or_few
1000,14,209,5,0,27,26,20,6,6.0,0,1,no_activation
1000,14,210,2,0,7,10,10,0,0.0,0,0,no_activation
1000,14,223,3,0,22,17,17,0,0.0,0,0,no_activation
1000,14,224,2,0,2,9,9,0,0.0,0,0,no_activation
1000,14,227,2,0,2,9,9,0,0.0,0,0,no_activation
1000,14,229,5,0,24,20,20,0,0.0,0,0,no_activation
1000,14,230,3,0,18,17,17,0,0.0,0,0,no_activation
1000,14,231,3,0,7,11,11,0,0.0,0,0,no_activation
1000,14,234,2,0,3,9,9,0,0.0,0,0,no_activation
1000,14,235,2,0,4,10,10,0,0.0,0,0,no_activation
1000,14,240,2,0,5,10,10,0,0.0,0,0,no_activation
1000,14,246,3,0,4,14,14,0,0.0,0,0,no_activation
1000,14,247,5,0,20,21,21,0,0.0,0,0,no_activation
1000,14,251,5,0,19,24,24,0,0.0,0,0,no_activation
1000,14,258,2,0,3,9,9,0,0.0,0,0,no_activation
1000,14,259,5,1,18,22,22,0,0.0,0,0,single_or_few
1000,14,260,3,0,2,17,17,0,0.0,0,0,no_activation
1000,14,266,4,0,3,17,17,0,0.0,0,0,no_activation
1000,14,267,5,0,4,32,32,0,0.0,0,0,no_activation
1000,14,273,2,0,3,9,9,0,0.0,0,0,no_activation
1000,14,274,2,0,3,9,9,0,0.0,0,0,no_activation
1000,14,275,2,0,5,9,9,0,0.0,0,0,no_activation
1000,14,279,2,0,3,10,10,0,0.0,0,0,no_activation
1000,14,280,2,0,6,9,9,0,0.0,0,0,no_activation
1000,14,282,2,0,3,9,9,0,0.0,0,0,no_activation
1000,14,285,4,0,14,18,18,0,0.0,0,0,no_activation
1000,14,286,2,0,4,11,11,0,0.0,0,0,no_activation
1000,14,287,2,0,2,11,11,0,0.0,0,0,no_activation
1000,14,290,2,0,6,9,9,0,0.0,0,0,no_activation
1000,14,293,5,0,11,31,31,0,0.0,0,0,no_activation
1000,14,294,3,0,11,17,12,5,5.0,0,1,no_activation
1000,14,295,2,0,2,11,11,0,0.0,0,0,no_activation
1000,14,296,2,0,5,10,10,0,0.0,0,0,no_activation
1000,14,298,2,0,2,8,8,0,0.0,0,0,no_activation
1000,14,303,2,0,4,11,11,0,0.0,0,0,no_activation
1000,14,305,2,0,3,8,8,0,0.0,0,0,no_activation
1000,14,310,4,0,2,21,21,0,0.0,0,0,no_activation
1000,14,314,2,0,3,9,9,0,0.0,0,0,no_activation
1000,14,317,3,0,7,18,18,0,0.0,0,0,no_activation
1000,14,318,3,0,5,17,17,0,0.0,0,0,no_activation
1000,14,319,3,0,6,18,18,0,0.0,0,0,no_activation
1000,14,320,5,0,6,22,22,0,0.0,0,0,no_activation
1000,14,322,2,0,2,11,11,0,0.0,0,0,no_activation
1000,14,330,4,0,4,18,18,0,0.0,0,0,no_activation
1000,14,337,5,0,3,21,21,0,0.0,0,0,no_activation
1000,14,339,5,0,2,21,21,0,0.0,0,0,no_activation
1000,14,340,4,0,2,17,17,0,0.0,0,0,no_activation
1000,14,342,2,0,2,11,11,0,0.0,0,0,no_activation
1000,15,15,2,1,4,5,2,3,3.0,0,1,single_or_few
1000,15,17,5,2,50,54,7,47,47.0,0,15,single_or_few
1000,15,18,5,3,50,51,6,45,47.0,1,15,single_or_few
1000,15,34,4,5,50,51,2,49,51.0,1,15,repeated_5plus
1000,15,43,5,5,50,47,6,41,41.0,0,14,repeated_5plus
1000,15,51,2,0,3,6,1,5,5.0,0,2,no_activation
1000,15,54,3,2,6,16,2,14,14.0,0,5,single_or_few
1000,15,55,5,1,50,40,4,36,36.0,0,10,single_or_few
1000,15,59,4,2,50,37,6,31,31.0,0,12,single_or_few
1000,15,60,2,1,4,6,3,3,3.0,0,1,single_or_few
1000,15,67,5,3,34,50,6,44,44.0,0,15,single_or_few
1000,15,68,5,3,50,49,4,45,47.0,1,14,single_or_few
1000,15,70,2,0,2,6,2,4,4.0,0,1,no_activation
1000,15,72,2,4,9,15,5,10,10.0,0,5,single_or_few
1000,15,73,2,0,3,8,3,5,5.0,0,2,no_activation
1000,15,74,3,4,49,28,5,23,25.0,1,8,single_or_few
1000,15,80,3,2,9,20,1,19,19.0,0,6,single_or_few
1000,15,84,2,0,5,10,1,9,9.0,0,3,no_activation
1000,15,86,4,1,47,24,8,16,16.0,0,7,single_or_few
1000,15,87,2,0,2,5,4,1,1.0,0,1,no_activation
1000,15,89,2,1,5,12,3,9,9.0,0,3,single_or_few
1000,15,91,2,0,5,12,1,11,11.0,0,3,no_activation
1000,15,92,2,0,2,5,4,1,1.0,0,1,no_activation
1000,15,103,2,0,2,7,6,1,1.0,0,1,no_activation
1000,15,105,2,0,2,9,6,3,3.0,0,1,no_activation
1000,15,106,2,0,4,9,3,6,6.0,0,3,no_activation
1000,15,110,2,0,5,9,3,6,6.0,0,2,no_activation
1000,15,111,3,1,2,6,5,1,1.0,0,1,single_or_few
1000,15,114,2,0,2,10,3,7,7.0,0,1,no_activation
1000,15,116,4,1,40,29,5,24,24.0,0,4,single_or_few
1000,15,117,2,0,6,9,9,0,0.0,0,0,no_activation
1000,15,125,4,0,3,18,18,0,0.0,0,0,no_activation
1000,15,129,4,0,9,20,12,8,8.0,0,2,no_activation
1000,15,130,2,0,3,8,8,0,0.0,0,0,no_activation
1000,15,133,2,0,4,9,6,3,3.0,0,1,no_activation
1000,15,135,2,0,2,10,9,1,1.0,0,1,no_activation
1000,15,137,2,0,4,9,9,0,0.0,0,0,no_activation
1000,15,138,2,1,7,14,10,4,4.0,0,2,single_or_few
1000,15,140,2,0,3,11,9,2,2.0,0,1,no_activation
1000,15,142,2,0,3,9,9,0,0.0,0,0,no_activation
1000,15,143,2,0,3,10,4,6,6.0,0,2,no_activation
1000,15,145,5,0,5,21,11,10,10.0,0,1,no_activation
1000,15,152,2,0,9,10,8,2,2.0,0,1,no_activation
1000,15,153,2,0,2,9,9,0,0.0,0,0,no_activation
1000,15,161,2,0,2,9,9,0,0.0,0,0,no_activation
1000,15,166,5,0,26,24,17,7,7.0,0,1,no_activation
1000,15,169,5,1,9,26,24,2,2.0,0,1,single_or_few
1000,15,176,5,0,24,20,19,1,1.0,0,1,no_activation
1000,15,177,4,0,24,25,24,1,1.0,0,1,no_activation
1000,15,178,5,0,24,23,19,4,4.0,0,1,no_activation
1000,15,179,5,0,24,21,16,5,5.0,0,1,no_activation
1000,15,181,2,0,2,10,10,0,0.0,0,0,no_activation
1000,15,185,3,0,11,17,8,9,9.0,0,1,no_activation
1000,15,187,3,0,2,12,12,0,0.0,0,0,no_activation
1000,15,189,4,0,20,26,25,1,1.0,0,1,no_activation
1000,15,190,5,0,20,23,23,0,0.0,0,0,no_activation
1000,15,191,3,0,16,17,13,4,4.0,0,1,no_activation
1000,15,193,2,0,2,10,10,0,0.0,0,0,no_activation
1000,15,194,5,0,3,20,20,0,0.0,0,0,no_activation
1000,15,197,5,0,17,23,23,0,0.0,0,0,no_activation
1000,15,198,2,0,4,10,10,0,0.0,0,0,no_activation
1000,15,200,2,0,6,9,9,0,0.0,0,0,no_activation
1000,15,207,2,0,3,10,10,0,0.0,0,0,no_activation
1000,15,210,2,0,3,9,9,0,0.0,0,0,no_activation
1000,15,215,2,0,2,9,9,0,0.0,0,0,no_activation
1000,15,217,3,1,9,19,19,0,0.0,0,0,single_or_few
1000,15,218,2,0,2,9,9,0,0.0,0,0,no_activation
1000,15,221,2,0,3,10,10,0,0.0,0,0,no_activation
1000,15,227,2,0,8,11,11,0,0.0,0,0,no_activation
1000,15,228,2,0,3,9,9,0,0.0,0,0,no_activation
1000,15,232,2,0,3,12,12,0,0.0,0,0,no_activation
1000,15,234,5,0,12,22,22,0,0.0,0,0,no_activation
1000,15,235,5,0,12,26,26,0,0.0,0,0,no_activation
1000,15,236,2,0,2,10,10,0,0.0,0,0,no_activation
1000,15,238,2,0,8,11,11,0,0.0,0,0,no_activation
1000,15,239,2,0,2,12,12,0,0.0,0,0,no_activation
1000,15,241,2,0,4,9,9,0,0.0,0,0,no_activation
1000,15,243,2,0,2,9,9,0,0.0,0,0,no_activation
1000,15,244,5,1,9,21,21,0,0.0,0,0,single_or_few
1000,15,248,2,0,4,9,9,0,0.0,0,0,no_activation
1000,15,250,2,0,2,11,11,0,0.0,0,0,no_activation
1000,15,253,2,0,3,10,10,0,0.0,0,0,no_activation
1000,15,254,3,0,7,17,17,0,0.0,0,0,no_activation
1000,15,259,5,0,6,20,20,0,0.0,0,0,no_activation
1000,15,260,2,0,2,9,9,0,0.0,0,0,no_activation
1000,15,262,2,0,3,10,10,0,0.0,0,0,no_activation
1000,15,264,2,0,2,11,11,0,0.0,0,0,no_activation
1000,15,266,2,0,5,9,9,0,0.0,0,0,no_activation
1000,15,267,4,0,5,24,24,0,0.0,0,0,no_activation
1000,15,271,2,0,3,10,10,0,0.0,0,0,no_activation
1000,15,273,5,0,5,21,21,0,0.0,0,0,no_activation
1000,15,274,5,0,4,21,21,0,0.0,0,0,no_activation
1000,15,275,3,0,4,15,15,0,0.0,0,0,no_activation
1000,15,277,2,0,3,9,9,0,0.0,0,0,no_activation
1000,15,278,2,0,4,10,10,0,0.0,0,0,no_activation
1000,15,283,2,0,2,11,11,0,0.0,0,0,no_activation
1000,15,286,2,0,3,10,10,0,0.0,0,0,no_activation
1000,15,291,2,0,3,9,9,0,0.0,0,0,no_activation
1000,15,295,3,0,2,18,18,0,0.0,0,0,no_activation
1000,16,0,4,2,9,23,1,22,22.0,0,7,single_or_few
1000,16,2,2,4,34,32,1,31,31.0,0,13,single_or_few
1000,16,8,2,1,4,10,2,8,8.0,0,2,single_or_few
1000,16,21,5,2,50,37,5,32,32.0,0,11,single_or_few
1000,16,29,4,3,50,46,1,45,45.0,0,15,single_or_few
1000,16,48,2,0,12,13,1,12,12.0,0,7,no_activation
1000,16,49,5,3,39,44,5,39,39.0,0,13,single_or_few
1000,16,70,2,0,3,7,4,3,3.0,0,2,no_activation
1000,16,72,5,3,50,43,8,35,35.0,0,13,single_or_few
1000,16,75,3,1,14,24,4,20,22.0,1,6,single_or_few
1000,16,76,5,0,7,26,9,17,17.0,0,5,no_activation
1000,16,79,2,1,2,1,0,1,1.0,1,0,single_or_few
1000,16,84,2,1,3,6,2,4,5.0,1,1,single_or_few
1000,16,87,2,0,4,9,6,3,3.0,0,1,no_activation
1000,16,91,3,2,2,9,6,3,3.0,0,1,single_or_few
1000,16,92,4,2,27,28,6,22,24.0,1,9,single_or_few
1000,16,93,3,0,3,8,3,5,5.0,0,2,no_activation
1000,16,96,2,2,17,12,9,3,3.0,0,2,single_or_few
1000,16,101,5,2,48,33,4,29,29.0,0,9,single_or_few
1000,16,102,2,0,2,5,3,2,2.0,0,1,no_activation
1000,16,103,5,3,12,38,9,29,29.0,0,11,single_or_few
1000,16,106,2,1,3,6,4,2,2.0,0,2,single_or_few
1000,16,107,5,2,45,34,8,26,28.0,1,7,single_or_few
1000,16,108,4,1,43,20,2,18,18.0,0,4,single_or_few
1000,16,110,2,0,2,5,3,2,2.0,0,1,no_activation
1000,16,111,4,1,42,22,10,12,12.0,0,4,single_or_few
1000,16,114,3,0,2,9,2,7,7.0,0,1,no_activation
1000,16,117,2,0,3,5,2,3,3.0,0,1,no_activation
1000,16,120,2,0,14,9,9,0,0.0,0,0,no_activation
1000,16,121,2,1,2,5,4,1,1.0,0,1,single_or_few
1000,16,123,2,0,2,10,5,5,5.0,0,1,no_activation
1000,16,126,2,1,8,10,8,2,2.0,0,1,single_or_few
1000,16,127,2,0,2,9,9,0,0.0,0,0,no_activation
1000,16,130,2,0,3,10,6,4,4.0,0,1,no_activation
1000,16,133,5,0,6,21,12,9,9.0,0,1,no_activation
1000,16,134,3,1,12,17,10,7,7.0,0,1,single_or_few
1000,16,135,5,1,37,33,18,15,15.0,0,4,single_or_few
1000,16,138,5,1,36,22,14,8,8.0,0,1,single_or_few
1000,16,142,2,1,2,10,7,3,3.0,0,1,single_or_few
1000,16,144,5,0,34,21,17,4,4.0,0,1,no_activation
1000,16,145,5,1,28,21,10,11,11.0,0,2,single_or_few
1000,16,148,5,0,13,21,13,8,8.0,0,2,no_activation
1000,16,150,2,0,5,10,10,0,0.0,0,0,no_activation
1000,16,151,2,1,2,9,7,2,2.0,0,1,single_or_few
1000,16,153,2,0,2,9,9,0,0.0,0,0,no_activation
1000,16,154,5,1,30,21,15,6,6.0,0,1,single_or_few
1000,16,155,3,1,4,17,15,2,2.0,0,1,single_or_few
1000,16,156,3,0,6,11,5,6,6.0,0,1,no_activation
1000,16,159,5,0,29,29,15,14,14.0,0,1,no_activation
1000,16,163,2,0,4,10,8,2,2.0,0,1,no_activation
1000,16,165,2,0,2,9,8,1,1.0,0,1,no_activation
1000,16,166,2,0,3,9,7,2,2.0,0,1,no_activation
1000,16,175,5,0,25,31,26,5,5.0,0,1,no_activation
1000,16,177,5,0,25,21,16,5,5.0,0,1,no_activation
1000,16,178,5,0,25,21,21,0,0.0,0,0,no_activation
1000,16,180,3,0,2,13,13,0,0.0,0,0,no_activation
1000,16,183,2,0,13,9,9,0,0.0,0,0,no_activation
1000,16,184,2,0,3,9,9,0,0.0,0,0,no_activation
1000,16,188,5,0,20,24,16,8,8.0,0,1,no_activation
1000,16,190,5,0,18,20,20,0,0.0,0,0,no_activation
1000,16,194,2,0,4,9,9,0,0.0,0,0,no_activation
1000,16,197,2,0,9,11,8,3,3.0,0,1,no_activation
1000,16,198,3,0,8,14,14,0,0.0,0,0,no_activation
1000,16,200,2,0,4,10,10,0,0.0,0,0,no_activation
1000,16,204,2,1,4,11,9,2,2.0,0,1,single_or_few
1000,16,206,5,0,14,22,22,0,0.0,0,0,no_activation
1000,16,208,5,0,4,21,18,3,3.0,0,1,no_activation
1000,16,211,5,0,6,21,21,0,0.0,0,0,no_activation
1000,16,214,2,0,10,9,9,0,0.0,0,0,no_activation
1000,16,215,2,0,6,9,9,0,0.0,0,0,no_activation
1000,16,220,2,0,2,10,10,0,0.0,0,0,no_activation
1000,16,223,2,0,2,9,9,0,0.0,0,0,no_activation
1000,16,229,2,0,3,11,9,2,2.0,0,1,no_activation
1000,16,230,2,0,7,10,10,0,0.0,0,0,no_activation
1000,16,232,2,0,3,10,10,0,0.0,0,0,no_activation
1000,16,234,2,0,6,10,8,2,2.0,0,1,no_activation
1000,16,235,5,0,7,31,31,0,0.0,0,0,no_activation
1000,16,236,2,0,3,9,9,0,0.0,0,0,no_activation
1000,16,238,2,0,2,9,9,0,0.0,0,0,no_activation
1000,16,239,2,0,3,10,10,0,0.0,0,0,no_activation
1000,16,243,2,0,6,12,12,0,0.0,0,0,no_activation
1000,16,246,3,0,4,15,15,0,0.0,0,0,no_activation
1000,16,247,2,0,3,10,10,0,0.0,0,0,no_activation
1000,16,248,2,0,2,10,10,0,0.0,0,0,no_activation
1000,16,249,3,0,3,13,13,0,0.0,0,0,no_activation
1000,16,251,2,0,3,10,10,0,0.0,0,0,no_activation
1000,17,0,4,2,50,38,5,33,33.0,0,7,single_or_few
1000,17,1,5,5,50,40,9,31,31.0,0,8,repeated_5plus
1000,17,2,4,1,50,28,7,21,21.0,0,5,single_or_few
1000,17,7,5,0,50,36,6,30,30.0,0,7,no_activation
1000,17,8,3,2,25,24,5,19,19.0,0,6,single_or_few
1000,17,30,5,3,50,44,5,39,39.0,0,9,single_or_few
1000,17,31,5,2,50,39,7,32,32.0,0,8,single_or_few
1000,17,32,5,3,50,50,4,46,46.0,0,10,single_or_few
1000,17,43,5,1,50,40,5,35,35.0,0,8,single_or_few
1000,17,45,2,1,16,20,3,17,17.0,0,6,single_or_few
1000,17,47,5,5,11,47,6,41,41.0,0,9,repeated_5plus
1000,17,48,5,1,50,36,6,30,30.0,0,8,single_or_few
1000,17,49,5,1,50,38,7,31,31.0,0,7,single_or_few
1000,17,56,5,1,50,34,10,24,24.0,0,8,single_or_few
1000,17,67,3,1,50,19,4,15,15.0,0,3,single_or_few
1000,17,74,5,0,6,23,3,20,20.0,0,4,no_activation
1000,17,75,3,0,17,20,4,16,16.0,0,5,no_activation
1000,17,76,3,1,6,22,1,21,21.0,0,5,single_or_few
1000,17,77,3,1,42,29,4,25,25.0,0,7,single_or_few
1000,17,79,2,0,6,13,4,9,9.0,0,3,no_activation
1000,17,82,2,2,38,18,3,15,15.0,0,6,single_or_few
1000,17,87,2,1,4,10,2,8,8.0,0,3,single_or_few
1000,17,103,2,0,3,9,3,6,6.0,0,2,no_activation
1000,17,104,5,3,47,29,11,18,18.0,0,5,single_or_few
1000,17,107,2,0,4,10,10,0,0.0,0,0,no_activation
1000,17,108,2,0,7,9,6,3,3.0,0,1,no_activation
1000,17,112,5,1,44,23,14,9,9.0,0,1,single_or_few
1000,17,114,2,0,2,9,9,0,0.0,0,0,no_activation
1000,17,118,3,0,3,14,9,5,5.0,0,1,no_activation
1000,17,119,5,1,9,21,17,4,4.0,0,1,single_or_few
1000,17,121,2,0,8,10,10,0,0.0,0,0,no_activation
1000,17,122,2,0,3,9,7,2,2.0,0,1,no_activation
1000,17,123,2,0,6,9,9,0,0.0,0,0,no_activation
1000,17,124,2,0,4,9,9,0,0.0,0,0,no_activation
1000,17,134,2,0,5,10,3,7,7.0,0,2,no_activation
1000,17,135,2,0,3,9,9,0,0.0,0,0,no_activation
1000,17,142,3,0,3,11,11,0,0.0,0,0,no_activation
1000,17,143,5,3,41,22,17,5,5.0,0,2,single_or_few
1000,17,144,5,0,36,23,13,10,10.0,0,1,no_activation
1000,17,145,3,0,9,11,11,0,0.0,0,0,no_activation
1000,17,146,4,0,3,22,16,6,6.0,0,1,no_activation
1000,17,151,2,0,5,9,9,0,0.0,0,0,no_activation
1000,17,155,2,0,9,9,9,0,0.0,0,0,no_activation
1000,17,156,2,0,2,8,8,0,0.0,0,0,no_activation
1000,17,157,4,1,8,27,19,8,8.0,0,1,single_or_few
1000,17,158,2,0,4,9,9,0,0.0,0,0,no_activation
1000,17,159,2,0,7,8,2,6,6.0,0,1,no_activation
1000,17,160,5,0,39,21,14,7,7.0,0,1,no_activation
1000,17,163,3,0,2,18,18,0,0.0,0,0,no_activation
1000,17,164,5,0,38,21,14,7,7.0,0,1,no_activation
1000,17,168,2,0,2,9,9,0,0.0,0,0,no_activation
1000,17,169,2,0,2,10,10,0,0.0,0,0,no_activation
1000,17,170,3,0,2,17,17,0,0.0,0,0,no_activation
1000,17,171,3,0,2,17,17,0,0.0,0,0,no_activation
1000,17,175,2,0,2,10,10,0,0.0,0,0,no_activation
1000,17,180,2,0,3,10,10,0,0.0,0,0,no_activation
1000,17,181,2,0,2,9,9,0,0.0,0,0,no_activation
1000,17,182,3,0,6,17,7,10,10.0,0,2,no_activation
1000,17,183,5,1,35,25,24,1,1.0,0,1,single_or_few
1000,17,184,5,0,34,31,30,1,1.0,0,1,no_activation
1000,17,185,3,0,10,12,12,0,0.0,0,0,no_activation
1000,17,186,2,0,2,12,12,0,0.0,0,0,no_activation
1000,17,187,2,1,6,16,10,6,6.0,0,2,single_or_few
1000,17,190,2,0,3,10,10,0,0.0,0,0,no_activation
1000,17,193,2,0,2,9,9,0,0.0,0,0,no_activation
1000,17,198,5,0,31,21,13,8,8.0,0,1,no_activation
1000,17,200,2,0,2,10,10,0,0.0,0,0,no_activation
1000,17,204,4,0,30,24,15,9,9.0,0,1,no_activation
1000,17,211,2,0,3,10,10,0,0.0,0,0,no_activation
1000,17,215,2,0,6,9,9,0,0.0,0,0,no_activation
1000,17,216,2,0,5,9,9,0,0.0,0,0,no_activation
1000,17,220,5,0,25,25,25,0,0.0,0,0,no_activation
1000,17,222,3,0,2,17,9,8,8.0,0,1,no_activation
1000,17,224,3,0,2,17,16,1,1.0,0,1,no_activation
1000,17,230,3,0,21,12,12,0,0.0,0,0,no_activation
1000,17,231,4,0,9,16,16,0,0.0,0,0,no_activation
1000,17,242,2,0,2,8,8,0,0.0,0,0,no_activation
1000,17,245,2,0,4,10,10,0,0.0,0,0,no_activation
1000,17,246,2,0,2,11,11,0,0.0,0,0,no_activation
1000,17,249,5,0,4,22,22,0,0.0,0,0,no_activation
1000,17,252,5,0,15,22,22,0,0.0,0,0,no_activation
1000,17,254,2,0,3,10,10,0,0.0,0,0,no_activation
1000,17,262,5,0,12,21,21,0,0.0,0,0,no_activation
1000,17,263,3,0,11,18,18,0,0.0,0,0,no_activation
1000,17,266,7,0,10,31,31,0,0.0,0,0,no_activation
1000,17,270,2,0,3,9,9,0,0.0,0,0,no_activation
1000,17,281,2,0,5,9,9,0,0.0,0,0,no_activation
1000,17,284,2,0,4,12,12,0,0.0,0,0,no_activation
1000,17,285,2,0,5,10,10,0,0.0,0,0,no_activation
1000,17,287,4,0,7,26,26,0,0.0,0,0,no_activation
1000,17,289,2,0,2,10,10,0,0.0,0,0,no_activation
1000,17,295,2,0,6,9,9,0,0.0,0,0,no_activation
1000,17,303,4,0,5,16,16,0,0.0,0,0,no_activation
1000,17,305,2,0,5,10,10,0,0.0,0,0,no_activation
1000,17,307,2,0,4,9,9,0,0.0,0,0,no_activation
1000,17,308,2,0,4,9,9,0,0.0,0,0,no_activation
1000,17,311,2,0,3,9,9,0,0.0,0,0,no_activation
1000,17,313,3,0,3,11,11,0,0.0,0,0,no_activation
1000,17,314,3,0,3,17,17,0,0.0,0,0,no_activation
1000,17,315,3,0,3,18,18,0,0.0,0,0,no_activation
1000,17,325,2,0,2,9,9,0,0.0,0,0,no_activation
1000,17,328,2,0,2,10,10,0,0.0,0,0,no_activation
1000,17,329,5,0,2,21,21,0,0.0,0,0,no_activation
1000,18,0,5,4,50,48,6,42,44.0,1,15,single_or_few
1000,18,5,5,1,50,34,5,29,29.0,0,9,single_or_few
1000,18,11,4,1,20,32,2,30,30.0,0,11,single_or_few
1000,18,23,5,2,50,44,7,37,39.0,1,11,single_or_few
1000,18,24,5,1,50,36,5,31,31.0,0,7,single_or_few
1000,18,26,5,1,3,16,8,8,8.0,0,2,single_or_few
1000,18,54,3,0,50,20,3,17,17.0,0,6,no_activation
1000,18,56,5,5,50,56,4,52,54.0,1,15,repeated_5plus
1000,18,58,5,1,50,38,5,33,33.0,0,10,single_or_few
1000,18,64,4,1,50,31,2,29,31.0,1,11,single_or_few
1000,18,88,4,0,50,28,9,19,19.0,0,6,no_activation
1000,18,91,2,0,3,5,4,1,1.0,0,1,no_activation
1000,18,99,4,0,2,9,5,4,4.0,0,1,no_activation
1000,18,101,5,1,50,36,5,31,31.0,0,8,single_or_few
1000,18,103,4,1,3,13,5,8,8.0,0,2,single_or_few
1000,18,104,2,0,2,8,4,4,4.0,0,1,no_activation
1000,18,106,3,0,2,11,7,4,4.0,0,1,no_activation
1000,18,107,5,0,49,21,8,13,13.0,0,3,no_activation
1000,18,108,2,0,4,9,4,5,5.0,0,2,no_activation
1000,18,110,2,0,5,9,2,7,7.0,0,1,no_activation
1000,18,113,5,3,48,29,6,23,23.0,0,6,single_or_few
1000,18,115,2,2,9,15,3,12,13.0,1,5,single_or_few
1000,18,116,2,0,7,9,4,5,5.0,0,1,no_activation
1000,18,118,2,1,5,9,3,6,6.0,0,3,single_or_few
1000,18,120,2,0,7,10,7,3,3.0,0,2,no_activation
1000,18,123,2,0,2,9,9,0,0.0,0,0,no_activation
1000,18,128,2,0,7,9,4,5,5.0,0,2,no_activation
1000,18,129,2,0,9,9,9,0,0.0,0,0,no_activation
1000,18,130,3,4,34,22,4,18,20.0,1,6,single_or_few
1000,18,134,4,0,23,17,6,11,11.0,0,3,no_activation
1000,18,135,5,4,43,32,12,20,20.0,0,8,single_or_few
1000,18,138,2,0,7,10,5,5,5.0,0,1,no_activation
1000,18,139,5,0,5,22,8,14,14.0,0,2,no_activation
1000,18,141,2,0,6,10,4,6,6.0,0,1,no_activation
1000,18,146,2,0,3,10,10,0,0.0,0,0,no_activation
1000,18,147,4,0,38,19,15,4,4.0,0,1,no_activation
1000,18,148,5,0,38,23,13,10,10.0,0,1,no_activation
1000,18,151,3,0,5,11,8,3,3.0,0,1,no_activation
1000,18,152,2,1,2,9,8,1,1.0,0,1,single_or_few
1000,18,156,5,1,35,19,13,6,6.0,0,1,single_or_few
1000,18,157,5,0,3,20,11,9,9.0,0,1,no_activation
1000,18,158,2,0,6,9,5,4,4.0,0,1,no_activation
1000,18,160,2,0,6,9,4,5,5.0,0,1,no_activation
1000,18,164,2,0,2,9,9,0,0.0,0,0,no_activation
1000,18,166,5,1,33,20,19,1,1.0,0,1,single_or_few
1000,18,167,2,0,8,9,9,0,0.0,0,0,no_activation
1000,18,169,2,0,22,9,8,1,1.0,0,1,no_activation
1000,18,172,2,0,8,9,9,0,0.0,0,0,no_activation
1000,18,174,2,0,13,9,9,0,0.0,0,0,no_activation
1000,18,177,5,0,32,20,11,9,9.0,0,1,no_activation
1000,18,179,3,0,12,17,12,5,5.0,0,1,no_activation
1000,18,183,3,0,12,13,13,0,0.0,0,0,no_activation
1000,18,185,2,0,5,9,9,0,0.0,0,0,no_activation
1000,18,186,2,0,10,9,9,0,0.0,0,0,no_activation
1000,18,188,5,0,29,25,19,6,6.0,0,1,no_activation
1000,18,191,2,1,6,13,10,3,3.0,0,2,single_or_few
1000,18,193,5,0,3,21,21,0,0.0,0,0,no_activation
1000,18,196,2,0,3,10,10,0,0.0,0,0,no_activation
1000,18,197,2,0,2,9,3,6,6.0,0,1,no_activation
1000,18,203,2,0,2,9,9,0,0.0,0,0,no_activation
1000,18,205,2,0,4,10,10,0,0.0,0,0,no_activation
1000,18,208,4,0,22,25,13,12,12.0,0,1,no_activation
1000,18,209,3,1,13,17,15,2,2.0,0,1,single_or_few
1000,18,213,2,0,2,10,10,0,0.0,0,0,no_activation
1000,18,219,2,0,3,11,11,0,0.0,0,0,no_activation
1000,18,221,5,0,20,22,22,0,0.0,0,0,no_activation
1000,18,222,4,0,7,15,15,0,0.0,0,0,no_activation
1000,18,230,5,0,17,21,21,0,0.0,0,0,no_activation
1000,18,233,2,1,4,10,10,0,0.0,0,0,single_or_few
1000,18,235,4,0,15,24,22,2,2.0,0,1,no_activation
1000,18,241,2,0,3,10,10,0,0.0,0,0,no_activation
1000,18,251,2,0,2,10,10,0,0.0,0,0,no_activation
1000,18,252,2,0,3,10,10,0,0.0,0,0,no_activation
1000,18,258,2,0,2,9,9,0,0.0,0,0,no_activation
1000,18,260,5,1,12,21,21,0,0.0,0,0,single_or_few
1000,18,263,4,0,3,19,19,0,0.0,0,0,no_activation
1000,18,267,2,0,8,11,11,0,0.0,0,0,no_activation
1000,18,269,2,0,4,9,9,0,0.0,0,0,no_activation
1000,18,273,2,0,2,9,8,1,1.0,0,1,no_activation
1000,18,275,2,0,2,10,10,0,0.0,0,0,no_activation
1000,18,277,2,0,2,10,10,0,0.0,0,0,no_activation
1000,18,284,5,0,9,23,23,0,0.0,0,0,no_activation
1000,18,286,5,0,8,21,21,0,0.0,0,0,no_activation
1000,18,288,2,0,3,9,9,0,0.0,0,0,no_activation
1000,18,289,2,0,3,12,12,0,0.0,0,0,no_activation
1000,18,294,5,0,3,21,21,0,0.0,0,0,no_activation
1000,18,295,4,0,3,26,26,0,0.0,0,0,no_activation
1000,18,296,2,0,2,12,12,0,0.0,0,0,no_activation
1000,18,298,5,0,2,32,32,0,0.0,0,0,no_activation
1000,18,299,2,0,2,11,11,0,0.0,0,0,no_activation
1000,18,303,5,0,2,22,22,0,0.0,0,0,no_activation
1000,18,304,5,0,2,33,33,0,0.0,0,0,no_activation
1000,19,2,5,2,50,44,6,38,38.0,0,10,single_or_few
1000,19,3,4,2,26,38,10,28,28.0,0,9,single_or_few
1000,19,4,2,2,8,14,0,14,16.0,1,5,single_or_few
1000,19,12,4,3,13,35,0,35,35.0,0,9,single_or_few
1000,19,24,3,2,37,26,2,24,24.0,0,8,single_or_few
1000,19,25,5,3,50,39,4,35,35.0,0,7,single_or_few
1000,19,29,6,2,50,44,8,36,36.0,0,8,single_or_few
1000,19,46,2,1,7,15,1,14,14.0,0,6,single_or_few
1000,19,52,5,2,24,36,9,27,27.0,0,9,single_or_few
1000,19,58,2,0,9,12,3,9,9.0,0,5,no_activation
1000,19,59,4,2,50,33,6,27,27.0,0,7,single_or_few
1000,19,63,2,0,2,6,5,1,1.0,0,1,no_activation
1000,19,64,5,0,50,33,4,29,29.0,0,7,no_activation
1000,19,65,4,0,3,10,4,6,6.0,0,2,no_activation
1000,19,71,4,2,50,36,9,27,27.0,0,8,single_or_few
1000,19,73,4,2,50,29,5,24,28.0,2,9,single_or_few
1000,19,75,2,1,6,15,2,13,13.0,0,5,single_or_few
1000,19,80,2,1,2,6,3,3,3.0,0,1,single_or_few
1000,19,82,2,1,2,4,4,0,0.0,0,0,single_or_few
1000,19,85,4,3,23,48,5,43,43.0,0,12,single_or_few
1000,19,88,2,0,2,3,2,1,1.0,0,1,no_activation
1000,19,89,2,2,12,19,4,15,15.0,0,9,single_or_few
1000,19,90,2,1,2,9,5,4,4.0,0,1,single_or_few
1000,19,97,2,0,2,8,4,4,4.0,0,1,no_activation
1000,19,99,2,0,5,9,6,3,3.0,0,2,no_activation
1000,19,100,2,0,5,11,10,1,1.0,0,1,no_activation
1000,19,102,2,0,7,9,4,5,5.0,0,2,no_activation
1000,19,106,5,1,46,30,7,23,23.0,0,5,single_or_few
1000,19,107,4,0,46,16,11,5,5.0,0,2,no_activation
1000,19,108,2,0,2,6,3,3,3.0,0,1,no_activation
1000,19,109,2,0,8,10,3,7,7.0,0,3,no_activation
1000,19,113,5,2,43,28,5,23,23.0,0,4,single_or_few
1000,19,114,2,0,4,13,6,7,7.0,0,1,no_activation
1000,19,118,2,0,2,9,8,1,1.0,0,1,no_activation
1000,19,119,2,0,2,9,5,4,4.0,0,1,no_activation
1000,19,120,2,0,4,10,7,3,3.0,0,1,no_activation
1000,19,123,2,0,4,9,9,0,0.0,0,0,no_activation
1000,19,124,2,0,8,10,3,7,7.0,0,2,no_activation
1000,19,125,2,0,3,12,6,6,6.0,0,2,no_activation
1000,19,126,2,0,6,10,4,6,6.0,0,1,no_activation
1000,19,128,5,0,42,20,14,6,6.0,0,1,no_activation
1000,19,129,3,0,2,17,8,9,9.0,0,1,no_activation
1000,19,130,2,1,3,10,8,2,2.0,0,2,single_or_few
1000,19,135,4,3,41,27,12,15,15.0,0,4,single_or_few
1000,19,136,2,0,2,10,7,3,3.0,0,1,no_activation
1000,19,138,2,0,12,10,6,4,4.0,0,1,no_activation
1000,19,142,2,0,5,9,9,0,0.0,0,0,no_activation
1000,19,143,2,0,2,9,9,0,0.0,0,0,no_activation
1000,19,146,5,0,20,21,21,0,0.0,0,0,no_activation
1000,19,147,5,0,38,22,15,7,7.0,0,1,no_activation
1000,19,148,5,1,38,31,11,20,20.0,0,3,single_or_few
1000,19,153,2,0,16,9,9,0,0.0,0,0,no_activation
1000,19,154,5,0,2,22,22,0,0.0,0,0,no_activation
1000,19,155,4,1,6,15,14,1,1.0,0,1,single_or_few
1000,19,157,2,0,7,9,9,0,0.0,0,0,no_activation
1000,19,159,3,0,3,14,14,0,0.0,0,0,no_activation
1000,19,169,5,0,11,21,21,0,0.0,0,0,no_activation
1000,19,172,2,0,2,10,10,0,0.0,0,0,no_activation
1000,19,173,2,0,6,10,10,0,0.0,0,0,no_activation
1000,19,178,2,0,5,9,8,1,1.0,0,1,no_activation
1000,19,179,3,0,6,14,14,0,0.0,0,0,no_activation
1000,19,182,3,0,3,16,14,2,2.0,0,1,no_activation
1000,19,183,3,0,2,17,17,0,0.0,0,0,no_activation
1000,19,184,2,0,6,9,9,0,0.0,0,0,no_activation
1000,19,187,2,0,6,10,9,1,1.0,0,1,no_activation
1000,19,190,2,0,9,10,10,0,0.0,0,0,no_activation
1000,19,191,2,0,4,9,9,0,0.0,0,0,no_activation
1000,19,194,3,0,26,16,16,0,0.0,0,0,no_activation
1000,19,195,5,0,25,23,20,3,3.0,0,1,no_activation
1000,19,197,2,0,3,9,9,0,0.0,0,0,no_activation
1000,19,201,2,0,3,11,11,0,0.0,0,0,no_activation
1000,19,202,2,0,6,9,9,0,0.0,0,0,no_activation
1000,19,203,2,0,2,9,9,0,0.0,0,0,no_activation
1000,19,204,2,0,3,9,9,0,0.0,0,0,no_activation
1000,19,205,2,0,3,9,9,0,0.0,0,0,no_activation
1000,19,207,2,0,3,8,8,0,0.0,0,0,no_activation
1000,19,208,2,0,5,9,9,0,0.0,0,0,no_activation
1000,19,212,2,0,4,10,10,0,0.0,0,0,no_activation
1000,19,214,4,0,19,17,17,0,0.0,0,0,no_activation
1000,19,217,5,0,9,23,23,0,0.0,0,0,no_activation
1000,19,218,2,0,2,10,10,0,0.0,0,0,no_activation
1000,19,219,2,0,3,9,9,0,0.0,0,0,no_activation
1000,19,221,5,0,16,26,20,6,6.0,0,1,no_activation
1000,19,223,2,0,2,9,9,0,0.0,0,0,no_activation
1000,19,224,2,0,4,8,8,0,0.0,0,0,no_activation
1000,19,225,2,0,3,9,8,1,1.0,0,1,no_activation
1000,19,228,4,0,14,18,18,0,0.0,0,0,no_activation
1000,19,234,2,0,2,10,10,0,0.0,0,0,no_activation
1000,19,236,2,0,6,9,8,1,1.0,0,1,no_activation
1000,19,239,4,0,14,18,18,0,0.0,0,0,no_activation
1000,19,240,5,0,12,21,21,0,0.0,0,0,no_activation
1000,19,242,4,0,2,21,21,0,0.0,0,0,no_activation
1000,19,245,4,0,9,16,15,1,1.0,0,1,no_activation
1000,19,246,5,0,9,30,30,0,0.0,0,0,no_activation
1000,19,250,3,0,8,17,17,0,0.0,0,0,no_activation
1000,19,251,3,0,8,11,11,0,0.0,0,0,no_activation
1000,19,252,3,0,4,18,18,0,0.0,0,0,no_activation
1000,19,255,5,0,2,21,21,0,0.0,0,0,no_activation
1000,19,261,5,0,2,32,32,0,0.0,0,0,no_activation
1000,19,262,5,0,6,21,21,0,0.0,0,0,no_activation
1000,19,264,2,0,5,10,10,0,0.0,0,0,no_activation
1000,20,0,3,3,17,24,7,17,17.0,0,6,single_or_few
1000,20,2,5,2,50,42,5,37,37.0,0,9,single_or_few
1000,20,23,5,0,50,35,6,29,29.0,0,5,no_activation
1000,20,24,5,4,50,47,9,38,38.0,0,9,single_or_few
1000,20,25,5,1,50,35,2,33,33.0,0,8,single_or_few
1000,20,33,5,2,50,36,6,30,30.0,0,6,single_or_few
1000,20,42,5,2,50,47,4,43,43.0,0,11,single_or_few
1000,20,45,5,1,32,44,1,43,43.0,0,10,single_or_few
1000,20,46,5,3,50,39,6,33,33.0,0,8,single_or_few
1000,20,54,5,2,50,42,11,31,31.0,0,9,single_or_few
1000,20,57,4,0,50,29,5,24,24.0,0,6,no_activation
1000,20,60,2,2,25,20,0,20,20.0,0,9,single_or_few
1000,20,71,2,1,31,13,1,12,12.0,0,3,single_or_few
1000,20,72,2,0,6,12,6,6,6.0,0,2,no_activation
1000,20,77,3,0,21,19,8,11,11.0,0,4,no_activation
1000,20,78,5,2,49,46,14,32,32.0,0,10,single_or_few
1000,20,80,2,1,2,5,4,1,1.0,0,1,single_or_few
1000,20,85,2,0,2,3,1,2,2.0,0,1,no_activation
1000,20,88,2,1,7,18,6,12,12.0,0,3,single_or_few
1000,20,89,4,1,19,24,8,16,16.0,0,4,single_or_few
1000,20,98,2,1,7,11,3,8,8.0,0,2,single_or_few
1000,20,100,5,2,48,25,4,21,21.0,0,3,single_or_few
1000,20,101,4,2,7,25,6,19,21.0,1,5,single_or_few
1000,20,102,2,2,22,20,9,11,11.0,0,5,single_or_few
1000,20,106,3,0,6,14,7,7,7.0,0,1,no_activation
1000,20,109,2,0,3,8,6,2,2.0,0,1,no_activation
1000,20,111,2,0,3,9,3,6,6.0,0,2,no_activation
1000,20,116,2,0,2,10,8,2,2.0,0,1,no_activation
1000,20,117,2,0,2,8,4,4,4.0,0,1,no_activation
1000,20,119,5,2,44,25,8,17,17.0,0,2,single_or_few
1000,20,120,5,3,44,21,12,9,11.0,1,3,single_or_few
1000,20,121,3,0,5,17,11,6,6.0,0,2,no_activation
1000,20,124,2,0,7,11,2,9,9.0,0,3,no_activation
1000,20,125,5,2,43,22,12,10,12.0,1,3,single_or_few
1000,20,127,2,0,3,11,9,2,2.0,0,1,no_activation
1000,20,128,5,1,41,22,13,9,9.0,0,3,single_or_few
1000,20,132,2,0,2,9,7,2,2.0,0,1,no_activation
1000,20,133,2,0,2,9,7,2,2.0,0,1,no_activation
1000,20,136,4,0,39,23,8,15,15.0,0,2,no_activation
1000,20,137,4,0,39,17,17,0,0.0,0,0,no_activation
1000,20,138,2,0,5,10,5,5,5.0,0,1,no_activation
1000,20,142,2,0,5,11,11,0,0.0,0,0,no_activation
1000,20,143,2,0,2,9,4,5,5.0,0,1,no_activation
1000,20,146,2,0,4,10,8,2,2.0,0,1,no_activation
1000,20,147,2,0,5,11,11,0,0.0,0,0,no_activation
1000,20,150,5,1,38,31,14,17,17.0,0,3,single_or_few
1000,20,154,2,0,3,10,8,2,2.0,0,1,no_activation
1000,20,155,2,0,3,11,10,1,1.0,0,1,no_activation
1000,20,157,2,0,2,11,8,3,3.0,0,1,no_activation
1000,20,159,2,0,3,9,9,0,0.0,0,0,no_activation
1000,20,160,2,0,2,9,9,0,0.0,0,0,no_activation
1000,20,161,4,0,36,19,10,9,9.0,0,1,no_activation
1000,20,164,2,0,2,8,8,0,0.0,0,0,no_activation
1000,20,166,2,0,4,10,10,0,0.0,0,0,no_activation
1000,20,167,2,0,2,10,8,2,2.0,0,1,no_activation
1000,20,173,2,0,2,10,9,1,1.0,0,1,no_activation
1000,20,174,2,0,5,9,9,0,0.0,0,0,no_activation
1000,20,175,3,0,2,14,14,0,0.0,0,0,no_activation
1000,20,177,2,0,3,9,9,0,0.0,0,0,no_activation
1000,20,185,5,0,31,20,20,0,0.0,0,0,no_activation
1000,20,186,2,0,6,10,8,2,2.0,0,1,no_activation
1000,20,187,5,0,31,20,20,0,0.0,0,0,no_activation
1000,20,188,4,0,30,18,18,0,0.0,0,0,no_activation
1000,20,191,2,0,2,11,11,0,0.0,0,0,no_activation
1000,20,192,2,0,3,10,10,0,0.0,0,0,no_activation
1000,20,194,2,0,2,9,7,2,2.0,0,1,no_activation
1000,20,199,2,0,8,10,10,0,0.0,0,0,no_activation
1000,20,200,2,0,2,11,11,0,0.0,0,0,no_activation
1000,20,202,2,0,5,10,10,0,0.0,0,0,no_activation
1000,20,203,2,0,2,13,8,5,5.0,0,1,no_activation
1000,20,207,2,0,2,11,11,0,0.0,0,0,no_activation
1000,20,209,4,0,29,24,24,0,0.0,0,0,no_activation
1000,20,211,2,0,2,9,9,0,0.0,0,0,no_activation
1000,20,214,4,0,2,24,24,0,0.0,0,0,no_activation
1000,20,215,4,0,4,25,20,5,5.0,0,1,no_activation
1000,20,218,2,0,2,9,9,0,0.0,0,0,no_activation
1000,20,221,2,0,3,9,9,0,0.0,0,0,no_activation
1000,20,222,4,0,27,25,21,4,4.0,0,1,no_activation
1000,20,223,5,0,3,21,21,0,0.0,0,0,no_activation
1000,20,224,2,0,4,9,9,0,0.0,0,0,no_activation
1000,20,227,5,0,26,21,21,0,0.0,0,0,no_activation
1000,20,234,2,0,2,9,9,0,0.0,0,0,no_activation
1000,20,239,2,0,4,9,9,0,0.0,0,0,no_activation
1000,20,241,2,0,3,10,10,0,0.0,0,0,no_activation
1000,20,242,2,0,4,9,9,0,0.0,0,0,no_activation
1000,20,243,2,0,2,10,10,0,0.0,0,0,no_activation
1000,20,247,5,0,7,21,21,0,0.0,0,0,no_activation
1000,20,248,2,0,3,9,9,0,0.0,0,0,no_activation
1000,20,250,2,0,2,9,9,0,0.0,0,0,no_activation
1000,20,252,2,0,2,12,11,1,1.0,0,1,no_activation
1000,20,253,2,0,2,12,12,0,0.0,0,0,no_activation
1000,20,259,5,0,23,21,21,0,0.0,0,0,no_activation
1000,20,266,5,0,22,26,18,8,8.0,0,1,no_activation
1000,20,269,2,0,2,10,10,0,0.0,0,0,no_activation
1000,20,275,4,0,8,18,18,0,0.0,0,0,no_activation
1000,20,277,2,0,5,9,9,0,0.0,0,0,no_activation
1000,20,282,2,0,7,11,11,0,0.0,0,0,no_activation
1000,20,284,2,0,3,11,10,1,1.0,0,1,no_activation
1000,20,285,5,0,20,21,21,0,0.0,0,0,no_activation
1000,20,286,4,0,20,24,24,0,0.0,0,0,no_activation
1000,20,287,2,1,2,10,10,0,0.0,0,0,single_or_few
1000,20,288,2,0,2,11,11,0,0.0,0,0,no_activation
1000,20,289,2,0,2,10,10,0,0.0,0,0,no_activation
1000,20,292,2,0,7,9,9,0,0.0,0,0,no_activation
1000,20,293,5,0,6,21,21,0,0.0,0,0,no_activation
1000,20,295,2,0,3,10,10,0,0.0,0,0,no_activation
1000,20,296,2,0,2,11,11,0,0.0,0,0,no_activation
1000,20,298,2,0,2,9,9,0,0.0,0,0,no_activation
1000,20,303,2,0,3,9,9,0,0.0,0,0,no_activation
1000,20,310,2,0,3,10,10,0,0.0,0,0,no_activation
1000,20,313,3,0,6,15,15,0,0.0,0,0,no_activation
1000,20,314,3,0,10,17,17,0,0.0,0,0,no_activation
1000,20,315,2,0,2,12,12,0,0.0,0,0,no_activation
1000,20,316,2,0,2,11,11,0,0.0,0,0,no_activation
1000,20,319,3,0,3,17,17,0,0.0,0,0,no_activation
1000,20,324,2,0,3,12,12,0,0.0,0,0,no_activation
1000,20,325,2,0,3,10,10,0,0.0,0,0,no_activation
1000,20,329,4,0,5,19,19,0,0.0,0,0,no_activation
1000,20,330,5,0,14,21,21,0,0.0,0,0,no_activation
1000,20,331,2,0,2,11,11,0,0.0,0,0,no_activation
1000,20,332,2,0,2,11,11,0,0.0,0,0,no_activation
1000,20,333,2,0,2,9,9,0,0.0,0,0,no_activation
1000,20,340,4,0,10,26,26,0,0.0,0,0,no_activation
1000,20,345,2,0,2,10,10,0,0.0,0,0,no_activation
1000,20,346,2,0,2,10,10,0,0.0,0,0,no_activation
1000,20,351,2,0,5,11,11,0,0.0,0,0,no_activation
1000,20,355,2,0,8,12,12,0,0.0,0,0,no_activation
1000,20,361,5,0,5,23,23,0,0.0,0,0,no_activation
1000,20,366,3,0,3,17,17,0,0.0,0,0,no_activation
1000,20,367,3,0,3,18,18,0,0.0,0,0,no_activation
1000,20,377,2,0,2,12,12,0,0.0,0,0,no_activation
1000,21,0,4,3,50,32,6,26,28.0,1,9,single_or_few
1000,21,5,4,0,40,29,4,25,25.0,0,6,no_activation
1000,21,11,5,3,50,60,8,52,52.0,0,15,single_or_few
1000,21,12,4,2,50,32,4,28,28.0,0,9,single_or_few
1000,21,31,5,6,50,62,7,55,57.0,1,16,repeated_5plus
1000,21,42,5,1,21,40,8,32,32.0,0,8,single_or_few
1000,21,43,4,3,50,34,4,30,30.0,0,10,single_or_few
1000,21,49,4,1,50,33,3,30,30.0,0,10,single_or_few
1000,21,50,4,1,50,37,4,33,33.0,0,11,single_or_few
1000,21,64,4,0,2,12,11,1,1.0,0,1,no_activation
1000,21,65,4,1,50,34,7,27,27.0,0,8,single_or_few
1000,21,78,2,1,4,7,3,4,4.0,0,2,single_or_few
1000,21,81,2,0,2,3,1,2,2.0,0,1,no_activation
1000,21,84,2,1,3,6,3,3,3.0,0,2,single_or_few
1000,21,85,2,1,3,8,3,5,5.0,0,2,single_or_few
1000,21,87,2,0,7,9,4,5,5.0,0,2,no_activation
1000,21,88,2,0,3,10,5,5,5.0,0,1,no_activation
1000,21,92,2,1,18,17,5,12,12.0,0,6,single_or_few
1000,21,94,5,3,44,43,5,38,38.0,0,9,single_or_few
1000,21,96,2,0,6,10,4,6,6.0,0,3,no_activation
1000,21,98,2,2,5,12,4,8,8.0,0,4,single_or_few
1000,21,100,5,1,47,22,7,15,17.0,1,5,single_or_few
1000,21,101,5,1,47,41,7,34,34.0,0,8,single_or_few
1000,21,102,3,0,13,17,6,11,11.0,0,3,no_activation
1000,21,104,2,0,12,12,2,10,10.0,0,3,no_activation
1000,21,108,2,2,6,15,5,10,12.0,1,3,single_or_few
1000,21,112,5,4,44,25,10,15,19.0,2,5,single_or_few
1000,21,115,3,0,6,18,9,9,9.0,0,2,no_activation
1000,21,118,2,2,5,22,6,16,16.0,0,4,single_or_few
1000,21,119,2,0,2,7,4,3,3.0,0,1,no_activation
1000,21,126,5,0,41,21,7,14,14.0,0,2,no_activation
1000,21,127,2,0,2,9,7,2,2.0,0,1,no_activation
1000,21,129,2,0,3,9,7,2,2.0,0,1,no_activation
1000,21,134,2,0,6,9,4,5,5.0,0,3,no_activation
1000,21,135,2,0,2,8,5,3,3.0,0,1,no_activation
1000,21,137,5,3,38,23,18,5,5.0,0,2,single_or_few
1000,21,139,2,0,3,9,7,2,2.0,0,1,no_activation
1000,21,140,2,0,6,10,8,2,2.0,0,1,no_activation
1000,21,142,2,0,2,10,5,5,5.0,0,1,no_activation
1000,21,147,2,0,3,10,8,2,2.0,0,1,no_activation
1000,21,153,2,0,6,9,8,1,1.0,0,1,no_activation
1000,21,154,5,1,35,25,15,10,10.0,0,2,single_or_few
1000,21,159,2,0,2,10,8,2,2.0,0,1,no_activation
1000,21,164,5,0,33,23,17,6,6.0,0,1,no_activation
1000,21,165,3,0,5,18,11,7,7.0,0,1,no_activation
1000,21,175,2,0,12,9,6,3,3.0,0,1,no_activation
1000,21,176,5,0,28,20,15,5,5.0,0,1,no_activation
1000,21,177,2,0,2,10,10,0,0.0,0,0,no_activation
1000,21,178,2,0,2,9,9,0,0.0,0,0,no_activation
1000,21,182,5,0,6,21,18,3,3.0,0,1,no_activation
1000,21,183,2,0,3,12,12,0,0.0,0,0,no_activation
1000,21,187,4,1,19,29,25,4,4.0,0,1,single_or_few
1000,21,188,2,0,4,10,8,2,2.0,0,1,no_activation
1000,21,194,5,1,24,22,21,1,1.0,0,1,single_or_few
1000,21,199,2,0,3,10,10,0,0.0,0,0,no_activation
1000,21,200,2,0,3,9,6,3,3.0,0,1,no_activation
1000,21,202,2,0,2,9,6,3,3.0,0,1,no_activation
1000,21,203,4,0,4,16,16,0,0.0,0,0,no_activation
1000,21,205,2,0,5,11,11,0,0.0,0,0,no_activation
1000,21,208,5,0,4,24,24,0,0.0,0,0,no_activation
1000,21,209,3,0,2,18,18,0,0.0,0,0,no_activation
1000,21,212,2,0,4,9,8,1,1.0,0,1,no_activation
1000,21,213,4,0,2,25,16,9,9.0,0,1,no_activation
1000,21,214,2,0,2,10,10,0,0.0,0,0,no_activation
1000,21,215,2,0,2,9,9,0,0.0,0,0,no_activation
1000,21,217,2,0,2,9,9,0,0.0,0,0,no_activation
1000,21,219,2,0,8,10,10,0,0.0,0,0,no_activation
1000,21,221,2,0,5,9,9,0,0.0,0,0,no_activation
1000,21,222,5,0,16,20,19,1,1.0,0,1,no_activation
1000,21,223,5,0,16,25,25,0,0.0,0,0,no_activation
1000,21,233,2,0,3,10,10,0,0.0,0,0,no_activation
1000,21,236,2,0,5,10,10,0,0.0,0,0,no_activation
1000,21,237,2,0,3,10,10,0,0.0,0,0,no_activation
1000,21,241,3,0,6,17,16,1,1.0,0,1,no_activation
1000,21,246,5,0,9,20,20,0,0.0,0,0,no_activation
1000,21,249,2,0,8,9,9,0,0.0,0,0,no_activation
1000,21,250,2,0,5,9,9,0,0.0,0,0,no_activation
1000,21,251,2,0,8,9,9,0,0.0,0,0,no_activation
1000,21,252,3,0,2,18,18,0,0.0,0,0,no_activation
1000,21,254,2,0,4,9,9,0,0.0,0,0,no_activation
1000,21,255,2,0,2,10,10,0,0.0,0,0,no_activation
1000,21,259,5,0,6,33,23,10,10.0,0,1,no_activation
1000,21,261,2,0,4,10,10,0,0.0,0,0,no_activation
1000,21,269,2,0,3,11,11,0,0.0,0,0,no_activation
1000,21,270,2,0,2,11,11,0,0.0,0,0,no_activation
1000,21,273,2,0,5,11,11,0,0.0,0,0,no_activation
1000,21,276,5,0,4,20,20,0,0.0,0,0,no_activation
1000,21,277,5,0,4,21,21,0,0.0,0,0,no_activation
1000,21,281,2,0,2,9,9,0,0.0,0,0,no_activation
1000,22,0,3,0,2,1,0,1,1.0,0,1,no_activation
1000,22,3,5,5,50,45,0,45,45.0,0,14,repeated_5plus
1000,22,9,5,2,30,42,5,37,39.0,1,12,single_or_few
1000,22,18,2,0,19,13,2,11,11.0,0,6,no_activation
1000,22,25,3,1,33,25,2,23,25.0,1,8,single_or_few
1000,22,29,2,0,5,9,2,7,7.0,0,2,no_activation
1000,22,46,5,2,50,48,3,45,45.0,0,14,single_or_few
1000,22,47,3,0,4,11,2,9,9.0,0,3,no_activation
1000,22,55,4,0,8,24,2,22,22.0,0,7,no_activation
1000,22,56,5,3,50,54,4,50,50.0,0,15,single_or_few
1000,22,60,2,1,4,8,4,4,4.0,0,3,single_or_few
1000,22,63,3,0,43,20,2,18,18.0,0,7,no_activation
1000,22,65,5,2,50,39,3,36,36.0,0,11,single_or_few
1000,22,73,4,1,50,34,3,31,31.0,0,10,single_or_few
1000,22,76,2,0,5,7,1,6,6.0,0,3,no_activation
1000,22,80,2,0,2,3,0,3,3.0,0,1,no_activation
1000,22,86,2,2,10,18,4,14,14.0,0,6,single_or_few
1000,22,88,3,0,4,13,4,9,9.0,0,3,no_activation
1000,22,89,4,2,47,27,5,22,22.0,0,6,single_or_few
1000,22,90,3,1,6,13,3,10,10.0,0,4,single_or_few
1000,22,92,2,0,2,6,3,3,3.0,0,1,no_activation
1000,22,93,5,7,30,33,3,30,30.0,0,10,repeated_5plus
1000,22,96,5,2,46,30,9,21,21.0,0,6,single_or_few
1000,22,98,3,3,16,29,4,25,27.0,1,7,single_or_few
1000,22,99,5,0,45,17,6,11,11.0,0,3,no_activation
1000,22,100,5,3,45,27,14,13,13.0,0,5,single_or_few
1000,22,101,2,0,3,9,4,5,5.0,0,1,no_activation
1000,22,104,5,0,44,24,9,15,15.0,0,3,no_activation
1000,22,107,2,0,4,9,4,5,5.0,0,3,no_activation
1000,22,108,5,1,41,22,6,16,16.0,0,2,single_or_few
1000,22,113,2,0,2,6,3,3,3.0,0,1,no_activation
1000,22,115,2,0,3,9,5,4,4.0,0,2,no_activation
1000,22,116,2,0,3,9,8,1,1.0,0,1,no_activation
1000,22,119,2,1,5,9,5,4,4.0,0,2,single_or_few
1000,22,120,2,0,30,9,5,4,4.0,0,2,no_activation
1000,22,121,2,0,2,10,6,4,4.0,0,1,no_activation
1000,22,123,2,1,4,12,3,9,9.0,0,3,single_or_few
1000,22,124,2,0,7,14,6,8,8.0,0,3,no_activation
1000,22,126,2,0,6,9,8,1,1.0,0,1,no_activation
1000,22,129,2,0,4,11,7,4,4.0,0,1,no_activation
1000,22,134,2,0,5,9,8,1,1.0,0,1,no_activation
1000,22,135,2,0,2,9,9,0,0.0,0,0,no_activation
1000,22,138,4,0,38,24,5,19,19.0,0,2,no_activation
1000,22,139,5,2,38,25,16,9,9.0,0,2,single_or_few
1000,22,141,2,0,3,10,10,0,0.0,0,0,no_activation
1000,22,142,2,0,6,12,9,3,3.0,0,1,no_activation
1000,22,144,2,0,3,12,12,0,0.0,0,0,no_activation
1000,22,145,2,0,3,8,3,5,5.0,0,1,no_activation
1000,22,146,2,0,2,8,7,1,1.0,0,1,no_activation
1000,22,149,3,0,2,16,6,10,10.0,0,1,no_activation
1000,22,159,2,1,7,15,9,6,6.0,0,2,single_or_few
1000,22,160,2,0,2,9,9,0,0.0,0,0,no_activation
1000,22,163,2,0,4,11,8,3,3.0,0,1,no_activation
1000,22,164,4,0,11,19,13,6,6.0,0,1,no_activation
1000,22,169,3,0,28,14,14,0,0.0,0,0,no_activation
1000,22,170,5,0,27,21,13,8,8.0,0,1,no_activation
1000,22,171,4,0,2,16,16,0,0.0,0,0,no_activation
1000,22,176,2,0,3,12,7,5,5.0,0,1,no_activation
1000,22,178,2,0,9,9,9,0,0.0,0,0,no_activation
1000,22,179,5,0,26,22,22,0,0.0,0,0,no_activation
1000,22,186,2,0,6,10,10,0,0.0,0,0,no_activation
1000,22,187,2,0,2,9,9,0,0.0,0,0,no_activation
1000,22,190,4,0,2,20,18,2,2.0,0,1,no_activation
1000,22,191,2,0,2,9,9,0,0.0,0,0,no_activation
1000,22,193,2,0,2,9,9,0,0.0,0,0,no_activation
1000,22,195,5,0,24,17,17,0,0.0,0,0,no_activation
1000,22,197,5,1,23,23,23,0,0.0,0,0,single_or_few
1000,22,198,2,0,2,9,9,0,0.0,0,0,no_activation
1000,22,200,2,0,3,8,7,1,1.0,0,1,no_activation
1000,22,204,5,0,4,21,21,0,0.0,0,0,no_activation
1000,22,205,5,0,22,22,22,0,0.0,0,0,no_activation
1000,22,208,4,0,5,18,18,0,0.0,0,0,no_activation
1000,22,209,4,1,21,21,19,2,2.0,0,1,single_or_few
1000,22,210,2,0,2,11,11,0,0.0,0,0,no_activation
1000,22,212,2,0,9,9,9,0,0.0,0,0,no_activation
1000,22,213,2,0,8,9,9,0,0.0,0,0,no_activation
1000,22,216,4,0,7,21,21,0,0.0,0,0,no_activation
1000,22,221,2,0,6,9,9,0,0.0,0,0,no_activation
1000,22,226,2,0,3,10,10,0,0.0,0,0,no_activation
1000,22,231,2,0,3,9,9,0,0.0,0,0,no_activation
1000,22,232,5,0,8,21,21,0,0.0,0,0,no_activation
1000,22,233,3,0,5,18,18,0,0.0,0,0,no_activation
1000,22,234,3,0,2,18,18,0,0.0,0,0,no_activation
1000,22,237,2,0,5,10,10,0,0.0,0,0,no_activation
1000,22,242,5,0,13,23,23,0,0.0,0,0,no_activation
1000,22,244,2,0,5,9,9,0,0.0,0,0,no_activation
1000,22,246,5,0,12,18,18,0,0.0,0,0,no_activation
1000,22,247,5,0,12,35,35,0,0.0,0,0,no_activation
1000,22,249,5,0,12,23,23,0,0.0,0,0,no_activation
1000,22,250,2,0,6,10,10,0,0.0,0,0,no_activation
1000,22,254,5,0,4,22,22,0,0.0,0,0,no_activation
1000,22,255,5,0,11,21,21,0,0.0,0,0,no_activation
1000,22,262,2,0,4,10,10,0,0.0,0,0,no_activation
1000,22,264,2,0,3,10,10,0,0.0,0,0,no_activation
1000,22,265,2,0,3,12,12,0,0.0,0,0,no_activation
1000,22,267,2,0,3,10,10,0,0.0,0,0,no_activation
1000,22,268,5,0,2,24,24,0,0.0,0,0,no_activation
1000,22,269,4,0,3,25,25,0,0.0,0,0,no_activation
1000,22,270,3,0,7,18,18,0,0.0,0,0,no_activation
1000,22,271,2,0,2,11,11,0,0.0,0,0,no_activation
1000,22,275,5,0,8,21,21,0,0.0,0,0,no_activation
1000,22,276,4,0,7,20,20,0,0.0,0,0,no_activation
1000,22,277,2,0,4,10,10,0,0.0,0,0,no_activation
1000,22,278,5,0,6,20,20,0,0.0,0,0,no_activation
1000,22,286,2,0,5,9,9,0,0.0,0,0,no_activation
1000,22,289,4,0,4,17,17,0,0.0,0,0,no_activation
1000,22,292,3,0,3,10,10,0,0.0,0,0,no_activation
1000,22,293,5,0,3,22,22,0,0.0,0,0,no_activation
1000,22,302,5,0,2,21,21,0,0.0,0,0,no_activation
1000,23,0,5,3,50,42,1,41,41.0,0,10,single_or_few
1000,23,14,4,1,10,30,2,28,28.0,0,7,single_or_few
1000,23,15,4,2,50,42,7,35,35.0,0,11,single_or_few
1000,23,28,2,0,7,13,1,12,12.0,0,5,no_activation
1000,23,43,5,2,43,36,7,29,29.0,0,8,single_or_few
1000,23,44,3,2,44,26,0,26,26.0,0,6,single_or_few
1000,23,47,2,1,5,7,2,5,5.0,0,2,single_or_few
1000,23,58,5,0,50,38,2,36,36.0,0,8,no_activation
1000,23,59,3,0,12,20,3,17,17.0,0,5,no_activation
1000,23,60,4,1,50,30,2,28,28.0,0,7,single_or_few
1000,23,66,4,1,45,40,0,40,40.0,0,9,single_or_few
1000,23,67,4,0,4,14,1,13,13.0,0,3,no_activation
1000,23,70,4,4,17,39,3,36,36.0,0,10,single_or_few
1000,23,79,2,0,4,9,3,6,6.0,0,2,no_activation
1000,23,81,5,3,50,31,5,26,26.0,0,10,single_or_few
1000,23,86,3,1,4,9,3,6,6.0,0,3,single_or_few
1000,23,88,2,2,2,6,5,1,1.0,0,1,single_or_few
1000,23,90,4,3,48,34,4,30,30.0,0,7,single_or_few
1000,23,95,2,0,2,6,4,2,2.0,0,1,no_activation
1000,23,98,2,0,2,8,5,3,3.0,0,1,no_activation
1000,23,103,2,1,4,9,4,5,5.0,0,3,single_or_few
1000,23,106,5,5,47,32,9,23,23.0,0,6,repeated_5plus
1000,23,108,4,0,2,11,8,3,3.0,0,1,no_activation
1000,23,109,4,4,35,41,9,32,32.0,0,8,single_or_few
1000,23,111,5,1,45,28,5,23,23.0,0,5,single_or_few
1000,23,112,5,2,44,29,14,15,15.0,0,4,single_or_few
1000,23,113,5,2,44,24,9,15,15.0,0,3,single_or_few
1000,23,114,3,0,30,17,11,6,6.0,0,2,no_activation
1000,23,117,4,2,43,24,12,12,14.0,1,4,single_or_few
1000,23,118,2,0,2,10,10,0,0.0,0,0,no_activation
1000,23,119,2,0,3,10,9,1,1.0,0,1,no_activation
1000,23,121,2,0,2,9,5,4,4.0,0,1,no_activation
1000,23,124,2,0,15,10,6,4,4.0,0,1,no_activation
1000,23,125,2,0,2,9,9,0,0.0,0,0,no_activation
1000,23,128,2,0,3,8,5,3,3.0,0,1,no_activation
1000,23,129,3,0,4,11,5,6,6.0,0,2,no_activation
1000,23,133,4,1,32,28,14,14,14.0,0,5,single_or_few
1000,23,135,2,0,5,10,10,0,0.0,0,0,no_activation
1000,23,139,2,0,2,9,8,1,1.0,0,1,no_activation
1000,23,144,5,0,37,31,17,14,14.0,0,2,no_activation
1000,23,148,2,0,2,8,6,2,2.0,0,1,no_activation
1000,23,150,2,0,16,9,9,0,0.0,0,0,no_activation
1000,23,151,2,0,2,10,10,0,0.0,0,0,no_activation
1000,23,153,2,0,2,9,9,0,0.0,0,0,no_activation
1000,23,158,4,0,35,19,19,0,0.0,0,0,no_activation
1000,23,162,2,0,2,9,9,0,0.0,0,0,no_activation
1000,23,163,2,0,3,9,9,0,0.0,0,0,no_activation
1000,23,164,2,0,2,10,10,0,0.0,0,0,no_activation
1000,23,165,3,0,8,18,8,10,10.0,0,2,no_activation
1000,23,166,2,0,4,10,10,0,0.0,0,0,no_activation
1000,23,167,2,0,9,9,9,0,0.0,0,0,no_activation
1000,23,169,2,0,4,10,10,0,0.0,0,0,no_activation
1000,23,175,5,0,28,21,20,1,1.0,0,1,no_activation
1000,23,176,2,0,2,10,10,0,0.0,0,0,no_activation
1000,23,179,2,0,24,11,11,0,0.0,0,0,no_activation
1000,23,180,2,0,5,10,10,0,0.0,0,0,no_activation
1000,23,186,5,0,2,21,15,6,6.0,0,1,no_activation
1000,23,187,3,0,2,18,18,0,0.0,0,0,no_activation
1000,23,189,2,0,2,11,11,0,0.0,0,0,no_activation
1000,23,195,4,0,3,23,23,0,0.0,0,0,no_activation
1000,23,196,5,0,23,20,20,0,0.0,0,0,no_activation
1000,23,199,2,0,2,9,9,0,0.0,0,0,no_activation
1000,23,203,2,0,3,9,7,2,2.0,0,1,no_activation
1000,23,205,3,1,23,13,11,2,2.0,0,1,single_or_few
1000,23,208,5,0,22,19,19,0,0.0,0,0,no_activation
1000,23,209,6,0,22,27,27,0,0.0,0,0,no_activation
1000,23,210,3,0,4,14,14,0,0.0,0,0,no_activation
1000,23,213,4,0,5,17,17,0,0.0,0,0,no_activation
1000,23,217,2,0,18,10,10,0,0.0,0,0,no_activation
1000,23,220,2,0,3,10,10,0,0.0,0,0,no_activation
1000,23,222,2,0,6,11,11,0,0.0,0,0,no_activation
1000,23,225,2,0,2,9,9,0,0.0,0,0,no_activation
1000,23,226,2,0,3,9,9,0,0.0,0,0,no_activation
1000,23,229,2,0,4,11,11,0,0.0,0,0,no_activation
1000,23,230,2,0,2,9,9,0,0.0,0,0,no_activation
1000,23,236,2,0,5,9,9,0,0.0,0,0,no_activation
1000,23,237,2,0,2,9,9,0,0.0,0,0,no_activation
1000,23,239,2,0,4,9,9,0,0.0,0,0,no_activation
1000,23,240,2,0,3,9,9,0,0.0,0,0,no_activation
1000,23,241,2,0,2,9,9,0,0.0,0,0,no_activation
1000,23,243,2,0,6,10,10,0,0.0,0,0,no_activation
1000,23,245,3,1,15,20,18,2,2.0,0,1,single_or_few
1000,23,246,4,0,15,21,21,0,0.0,0,0,no_activation
1000,23,247,2,0,15,10,10,0,0.0,0,0,no_activation
1000,23,249,2,0,2,10,10,0,0.0,0,0,no_activation
1000,23,251,2,0,5,12,12,0,0.0,0,0,no_activation
1000,23,252,2,0,6,10,10,0,0.0,0,0,no_activation
1000,23,254,3,0,2,14,14,0,0.0,0,0,no_activation
1000,23,256,2,0,3,9,9,0,0.0,0,0,no_activation
1000,23,260,2,0,3,9,9,0,0.0,0,0,no_activation
1000,23,262,4,0,8,25,25,0,0.0,0,0,no_activation
1000,23,263,5,0,2,31,31,0,0.0,0,0,no_activation
1000,23,264,2,0,4,11,11,0,0.0,0,0,no_activation
1000,23,266,2,0,3,11,11,0,0.0,0,0,no_activation
1000,23,272,2,0,6,9,9,0,0.0,0,0,no_activation
1000,23,273,3,0,3,18,18,0,0.0,0,0,no_activation
1000,23,274,5,0,7,19,19,0,0.0,0,0,no_activation
1000,23,276,2,0,7,10,10,0,0.0,0,0,no_activation
1000,23,278,2,0,6,10,10,0,0.0,0,0,no_activation
1000,23,284,2,0,3,8,8,0,0.0,0,0,no_activation
1000,23,285,2,0,3,8,8,0,0.0,0,0,no_activation
1000,23,289,4,0,8,19,19,0,0.0,0,0,no_activation
1000,23,290,3,0,7,18,18,0,0.0,0,0,no_activation
1000,23,292,2,0,3,11,11,0,0.0,0,0,no_activation
1000,23,294,2,0,3,10,10,0,0.0,0,0,no_activation
1000,23,304,5,0,2,22,22,0,0.0,0,0,no_activation
1000,23,305,8,0,3,42,42,0,0.0,0,0,no_activation
1000,23,307,2,0,3,10,10,0,0.0,0,0,no_activation
1000,23,313,3,0,2,18,18,0,0.0,0,0,no_activation
2500,0,0,5,11,50,66,3,63,69.0,3,23,repeated_5plus
2500,0,16,2,0,2,3,1,2,2.0,0,1,no_activation
2500,0,29,5,4,50,48,1,47,47.0,0,19,single_or_few
2500,0,30,3,3,34,38,0,38,38.0,0,16,single_or_few
2500,0,44,5,7,50,65,1,64,64.0,0,24,repeated_5plus
2500,0,45,3,5,26,42,2,40,40.0,0,19,repeated_5plus
2500,0,50,5,6,50,53,3,50,54.0,2,22,repeated_5plus
2500,0,74,5,7,50,67,2,65,67.0,1,23,repeated_5plus
2500,0,75,5,4,50,40,2,38,38.0,0,15,single_or_few
2500,0,80,2,1,3,6,1,5,5.0,0,2,single_or_few
2500,0,83,2,0,2,1,1,0,0.0,0,0,no_activation
2500,0,90,2,0,8,10,0,10,10.0,0,7,no_activation
2500,0,91,5,9,50,74,4,70,72.0,1,28,repeated_5plus
2500,0,92,2,0,2,5,1,4,4.0,0,1,no_activation
2500,0,114,5,4,49,42,2,40,40.0,0,15,single_or_few
2500,0,116,2,1,14,11,2,9,9.0,0,7,single_or_few
2500,0,118,5,4,48,50,1,49,53.0,2,18,single_or_few
2500,0,119,2,0,2,1,0,1,1.0,0,1,no_activation
2500,0,121,2,0,2,3,3,0,0.0,0,0,no_activation
2500,0,124,2,0,2,5,2,3,3.0,0,1,no_activation
2500,0,125,2,1,4,6,3,3,3.0,0,2,single_or_few
2500,0,126,2,1,4,7,3,4,5.0,1,2,single_or_few
2500,0,128,2,0,4,8,4,4,4.0,0,3,no_activation
2500,0,129,2,1,3,1,0,1,1.0,1,0,single_or_few
2500,0,132,2,2,3,5,4,1,1.0,1,0,single_or_few
2500,0,135,2,0,2,2,1,1,1.0,0,1,no_activation
2500,0,139,2,2,18,20,2,18,20.0,1,9,single_or_few
2500,0,143,5,2,3,14,7,7,7.0,0,2,single_or_few
2500,0,144,2,1,6,2,0,2,2.0,0,1,single_or_few
2500,0,154,5,5,42,52,4,48,50.0,1,13,repeated_5plus
2500,0,155,5,3,42,35,5,30,32.0,1,9,single_or_few
2500,0,156,5,3,41,36,7,29,29.0,0,7,single_or_few
2500,0,157,4,2,41,34,1,33,33.0,0,14,single_or_few
2500,0,158,2,0,6,8,4,4,4.0,0,3,no_activation
2500,0,160,2,1,2,4,3,1,1.0,0,1,single_or_few
2500,0,165,2,0,5,9,4,5,5.0,0,3,no_activation
2500,0,168,2,1,3,8,8,0,0.0,0,0,single_or_few
2500,0,172,5,3,36,35,3,32,32.0,0,6,single_or_few
2500,0,174,2,0,3,10,4,6,6.0,0,1,no_activation
2500,0,178,2,0,2,5,1,4,4.0,0,1,no_activation
2500,0,181,2,0,7,10,1,9,9.0,0,3,no_activation
2500,0,188,5,0,32,13,8,5,5.0,0,2,no_activation
2500,0,194,5,1,29,22,8,14,14.0,0,2,single_or_few
2500,0,196,3,1,5,13,4,9,10.0,1,1,single_or_few
2500,0,197,3,1,6,22,8,14,14.0,0,4,single_or_few
2500,0,198,2,0,3,9,4,5,5.0,0,2,no_activation
2500,0,199,2,1,4,9,7,2,3.0,1,1,single_or_few
2500,0,200,2,2,11,17,6,11,11.0,0,5,single_or_few
2500,0,204,2,0,2,9,9,0,0.0,0,0,no_activation
2500,0,208,4,3,28,27,3,24,26.0,1,8,single_or_few
2500,0,212,5,3,20,26,12,14,14.0,0,4,single_or_few
2500,0,217,2,0,2,9,4,5,5.0,0,1,no_activation
2500,0,221,2,0,4,9,5,4,4.0,0,2,no_activation
2500,0,222,2,1,11,11,5,6,6.0,0,2,single_or_few
2500,0,223,2,0,2,9,9,0,0.0,0,0,no_activation
2500,0,228,2,0,5,9,8,1,1.0,0,1,no_activation
2500,0,230,2,0,4,13,2,11,11.0,0,3,no_activation
2500,0,232,4,1,25,23,9,14,14.0,0,2,single_or_few
2500,0,238,2,0,2,8,5,3,3.0,0,1,no_activation
2500,0,240,2,0,2,9,9,0,0.0,0,0,no_activation
2500,0,244,2,0,3,9,9,0,0.0,0,0,no_activation
2500,0,245,5,2,23,20,13,7,7.0,0,2,single_or_few
2500,0,246,5,1,23,23,17,6,6.0,0,2,single_or_few
2500,0,250,2,0,2,9,8,1,1.0,0,1,no_activation
2500,0,254,2,0,2,9,9,0,0.0,0,0,no_activation
2500,0,256,2,0,3,10,10,0,0.0,0,0,no_activation
2500,0,257,4,1,20,27,14,13,13.0,0,3,single_or_few
2500,0,261,2,0,5,9,5,4,4.0,0,2,no_activation
2500,0,262,2,0,2,9,8,1,1.0,0,1,no_activation
2500,0,265,2,0,2,8,8,0,0.0,0,0,no_activation
2500,0,267,2,0,2,9,9,0,0.0,0,0,no_activation
2500,0,269,2,0,4,9,7,2,2.0,0,1,no_activation
2500,0,271,2,0,5,9,8,1,1.0,0,1,no_activation
2500,0,276,2,0,3,10,8,2,2.0,0,1,no_activation
2500,0,277,5,1,16,26,9,17,17.0,0,3,single_or_few
2500,0,278,4,0,12,15,13,2,2.0,0,1,no_activation
2500,0,279,2,0,5,9,5,4,4.0,0,1,no_activation
2500,0,281,2,0,4,9,7,2,2.0,0,2,no_activation
2500,0,284,2,0,2,9,8,1,1.0,0,1,no_activation
2500,0,288,5,0,7,23,16,7,7.0,0,1,no_activation
2500,0,289,5,0,15,20,11,9,9.0,0,1,no_activation
2500,0,294,5,0,12,20,20,0,0.0,0,0,no_activation
2500,0,298,2,0,3,8,8,0,0.0,0,0,no_activation
2500,0,304,5,0,9,20,16,4,4.0,0,1,no_activation
2500,0,311,2,0,4,10,7,3,3.0,0,1,no_activation
2500,0,316,2,0,2,8,8,0,0.0,0,0,no_activation
2500,0,317,5,0,6,20,14,6,6.0,0,1,no_activation
2500,0,318,5,0,6,22,22,0,0.0,0,0,no_activation
2500,0,320,5,0,6,23,18,5,5.0,0,1,no_activation
2500,0,321,2,0,3,9,4,5,5.0,0,2,no_activation
2500,0,323,2,0,2,9,9,0,0.0,0,0,no_activation
2500,0,325,2,0,4,9,9,0,0.0,0,0,no_activation
2500,0,327,2,0,4,10,10,0,0.0,0,0,no_activation
2500,0,328,2,0,3,9,9,0,0.0,0,0,no_activation
2500,0,329,2,0,3,9,9,0,0.0,0,0,no_activation
2500,0,333,4,0,3,16,15,1,1.0,0,1,no_activation
2500,0,334,2,0,2,8,7,1,1.0,0,1,no_activation
2500,1,0,5,8,50,64,2,62,66.0,2,22,repeated_5plus
2500,1,10,5,4,35,56,2,54,56.0,1,20,single_or_few
2500,1,19,5,6,50,54,0,54,54.0,0,19,repeated_5plus
2500,1,28,5,7,50,76,1,75,77.0,1,27,repeated_5plus
2500,1,29,2,0,2,6,4,2,2.0,0,1,no_activation
2500,1,34,4,4,50,31,2,29,31.0,1,11,single_or_few
2500,1,40,5,5,18,48,7,41,43.0,1,13,repeated_5plus
2500,1,41,5,4,50,42,4,38,40.0,1,15,single_or_few
2500,1,42,5,6,22,59,4,55,55.0,0,19,repeated_5plus
2500,1,44,4,5,50,49,3,46,46.0,0,17,repeated_5plus
2500,1,45,2,0,7,6,1,5,5.0,0,3,no_activation
2500,1,51,3,0,2,5,3,2,2.0,0,1,no_activation
2500,1,65,4,4,11,15,3,12,12.0,0,5,single_or_few
2500,1,66,3,6,41,28,1,27,29.0,1,11,repeated_5plus
2500,1,73,2,3,9,10,1,9,9.0,0,6,single_or_few
2500,1,80,2,1,2,2,2,0,0.0,0,0,single_or_few
2500,1,82,2,0,3,2,1,1,1.0,0,1,no_activation
2500,1,83,2,1,5,3,0,3,3.0,0,3,single_or_few
2500,1,87,2,0,3,7,5,2,2.0,0,2,no_activation
2500,1,89,2,1,3,9,5,4,4.0,0,2,single_or_few
2500,1,91,2,0,4,3,0,3,3.0,0,2,no_activation
2500,1,94,2,2,4,7,2,5,5.0,0,3,single_or_few
2500,1,97,2,0,2,3,2,1,1.0,0,1,no_activation
2500,1,103,2,0,3,6,2,4,4.0,0,2,no_activation
2500,1,105,2,0,5,4,3,1,1.0,0,1,no_activation
2500,1,111,3,2,8,19,1,18,18.0,0,5,single_or_few
2500,1,112,2,1,7,12,3,9,10.0,1,3,single_or_few
2500,1,113,4,2,7,23,6,17,17.0,0,5,single_or_few
2500,1,114,4,6,43,41,4,37,41.0,2,11,repeated_5plus
2500,1,118,2,0,2,3,3,0,0.0,0,0,no_activation
2500,1,124,2,0,2,5,5,0,0.0,0,0,no_activation
2500,1,127,2,1,5,9,5,4,4.0,0,1,single_or_few
2500,1,129,2,0,2,8,5,3,3.0,0,1,no_activation
2500,1,130,2,1,5,9,5,4,4.0,0,2,single_or_few
2500,1,133,2,0,2,7,4,3,3.0,0,1,no_activation
2500,1,138,5,4,39,38,7,31,31.0,0,10,single_or_few
2500,1,139,4,4,39,36,10,26,28.0,1,10,single_or_few
2500,1,141,3,1,4,13,3,10,10.0,0,3,single_or_few
2500,1,143,4,2,37,30,8,22,24.0,1,8,single_or_few
2500,1,144,3,1,23,24,5,19,19.0,0,7,single_or_few
2500,1,145,5,2,36,45,10,35,35.0,0,8,single_or_few
2500,1,146,4,0,36,15,5,10,10.0,0,1,no_activation
2500,1,150,2,0,2,8,5,3,3.0,0,1,no_activation
2500,1,153,5,0,5,21,5,16,16.0,0,4,no_activation
2500,1,154,3,0,7,18,7,11,11.0,0,3,no_activation
2500,1,160,2,1,2,10,7,3,3.0,0,1,single_or_few
2500,1,166,2,0,3,10,9,1,1.0,0,1,no_activation
2500,1,167,2,0,2,10,9,1,1.0,0,1,no_activation
2500,1,169,3,0,30,10,5,5,5.0,0,1,no_activation
2500,1,170,2,0,5,8,4,4,4.0,0,1,no_activation
2500,1,174,2,0,2,9,9,0,0.0,0,0,no_activation
2500,1,175,2,0,6,11,4,7,7.0,0,2,no_activation
2500,1,176,2,0,4,9,7,2,2.0,0,1,no_activation
2500,1,179,2,0,9,11,5,6,6.0,0,1,no_activation
2500,1,180,2,0,2,8,3,5,5.0,0,1,no_activation
2500,1,181,4,0,28,15,7,8,8.0,0,3,no_activation
2500,1,182,3,0,2,14,9,5,5.0,0,1,no_activation
2500,1,184,2,0,2,8,8,0,0.0,0,0,no_activation
2500,1,187,2,0,6,9,8,1,1.0,0,1,no_activation
2500,1,188,5,1,27,22,12,10,10.0,0,2,single_or_few
2500,1,189,2,0,8,9,8,1,1.0,0,1,no_activation
2500,1,190,2,0,4,9,5,4,4.0,0,2,no_activation
2500,1,191,5,2,26,26,11,15,15.0,0,4,single_or_few
2500,1,192,4,0,3,18,4,14,14.0,0,2,no_activation
2500,1,198,5,0,24,19,6,13,13.0,0,2,no_activation
2500,1,201,2,0,5,10,3,7,7.0,0,1,no_activation
2500,1,204,5,1,22,20,8,12,12.0,0,3,single_or_few
2500,1,205,2,0,2,9,6,3,3.0,0,1,no_activation
2500,1,206,2,0,2,4,2,2,2.0,0,1,no_activation
2500,1,207,2,0,6,8,8,0,0.0,0,0,no_activation
2500,1,209,5,0,19,24,7,17,17.0,0,2,no_activation
2500,1,211,2,0,2,10,7,3,3.0,0,1,no_activation
2500,1,212,2,0,4,8,8,0,0.0,0,0,no_activation
2500,1,216,2,0,4,9,9,0,0.0,0,0,no_activation
2500,1,219,2,0,4,8,7,1,1.0,0,1,no_activation
2500,1,223,2,0,15,9,8,1,1.0,0,1,no_activation
2500,1,224,2,0,10,9,7,2,2.0,0,1,no_activation
2500,1,226,3,0,3,11,10,1,1.0,0,1,no_activation
2500,1,229,2,0,3,8,7,1,1.0,0,1,no_activation
2500,1,232,2,0,4,8,8,0,0.0,0,0,no_activation
2500,1,234,2,0,3,8,5,3,3.0,0,1,no_activation
2500,1,236,4,1,13,17,11,6,6.0,0,2,single_or_few
2500,1,237,5,1,13,19,12,7,7.0,0,1,single_or_few
2500,1,238,2,0,3,9,4,5,5.0,0,2,no_activation
2500,1,241,2,0,3,10,5,5,5.0,0,2,no_activation
2500,1,245,5,0,11,32,15,17,17.0,0,2,no_activation
2500,1,249,5,1,9,23,14,9,9.0,0,2,single_or_few
2500,1,250,4,0,9,23,9,14,14.0,0,2,no_activation
2500,1,251,2,0,3,8,8,0,0.0,0,0,no_activation
2500,1,253,2,0,9,9,9,0,0.0,0,0,no_activation
2500,1,254,2,1,5,10,9,1,1.0,0,1,single_or_few
2500,1,256,2,0,5,9,6,3,3.0,0,1,no_activation
2500,1,257,5,1,9,23,11,12,12.0,0,2,single_or_few
2500,1,259,2,0,5,9,6,3,3.0,0,1,no_activation
2500,1,260,2,0,5,9,0,9,9.0,0,2,no_activation
2500,1,261,2,0,3,9,9,0,0.0,0,0,no_activation
2500,1,262,5,0,7,19,11,8,8.0,0,1,no_activation
2500,1,263,5,0,5,21,21,0,0.0,0,0,no_activation
2500,1,264,2,0,2,9,9,0,0.0,0,0,no_activation
2500,1,267,2,0,2,9,8,1,1.0,0,1,no_activation
2500,1,270,2,0,2,9,9,0,0.0,0,0,no_activation
2500,1,271,2,0,2,9,8,1,1.0,0,1,no_activation
2500,1,273,5,0,2,19,18,1,1.0,0,1,no_activation
2500,2,2,4,0,5,14,0,14,14.0,0,3,no_activation
2500,2,4,2,1,11,15,3,12,12.0,0,5,single_or_few
2500,2,8,5,8,50,72,2,70,72.0,1,26,repeated_5plus
2500,2,29,5,9,37,61,1,60,62.0,1,24,repeated_5plus
2500,2,30,5,6,50,62,2,60,62.0,1,18,repeated_5plus
2500,2,31,5,5,50,55,4,51,51.0,0,21,repeated_5plus
2500,2,32,5,9,29,65,2,63,65.0,1,23,repeated_5plus
2500,2,36,5,6,45,55,3,52,52.0,0,19,repeated_5plus
2500,2,37,3,5,50,42,0,42,42.0,0,22,repeated_5plus
2500,2,38,3,0,6,4,2,2,2.0,0,2,no_activation
2500,2,40,5,5,50,53,1,52,54.0,1,22,repeated_5plus
2500,2,44,2,0,4,3,1,2,2.0,0,2,no_activation
2500,2,51,4,2,24,29,2,27,29.0,1,11,single_or_few
2500,2,58,4,2,50,34,2,32,32.0,0,14,single_or_few
2500,2,59,2,0,2,2,2,0,0.0,0,0,no_activation
2500,2,73,3,0,3,3,2,1,1.0,0,1,no_activation
2500,2,75,5,1,50,47,2,45,45.0,0,16,single_or_few
2500,2,77,3,0,2,5,3,2,2.0,0,1,no_activation
2500,2,80,3,0,5,7,3,4,4.0,0,2,no_activation
2500,2,81,2,0,3,3,0,3,3.0,0,2,no_activation
2500,2,82,2,0,5,8,4,4,4.0,0,2,no_activation
2500,2,83,2,0,3,3,1,2,2.0,0,1,no_activation
2500,2,84,2,0,3,4,2,2,2.0,0,1,no_activation
2500,2,89,5,0,2,6,2,4,4.0,0,1,no_activation
2500,2,90,2,0,2,5,3,2,2.0,0,1,no_activation
2500,2,91,2,1,2,3,2,1,1.0,0,1,single_or_few
2500,2,92,2,1,13,12,2,10,10.0,0,7,single_or_few
2500,2,93,3,0,3,9,6,3,3.0,0,2,no_activation
2500,2,98,3,1,8,13,4,9,9.0,0,5,single_or_few
2500,2,99,2,1,4,5,3,2,2.0,0,2,single_or_few
2500,2,103,4,4,31,40,3,37,39.0,1,14,single_or_few
2500,2,107,2,2,5,12,6,6,6.0,0,3,single_or_few
2500,2,108,2,2,5,7,1,6,6.0,0,4,single_or_few
2500,2,109,2,1,2,4,2,2,2.0,0,1,single_or_few
2500,2,117,2,0,3,3,2,1,1.0,0,1,no_activation
2500,2,118,5,6,11,37,5,32,32.0,0,9,repeated_5plus
2500,2,119,5,3,42,44,11,33,33.0,0,11,single_or_few
2500,2,124,5,7,41,42,9,33,37.0,1,12,repeated_5plus
2500,2,135,5,0,3,15,6,9,9.0,0,2,no_activation
2500,2,136,5,0,4,19,12,7,7.0,0,2,no_activation
2500,2,139,2,0,13,9,5,4,4.0,0,2,no_activation
2500,2,142,3,1,12,22,5,17,17.0,0,5,single_or_few
2500,2,147,2,0,2,4,3,1,1.0,0,1,no_activation
2500,2,148,2,0,3,8,4,4,4.0,0,2,no_activation
2500,2,153,2,0,6,9,5,4,4.0,0,2,no_activation
2500,2,157,2,0,5,9,4,5,5.0,0,1,no_activation
2500,2,162,2,0,7,10,7,3,3.0,0,1,no_activation
2500,2,163,2,0,5,8,1,7,7.0,0,2,no_activation
2500,2,164,5,2,29,23,4,19,19.0,0,3,single_or_few
2500,2,170,2,1,4,8,3,5,5.0,0,1,single_or_few
2500,2,173,2,1,4,10,8,2,2.0,0,2,single_or_few
2500,2,178,5,1,14,22,12,10,10.0,0,2,single_or_few
2500,2,179,5,1,24,26,12,14,14.0,0,3,single_or_few
2500,2,180,3,0,6,17,9,8,8.0,0,3,no_activation
2500,2,182,3,0,23,17,5,12,12.0,0,1,no_activation
2500,2,186,2,0,4,9,4,5,5.0,0,2,no_activation
2500,2,189,2,0,5,10,2,8,8.0,0,2,no_activation
2500,2,191,2,0,4,8,6,2,2.0,0,1,no_activation
2500,2,192,5,1,22,25,12,13,13.0,0,3,single_or_few
2500,2,193,4,1,22,20,5,15,15.0,0,2,single_or_few
2500,2,194,2,0,2,5,2,3,3.0,0,1,no_activation
2500,2,199,2,2,5,14,8,6,6.0,0,2,single_or_few
2500,2,202,5,2,7,27,16,11,11.0,0,3,single_or_few
2500,2,205,2,0,5,9,9,0,0.0,0,0,no_activation
2500,2,206,2,2,7,13,8,5,7.0,1,3,single_or_few
2500,2,210,2,0,3,9,6,3,3.0,0,1,no_activation
2500,2,211,3,0,3,16,12,4,4.0,0,1,no_activation
2500,2,212,3,1,4,22,9,13,13.0,0,3,single_or_few
2500,2,213,2,0,2,8,7,1,1.0,0,1,no_activation
2500,2,214,2,1,6,10,8,2,2.0,0,1,single_or_few
2500,2,216,2,0,3,10,8,2,2.0,0,1,no_activation
2500,2,217,2,0,12,8,5,3,3.0,0,1,no_activation
2500,2,220,2,0,6,8,8,0,0.0,0,0,no_activation
2500,2,223,2,0,13,8,8,0,0.0,0,0,no_activation
2500,2,224,5,3,19,26,19,7,7.0,0,4,single_or_few
2500,2,227,2,0,3,10,6,4,4.0,0,1,no_activation
2500,2,228,3,1,10,14,12,2,2.0,0,2,single_or_few
2500,2,234,2,0,13,9,6,3,3.0,0,1,no_activation
2500,2,236,4,0,15,18,10,8,8.0,0,1,no_activation
2500,2,245,2,0,2,8,8,0,0.0,0,0,no_activation
2500,2,246,5,0,12,19,19,0,0.0,0,0,no_activation
2500,2,249,2,0,5,9,8,1,1.0,0,1,no_activation
2500,2,250,2,0,2,9,9,0,0.0,0,0,no_activation
2500,2,252,2,0,3,9,9,0,0.0,0,0,no_activation
2500,2,253,5,0,10,20,20,0,0.0,0,0,no_activation
2500,2,255,2,0,3,9,9,0,0.0,0,0,no_activation
2500,2,256,2,0,4,10,10,0,0.0,0,0,no_activation
2500,2,259,2,0,7,9,9,0,0.0,0,0,no_activation
2500,2,261,2,0,9,9,9,0,0.0,0,0,no_activation
2500,2,270,2,0,3,9,9,0,0.0,0,0,no_activation
2500,2,273,5,0,7,19,19,0,0.0,0,0,no_activation
2500,2,275,3,0,6,17,15,2,2.0,0,1,no_activation
2500,2,276,5,0,6,19,19,0,0.0,0,0,no_activation
2500,2,279,2,0,4,9,8,1,1.0,0,1,no_activation
2500,2,281,2,0,2,8,8,0,0.0,0,0,no_activation
2500,2,282,2,0,5,9,9,0,0.0,0,0,no_activation
2500,2,285,5,0,3,19,19,0,0.0,0,0,no_activation
2500,2,286,5,0,3,19,19,0,0.0,0,0,no_activation
2500,2,287,2,0,3,9,8,1,1.0,0,1,no_activation
2500,2,288,2,0,2,9,9,0,0.0,0,0,no_activation
2500,2,290,5,0,2,21,12,9,9.0,0,1,no_activation
2500,2,291,4,0,2,25,15,10,10.0,0,1,no_activation
2500,2,294,2,0,2,9,9,0,0.0,0,0,no_activation
2500,2,296,2,0,2,9,9,0,0.0,0,0,no_activation
2500,3,9,3,3,34,28,1,27,27.0,0,12,single_or_few
2500,3,19,4,5,50,49,0,49,49.0,0,21,repeated_5plus
2500,3,25,2,3,27,21,1,20,20.0,0,10,single_or_few
2500,3,32,2,0,4,4,1,3,3.0,0,3,no_activation
2500,3,38,5,4,50,44,2,42,46.0,1,20,single_or_few
2500,3,41,5,3,50,36,2,34,36.0,1,16,single_or_few
2500,3,42,5,8,50,64,2,62,64.0,1,24,repeated_5plus
2500,3,43,5,9,50,63,5,58,58.0,0,18,repeated_5plus
2500,3,44,5,4,37,55,1,54,54.0,0,19,single_or_few
2500,3,47,4,0,50,26,1,25,25.0,0,10,no_activation
2500,3,51,4,0,14,26,2,24,24.0,0,9,no_activation
2500,3,56,4,5,50,39,0,39,39.0,0,15,repeated_5plus
2500,3,64,5,2,47,36,0,36,36.0,0,17,single_or_few
2500,3,68,5,3,23,48,3,45,45.0,0,18,single_or_few
2500,3,79,5,1,7,17,2,15,15.0,0,5,single_or_few
2500,3,85,3,0,2,2,0,2,2.0,0,1,no_activation
2500,3,86,5,5,50,62,1,61,61.0,0,18,repeated_5plus
2500,3,90,2,1,8,9,1,8,8.0,0,4,single_or_few
2500,3,93,4,0,5,10,4,6,6.0,0,3,no_activation
2500,3,94,2,2,6,6,3,3,3.0,0,3,single_or_few
2500,3,95,2,0,4,7,2,5,5.0,0,3,no_activation
2500,3,97,2,0,3,2,1,1,1.0,0,1,no_activation
2500,3,98,4,1,2,5,2,3,3.0,0,1,single_or_few
2500,3,99,3,7,48,33,2,31,35.0,2,13,repeated_5plus
2500,3,102,2,0,2,1,1,0,0.0,0,0,no_activation
2500,3,106,3,0,5,8,2,6,6.0,0,3,no_activation
2500,3,107,2,0,2,6,2,4,4.0,0,1,no_activation
2500,3,108,2,0,2,4,2,2,2.0,0,1,no_activation
2500,3,110,2,0,2,3,1,2,2.0,0,1,no_activation
2500,3,112,2,0,2,7,4,3,3.0,0,1,no_activation
2500,3,113,2,1,4,9,5,4,4.0,0,1,single_or_few
2500,3,116,2,0,2,4,4,0,0.0,0,0,no_activation
2500,3,118,2,1,14,12,7,5,7.0,1,2,single_or_few
2500,3,120,5,3,42,28,3,25,25.0,0,7,single_or_few
2500,3,121,2,0,2,6,6,0,0.0,0,0,no_activation
2500,3,122,2,2,2,9,6,3,3.0,0,1,single_or_few
2500,3,126,2,0,3,5,2,3,3.0,0,2,no_activation
2500,3,128,2,0,3,8,3,5,5.0,0,2,no_activation
2500,3,129,3,5,30,38,8,30,32.0,1,10,repeated_5plus
2500,3,135,2,0,4,8,5,3,3.0,0,3,no_activation
2500,3,136,2,1,2,9,6,3,3.0,0,1,single_or_few
2500,3,139,2,1,3,2,0,2,2.0,0,2,single_or_few
2500,3,141,4,1,4,14,5,9,9.0,0,3,single_or_few
2500,3,142,2,3,7,11,5,6,6.0,0,4,single_or_few
2500,3,146,2,1,2,7,3,4,4.0,0,1,single_or_few
2500,3,147,2,0,2,8,6,2,2.0,0,1,no_activation
2500,3,149,4,0,4,16,4,12,12.0,0,2,no_activation
2500,3,153,2,0,2,8,5,3,3.0,0,1,no_activation
2500,3,157,2,1,3,7,4,3,3.0,0,2,single_or_few
2500,3,158,5,4,35,61,6,55,57.0,1,14,single_or_few
2500,3,159,5,1,3,22,9,13,13.0,0,2,single_or_few
2500,3,167,2,0,3,9,6,3,3.0,0,2,no_activation
2500,3,171,2,0,2,3,1,2,2.0,0,1,no_activation
2500,3,172,5,1,6,24,5,19,19.0,0,4,single_or_few
2500,3,173,2,0,2,8,4,4,4.0,0,1,no_activation
2500,3,175,2,1,3,12,11,1,1.0,0,1,single_or_few
2500,3,178,2,0,4,9,5,4,4.0,0,1,no_activation
2500,3,184,5,0,30,17,14,3,3.0,0,1,no_activation
2500,3,186,2,0,6,10,6,4,4.0,0,2,no_activation
2500,3,187,2,0,4,8,7,1,1.0,0,1,no_activation
2500,3,188,2,0,4,9,9,0,0.0,0,0,no_activation
2500,3,196,5,5,27,36,5,31,31.0,0,6,repeated_5plus
2500,3,199,2,3,6,8,6,2,2.0,0,1,single_or_few
2500,3,201,2,1,2,10,7,3,3.0,0,1,single_or_few
2500,3,205,2,1,3,9,6,3,3.0,0,1,single_or_few
2500,3,206,5,3,25,24,19,5,7.0,1,3,single_or_few
2500,3,207,3,0,5,14,9,5,5.0,0,2,no_activation
2500,3,211,2,0,3,8,8,0,0.0,0,0,no_activation
2500,3,212,2,0,2,10,7,3,3.0,0,1,no_activation
2500,3,217,5,0,22,23,9,14,14.0,0,2,no_activation
2500,3,218,5,0,22,19,17,2,2.0,0,1,no_activation
2500,3,219,3,0,4,15,9,6,6.0,0,2,no_activation
2500,3,220,3,0,21,17,7,10,10.0,0,2,no_activation
2500,3,221,2,0,2,10,4,6,6.0,0,1,no_activation
2500,3,223,2,0,15,13,7,6,6.0,0,1,no_activation
2500,3,225,2,0,2,8,7,1,1.0,0,1,no_activation
2500,3,230,2,2,20,20,11,9,9.0,0,5,single_or_few
2500,3,231,5,0,8,18,16,2,2.0,0,1,no_activation
2500,3,237,2,0,5,10,4,6,6.0,0,1,no_activation
2500,3,238,4,2,16,28,8,20,20.0,0,4,single_or_few
2500,3,240,2,0,3,9,9,0,0.0,0,0,no_activation
2500,3,243,2,0,8,9,9,0,0.0,0,0,no_activation
2500,3,248,2,0,4,9,4,5,5.0,0,1,no_activation
2500,3,249,2,0,3,9,4,5,5.0,0,1,no_activation
2500,3,250,2,0,7,9,9,0,0.0,0,0,no_activation
2500,3,254,2,0,2,9,8,1,1.0,0,1,no_activation
2500,3,257,2,1,9,11,8,3,3.0,0,3,single_or_few
2500,3,261,5,0,11,19,14,5,5.0,0,1,no_activation
2500,3,262,2,0,3,10,10,0,0.0,0,0,no_activation
2500,3,263,2,0,2,10,9,1,1.0,0,1,no_activation
2500,3,266,2,0,2,10,4,6,6.0,0,1,no_activation
2500,3,271,2,0,9,10,10,0,0.0,0,0,no_activation
2500,3,273,2,0,3,9,9,0,0.0,0,0,no_activation
2500,3,288,2,0,2,8,8,0,0.0,0,0,no_activation
2500,3,289,5,0,5,20,14,6,6.0,0,1,no_activation
2500,3,291,2,2,5,13,5,8,10.0,1,3,single_or_few
2500,3,294,2,0,3,8,8,0,0.0,0,0,no_activation
2500,3,295,2,0,4,10,9,1,1.0,0,1,no_activation
2500,3,299,2,0,3,8,8,0,0.0,0,0,no_activation
2500,3,301,2,0,3,9,9,0,0.0,0,0,no_activation
2500,3,305,5,1,2,20,19,1,1.0,0,1,single_or_few
2500,3,306,2,0,2,9,7,2,2.0,0,1,no_activation
2500,4,0,5,5,50,48,3,45,45.0,0,17,repeated_5plus
2500,4,12,4,1,50,32,1,31,31.0,0,13,single_or_few
2500,4,26,2,0,8,7,0,7,7.0,0,5,no_activation
2500,4,28,5,2,15,36,2,34,34.0,0,12,single_or_few
2500,4,29,5,1,50,37,1,36,36.0,0,14,single_or_few
2500,4,32,4,5,50,52,5,47,47.0,0,17,repeated_5plus
2500,4,43,4,4,31,47,1,46,48.0,1,18,single_or_few
2500,4,44,5,13,50,89,2,87,91.0,2,29,repeated_5plus
2500,4,52,2,0,9,12,1,11,11.0,0,6,no_activation
2500,4,60,5,3,50,36,4,32,34.0,1,12,single_or_few
2500,4,61,4,5,39,46,1,45,47.0,1,19,repeated_5plus
2500,4,63,2,2,14,10,3,7,9.0,1,6,single_or_few
2500,4,65,2,1,5,7,3,4,6.0,1,2,single_or_few
2500,4,68,2,1,16,12,5,7,9.0,1,4,single_or_few
2500,4,70,5,10,50,54,5,49,53.0,2,24,repeated_5plus
2500,4,72,5,4,50,27,4,23,25.0,1,9,single_or_few
2500,4,73,2,1,6,10,2,8,8.0,0,5,single_or_few
2500,4,79,5,8,48,53,3,50,52.0,1,20,repeated_5plus
2500,4,80,5,3,47,27,3,24,24.0,0,9,single_or_few
2500,4,81,5,4,41,45,3,42,42.0,0,14,single_or_few
2500,4,84,2,0,3,3,1,2,2.0,0,1,no_activation
2500,4,86,2,1,7,6,0,6,6.0,0,3,single_or_few
2500,4,87,2,0,4,7,3,4,4.0,0,2,no_activation
2500,4,88,5,3,17,28,3,25,25.0,0,10,single_or_few
2500,4,91,2,0,3,9,5,4,4.0,0,1,no_activation
2500,4,92,4,0,14,24,9,15,15.0,0,7,no_activation
2500,4,93,2,1,24,11,4,7,9.0,1,5,single_or_few
2500,4,94,2,1,7,8,3,5,5.0,0,2,single_or_few
2500,4,100,2,1,2,6,5,1,1.0,0,1,single_or_few
2500,4,101,2,1,3,3,2,1,1.0,0,1,single_or_few
2500,4,103,2,2,16,12,3,9,9.0,0,6,single_or_few
2500,4,107,2,1,6,12,4,8,8.0,0,4,single_or_few
2500,4,108,2,1,3,6,6,0,0.0,0,0,single_or_few
2500,4,110,4,1,41,20,8,12,12.0,0,4,single_or_few
2500,4,115,5,4,40,29,6,23,23.0,0,6,single_or_few
2500,4,117,2,0,6,10,3,7,7.0,0,3,no_activation
2500,4,118,5,4,39,33,3,30,30.0,0,11,single_or_few
2500,4,119,3,0,5,17,8,9,9.0,0,4,no_activation
2500,4,124,2,0,3,10,6,4,4.0,0,1,no_activation
2500,4,128,2,0,4,10,2,8,8.0,0,3,no_activation
2500,4,131,2,0,2,9,7,2,2.0,0,1,no_activation
2500,4,133,2,1,7,9,3,6,6.0,0,3,single_or_few
2500,4,135,2,2,2,6,4,2,2.0,0,1,single_or_few
2500,4,143,3,0,2,12,5,7,7.0,0,1,no_activation
2500,4,144,4,2,30,28,11,17,17.0,0,4,single_or_few
2500,4,145,5,4,34,36,8,28,30.0,1,7,single_or_few
2500,4,152,2,0,4,8,2,6,6.0,0,3,no_activation
2500,4,154,2,0,8,11,8,3,3.0,0,1,no_activation
2500,4,155,2,0,2,8,6,2,2.0,0,1,no_activation
2500,4,159,2,1,2,9,5,4,4.0,0,1,single_or_few
2500,4,164,4,2,32,19,11,8,8.0,0,3,single_or_few
2500,4,165,5,0,30,20,11,9,9.0,0,2,no_activation
2500,4,166,4,0,29,16,9,7,7.0,0,2,no_activation
2500,4,167,5,2,29,22,8,14,14.0,0,4,single_or_few
2500,4,169,2,0,2,9,9,0,0.0,0,0,no_activation
2500,4,171,5,2,28,26,12,14,14.0,0,4,single_or_few
2500,4,174,3,1,5,21,0,21,21.0,0,3,single_or_few
2500,4,175,2,0,2,8,4,4,4.0,0,1,no_activation
2500,4,177,2,1,3,10,7,3,3.0,0,2,single_or_few
2500,4,178,2,1,5,8,2,6,6.0,0,2,single_or_few
2500,4,181,5,2,26,19,5,14,14.0,0,2,single_or_few
2500,4,182,5,2,26,23,7,16,16.0,0,2,single_or_few
2500,4,185,2,0,4,10,2,8,8.0,0,2,no_activation
2500,4,186,2,0,7,9,9,0,0.0,0,0,no_activation
2500,4,189,2,2,2,11,8,3,3.0,0,1,single_or_few
2500,4,192,5,0,25,19,16,3,3.0,0,1,no_activation
2500,4,193,3,0,25,13,12,1,1.0,0,1,no_activation
2500,4,199,2,0,5,9,2,7,7.0,0,3,no_activation
2500,4,201,2,0,2,9,8,1,1.0,0,1,no_activation
2500,4,209,2,0,2,9,6,3,3.0,0,1,no_activation
2500,4,210,2,0,2,6,5,1,1.0,0,1,no_activation
2500,4,211,5,1,19,24,10,14,14.0,0,2,single_or_few
2500,4,212,2,0,2,7,6,1,1.0,0,1,no_activation
2500,4,214,5,0,18,19,10,9,9.0,0,1,no_activation
2500,4,215,2,0,2,9,9,0,0.0,0,0,no_activation
2500,4,217,2,0,2,9,4,5,5.0,0,1,no_activation
2500,4,222,2,0,3,8,6,2,2.0,0,1,no_activation
2500,4,226,2,0,2,9,9,0,0.0,0,0,no_activation
2500,4,232,5,1,16,24,20,4,4.0,0,1,single_or_few
2500,4,233,5,0,15,19,15,4,4.0,0,1,no_activation
2500,4,234,5,0,15,31,22,9,9.0,0,1,no_activation
2500,4,236,2,0,3,9,9,0,0.0,0,0,no_activation
2500,4,241,2,0,2,10,8,2,2.0,0,1,no_activation
2500,4,244,5,0,8,22,20,2,2.0,0,1,no_activation
2500,4,245,2,0,2,10,9,1,1.0,0,1,no_activation
2500,4,249,2,0,2,11,5,6,6.0,0,1,no_activation
2500,4,254,5,0,12,20,12,8,8.0,0,1,no_activation
2500,4,256,5,0,10,24,20,4,4.0,0,1,no_activation
2500,4,257,4,0,9,20,12,8,8.0,0,1,no_activation
2500,4,260,2,0,3,8,8,0,0.0,0,0,no_activation
2500,4,263,5,0,7,19,13,6,6.0,0,1,no_activation
2500,4,276,5,0,7,21,11,10,10.0,0,1,no_activation
2500,4,278,4,0,6,15,15,0,0.0,0,0,no_activation
2500,4,284,4,0,2,23,19,4,4.0,0,1,no_activation
2500,5,0,4,3,50,38,4,34,36.0,1,15,single_or_few
2500,5,1,2,0,4,4,0,4,4.0,0,2,no_activation
2500,5,16,3,3,50,20,1,19,19.0,0,8,single_or_few
2500,5,20,3,0,50,17,1,16,16.0,0,9,no_activation
2500,5,46,5,3,50,51,1,50,50.0,0,17,single_or_few
2500,5,47,4,0,4,4,1,3,3.0,0,2,no_activation
2500,5,67,5,5,50,42,4,38,40.0,1,16,repeated_5plus
2500,5,68,4,2,28,30,2,28,28.0,0,9,single_or_few
2500,5,72,5,4,50,57,3,54,56.0,1,20,single_or_few
2500,5,73,2,0,5,6,1,5,5.0,0,3,no_activation
2500,5,74,2,0,2,1,1,0,0.0,0,0,no_activation
2500,5,76,2,1,7,2,0,2,2.0,0,2,single_or_few
2500,5,77,5,4,40,43,0,43,43.0,0,18,single_or_few
2500,5,82,5,8,50,66,1,65,67.0,1,23,repeated_5plus
2500,5,83,5,8,50,65,1,64,66.0,1,23,repeated_5plus
2500,5,86,4,0,7,16,2,14,14.0,0,5,no_activation
2500,5,91,5,3,20,48,3,45,45.0,0,17,single_or_few
2500,5,92,5,4,50,28,1,27,29.0,1,12,single_or_few
2500,5,94,2,0,7,9,2,7,7.0,0,4,no_activation
2500,5,98,2,0,4,7,4,3,3.0,0,2,no_activation
2500,5,99,2,0,4,5,1,4,4.0,0,3,no_activation
2500,5,101,2,0,2,2,1,1,1.0,0,1,no_activation
2500,5,102,2,2,6,6,1,5,5.0,0,3,single_or_few
2500,5,107,5,1,7,19,2,17,17.0,0,5,single_or_few
2500,5,112,5,4,46,47,2,45,45.0,0,12,single_or_few
2500,5,113,5,1,36,28,4,24,24.0,0,10,single_or_few
2500,5,115,4,1,5,18,4,14,14.0,0,4,single_or_few
2500,5,116,4,1,6,22,5,17,17.0,0,5,single_or_few
2500,5,117,4,3,45,26,4,22,22.0,0,8,single_or_few
2500,5,118,2,0,2,3,2,1,1.0,0,1,no_activation
2500,5,124,5,6,44,40,5,35,37.0,1,13,repeated_5plus
2500,5,126,2,0,2,7,6,1,1.0,0,1,no_activation
2500,5,128,4,1,23,20,5,15,15.0,0,5,single_or_few
2500,5,129,5,2,43,29,4,25,25.0,0,8,single_or_few
2500,5,130,4,1,7,14,8,6,6.0,0,2,single_or_few
2500,5,131,4,1,15,17,6,11,11.0,0,4,single_or_few
2500,5,132,3,0,3,6,3,3,3.0,0,2,no_activation
2500,5,133,5,0,5,19,5,14,14.0,0,4,no_activation
2500,5,134,5,3,41,24,9,15,17.0,1,6,single_or_few
2500,5,140,2,0,4,8,6,2,2.0,0,1,no_activation
2500,5,142,5,3,38,26,6,20,20.0,0,6,single_or_few
2500,5,146,2,1,3,6,3,3,3.0,0,1,single_or_few
2500,5,148,5,3,35,38,10,28,28.0,0,4,single_or_few
2500,5,151,2,0,2,3,2,1,1.0,0,1,no_activation
2500,5,154,4,0,4,15,3,12,12.0,0,3,no_activation
2500,5,155,5,3,34,19,8,11,11.0,0,2,single_or_few
2500,5,156,4,3,33,22,8,14,16.0,1,6,single_or_few
2500,5,157,2,0,3,8,4,4,4.0,0,1,no_activation
2500,5,165,2,0,2,8,8,0,0.0,0,0,no_activation
2500,5,166,2,0,2,9,6,3,3.0,0,1,no_activation
2500,5,170,5,2,32,23,12,11,11.0,0,3,single_or_few
2500,5,173,2,0,8,9,5,4,4.0,0,2,no_activation
2500,5,178,2,0,3,9,9,0,0.0,0,0,no_activation
2500,5,179,2,0,2,6,3,3,3.0,0,1,no_activation
2500,5,180,4,0,4,18,12,6,6.0,0,2,no_activation
2500,5,181,5,3,30,38,10,28,28.0,0,5,single_or_few
2500,5,182,5,0,30,23,11,12,12.0,0,2,no_activation
2500,5,184,4,0,30,27,12,15,15.0,0,2,no_activation
2500,5,189,2,0,4,9,4,5,5.0,0,3,no_activation
2500,5,192,2,0,2,9,7,2,2.0,0,1,no_activation
2500,5,195,5,3,27,31,12,19,19.0,0,7,single_or_few
2500,5,202,2,0,6,9,7,2,2.0,0,1,no_activation
2500,5,203,4,0,2,11,8,3,3.0,0,1,no_activation
2500,5,204,2,0,2,9,5,4,4.0,0,1,no_activation
2500,5,206,5,0,7,21,13,8,8.0,0,2,no_activation
2500,5,210,2,0,4,10,9,1,1.0,0,1,no_activation
2500,5,218,4,1,15,17,8,9,9.0,0,1,single_or_few
2500,5,223,2,0,3,9,8,1,1.0,0,1,no_activation
2500,5,224,2,1,4,11,9,2,2.0,0,1,single_or_few
2500,5,227,2,0,10,8,7,1,1.0,0,1,no_activation
2500,5,231,2,0,5,9,4,5,5.0,0,3,no_activation
2500,5,234,2,0,4,11,10,1,1.0,0,1,no_activation
2500,5,236,6,2,12,34,13,21,21.0,0,4,single_or_few
2500,5,237,4,0,13,19,15,4,4.0,0,1,no_activation
2500,5,238,5,0,15,19,9,10,10.0,0,1,no_activation
2500,5,239,4,0,9,24,20,4,4.0,0,1,no_activation
2500,5,241,2,0,4,9,9,0,0.0,0,0,no_activation
2500,5,242,2,0,4,9,6,3,3.0,0,1,no_activation
2500,5,250,2,0,4,9,9,0,0.0,0,0,no_activation
2500,5,251,2,0,5,9,8,1,1.0,0,1,no_activation
2500,5,255,4,0,2,14,4,10,10.0,0,1,no_activation
2500,5,260,3,0,9,15,7,8,8.0,0,1,no_activation
2500,5,266,2,0,2,8,8,0,0.0,0,0,no_activation
2500,5,268,2,0,2,9,6,3,3.0,0,1,no_activation
2500,5,271,2,0,5,8,2,6,6.0,0,1,no_activation
2500,5,275,5,0,5,19,19,0,0.0,0,0,no_activation
2500,5,281,2,0,2,9,9,0,0.0,0,0,no_activation
2500,5,286,2,0,2,9,9,0,0.0,0,0,no_activation
2500,6,0,5,4,50,49,2,47,47.0,0,19,single_or_few
2500,6,7,5,4,50,46,3,43,43.0,0,19,single_or_few
2500,6,8,5,2,22,35,2,33,33.0,0,12,single_or_few
2500,6,17,5,8,50,63,1,62,66.0,2,25,repeated_5plus
2500,6,18,5,5,50,53,4,49,51.0,1,21,repeated_5plus
2500,6,19,3,2,16,27,0,27,27.0,0,13,single_or_few
2500,6,34,5,4,50,49,2,47,49.0,1,18,single_or_few
2500,6,41,5,2,15,27,3,24,24.0,0,12,single_or_few
2500,6,45,2,0,2,1,1,0,0.0,0,0,no_activation
2500,6,74,2,3,17,17,0,17,17.0,0,11,single_or_few
2500,6,79,2,1,4,5,1,4,4.0,0,2,single_or_few
2500,6,81,2,0,6,7,1,6,6.0,0,3,no_activation
2500,6,84,2,0,6,7,1,6,6.0,0,3,no_activation
2500,6,85,2,0,2,1,1,0,0.0,0,0,no_activation
2500,6,89,5,4,50,38,1,37,39.0,1,17,single_or_few
2500,6,94,4,2,6,17,3,14,14.0,0,5,single_or_few
2500,6,95,2,1,2,3,2,1,1.0,0,1,single_or_few
2500,6,101,4,3,29,37,2,35,37.0,1,13,single_or_few
2500,6,102,2,2,6,11,4,7,7.0,0,3,single_or_few
2500,6,104,5,6,44,63,3,60,60.0,0,22,repeated_5plus
2500,6,106,2,0,3,7,5,2,2.0,0,1,no_activation
2500,6,111,2,1,7,10,8,2,4.0,1,3,single_or_few
2500,6,112,2,1,2,7,5,2,2.0,0,1,single_or_few
2500,6,113,4,3,40,36,4,32,32.0,0,12,single_or_few
2500,6,114,4,2,43,36,4,32,32.0,0,16,single_or_few
2500,6,115,5,8,43,46,4,42,48.0,2,17,repeated_5plus
2500,6,121,5,1,41,28,6,22,22.0,0,7,single_or_few
2500,6,122,5,3,7,22,5,17,17.0,0,6,single_or_few
2500,6,123,5,3,41,35,2,33,37.0,2,10,single_or_few
2500,6,130,5,5,38,28,6,22,26.0,2,9,repeated_5plus
2500,6,131,4,6,38,49,4,45,45.0,0,11,repeated_5plus
2500,6,132,2,0,2,5,5,0,0.0,0,0,no_activation
2500,6,135,5,1,14,21,5,16,16.0,0,5,single_or_few
2500,6,144,2,0,7,9,3,6,6.0,0,2,no_activation
2500,6,145,4,0,2,8,3,5,5.0,0,1,no_activation
2500,6,147,2,0,4,9,6,3,3.0,0,1,no_activation
2500,6,149,2,0,2,7,4,3,3.0,0,1,no_activation
2500,6,150,2,0,5,8,7,1,1.0,0,1,no_activation
2500,6,151,2,0,2,9,6,3,3.0,0,1,no_activation
2500,6,152,4,1,11,18,5,13,15.0,1,4,single_or_few
2500,6,155,2,0,2,5,5,0,0.0,0,0,no_activation
2500,6,157,4,0,7,15,3,12,12.0,0,3,no_activation
2500,6,158,3,0,7,17,2,15,15.0,0,4,no_activation
2500,6,166,5,2,26,20,3,17,17.0,0,5,single_or_few
2500,6,171,5,2,24,41,7,34,34.0,0,7,single_or_few
2500,6,174,5,0,23,24,12,12,12.0,0,2,no_activation
2500,6,176,5,0,6,20,10,10,10.0,0,2,no_activation
2500,6,178,5,0,22,19,13,6,6.0,0,1,no_activation
2500,6,179,4,0,3,18,8,10,10.0,0,2,no_activation
2500,6,180,5,0,20,19,15,4,4.0,0,1,no_activation
2500,6,182,4,0,8,14,9,5,5.0,0,1,no_activation
2500,6,183,5,0,19,17,9,8,8.0,0,2,no_activation
2500,6,187,2,0,7,11,7,4,4.0,0,1,no_activation
2500,6,191,2,0,2,8,7,1,1.0,0,1,no_activation
2500,6,192,2,0,5,8,3,5,5.0,0,1,no_activation
2500,6,193,2,0,2,9,9,0,0.0,0,0,no_activation
2500,6,195,4,0,2,21,12,9,9.0,0,1,no_activation
2500,6,197,4,1,13,21,4,17,17.0,0,5,single_or_few
2500,6,198,4,0,11,24,14,10,10.0,0,1,no_activation
2500,6,199,3,0,4,13,9,4,4.0,0,1,no_activation
2500,6,200,2,0,2,9,3,6,6.0,0,1,no_activation
2500,6,205,2,0,7,8,6,2,2.0,0,1,no_activation
2500,6,206,3,0,7,14,5,9,9.0,0,2,no_activation
2500,6,207,4,1,10,31,13,18,18.0,0,4,single_or_few
2500,6,211,2,0,2,9,7,2,2.0,0,1,no_activation
2500,6,212,2,0,7,9,9,0,0.0,0,0,no_activation
2500,6,215,3,0,2,10,10,0,0.0,0,0,no_activation
2500,6,216,5,0,9,20,7,13,13.0,0,2,no_activation
2500,6,217,4,0,9,16,10,6,6.0,0,2,no_activation
2500,6,219,5,0,8,20,16,4,4.0,0,1,no_activation
2500,6,220,3,0,7,15,5,10,10.0,0,1,no_activation
2500,6,221,2,0,7,8,3,5,5.0,0,2,no_activation
2500,6,222,2,1,3,8,5,3,3.0,0,1,single_or_few
2500,6,231,2,0,3,8,3,5,5.0,0,2,no_activation
2500,7,15,5,4,18,26,3,23,25.0,1,11,single_or_few
2500,7,24,5,3,33,46,1,45,45.0,0,22,single_or_few
2500,7,25,5,6,50,90,3,87,87.0,0,34,repeated_5plus
2500,7,32,4,4,21,32,1,31,35.0,2,14,single_or_few
2500,7,37,5,3,50,38,1,37,37.0,0,17,single_or_few
2500,7,38,4,2,14,18,2,16,16.0,0,11,single_or_few
2500,7,47,5,4,50,42,1,41,41.0,0,18,single_or_few
2500,7,49,5,2,19,23,1,22,22.0,0,12,single_or_few
2500,7,50,5,5,50,53,1,52,56.0,2,25,repeated_5plus
2500,7,57,5,1,5,7,2,5,5.0,0,4,single_or_few
2500,7,58,2,1,8,9,3,6,6.0,0,4,single_or_few
2500,7,62,5,8,48,48,3,45,47.0,1,23,repeated_5plus
2500,7,67,5,5,47,43,3,40,40.0,0,17,repeated_5plus
2500,7,71,2,0,2,1,1,0,0.0,0,0,no_activation
2500,7,72,2,1,2,3,2,1,1.0,0,1,single_or_few
2500,7,73,4,0,6,11,1,10,10.0,0,4,no_activation
2500,7,74,2,1,4,7,4,3,3.0,0,3,single_or_few
2500,7,76,2,1,10,11,4,7,7.0,0,5,single_or_few
2500,7,83,5,3,40,45,2,43,43.0,0,14,single_or_few
2500,7,84,5,5,39,43,2,41,41.0,0,15,repeated_5plus
2500,7,85,4,1,36,26,2,24,24.0,0,11,single_or_few
2500,7,86,3,1,2,7,5,2,2.0,0,1,single_or_few
2500,7,87,5,2,37,30,9,21,21.0,0,7,single_or_few
2500,7,88,2,1,16,20,3,17,19.0,1,6,single_or_few
2500,7,92,2,0,5,11,3,8,8.0,0,3,no_activation
2500,7,99,2,0,2,6,5,1,1.0,0,1,no_activation
2500,7,103,2,1,7,9,6,3,3.0,0,1,single_or_few
2500,7,104,3,4,33,31,5,26,28.0,1,12,single_or_few
2500,7,106,2,0,3,11,2,9,9.0,0,2,no_activation
2500,7,107,2,0,2,8,5,3,3.0,0,1,no_activation
2500,7,108,2,0,8,9,2,7,7.0,0,3,no_activation
2500,7,110,2,1,2,5,2,3,3.0,0,1,single_or_few
2500,7,111,2,0,4,8,2,6,6.0,0,3,no_activation
2500,7,113,5,2,29,33,5,28,28.0,0,8,single_or_few
2500,7,114,2,0,2,6,3,3,3.0,0,1,no_activation
2500,7,120,2,1,2,8,8,0,0.0,0,0,single_or_few
2500,7,123,2,0,3,5,3,2,2.0,0,1,no_activation
2500,7,127,5,3,27,22,6,16,16.0,0,5,single_or_few
2500,7,128,4,3,27,35,6,29,29.0,0,6,single_or_few
2500,7,129,2,0,2,3,2,1,1.0,0,1,no_activation
2500,7,132,4,1,8,20,7,13,13.0,0,3,single_or_few
2500,7,133,3,1,25,20,5,15,15.0,0,5,single_or_few
2500,7,137,2,0,6,9,7,2,2.0,0,2,no_activation
2500,7,138,3,0,23,14,5,9,9.0,0,2,no_activation
2500,7,141,2,0,4,8,4,4,4.0,0,2,no_activation
2500,7,142,2,0,3,8,3,5,5.0,0,2,no_activation
2500,7,145,2,0,2,9,9,0,0.0,0,0,no_activation
2500,7,146,2,0,7,10,5,5,5.0,0,3,no_activation
2500,7,149,2,0,2,10,7,3,3.0,0,1,no_activation
2500,7,152,5,1,6,23,6,17,17.0,0,3,single_or_few
2500,7,153,2,0,5,10,9,1,1.0,0,1,no_activation
2500,7,156,2,0,7,9,8,1,1.0,0,1,no_activation
2500,7,157,2,0,3,9,6,3,3.0,0,2,no_activation
2500,7,159,2,0,3,9,6,3,3.0,0,1,no_activation
2500,7,161,2,0,4,9,9,0,0.0,0,0,no_activation
2500,7,162,2,0,2,9,7,2,2.0,0,1,no_activation
2500,7,169,2,0,14,9,9,0,0.0,0,0,no_activation
2500,7,171,2,0,2,5,2,3,3.0,0,1,no_activation
2500,7,172,5,2,15,24,9,15,15.0,0,2,single_or_few
2500,7,173,5,0,14,20,10,10,10.0,0,2,no_activation
2500,7,174,2,0,3,8,1,7,7.0,0,2,no_activation
2500,7,175,2,0,3,9,6,3,3.0,0,2,no_activation
2500,7,177,3,0,2,12,5,7,7.0,0,1,no_activation
2500,7,178,3,0,11,10,10,0,0.0,0,0,no_activation
2500,7,181,2,0,2,9,3,6,6.0,0,1,no_activation
2500,7,182,2,0,3,9,6,3,3.0,0,1,no_activation
2500,7,186,2,0,2,8,4,4,4.0,0,1,no_activation
2500,7,187,2,0,2,8,7,1,1.0,0,1,no_activation
2500,7,189,2,0,4,9,7,2,2.0,0,1,no_activation
2500,7,191,4,2,2,18,12,6,6.0,0,1,single_or_few
2500,7,192,4,0,3,22,11,11,11.0,0,2,no_activation
2500,7,195,2,0,4,9,4,5,5.0,0,1,no_activation
2500,7,197,5,1,8,25,11,14,14.0,0,2,single_or_few
2500,7,200,2,0,2,9,3,6,6.0,0,1,no_activation
2500,7,201,2,0,2,9,9,0,0.0,0,0,no_activation
2500,7,202,2,0,7,9,4,5,5.0,0,1,no_activation
2500,7,204,2,2,3,16,10,6,6.0,0,1,single_or_few
2500,7,205,5,0,6,30,15,15,15.0,0,2,no_activation
2500,7,206,3,0,5,18,4,14,14.0,0,2,no_activation
2500,7,207,2,0,2,10,10,0,0.0,0,0,no_activation
2500,7,208,2,0,6,9,7,2,2.0,0,1,no_activation
2500,7,209,4,1,5,16,12,4,4.0,0,1,single_or_few
2500,7,210,3,0,4,16,3,13,13.0,0,3,no_activation
2500,7,215,5,0,4,19,11,8,8.0,0,1,no_activation
2500,7,221,2,0,2,8,5,3,3.0,0,1,no_activation
2500,7,222,2,0,3,9,9,0,0.0,0,0,no_activation
2500,7,225,2,0,3,9,5,4,4.0,0,2,no_activation
2500,8,0,4,8,50,59,0,59,61.0,1,23,repeated_5plus
2500,8,6,5,8,50,54,0,54,56.0,1,18,repeated_5plus
2500,8,14,5,2,50,39,2,37,37.0,0,14,single_or_few
2500,8,22,5,4,50,59,0,59,61.0,1,18,single_or_few
2500,8,27,5,6,50,51,2,49,49.0,0,18,repeated_5plus
2500,8,28,5,6,50,60,2,58,58.0,0,18,repeated_5plus
2500,8,29,3,1,8,18,1,17,17.0,0,5,single_or_few
2500,8,45,5,3,47,51,2,49,49.0,0,17,single_or_few
2500,8,58,2,1,14,12,1,11,11.0,0,7,single_or_few
2500,8,65,4,3,50,34,3,31,31.0,0,15,single_or_few
2500,8,68,2,0,7,3,1,2,2.0,0,2,no_activation
2500,8,76,4,3,39,45,2,43,45.0,1,18,single_or_few
2500,8,81,3,0,5,3,0,3,3.0,0,2,no_activation
2500,8,82,3,0,2,1,1,0,0.0,0,0,no_activation
2500,8,85,2,0,5,0,0,0,0.0,0,0,no_activation
2500,8,86,4,2,13,14,2,12,12.0,0,10,single_or_few
2500,8,88,2,0,3,6,3,3,3.0,0,2,no_activation
2500,8,90,5,6,49,41,2,39,41.0,1,16,repeated_5plus
2500,8,94,4,3,48,32,3,29,29.0,0,13,single_or_few
2500,8,103,2,0,4,5,0,5,5.0,0,2,no_activation
2500,8,104,3,3,14,24,2,22,22.0,0,8,single_or_few
2500,8,105,2,1,2,3,3,0,0.0,0,0,single_or_few
2500,8,107,2,1,2,3,3,0,0.0,0,0,single_or_few
2500,8,110,5,2,44,39,5,34,36.0,2,7,single_or_few
2500,8,116,2,2,19,14,3,11,11.0,0,4,single_or_few
2500,8,117,2,1,2,8,6,2,2.0,0,1,single_or_few
2500,8,121,5,0,43,17,7,10,10.0,0,3,no_activation
2500,8,122,2,0,3,9,3,6,6.0,0,2,no_activation
2500,8,123,2,1,3,10,5,5,5.0,0,2,single_or_few
2500,8,125,5,5,42,53,4,49,49.0,0,15,repeated_5plus
2500,8,127,2,2,2,2,1,1,1.0,0,1,single_or_few
2500,8,130,2,1,3,8,6,2,2.0,0,1,single_or_few
2500,8,132,2,1,10,14,3,11,11.0,0,4,single_or_few
2500,8,138,6,8,40,44,9,35,39.0,2,14,repeated_5plus
2500,8,139,2,0,4,8,4,4,4.0,0,2,no_activation
2500,8,143,5,2,5,18,5,13,13.0,0,4,single_or_few
2500,8,153,5,1,38,27,9,18,18.0,0,5,single_or_few
2500,8,155,5,4,38,41,7,34,34.0,0,9,single_or_few
2500,8,160,2,1,2,7,7,0,0.0,0,0,single_or_few
2500,8,161,5,6,37,41,8,33,33.0,0,10,repeated_5plus
2500,8,164,4,1,5,20,8,12,12.0,0,3,single_or_few
2500,8,165,5,1,34,23,4,19,19.0,0,4,single_or_few
2500,8,166,5,2,34,28,10,18,18.0,0,4,single_or_few
2500,8,167,3,0,8,10,6,4,4.0,0,2,no_activation
2500,8,174,2,0,11,11,4,7,7.0,0,2,no_activation
2500,8,175,4,0,4,15,9,6,6.0,0,1,no_activation
2500,8,179,2,0,4,10,7,3,3.0,0,3,no_activation
2500,8,181,2,0,3,9,8,1,1.0,0,1,no_activation
2500,8,183,2,0,5,10,0,10,10.0,0,2,no_activation
2500,8,184,2,1,3,9,4,5,5.0,0,2,single_or_few
2500,8,185,3,0,5,17,6,11,11.0,0,2,no_activation
2500,8,186,5,0,31,20,11,9,9.0,0,2,no_activation
2500,8,187,2,0,2,8,5,3,3.0,0,1,no_activation
2500,8,188,5,1,2,18,7,11,11.0,0,1,single_or_few
2500,8,190,3,0,4,13,6,7,7.0,0,2,no_activation
2500,8,194,2,0,3,9,7,2,2.0,0,1,no_activation
2500,8,196,2,0,2,7,2,5,5.0,0,1,no_activation
2500,8,200,3,1,3,14,5,9,9.0,0,2,single_or_few
2500,8,201,4,0,28,23,6,17,17.0,0,2,no_activation
2500,8,202,5,1,8,19,12,7,7.0,0,2,single_or_few
2500,8,205,2,0,7,8,2,6,6.0,0,1,no_activation
2500,8,208,4,0,10,15,13,2,2.0,0,1,no_activation
2500,8,209,3,0,2,15,7,8,8.0,0,1,no_activation
2500,8,210,5,0,24,21,14,7,7.0,0,1,no_activation
2500,8,211,2,0,4,9,9,0,0.0,0,0,no_activation
2500,8,216,2,1,2,9,9,0,0.0,0,0,single_or_few
2500,8,218,2,0,2,9,7,2,2.0,0,1,no_activation
2500,8,219,2,0,2,9,8,1,1.0,0,1,no_activation
2500,8,221,3,0,8,13,13,0,0.0,0,0,no_activation
2500,8,222,5,0,22,19,7,12,12.0,0,2,no_activation
2500,8,226,2,0,2,9,7,2,2.0,0,1,no_activation
2500,8,230,2,0,7,8,8,0,0.0,0,0,no_activation
2500,8,233,3,0,16,17,14,3,3.0,0,1,no_activation
2500,8,236,4,0,8,23,16,7,7.0,0,1,no_activation
2500,8,238,5,2,19,34,9,25,27.0,1,5,single_or_few
2500,8,245,5,0,18,21,16,5,5.0,0,1,no_activation
2500,8,246,3,0,3,14,14,0,0.0,0,0,no_activation
2500,8,247,4,2,17,26,17,9,9.0,0,3,single_or_few
2500,8,253,5,0,16,19,14,5,5.0,0,1,no_activation
2500,8,254,2,0,2,9,9,0,0.0,0,0,no_activation
2500,8,262,3,1,12,15,6,9,9.0,0,2,single_or_few
2500,8,263,4,0,12,23,5,18,18.0,0,2,no_activation
2500,8,267,5,0,11,21,17,4,4.0,0,1,no_activation
2500,8,268,5,1,11,23,15,8,8.0,0,2,single_or_few
2500,8,271,2,0,4,9,9,0,0.0,0,0,no_activation
2500,8,274,2,0,7,9,7,2,2.0,0,1,no_activation
2500,8,277,2,0,6,8,8,0,0.0,0,0,no_activation
2500,8,284,4,0,5,25,13,12,12.0,0,1,no_activation
2500,8,286,2,0,3,10,5,5,5.0,0,1,no_activation
2500,8,291,5,0,2,20,20,0,0.0,0,0,no_activation
2500,9,2,3,2,11,14,1,13,13.0,0,8,single_or_few
2500,9,14,2,4,19,15,0,15,17.0,1,9,single_or_few
2500,9,20,5,7,50,69,3,66,66.0,0,24,repeated_5plus
2500,9,21,4,6,50,47,0,47,47.0,0,18,repeated_5plus
2500,9,24,2,1,15,13,3,10,10.0,0,6,single_or_few
2500,9,28,4,3,50,46,1,45,47.0,1,21,single_or_few
2500,9,35,2,1,9,7,1,6,6.0,0,4,single_or_few
2500,9,37,4,4,28,46,0,46,46.0,0,16,single_or_few
2500,9,49,2,2,13,12,0,12,14.0,1,8,single_or_few
2500,9,50,5,6,50,43,1,42,44.0,1,16,repeated_5plus
2500,9,58,3,5,30,36,0,36,40.0,1,18,repeated_5plus
2500,9,61,2,0,4,4,1,3,3.0,0,2,no_activation
2500,9,66,2,0,4,1,0,1,1.0,0,1,no_activation
2500,9,74,2,0,2,3,3,0,0.0,0,0,no_activation
2500,9,76,2,0,6,7,1,6,6.0,0,4,no_activation
2500,9,78,2,0,9,9,3,6,6.0,0,5,no_activation
2500,9,82,2,0,3,3,3,0,0.0,0,0,no_activation
2500,9,84,5,10,49,65,2,63,67.0,2,25,repeated_5plus
2500,9,86,2,1,4,3,1,2,2.0,0,1,single_or_few
2500,9,87,4,2,47,32,2,30,32.0,1,11,single_or_few
2500,9,91,4,0,4,5,1,4,4.0,0,2,no_activation
2500,9,95,4,0,3,7,1,6,6.0,0,2,no_activation
2500,9,96,5,7,39,45,3,42,46.0,2,14,repeated_5plus
2500,9,101,2,0,2,3,3,0,0.0,0,0,no_activation
2500,9,102,2,2,4,9,5,4,4.0,0,1,single_or_few
2500,9,103,2,0,4,8,3,5,5.0,0,2,no_activation
2500,9,108,2,0,2,6,5,1,1.0,0,1,no_activation
2500,9,109,2,0,4,7,3,4,4.0,0,2,no_activation
2500,9,110,2,0,3,5,4,1,1.0,0,1,no_activation
2500,9,114,2,0,4,2,1,1,1.0,0,1,no_activation
2500,9,116,2,2,10,16,5,11,13.0,1,4,single_or_few
2500,9,118,2,0,3,5,4,1,1.0,0,1,no_activation
2500,9,120,4,2,11,27,5,22,22.0,0,8,single_or_few
2500,9,121,5,4,37,37,5,32,32.0,0,10,single_or_few
2500,9,122,2,2,11,14,6,8,8.0,0,3,single_or_few
2500,9,123,2,1,2,7,4,3,3.0,0,1,single_or_few
2500,9,124,2,0,2,8,5,3,3.0,0,1,no_activation
2500,9,125,4,2,36,20,1,19,19.0,0,6,single_or_few
2500,9,132,5,3,35,28,11,17,21.0,2,6,single_or_few
2500,9,133,4,1,15,30,4,26,26.0,0,8,single_or_few
2500,9,135,2,0,7,8,4,4,4.0,0,2,no_activation
2500,9,138,3,7,34,49,4,45,45.0,0,12,repeated_5plus
2500,9,140,2,1,7,10,9,1,3.0,1,2,single_or_few
2500,9,144,2,1,4,8,7,1,2.0,1,1,single_or_few
2500,9,145,2,1,9,13,5,8,10.0,1,5,single_or_few
2500,9,146,2,0,2,9,3,6,6.0,0,1,no_activation
2500,9,148,2,0,4,9,6,3,3.0,0,1,no_activation
2500,9,151,2,0,3,8,6,2,2.0,0,2,no_activation
2500,9,152,2,2,4,7,3,4,4.0,0,1,single_or_few
2500,9,157,3,0,4,17,9,8,8.0,0,3,no_activation
2500,9,160,2,1,3,9,7,2,2.0,0,1,single_or_few
2500,9,163,2,0,2,9,7,2,2.0,0,1,no_activation
2500,9,167,2,0,2,9,7,2,2.0,0,1,no_activation
2500,9,171,2,1,6,10,1,9,9.0,0,5,single_or_few
2500,9,173,2,0,4,10,6,4,4.0,0,2,no_activation
2500,9,176,4,3,16,25,10,15,15.0,0,5,single_or_few
2500,9,177,3,1,7,19,14,5,5.0,0,3,single_or_few
2500,9,178,2,0,3,10,5,5,5.0,0,2,no_activation
2500,9,180,2,0,3,10,5,5,5.0,0,2,no_activation
2500,9,182,2,0,2,9,9,0,0.0,0,0,no_activation
2500,9,183,5,2,9,20,6,14,14.0,0,4,single_or_few
2500,9,184,2,0,5,11,6,5,5.0,0,2,no_activation
2500,9,186,2,0,3,9,3,6,6.0,0,2,no_activation
2500,9,191,2,0,24,9,7,2,2.0,0,1,no_activation
2500,9,193,2,1,4,18,5,13,13.0,0,3,single_or_few
2500,9,195,5,2,23,35,7,28,28.0,0,5,single_or_few
2500,9,199,2,0,2,9,7,2,2.0,0,1,no_activation
2500,9,203,4,1,5,31,4,27,27.0,0,4,single_or_few
2500,9,204,5,1,6,19,15,4,4.0,0,1,single_or_few
2500,9,208,2,0,2,9,4,5,5.0,0,1,no_activation
2500,9,209,2,0,2,9,5,4,4.0,0,1,no_activation
2500,9,210,2,0,2,8,7,1,1.0,0,1,no_activation
2500,9,216,5,2,19,25,13,12,12.0,0,3,single_or_few
2500,9,218,2,0,2,7,6,1,1.0,0,1,no_activation
2500,9,219,2,1,2,6,5,1,1.0,0,1,single_or_few
2500,9,221,2,0,5,9,5,4,4.0,0,1,no_activation
2500,9,224,2,0,5,9,8,1,1.0,0,1,no_activation
2500,9,225,2,0,2,9,8,1,1.0,0,1,no_activation
2500,9,228,2,1,6,10,6,4,4.0,0,2,single_or_few
2500,9,229,4,1,17,27,11,16,16.0,0,3,single_or_few
2500,9,235,2,0,4,9,3,6,6.0,0,2,no_activation
2500,9,237,2,1,3,9,8,1,1.0,0,1,single_or_few
2500,9,247,2,0,4,10,2,8,8.0,0,2,no_activation
2500,9,249,5,0,14,22,13,9,9.0,0,1,no_activation
2500,9,250,2,0,2,9,5,4,4.0,0,1,no_activation
2500,9,255,2,0,4,9,9,0,0.0,0,0,no_activation
2500,9,259,2,0,2,9,9,0,0.0,0,0,no_activation
2500,9,261,2,1,11,9,9,0,0.0,0,0,single_or_few
2500,9,262,2,0,12,9,9,0,0.0,0,0,no_activation
2500,9,264,2,0,3,10,10,0,0.0,0,0,no_activation
2500,9,268,2,0,4,9,8,1,1.0,0,1,no_activation
2500,9,270,2,0,5,9,6,3,3.0,0,1,no_activation
2500,9,272,2,0,2,9,5,4,4.0,0,1,no_activation
2500,9,274,2,0,2,10,10,0,0.0,0,0,no_activation
2500,9,278,2,0,2,4,3,1,1.0,0,1,no_activation
2500,9,280,2,0,2,8,4,4,4.0,0,1,no_activation
2500,9,283,5,0,3,27,9,18,18.0,0,1,no_activation
2500,9,284,4,0,6,21,11,10,10.0,0,2,no_activation
2500,9,285,5,0,6,20,18,2,2.0,0,1,no_activation
2500,9,286,3,0,5,17,15,2,2.0,0,1,no_activation
2500,9,287,5,0,5,19,19,0,0.0,0,0,no_activation
2500,9,289,2,0,2,9,9,0,0.0,0,0,no_activation
2500,9,291,2,0,3,9,7,2,2.0,0,1,no_activation
2500,9,294,2,0,4,9,9,0,0.0,0,0,no_activation
2500,9,295,2,0,2,9,9,0,0.0,0,0,no_activation
2500,9,297,2,0,3,9,7,2,2.0,0,1,no_activation
2500,9,304,2,1,2,9,9,0,0.0,0,0,single_or_few
2500,9,305,2,1,4,9,9,0,0.0,0,0,single_or_few
2500,9,307,2,0,3,9,9,0,0.0,0,0,no_activation
2500,9,310,2,0,3,9,9,0,0.0,0,0,no_activation
2500,9,314,2,0,2,10,6,4,4.0,0,1,no_activation
2500,9,315,5,0,2,19,19,0,0.0,0,0,no_activation
2500,9,316,4,0,2,18,12,6,6.0,0,1,no_activation
2500,9,322,2,0,2,9,9,0,0.0,0,0,no_activation
2500,10,5,4,4,34,43,4,39,39.0,0,14,single_or_few
2500,10,7,3,0,2,4,0,4,4.0,0,1,no_activation
2500,10,8,5,7,50,69,4,65,67.0,1,18,repeated_5plus
2500,10,13,5,6,50,53,6,47,47.0,0,16,repeated_5plus
2500,10,15,5,4,50,39,3,36,36.0,0,13,single_or_few
2500,10,25,4,7,37,40,2,38,40.0,1,15,repeated_5plus
2500,10,26,5,4,40,45,3,42,44.0,1,13,single_or_few
2500,10,36,5,8,50,53,3,50,53.0,2,15,repeated_5plus
2500,10,44,2,2,12,12,1,11,12.0,1,6,single_or_few
2500,10,54,2,1,4,9,4,5,5.0,0,3,single_or_few
2500,10,56,4,0,12,26,7,19,19.0,0,8,no_activation
2500,10,64,5,1,17,41,3,38,40.0,1,12,single_or_few
2500,10,65,4,1,5,9,1,8,8.0,0,4,single_or_few
2500,10,66,4,3,50,41,2,39,39.0,0,12,single_or_few
2500,10,67,5,3,50,41,3,38,42.0,2,12,single_or_few
2500,10,68,5,6,42,60,4,56,58.0,1,19,repeated_5plus
2500,10,79,3,0,4,4,1,3,3.0,0,2,no_activation
2500,10,100,5,0,3,8,2,6,6.0,0,2,no_activation
2500,10,101,5,5,50,38,3,35,38.0,2,14,repeated_5plus
2500,10,106,5,2,17,41,4,37,37.0,0,13,single_or_few
2500,10,107,5,3,50,44,0,44,44.0,0,15,single_or_few
2500,10,108,5,4,50,47,5,42,44.0,1,16,single_or_few
2500,10,112,2,0,4,5,0,5,5.0,0,3,no_activation
2500,10,116,2,0,2,5,2,3,3.0,0,1,no_activation
2500,10,118,4,2,50,38,6,32,32.0,0,12,single_or_few
2500,10,119,2,0,2,3,2,1,1.0,0,1,no_activation
2500,10,132,2,0,3,5,3,2,2.0,0,1,no_activation
2500,10,138,2,0,5,8,6,2,2.0,0,1,no_activation
2500,10,139,2,0,2,5,5,0,0.0,0,0,no_activation
2500,10,140,4,2,48,28,3,25,25.0,0,8,single_or_few
2500,10,141,3,3,14,40,5,35,35.0,0,12,single_or_few
2500,10,144,2,1,5,6,2,4,4.0,0,3,single_or_few
2500,10,146,2,2,6,10,3,7,9.0,1,2,single_or_few
2500,10,147,2,0,2,7,6,1,1.0,0,1,no_activation
2500,10,153,2,1,5,6,4,2,2.0,0,1,single_or_few
2500,10,154,2,0,5,8,2,6,6.0,0,3,no_activation
2500,10,156,2,0,4,9,6,3,3.0,0,2,no_activation
2500,10,160,2,1,19,10,5,5,5.0,0,2,single_or_few
2500,10,161,2,0,5,8,5,3,3.0,0,1,no_activation
2500,10,164,2,1,6,9,4,5,5.0,0,2,single_or_few
2500,10,165,5,2,42,23,5,18,20.0,1,5,single_or_few
2500,10,166,2,0,2,8,6,2,2.0,0,1,no_activation
2500,10,167,2,2,15,23,6,17,17.0,0,8,single_or_few
2500,10,171,2,0,4,9,4,5,5.0,0,2,no_activation
2500,10,173,2,0,2,6,3,3,3.0,0,1,no_activation
2500,10,174,2,0,3,9,3,6,6.0,0,2,no_activation
2500,10,176,5,4,40,26,7,19,19.0,0,6,single_or_few
2500,10,177,5,0,39,19,10,9,9.0,0,2,no_activation
2500,10,178,5,0,39,19,9,10,10.0,0,2,no_activation
2500,10,182,2,1,10,14,5,9,11.0,1,3,single_or_few
2500,10,186,2,0,2,5,5,0,0.0,0,0,no_activation
2500,10,187,2,0,5,12,7,5,5.0,0,2,no_activation
2500,10,192,2,1,6,11,6,5,5.0,0,3,single_or_few
2500,10,194,5,0,37,21,6,15,15.0,0,3,no_activation
2500,10,195,5,1,10,35,14,21,21.0,0,4,single_or_few
2500,10,197,2,0,11,9,7,2,2.0,0,1,no_activation
2500,10,200,2,1,2,12,3,9,9.0,0,1,single_or_few
2500,10,208,4,3,36,34,7,27,27.0,0,7,single_or_few
2500,10,209,2,0,3,8,2,6,6.0,0,2,no_activation
2500,10,210,2,0,2,9,7,2,2.0,0,1,no_activation
2500,10,214,2,0,3,9,5,4,4.0,0,1,no_activation
2500,10,218,2,0,2,7,6,1,1.0,0,1,no_activation
2500,10,227,2,0,4,10,5,5,5.0,0,1,no_activation
2500,10,228,2,0,3,11,5,6,6.0,0,2,no_activation
2500,10,234,2,1,2,6,6,0,0.0,0,0,single_or_few
2500,10,236,2,0,5,12,9,3,3.0,0,2,no_activation
2500,10,237,2,0,2,9,9,0,0.0,0,0,no_activation
2500,10,242,2,0,2,11,7,4,4.0,0,1,no_activation
2500,10,245,2,0,4,12,5,7,7.0,0,2,no_activation
2500,10,247,2,0,7,9,1,8,8.0,0,2,no_activation
2500,10,248,2,0,2,8,8,0,0.0,0,0,no_activation
2500,10,251,2,0,4,8,8,0,0.0,0,0,no_activation
2500,10,253,5,2,27,26,14,12,12.0,0,2,single_or_few
2500,10,254,4,0,13,15,7,8,8.0,0,2,no_activation
2500,10,255,3,0,4,16,9,7,7.0,0,1,no_activation
2500,10,258,2,0,2,9,3,6,6.0,0,1,no_activation
2500,10,259,2,0,6,9,3,6,6.0,0,2,no_activation
2500,10,261,2,0,4,11,11,0,0.0,0,0,no_activation
2500,10,263,3,0,3,17,11,6,6.0,0,2,no_activation
2500,10,264,3,0,3,17,9,8,8.0,0,1,no_activation
2500,10,265,2,0,5,13,3,10,10.0,0,2,no_activation
2500,10,268,2,0,14,9,6,3,3.0,0,1,no_activation
2500,10,270,2,0,3,8,8,0,0.0,0,0,no_activation
2500,10,271,5,0,24,20,8,12,12.0,0,1,no_activation
2500,10,272,4,1,12,26,7,19,19.0,0,3,single_or_few
2500,10,276,2,0,2,9,9,0,0.0,0,0,no_activation
2500,10,279,2,0,23,9,4,5,5.0,0,2,no_activation
2500,10,283,5,2,22,20,16,4,4.0,0,2,single_or_few
2500,10,284,4,0,22,23,9,14,14.0,0,2,no_activation
2500,10,287,2,0,6,9,9,0,0.0,0,0,no_activation
2500,10,289,2,0,2,8,7,1,1.0,0,1,no_activation
2500,10,290,5,0,21,19,14,5,5.0,0,1,no_activation
2500,10,291,2,0,5,13,9,4,4.0,0,1,no_activation
2500,10,292,2,0,3,9,6,3,3.0,0,1,no_activation
2500,10,293,2,0,2,11,9,2,2.0,0,1,no_activation
2500,10,297,2,0,3,9,7,2,2.0,0,1,no_activation
2500,10,298,2,1,4,11,9,2,2.0,0,1,single_or_few
2500,10,299,3,0,6,16,12,4,4.0,0,2,no_activation
2500,10,301,2,0,4,11,7,4,4.0,0,2,no_activation
2500,10,304,2,0,5,11,4,7,7.0,0,1,no_activation
2500,10,305,2,0,4,9,9,0,0.0,0,0,no_activation
2500,10,306,3,0,18,17,8,9,9.0,0,2,no_activation
2500,10,308,5,1,16,20,16,4,4.0,0,2,single_or_few
2500,10,309,2,0,4,9,9,0,0.0,0,0,no_activation
2500,10,310,2,0,12,9,7,2,2.0,0,1,no_activation
2500,10,311,3,0,5,17,7,10,10.0,0,2,no_activation
2500,10,314,2,0,2,9,9,0,0.0,0,0,no_activation
2500,10,317,2,1,7,8,8,0,0.0,0,0,single_or_few
2500,10,318,4,0,4,14,6,8,8.0,0,2,no_activation
2500,10,319,4,0,14,19,18,1,1.0,0,1,no_activation
2500,10,321,2,0,2,11,11,0,0.0,0,0,no_activation
2500,10,323,5,0,5,22,14,8,8.0,0,1,no_activation
2500,10,324,3,0,2,17,8,9,9.0,0,1,no_activation
2500,10,325,2,0,5,9,7,2,2.0,0,1,no_activation
2500,10,330,2,0,3,9,7,2,2.0,0,1,no_activation
2500,10,334,4,0,11,16,15,1,1.0,0,1,no_activation
2500,10,336,2,0,3,9,7,2,2.0,0,1,no_activation
2500,10,337,2,0,7,10,10,0,0.0,0,0,no_activation
2500,10,338,2,0,3,8,8,0,0.0,0,0,no_activation
2500,10,340,2,0,2,12,10,2,2.0,0,1,no_activation
2500,10,341,2,0,3,13,13,0,0.0,0,0,no_activation
2500,10,344,3,0,8,17,8,9,9.0,0,1,no_activation
2500,10,350,2,0,2,10,8,2,2.0,0,1,no_activation
2500,10,351,5,0,7,24,19,5,5.0,0,1,no_activation
2500,10,352,4,0,4,16,16,0,0.0,0,0,no_activation
2500,10,353,2,0,3,8,8,0,0.0,0,0,no_activation
2500,10,355,2,0,3,9,9,0,0.0,0,0,no_activation
2500,10,356,2,0,3,8,8,0,0.0,0,0,no_activation
2500,10,360,5,0,2,19,19,0,0.0,0,0,no_activation
2500,10,361,2,0,2,9,9,0,0.0,0,0,no_activation
2500,10,367,2,0,2,10,10,0,0.0,0,0,no_activation
2500,10,370,2,0,2,9,9,0,0.0,0,0,no_activation
2500,11,0,5,5,50,62,2,60,62.0,1,18,repeated_5plus
2500,11,9,4,0,24,26,0,26,26.0,0,12,no_activation
2500,11,14,2,6,27,26,2,24,32.0,2,15,repeated_5plus
2500,11,22,5,9,50,77,3,74,74.0,0,25,repeated_5plus
2500,11,26,5,7,50,60,1,59,59.0,0,20,repeated_5plus
2500,11,32,4,3,39,41,4,37,39.0,1,14,single_or_few
2500,11,49,3,6,50,46,1,45,45.0,0,20,repeated_5plus
2500,11,53,2,1,20,19,1,18,20.0,1,8,single_or_few
2500,11,56,2,0,8,7,2,5,5.0,0,4,no_activation
2500,11,69,2,3,10,9,1,8,12.0,2,6,single_or_few
2500,11,74,2,0,2,0,0,0,0.0,0,0,no_activation
2500,11,85,2,1,4,4,0,4,4.0,0,2,single_or_few
2500,11,87,2,0,5,4,1,3,3.0,0,2,no_activation
2500,11,92,2,0,2,1,1,0,0.0,0,0,no_activation
2500,11,93,2,0,2,3,2,1,1.0,0,1,no_activation
2500,11,97,5,4,48,33,3,30,30.0,0,14,single_or_few
2500,11,99,2,2,2,2,2,0,0.0,0,0,single_or_few
2500,11,100,2,1,10,6,1,5,6.0,1,4,single_or_few
2500,11,104,2,1,4,5,3,2,2.0,0,1,single_or_few
2500,11,108,5,3,47,37,2,35,35.0,0,14,single_or_few
2500,11,113,2,1,2,5,3,2,2.0,0,1,single_or_few
2500,11,114,5,7,45,42,2,40,42.0,1,14,repeated_5plus
2500,11,115,5,4,45,44,2,42,44.0,1,15,single_or_few
2500,11,116,3,2,5,9,1,8,8.0,0,4,single_or_few
2500,11,120,2,0,3,3,2,1,1.0,0,1,no_activation
2500,11,121,3,5,44,28,4,24,28.0,2,11,repeated_5plus
2500,11,122,2,0,4,9,3,6,6.0,0,2,no_activation
2500,11,131,2,1,5,8,4,4,4.0,0,3,single_or_few
2500,11,132,2,0,4,9,3,6,6.0,0,3,no_activation
2500,11,133,2,1,3,6,5,1,1.0,0,1,single_or_few
2500,11,134,4,4,40,44,2,42,42.0,0,11,single_or_few
2500,11,140,4,0,6,12,3,9,9.0,0,4,no_activation
2500,11,141,5,3,37,29,3,26,28.0,1,7,single_or_few
2500,11,142,3,0,23,10,2,8,8.0,0,2,no_activation
2500,11,143,2,0,3,8,4,4,4.0,0,2,no_activation
2500,11,145,3,0,6,17,5,12,12.0,0,4,no_activation
2500,11,146,3,0,36,10,5,5,5.0,0,2,no_activation
2500,11,147,5,4,36,30,9,21,23.0,1,6,single_or_few
2500,11,157,2,0,2,7,7,0,0.0,0,0,no_activation
2500,11,158,2,0,2,6,6,0,0.0,0,0,no_activation
2500,11,159,4,0,5,24,7,17,17.0,0,4,no_activation
2500,11,160,4,1,10,24,3,21,21.0,0,5,single_or_few
2500,11,161,2,0,4,8,4,4,4.0,0,1,no_activation
2500,11,163,2,0,2,8,8,0,0.0,0,0,no_activation
2500,11,165,5,2,33,29,9,20,20.0,0,4,single_or_few
2500,11,166,5,0,7,21,5,16,16.0,0,3,no_activation
2500,11,167,2,1,17,13,6,7,7.0,0,4,single_or_few
2500,11,168,2,0,3,9,7,2,2.0,0,1,no_activation
2500,11,169,2,0,4,9,3,6,6.0,0,2,no_activation
2500,11,173,2,0,3,8,4,4,4.0,0,2,no_activation
2500,11,174,2,0,2,8,6,2,2.0,0,1,no_activation
2500,11,175,2,1,3,8,3,5,5.0,0,2,single_or_few
2500,11,176,4,0,8,16,3,13,13.0,0,2,no_activation
2500,11,177,3,1,7,10,5,5,5.0,0,1,single_or_few
2500,11,178,2,0,4,9,3,6,6.0,0,2,no_activation
2500,11,180,3,1,25,16,7,9,9.0,0,3,single_or_few
2500,11,181,5,0,31,23,11,12,12.0,0,2,no_activation
2500,11,184,2,1,2,10,9,1,1.0,0,1,single_or_few
2500,11,187,2,1,4,10,5,5,5.0,0,2,single_or_few
2500,11,188,2,0,2,10,7,3,3.0,0,1,no_activation
2500,11,189,2,0,4,9,5,4,4.0,0,1,no_activation
2500,11,191,2,0,2,8,5,3,3.0,0,1,no_activation
2500,11,193,5,1,28,24,9,15,17.0,1,2,single_or_few
2500,11,195,2,0,2,8,8,0,0.0,0,0,no_activation
2500,11,196,3,0,2,12,10,2,2.0,0,1,no_activation
2500,11,197,3,2,27,19,6,13,13.0,0,4,single_or_few
2500,11,199,2,2,16,13,2,11,13.0,1,5,single_or_few
2500,11,200,2,0,3,10,7,3,3.0,0,1,no_activation
2500,11,204,5,1,25,20,14,6,6.0,0,1,single_or_few
2500,11,205,5,3,25,23,9,14,14.0,0,3,single_or_few
2500,11,208,2,0,3,8,8,0,0.0,0,0,no_activation
2500,11,209,2,1,5,9,3,6,6.0,0,2,single_or_few
2500,11,213,4,0,9,17,9,8,8.0,0,1,no_activation
2500,11,214,5,3,24,27,5,22,22.0,0,5,single_or_few
2500,11,215,2,0,4,9,9,0,0.0,0,0,no_activation
2500,11,217,2,0,2,9,9,0,0.0,0,0,no_activation
2500,11,218,2,1,3,10,7,3,3.0,0,2,single_or_few
2500,11,220,2,0,3,12,6,6,6.0,0,1,no_activation
2500,11,221,2,0,3,10,7,3,3.0,0,1,no_activation
2500,11,222,2,0,2,9,5,4,4.0,0,1,no_activation
2500,11,228,2,0,3,9,8,1,1.0,0,1,no_activation
2500,11,230,2,0,2,9,9,0,0.0,0,0,no_activation
2500,11,234,2,0,3,9,9,0,0.0,0,0,no_activation
2500,11,237,5,1,20,30,20,10,10.0,0,2,single_or_few
2500,11,239,2,0,4,10,9,1,1.0,0,1,no_activation
2500,11,240,2,0,3,8,8,0,0.0,0,0,no_activation
2500,11,244,2,0,4,9,7,2,2.0,0,1,no_activation
2500,11,248,2,0,3,9,7,2,2.0,0,1,no_activation
2500,11,249,2,0,2,10,8,2,2.0,0,1,no_activation
2500,11,252,2,0,4,11,7,4,4.0,0,1,no_activation
2500,11,253,4,0,3,23,14,9,9.0,0,1,no_activation
2500,11,254,4,0,5,25,6,19,19.0,0,2,no_activation
2500,11,256,2,0,5,8,6,2,2.0,0,1,no_activation
2500,11,257,2,0,17,8,8,0,0.0,0,0,no_activation
2500,11,262,3,0,6,13,5,8,8.0,0,1,no_activation
2500,11,265,2,0,3,8,7,1,1.0,0,1,no_activation
2500,11,270,2,0,6,9,8,1,1.0,0,1,no_activation
2500,11,271,2,0,3,10,8,2,2.0,0,1,no_activation
2500,11,272,5,0,12,19,12,7,7.0,0,1,no_activation
2500,11,282,4,0,7,18,18,0,0.0,0,0,no_activation
2500,11,283,3,1,11,11,9,2,3.0,1,1,single_or_few
2500,11,284,3,1,10,14,10,4,4.0,0,2,single_or_few
2500,11,295,4,0,4,15,15,0,0.0,0,0,no_activation
2500,11,296,8,0,7,30,27,3,3.0,0,1,no_activation
2500,11,297,5,0,7,19,19,0,0.0,0,0,no_activation
2500,11,298,3,0,7,17,13,4,4.0,0,1,no_activation
2500,11,299,2,0,3,10,9,1,1.0,0,1,no_activation
2500,11,302,2,0,4,9,7,2,2.0,0,1,no_activation
2500,11,303,2,0,2,9,9,0,0.0,0,0,no_activation
2500,11,311,2,0,2,9,9,0,0.0,0,0,no_activation
2500,11,312,2,0,3,9,9,0,0.0,0,0,no_activation
2500,11,319,2,0,2,8,8,0,0.0,0,0,no_activation
2500,11,321,3,0,2,11,11,0,0.0,0,0,no_activation
2500,12,1,2,0,3,5,2,3,3.0,0,2,no_activation
2500,12,4,5,5,50,52,1,51,51.0,0,21,repeated_5plus
2500,12,6,2,2,16,19,1,18,18.0,0,10,single_or_few
2500,12,7,5,7,50,51,2,49,49.0,0,21,repeated_5plus
2500,12,13,5,5,50,55,1,54,56.0,1,16,repeated_5plus
2500,12,14,5,3,50,40,1,39,41.0,1,15,single_or_few
2500,12,25,5,1,50,38,2,36,36.0,0,11,single_or_few
2500,12,33,3,1,41,22,0,22,24.0,1,12,single_or_few
2500,12,49,4,1,10,19,0,19,19.0,0,6,single_or_few
2500,12,52,5,4,27,52,1,51,51.0,0,19,single_or_few
2500,12,53,5,7,50,51,2,49,51.0,1,21,repeated_5plus
2500,12,70,5,3,50,40,3,37,39.0,1,13,single_or_few
2500,12,72,4,6,26,51,2,49,49.0,0,19,repeated_5plus
2500,12,75,2,0,4,5,1,4,4.0,0,2,no_activation
2500,12,86,2,0,2,3,2,1,1.0,0,1,no_activation
2500,12,87,2,1,6,8,1,7,7.0,0,4,single_or_few
2500,12,88,5,2,17,28,4,24,24.0,0,8,single_or_few
2500,12,91,2,0,3,1,1,0,0.0,0,0,no_activation
2500,12,92,5,8,47,52,8,44,44.0,0,20,repeated_5plus
2500,12,93,2,1,6,4,2,2,2.0,0,2,single_or_few
2500,12,95,2,1,6,7,3,4,4.0,0,2,single_or_few
2500,12,100,2,1,7,9,4,5,5.0,0,3,single_or_few
2500,12,102,2,0,3,5,4,1,1.0,0,1,no_activation
2500,12,104,2,1,2,8,7,1,1.0,0,1,single_or_few
2500,12,105,2,0,5,9,3,6,6.0,0,3,no_activation
2500,12,107,5,1,9,27,7,20,20.0,0,8,single_or_few
2500,12,111,5,4,44,34,5,29,31.0,1,9,single_or_few
2500,12,112,2,3,3,6,3,3,4.0,1,1,single_or_few
2500,12,115,2,1,2,7,6,1,1.0,1,0,single_or_few
2500,12,116,5,5,43,39,7,32,34.0,1,12,repeated_5plus
2500,12,117,5,1,5,17,3,14,16.0,1,3,single_or_few
2500,12,118,4,3,42,32,2,30,30.0,0,9,single_or_few
2500,12,127,2,3,4,9,5,4,4.0,0,2,single_or_few
2500,12,129,2,2,6,13,2,11,13.0,1,4,single_or_few
2500,12,132,2,1,4,6,3,3,3.0,0,2,single_or_few
2500,12,134,2,0,6,9,5,4,4.0,0,2,no_activation
2500,12,136,2,0,2,6,5,1,1.0,0,1,no_activation
2500,12,140,4,1,3,12,8,4,4.0,0,2,single_or_few
2500,12,141,5,3,40,38,7,31,31.0,0,10,single_or_few
2500,12,142,3,1,5,21,7,14,14.0,0,4,single_or_few
2500,12,143,2,0,4,11,3,8,8.0,0,3,no_activation
2500,12,144,2,1,4,6,4,2,3.0,1,1,single_or_few
2500,12,146,2,0,2,7,5,2,2.0,0,1,no_activation
2500,12,147,4,1,8,14,6,8,8.0,0,3,single_or_few
2500,12,148,2,0,3,5,0,5,5.0,0,2,no_activation
2500,12,150,2,0,5,9,2,7,7.0,0,3,no_activation
2500,12,153,4,2,35,28,6,22,26.0,2,6,single_or_few
2500,12,154,2,0,2,5,4,1,1.0,0,1,no_activation
2500,12,157,3,0,5,13,4,9,9.0,0,2,no_activation
2500,12,159,2,0,3,9,7,2,2.0,0,2,no_activation
2500,12,163,2,0,5,8,3,5,5.0,0,2,no_activation
2500,12,167,5,5,29,39,11,28,30.0,1,7,repeated_5plus
2500,12,168,2,0,4,8,4,4,4.0,0,1,no_activation
2500,12,169,5,1,28,24,9,15,15.0,0,2,single_or_few
2500,12,170,5,2,28,27,7,20,20.0,0,4,single_or_few
2500,12,176,2,0,7,9,5,4,4.0,0,2,no_activation
2500,12,180,2,0,3,9,8,1,1.0,0,1,no_activation
2500,12,182,2,0,2,5,3,2,2.0,0,1,no_activation
2500,12,186,5,0,27,20,15,5,5.0,0,1,no_activation
2500,12,187,5,1,27,23,5,18,18.0,0,4,single_or_few
2500,12,188,2,0,3,9,7,2,2.0,0,1,no_activation
2500,12,190,5,1,14,33,11,22,22.0,0,4,single_or_few
2500,12,192,2,1,6,14,8,6,6.0,0,3,single_or_few
2500,12,194,2,0,2,8,3,5,5.0,0,1,no_activation
2500,12,195,5,0,3,19,7,12,12.0,0,2,no_activation
2500,12,202,2,0,2,10,3,7,7.0,0,1,no_activation
2500,12,206,5,1,6,25,11,14,16.0,1,2,single_or_few
2500,12,215,2,0,3,9,8,1,1.0,0,1,no_activation
2500,12,222,2,0,3,9,5,4,4.0,0,1,no_activation
2500,12,226,4,0,15,15,15,0,0.0,0,0,no_activation
2500,12,227,5,0,4,20,15,5,5.0,0,1,no_activation
2500,12,228,2,0,2,9,6,3,3.0,0,1,no_activation
2500,12,236,4,1,7,19,7,12,12.0,0,2,single_or_few
2500,12,237,5,0,7,21,21,0,0.0,0,0,no_activation
2500,12,241,3,0,9,17,10,7,7.0,0,2,no_activation
2500,12,244,4,0,6,24,8,16,16.0,0,2,no_activation
2500,12,246,2,0,7,9,7,2,2.0,0,1,no_activation
2500,12,252,2,0,2,11,10,1,1.0,0,1,no_activation
2500,12,253,3,0,6,13,11,2,2.0,0,1,no_activation
2500,12,254,5,0,5,31,13,18,18.0,0,2,no_activation
2500,12,255,2,0,3,9,7,2,2.0,0,1,no_activation
2500,12,257,2,0,4,9,8,1,1.0,0,1,no_activation
2500,12,260,2,0,2,9,8,1,1.0,0,1,no_activation
2500,12,263,3,0,2,13,9,4,4.0,0,1,no_activation
2500,12,265,5,0,2,20,19,1,1.0,0,1,no_activation
2500,12,267,2,0,2,9,5,4,4.0,0,1,no_activation
2500,13,4,2,0,3,3,0,3,3.0,0,2,no_activation
2500,13,7,5,6,50,72,5,67,71.0,1,25,repeated_5plus
2500,13,9,5,3,50,51,3,48,50.0,1,22,single_or_few
2500,13,10,5,4,50,46,0,46,48.0,1,20,single_or_few
2500,13,18,2,1,9,13,1,12,12.0,0,6,single_or_few
2500,13,22,2,1,5,5,0,5,5.0,0,2,single_or_few
2500,13,26,2,0,3,1,1,0,0.0,0,0,no_activation
2500,13,38,4,1,12,15,2,13,13.0,0,8,single_or_few
2500,13,51,4,1,47,29,0,29,29.0,0,18,single_or_few
2500,13,52,2,0,3,2,2,0,0.0,0,0,no_activation
2500,13,63,2,0,2,1,1,0,0.0,0,0,no_activation
2500,13,66,3,5,43,41,2,39,39.0,0,19,repeated_5plus
2500,13,85,5,5,50,66,2,64,64.0,0,22,repeated_5plus
2500,13,91,4,9,27,45,1,44,46.0,1,20,repeated_5plus
2500,13,92,5,7,50,71,4,67,67.0,0,26,repeated_5plus
2500,13,94,5,8,41,60,4,56,60.0,1,23,repeated_5plus
2500,13,101,4,7,50,45,2,43,49.0,3,20,repeated_5plus
2500,13,104,5,6,50,41,1,40,42.0,1,17,repeated_5plus
2500,13,106,2,1,3,6,3,3,3.0,0,1,single_or_few
2500,13,108,4,0,4,7,2,5,5.0,0,3,no_activation
2500,13,110,2,0,5,6,2,4,4.0,0,2,no_activation
2500,13,112,2,0,8,9,3,6,6.0,0,4,no_activation
2500,13,121,2,1,4,7,2,5,5.0,0,3,single_or_few
2500,13,123,5,6,46,53,3,50,54.0,2,18,repeated_5plus
2500,13,124,2,1,4,8,4,4,4.0,0,3,single_or_few
2500,13,129,5,0,6,16,1,15,15.0,0,4,no_activation
2500,13,130,3,0,2,0,0,0,0.0,0,0,no_activation
2500,13,132,3,1,2,3,3,0,0.0,0,0,single_or_few
2500,13,135,2,0,2,9,7,2,2.0,0,1,no_activation
2500,13,136,2,0,5,9,6,3,3.0,0,3,no_activation
2500,13,138,2,1,2,5,4,1,1.0,0,1,single_or_few
2500,13,139,2,0,3,8,2,6,6.0,0,2,no_activation
2500,13,143,2,0,3,7,4,3,3.0,0,2,no_activation
2500,13,148,2,1,2,6,5,1,1.0,0,1,single_or_few
2500,13,149,2,0,2,1,1,0,0.0,0,0,no_activation
2500,13,152,2,0,2,8,6,2,2.0,0,1,no_activation
2500,13,153,2,0,2,5,4,1,1.0,0,1,no_activation
2500,13,159,2,0,4,8,3,5,5.0,0,2,no_activation
2500,13,161,5,2,33,30,6,24,24.0,0,8,single_or_few
2500,13,163,5,2,7,28,9,19,19.0,0,6,single_or_few
2500,13,164,2,0,2,9,7,2,2.0,0,1,no_activation
2500,13,168,5,1,31,22,7,15,15.0,0,3,single_or_few
2500,13,173,4,0,18,23,0,23,23.0,0,4,no_activation
2500,13,174,4,1,30,29,3,26,28.0,1,6,single_or_few
2500,13,175,3,2,13,22,6,16,16.0,0,5,single_or_few
2500,13,176,2,0,4,6,1,5,5.0,0,3,no_activation
2500,13,179,2,0,3,8,4,4,4.0,0,2,no_activation
2500,13,182,4,1,28,26,8,18,18.0,0,3,single_or_few
2500,13,183,4,2,28,29,7,22,22.0,0,5,single_or_few
2500,13,184,2,1,4,8,4,4,4.0,0,1,single_or_few
2500,13,190,5,2,27,27,12,15,15.0,0,5,single_or_few
2500,13,191,5,1,26,33,8,25,25.0,0,3,single_or_few
2500,13,192,2,0,2,8,5,3,3.0,0,1,no_activation
2500,13,196,2,0,3,11,8,3,3.0,0,1,no_activation
2500,13,203,5,2,24,22,13,9,9.0,0,3,single_or_few
2500,13,205,5,3,23,24,10,14,18.0,2,4,single_or_few
2500,13,207,5,0,23,18,8,10,10.0,0,2,no_activation
2500,13,208,2,0,5,8,8,0,0.0,0,0,no_activation
2500,13,209,5,0,22,20,9,11,11.0,0,1,no_activation
2500,13,210,5,1,22,20,15,5,7.0,1,2,single_or_few
2500,13,211,2,0,3,9,5,4,4.0,0,2,no_activation
2500,13,212,2,0,2,5,1,4,4.0,0,1,no_activation
2500,13,213,2,0,4,8,8,0,0.0,0,0,no_activation
2500,13,221,2,0,2,9,7,2,2.0,0,1,no_activation
2500,13,223,4,2,20,20,6,14,14.0,0,4,single_or_few
2500,13,224,2,0,3,9,3,6,6.0,0,2,no_activation
2500,13,226,2,0,4,9,8,1,1.0,0,1,no_activation
2500,13,227,2,0,5,9,6,3,3.0,0,2,no_activation
2500,13,228,3,0,3,17,10,7,7.0,0,2,no_activation
2500,13,229,5,3,18,28,7,21,21.0,0,3,single_or_few
2500,13,230,5,0,18,20,15,5,5.0,0,1,no_activation
2500,13,233,2,0,2,9,5,4,4.0,0,1,no_activation
2500,13,237,2,0,4,9,8,1,1.0,0,1,no_activation
2500,13,240,2,0,2,9,5,4,4.0,0,1,no_activation
2500,13,243,3,0,10,17,8,9,9.0,0,2,no_activation
2500,13,244,4,0,16,14,4,10,10.0,0,2,no_activation
2500,13,245,2,0,2,9,6,3,3.0,0,1,no_activation
2500,13,246,2,0,2,9,4,5,5.0,0,1,no_activation
2500,13,250,2,1,2,10,8,2,2.0,0,1,single_or_few
2500,13,251,2,0,3,9,9,0,0.0,0,0,no_activation
2500,13,254,2,0,2,9,9,0,0.0,0,0,no_activation
2500,13,255,2,0,5,12,7,5,5.0,0,1,no_activation
2500,13,258,2,2,3,9,6,3,3.0,0,1,single_or_few
2500,13,260,5,0,13,22,15,7,7.0,0,1,no_activation
2500,13,264,4,0,12,23,10,13,13.0,0,3,no_activation
2500,13,267,2,0,3,9,9,0,0.0,0,0,no_activation
2500,13,271,3,2,8,16,11,5,5.0,0,1,single_or_few
2500,13,272,2,0,2,10,10,0,0.0,0,0,no_activation
2500,13,281,5,2,10,23,14,9,11.0,1,2,single_or_few
2500,13,282,5,0,10,20,18,2,2.0,0,1,no_activation
2500,13,283,5,0,10,23,14,9,9.0,0,1,no_activation
2500,13,284,5,0,10,30,14,16,16.0,0,2,no_activation
2500,13,285,2,0,3,9,6,3,3.0,0,1,no_activation
2500,13,293,3,0,4,10,8,2,2.0,0,1,no_activation
2500,13,294,5,0,2,21,9,12,12.0,0,1,no_activation
2500,13,295,5,0,5,20,20,0,0.0,0,0,no_activation
2500,13,301,2,0,3,9,6,3,3.0,0,2,no_activation
2500,13,303,2,0,3,9,9,0,0.0,0,0,no_activation
2500,13,306,5,0,3,28,16,12,12.0,0,1,no_activation
2500,13,307,5,0,3,20,15,5,5.0,0,1,no_activation
2500,13,308,5,0,3,33,14,19,19.0,0,2,no_activation
2500,13,310,2,0,3,8,8,0,0.0,0,0,no_activation
2500,13,311,2,0,2,8,6,2,2.0,0,1,no_activation
2500,13,312,3,0,2,18,11,7,7.0,0,1,no_activation
2500,13,313,4,0,2,18,18,0,0.0,0,0,no_activation
2500,13,314,4,1,2,16,15,1,1.0,0,1,single_or_few
2500,13,315,4,0,2,18,18,0,0.0,0,0,no_activation
2500,13,317,2,0,2,11,11,0,0.0,0,0,no_activation
2500,13,321,2,0,2,10,5,5,5.0,0,1,no_activation
2500,13,323,2,0,2,9,9,0,0.0,0,0,no_activation
2500,14,0,5,2,50,49,2,47,47.0,0,17,single_or_few
2500,14,1,5,3,50,48,1,47,47.0,0,18,single_or_few
2500,14,10,5,3,50,48,5,43,47.0,2,17,single_or_few
2500,14,12,4,2,50,35,2,33,33.0,0,10,single_or_few
2500,14,13,5,5,50,47,3,44,46.0,1,18,repeated_5plus
2500,14,23,5,5,50,57,0,57,59.0,1,22,repeated_5plus
2500,14,28,5,3,50,43,2,41,43.0,1,13,single_or_few
2500,14,34,7,6,50,61,5,56,56.0,0,22,repeated_5plus
2500,14,39,5,5,50,49,3,46,46.0,0,21,repeated_5plus
2500,14,45,5,6,50,60,0,60,60.0,0,21,repeated_5plus
2500,14,46,5,2,50,38,0,38,38.0,0,12,single_or_few
2500,14,47,5,3,50,47,1,46,50.0,2,16,single_or_few
2500,14,49,5,1,50,37,2,35,37.0,1,15,single_or_few
2500,14,50,4,3,50,28,1,27,27.0,0,11,single_or_few
2500,14,58,2,1,5,5,0,5,5.0,0,4,single_or_few
2500,14,60,2,1,6,8,0,8,8.0,0,4,single_or_few
2500,14,63,5,8,50,58,0,58,60.0,1,22,repeated_5plus
2500,14,64,5,1,7,20,3,17,17.0,0,6,single_or_few
2500,14,66,2,0,3,4,2,2,2.0,0,1,no_activation
2500,14,67,2,0,2,4,2,2,2.0,0,1,no_activation
2500,14,71,5,2,49,25,5,20,20.0,0,8,single_or_few
2500,14,77,3,1,9,8,0,8,8.0,0,5,single_or_few
2500,14,81,5,7,46,46,2,44,44.0,0,14,repeated_5plus
2500,14,86,4,2,44,21,2,19,21.0,1,8,single_or_few
2500,14,91,2,2,4,8,5,3,4.0,1,2,single_or_few
2500,14,99,2,0,2,2,1,1,1.0,0,1,no_activation
2500,14,100,3,1,5,18,5,13,13.0,0,4,single_or_few
2500,14,102,2,1,3,11,5,6,6.0,0,2,single_or_few
2500,14,104,2,0,2,3,2,1,1.0,0,1,no_activation
2500,14,105,2,0,3,9,3,6,6.0,0,2,no_activation
2500,14,109,2,1,4,8,4,4,4.0,0,3,single_or_few
2500,14,111,4,0,4,17,9,8,8.0,0,3,no_activation
2500,14,115,2,0,6,9,9,0,0.0,0,0,no_activation
2500,14,118,4,0,4,14,5,9,9.0,0,2,no_activation
2500,14,123,4,2,35,19,5,14,14.0,0,5,single_or_few
2500,14,124,5,1,6,18,7,11,11.0,0,2,single_or_few
2500,14,125,2,0,3,8,4,4,4.0,0,2,no_activation
2500,14,129,2,0,2,6,2,4,4.0,0,1,no_activation
2500,14,130,3,0,29,16,5,11,11.0,0,2,no_activation
2500,14,133,5,0,33,24,11,13,13.0,0,2,no_activation
2500,14,134,5,0,5,19,5,14,14.0,0,4,no_activation
2500,14,135,5,0,32,21,4,17,17.0,0,3,no_activation
2500,14,137,2,0,2,10,6,4,4.0,0,1,no_activation
2500,14,139,2,0,12,10,5,5,5.0,0,3,no_activation
2500,14,142,2,0,4,8,5,3,3.0,0,1,no_activation
2500,14,143,2,0,4,9,5,4,4.0,0,2,no_activation
2500,14,145,3,0,2,11,6,5,5.0,0,1,no_activation
2500,14,150,2,1,8,10,3,7,7.0,0,3,single_or_few
2500,14,151,2,0,2,7,4,3,3.0,0,1,no_activation
2500,14,155,2,0,7,9,9,0,0.0,0,0,no_activation
2500,14,156,2,0,2,9,7,2,2.0,0,1,no_activation
2500,14,160,2,3,4,11,11,0,0.0,0,0,single_or_few
2500,14,161,2,0,2,5,2,3,3.0,0,1,no_activation
2500,14,163,2,1,6,11,6,5,5.0,0,2,single_or_few
2500,14,164,2,0,2,9,9,0,0.0,0,0,no_activation
2500,14,166,2,0,8,9,6,3,3.0,0,1,no_activation
2500,14,168,3,0,5,16,7,9,9.0,0,2,no_activation
2500,14,169,3,0,2,7,6,1,1.0,0,1,no_activation
2500,14,173,2,0,5,9,9,0,0.0,0,0,no_activation
2500,14,175,2,0,2,8,3,5,5.0,0,1,no_activation
2500,14,177,2,0,2,9,9,0,0.0,0,0,no_activation
2500,14,186,2,0,4,8,6,2,2.0,0,1,no_activation
2500,14,190,2,1,3,11,6,5,5.0,0,2,single_or_few
2500,14,193,5,0,21,26,16,10,10.0,0,2,no_activation
2500,14,197,2,0,3,9,5,4,4.0,0,2,no_activation
2500,14,198,5,0,20,20,12,8,8.0,0,1,no_activation
2500,14,199,4,0,19,22,4,18,18.0,0,3,no_activation
2500,14,200,4,0,19,15,15,0,0.0,0,0,no_activation
2500,14,201,2,0,16,9,8,1,1.0,0,1,no_activation
2500,14,203,5,1,17,21,13,8,8.0,0,1,single_or_few
2500,14,204,2,0,2,9,3,6,6.0,0,1,no_activation
2500,14,207,2,0,2,7,7,0,0.0,0,0,no_activation
2500,14,208,2,0,2,8,4,4,4.0,0,1,no_activation
2500,14,210,2,0,5,10,3,7,7.0,0,1,no_activation
2500,14,214,2,0,4,9,6,3,3.0,0,1,no_activation
2500,14,215,2,3,3,16,10,6,6.0,0,2,single_or_few
2500,14,216,2,0,2,8,7,1,1.0,0,1,no_activation
2500,14,219,2,0,3,9,2,7,7.0,0,2,no_activation
2500,14,220,2,0,2,8,8,0,0.0,0,0,no_activation
2500,14,222,3,0,13,13,9,4,4.0,0,1,no_activation
2500,14,223,5,1,3,21,20,1,1.0,0,1,single_or_few
2500,14,224,5,0,13,19,13,6,6.0,0,2,no_activation
2500,14,225,2,0,4,9,4,5,5.0,0,1,no_activation
2500,14,226,5,0,12,19,10,9,9.0,0,2,no_activation
2500,14,227,5,0,12,24,19,5,5.0,0,1,no_activation
2500,14,228,5,0,12,23,8,15,15.0,0,1,no_activation
2500,14,230,2,1,5,14,6,8,8.0,0,2,single_or_few
2500,14,233,2,0,2,9,6,3,3.0,0,1,no_activation
2500,14,238,2,0,5,9,9,0,0.0,0,0,no_activation
2500,14,240,2,0,8,8,6,2,2.0,0,1,no_activation
2500,14,241,5,0,10,30,14,16,16.0,0,2,no_activation
2500,14,243,2,0,3,9,9,0,0.0,0,0,no_activation
2500,14,245,2,0,2,9,9,0,0.0,0,0,no_activation
2500,14,246,2,1,3,10,9,1,1.0,0,1,single_or_few
2500,14,248,4,0,5,24,9,15,15.0,0,2,no_activation
2500,14,251,2,1,6,9,6,3,3.0,0,1,single_or_few
2500,14,256,2,0,2,9,9,0,0.0,0,0,no_activation
2500,14,258,2,0,6,9,6,3,3.0,0,1,no_activation
2500,14,262,2,0,4,8,8,0,0.0,0,0,no_activation
2500,14,263,2,0,5,8,8,0,0.0,0,0,no_activation
2500,14,266,3,0,3,10,5,5,5.0,0,1,no_activation
2500,15,0,5,4,50,53,2,51,51.0,0,22,single_or_few
2500,15,1,3,3,50,25,0,25,29.0,2,10,single_or_few
2500,15,11,5,4,50,45,2,43,45.0,1,20,single_or_few
2500,15,13,4,1,12,24,3,21,21.0,0,9,single_or_few
2500,15,15,3,1,50,29,1,28,28.0,0,14,single_or_few
2500,15,30,5,3,25,47,1,46,46.0,0,17,single_or_few
2500,15,34,3,4,50,39,0,39,39.0,0,16,single_or_few
2500,15,35,5,6,50,55,3,52,52.0,0,20,repeated_5plus
2500,15,42,5,7,50,63,1,62,64.0,1,20,repeated_5plus
2500,15,65,5,5,50,52,2,50,50.0,0,19,repeated_5plus
2500,15,84,2,0,5,4,0,4,4.0,0,2,no_activation
2500,15,87,5,4,50,48,1,47,47.0,0,17,single_or_few
2500,15,92,5,7,50,67,2,65,67.0,1,23,repeated_5plus
2500,15,93,5,0,7,18,2,16,16.0,0,4,no_activation
2500,15,94,2,0,4,4,1,3,3.0,0,2,no_activation
2500,15,98,2,0,2,3,2,1,1.0,0,1,no_activation
2500,15,99,5,0,3,6,0,6,6.0,0,2,no_activation
2500,15,101,2,1,19,20,1,19,21.0,1,10,single_or_few
2500,15,103,5,5,50,43,2,41,43.0,1,16,repeated_5plus
2500,15,105,5,4,15,39,2,37,37.0,0,13,single_or_few
2500,15,106,3,3,48,25,1,24,26.0,1,9,single_or_few
2500,15,109,4,6,47,44,1,43,49.0,2,19,repeated_5plus
2500,15,110,5,0,3,12,6,6,6.0,0,2,no_activation
2500,15,111,3,0,2,5,4,1,1.0,0,1,no_activation
2500,15,112,2,0,5,9,4,5,5.0,0,3,no_activation
2500,15,115,4,5,14,34,2,32,32.0,0,10,repeated_5plus
2500,15,116,5,1,7,17,4,13,13.0,0,6,single_or_few
2500,15,117,2,0,4,5,3,2,2.0,0,2,no_activation
2500,15,118,2,0,15,9,1,8,8.0,0,4,no_activation
2500,15,132,5,3,6,26,7,19,20.0,1,4,single_or_few
2500,15,133,5,5,23,40,4,36,36.0,0,10,repeated_5plus
2500,15,134,3,0,3,11,4,7,7.0,0,2,no_activation
2500,15,140,2,0,3,3,2,1,1.0,0,1,no_activation
2500,15,143,2,0,5,10,3,7,7.0,0,3,no_activation
2500,15,145,5,3,36,34,7,27,27.0,0,8,single_or_few
2500,15,147,2,1,2,8,7,1,1.0,0,1,single_or_few
2500,15,148,2,3,3,8,5,3,3.0,0,2,single_or_few
2500,15,149,3,0,3,13,5,8,8.0,0,2,no_activation
2500,15,152,5,2,39,23,6,17,21.0,2,4,single_or_few
2500,15,161,2,0,3,9,6,3,3.0,0,1,no_activation
2500,15,169,2,0,2,5,2,3,3.0,0,1,no_activation
2500,15,171,4,0,9,14,8,6,6.0,0,1,no_activation
2500,15,172,5,2,37,30,12,18,20.0,1,3,single_or_few
2500,15,173,5,2,36,21,7,14,14.0,0,4,single_or_few
2500,15,174,3,0,7,13,4,9,9.0,0,3,no_activation
2500,15,177,2,0,5,10,2,8,8.0,0,2,no_activation
2500,15,182,2,0,3,9,6,3,3.0,0,1,no_activation
2500,15,183,2,0,4,9,9,0,0.0,0,0,no_activation
2500,15,184,4,1,28,28,7,21,21.0,0,3,single_or_few
2500,15,185,5,1,33,22,8,14,14.0,0,2,single_or_few
2500,15,186,5,1,33,25,8,17,17.0,0,4,single_or_few
2500,15,191,4,1,32,19,4,15,17.0,1,4,single_or_few
2500,15,192,2,0,5,11,3,8,8.0,0,3,no_activation
2500,15,194,2,0,2,8,7,1,1.0,0,1,no_activation
2500,15,195,2,1,5,9,7,2,2.0,0,1,single_or_few
2500,15,196,2,1,2,7,7,0,0.0,0,0,single_or_few
2500,15,197,2,0,5,8,6,2,2.0,0,1,no_activation
2500,15,205,5,1,28,31,10,21,21.0,0,5,single_or_few
2500,15,206,5,0,12,19,13,6,6.0,0,1,no_activation
2500,15,208,2,0,3,11,8,3,3.0,0,2,no_activation
2500,15,209,5,1,27,23,9,14,14.0,0,3,single_or_few
2500,15,210,5,1,26,23,9,14,14.0,0,3,single_or_few
2500,15,211,5,1,25,27,15,12,12.0,0,3,single_or_few
2500,15,214,2,0,10,9,6,3,3.0,0,1,no_activation
2500,15,217,2,0,13,8,8,0,0.0,0,0,no_activation
2500,15,218,6,1,23,31,18,13,13.0,0,2,single_or_few
2500,15,219,5,0,2,27,16,11,11.0,0,1,no_activation
2500,15,223,2,0,2,8,8,0,0.0,0,0,no_activation
2500,15,231,5,0,21,22,10,12,12.0,0,2,no_activation
2500,15,236,4,1,12,22,12,10,10.0,0,1,single_or_few
2500,15,237,5,0,5,23,9,14,14.0,0,2,no_activation
2500,15,238,2,2,9,13,8,5,5.0,0,2,single_or_few
2500,15,239,2,0,19,10,10,0,0.0,0,0,no_activation
2500,15,240,2,0,2,7,5,2,2.0,0,1,no_activation
2500,15,244,2,0,9,9,9,0,0.0,0,0,no_activation
2500,15,245,2,0,9,8,8,0,0.0,0,0,no_activation
2500,15,248,2,0,2,10,7,3,3.0,0,1,no_activation
2500,15,259,2,0,2,9,9,0,0.0,0,0,no_activation
2500,15,260,4,0,2,15,9,6,6.0,0,1,no_activation
2500,15,261,5,1,10,21,13,8,8.0,0,2,single_or_few
2500,15,262,5,1,16,26,12,14,14.0,0,2,single_or_few
2500,15,264,2,0,15,10,6,4,4.0,0,1,no_activation
2500,15,265,5,0,15,20,14,6,6.0,0,1,no_activation
2500,15,268,3,0,3,13,13,0,0.0,0,0,no_activation
2500,15,272,2,0,2,10,8,2,2.0,0,1,no_activation
2500,15,273,2,0,2,8,8,0,0.0,0,0,no_activation
2500,15,275,5,1,12,21,11,10,10.0,0,2,single_or_few
2500,15,276,2,0,5,8,8,0,0.0,0,0,no_activation
2500,15,285,2,0,6,9,9,0,0.0,0,0,no_activation
2500,15,292,4,0,8,14,10,4,4.0,0,1,no_activation
2500,15,297,5,0,6,21,20,1,1.0,0,1,no_activation
2500,15,300,2,0,4,10,10,0,0.0,0,0,no_activation
2500,15,306,2,0,3,9,7,2,2.0,0,1,no_activation
2500,15,309,5,1,3,23,18,5,5.0,0,1,single_or_few
2500,15,311,2,0,2,11,11,0,0.0,0,0,no_activation
2500,15,312,2,0,2,13,9,4,4.0,0,1,no_activation
2500,15,313,3,0,2,12,12,0,0.0,0,0,no_activation
2500,16,0,5,2,50,44,2,42,42.0,0,15,single_or_few
2500,16,1,4,3,50,33,3,30,32.0,1,14,single_or_few
2500,16,3,2,0,4,3,0,3,3.0,0,2,no_activation
2500,16,4,5,7,50,55,1,54,58.0,2,22,repeated_5plus
2500,16,9,5,1,21,42,2,40,40.0,0,12,single_or_few
2500,16,24,3,3,44,22,3,19,19.0,0,8,single_or_few
2500,16,25,5,6,50,48,3,45,45.0,0,18,repeated_5plus
2500,16,29,4,2,50,45,0,45,45.0,0,16,single_or_few
2500,16,33,5,2,50,35,1,34,34.0,0,11,single_or_few
2500,16,34,4,2,23,40,1,39,39.0,0,14,single_or_few
2500,16,38,5,7,50,67,1,66,66.0,0,26,repeated_5plus
2500,16,40,4,5,47,42,0,42,44.0,1,17,repeated_5plus
2500,16,45,2,0,2,1,0,1,1.0,0,1,no_activation
2500,16,50,2,0,21,12,0,12,12.0,0,7,no_activation
2500,16,54,5,3,50,49,2,47,51.0,2,19,single_or_few
2500,16,55,5,5,37,56,4,52,54.0,1,20,repeated_5plus
2500,16,59,2,0,2,0,0,0,0.0,0,0,no_activation
2500,16,61,2,2,2,2,1,1,1.0,1,0,single_or_few
2500,16,63,2,1,4,8,3,5,5.0,0,2,single_or_few
2500,16,64,2,0,2,4,4,0,0.0,0,0,no_activation
2500,16,65,2,1,4,6,3,3,3.0,0,1,single_or_few
2500,16,66,2,0,5,9,3,6,6.0,0,3,no_activation
2500,16,69,5,4,49,43,2,41,41.0,0,15,single_or_few
2500,16,70,3,1,12,16,4,12,12.0,0,5,single_or_few
2500,16,71,2,1,2,4,3,1,1.0,0,1,single_or_few
2500,16,75,5,2,6,18,3,15,15.0,0,4,single_or_few
2500,16,77,2,1,2,4,1,3,3.0,0,1,single_or_few
2500,16,81,4,1,5,18,9,9,9.0,0,3,single_or_few
2500,16,82,5,0,4,13,5,8,8.0,0,3,no_activation
2500,16,83,2,2,9,16,3,13,13.0,0,5,single_or_few
2500,16,85,2,0,2,4,4,0,0.0,0,0,no_activation
2500,16,88,2,0,4,10,3,7,7.0,0,3,no_activation
2500,16,93,2,0,4,8,4,4,4.0,0,3,no_activation
2500,16,94,2,0,4,8,4,4,4.0,0,2,no_activation
2500,16,95,5,2,35,29,2,27,27.0,0,7,single_or_few
2500,16,97,4,0,2,8,5,3,3.0,0,1,no_activation
2500,16,98,4,0,4,14,8,6,6.0,0,1,no_activation
2500,16,100,2,1,4,6,3,3,3.0,0,2,single_or_few
2500,16,101,2,0,10,9,6,3,3.0,0,2,no_activation
2500,16,102,2,0,2,4,2,2,2.0,0,1,no_activation
2500,16,103,2,0,5,9,1,8,8.0,0,3,no_activation
2500,16,104,2,0,2,4,1,3,3.0,0,1,no_activation
2500,16,106,2,0,3,4,1,3,3.0,0,2,no_activation
2500,16,108,5,2,10,25,5,20,22.0,1,6,single_or_few
2500,16,109,5,2,40,31,7,24,24.0,0,6,single_or_few
2500,16,113,2,0,10,9,3,6,6.0,0,2,no_activation
2500,16,115,2,0,2,9,5,4,4.0,0,1,no_activation
2500,16,118,2,0,2,6,5,1,1.0,0,1,no_activation
2500,16,121,2,2,3,4,2,2,2.0,0,2,single_or_few
2500,16,124,2,0,7,10,7,3,3.0,0,1,no_activation
2500,16,127,5,3,38,28,7,21,21.0,0,6,single_or_few
2500,16,130,2,0,2,6,4,2,2.0,0,1,no_activation
2500,16,135,5,1,35,22,7,15,15.0,0,5,single_or_few
2500,16,137,4,1,34,19,4,15,15.0,0,3,single_or_few
2500,16,138,2,0,2,5,1,4,4.0,0,1,no_activation
2500,16,139,2,0,3,8,1,7,7.0,0,2,no_activation
2500,16,140,2,1,5,11,6,5,5.0,0,2,single_or_few
2500,16,144,4,2,32,23,8,15,15.0,0,5,single_or_few
2500,16,148,2,0,3,9,5,4,4.0,0,1,no_activation
2500,16,149,2,0,2,8,7,1,1.0,0,1,no_activation
2500,16,151,5,4,28,30,7,23,25.0,1,6,single_or_few
2500,16,152,5,3,28,32,10,22,22.0,0,7,single_or_few
2500,16,154,2,0,5,8,3,5,5.0,0,2,no_activation
2500,16,157,2,1,3,10,7,3,3.0,0,1,single_or_few
2500,16,158,2,0,3,6,2,4,4.0,0,2,no_activation
2500,16,161,2,0,21,8,6,2,2.0,0,1,no_activation
2500,16,164,2,0,3,9,9,0,0.0,0,0,no_activation
2500,16,166,4,2,26,28,11,17,17.0,0,6,single_or_few
2500,16,170,2,0,9,9,4,5,5.0,0,2,no_activation
2500,16,171,5,3,25,39,18,21,21.0,0,5,single_or_few
2500,16,172,2,0,3,9,7,2,2.0,0,1,no_activation
2500,16,174,2,0,2,8,5,3,3.0,0,1,no_activation
2500,16,182,2,0,4,9,8,1,1.0,0,1,no_activation
2500,16,183,3,0,5,10,4,6,6.0,0,1,no_activation
2500,16,184,5,0,6,21,10,11,11.0,0,2,no_activation
2500,16,185,3,1,22,17,9,8,8.0,0,3,single_or_few
2500,16,186,3,0,5,10,8,2,2.0,0,1,no_activation
2500,16,188,2,1,6,9,5,4,4.0,0,1,single_or_few
2500,16,190,2,0,2,8,8,0,0.0,0,0,no_activation
2500,16,200,2,1,8,11,5,6,8.0,1,3,single_or_few
2500,16,203,2,0,3,8,5,3,3.0,0,1,no_activation
2500,16,204,5,0,18,19,15,4,4.0,0,1,no_activation
2500,16,205,2,0,6,8,7,1,1.0,0,1,no_activation
2500,16,209,5,1,17,19,12,7,7.0,0,2,single_or_few
2500,16,210,2,0,2,8,7,1,1.0,0,1,no_activation
2500,16,212,3,0,15,10,10,0,0.0,0,0,no_activation
2500,16,213,4,1,5,27,9,18,18.0,0,3,single_or_few
2500,16,218,4,0,13,14,14,0,0.0,0,0,no_activation
2500,16,222,2,0,5,11,11,0,0.0,0,0,no_activation
2500,16,229,2,0,6,9,9,0,0.0,0,0,no_activation
2500,16,231,2,0,3,9,7,2,2.0,0,1,no_activation
2500,16,232,2,1,3,16,10,6,6.0,0,2,single_or_few
2500,16,233,3,0,8,10,7,3,3.0,0,1,no_activation
2500,16,235,2,0,10,10,8,2,2.0,0,1,no_activation
2500,16,237,2,0,4,9,9,0,0.0,0,0,no_activation
2500,16,240,2,0,2,9,9,0,0.0,0,0,no_activation
2500,16,241,2,0,2,8,8,0,0.0,0,0,no_activation
2500,16,245,2,0,2,12,6,6,6.0,0,1,no_activation
2500,16,246,4,0,7,15,11,4,4.0,0,1,no_activation
2500,16,247,2,0,4,8,1,7,7.0,0,2,no_activation
2500,16,249,2,0,2,10,10,0,0.0,0,0,no_activation
2500,16,256,4,0,5,24,12,12,12.0,0,1,no_activation
2500,16,259,2,0,2,8,7,1,1.0,0,1,no_activation
2500,16,261,2,0,2,9,9,0,0.0,0,0,no_activation
2500,16,266,2,0,2,9,9,0,0.0,0,0,no_activation
2500,17,12,5,5,50,56,2,54,54.0,0,26,repeated_5plus
2500,17,13,5,4,50,59,2,57,57.0,0,23,single_or_few
2500,17,14,5,2,30,44,1,43,45.0,1,17,single_or_few
2500,17,15,5,7,50,65,2,63,67.0,2,28,repeated_5plus
2500,17,25,5,9,50,60,3,57,63.0,2,24,repeated_5plus
2500,17,34,2,2,11,16,0,16,16.0,0,9,single_or_few
2500,17,47,2,0,9,12,1,11,11.0,0,5,no_activation
2500,17,49,4,1,50,28,2,26,26.0,0,12,single_or_few
2500,17,64,2,0,2,2,2,0,0.0,0,0,no_activation
2500,17,68,4,0,6,8,1,7,7.0,0,4,no_activation
2500,17,72,3,1,19,21,1,20,20.0,0,9,single_or_few
2500,17,74,5,5,50,49,4,45,45.0,0,19,repeated_5plus
2500,17,77,2,0,5,4,0,4,4.0,0,3,no_activation
2500,17,80,5,6,50,44,3,41,45.0,1,19,repeated_5plus
2500,17,82,2,0,4,4,3,1,1.0,0,1,no_activation
2500,17,83,2,0,4,2,1,1,1.0,0,1,no_activation
2500,17,84,2,0,2,2,0,2,2.0,0,1,no_activation
2500,17,85,5,2,49,34,4,30,32.0,1,14,single_or_few
2500,17,89,5,10,47,40,0,40,40.0,0,17,repeated_5plus
2500,17,90,4,0,5,13,3,10,10.0,0,4,no_activation
2500,17,91,2,0,8,8,1,7,7.0,0,6,no_activation
2500,17,92,2,0,3,5,4,1,1.0,0,1,no_activation
2500,17,95,2,0,2,2,1,1,1.0,0,1,no_activation
2500,17,96,2,0,4,7,4,3,3.0,0,2,no_activation
2500,17,97,2,1,4,5,2,3,4.0,1,2,single_or_few
2500,17,98,2,0,2,3,2,1,1.0,0,1,no_activation
2500,17,104,5,6,45,51,7,44,44.0,0,16,repeated_5plus
2500,17,105,4,1,45,27,3,24,24.0,0,10,single_or_few
2500,17,110,4,2,44,27,3,24,24.0,0,9,single_or_few
2500,17,111,3,0,9,13,3,10,10.0,0,5,no_activation
2500,17,112,4,1,6,15,1,14,14.0,0,5,single_or_few
2500,17,119,5,1,42,33,4,29,29.0,0,8,single_or_few
2500,17,120,3,2,42,24,0,24,24.0,0,8,single_or_few
2500,17,121,2,0,7,8,3,5,5.0,0,2,no_activation
2500,17,122,5,7,41,41,3,38,40.0,1,9,repeated_5plus
2500,17,123,4,4,41,31,4,27,29.0,1,9,single_or_few
2500,17,129,4,1,40,24,4,20,20.0,0,6,single_or_few
2500,17,133,4,0,7,16,2,14,14.0,0,3,no_activation
2500,17,135,5,4,21,32,4,28,29.0,1,7,single_or_few
2500,17,136,3,0,5,15,7,8,8.0,0,4,no_activation
2500,17,137,3,0,2,5,4,1,1.0,0,1,no_activation
2500,17,139,2,1,6,14,5,9,9.0,0,4,single_or_few
2500,17,141,5,5,32,35,3,32,34.0,1,10,repeated_5plus
2500,17,148,5,3,30,25,7,18,20.0,1,6,single_or_few
2500,17,149,5,1,30,24,9,15,15.0,0,4,single_or_few
2500,17,150,5,2,29,22,7,15,15.0,0,4,single_or_few
2500,17,152,2,0,2,6,2,4,4.0,0,1,no_activation
2500,17,154,5,1,27,26,6,20,20.0,0,4,single_or_few
2500,17,158,5,2,26,25,9,16,16.0,0,4,single_or_few
2500,17,162,2,0,2,8,5,3,3.0,0,1,no_activation
2500,17,165,3,1,23,23,3,20,20.0,0,8,single_or_few
2500,17,167,2,0,2,9,6,3,3.0,0,1,no_activation
2500,17,170,2,2,17,18,8,10,12.0,1,4,single_or_few
2500,17,179,2,0,2,9,6,3,3.0,0,1,no_activation
2500,17,196,2,0,2,9,9,0,0.0,0,0,no_activation
2500,17,198,5,3,16,44,12,32,32.0,0,6,single_or_few
2500,17,199,2,0,2,11,8,3,3.0,0,1,no_activation
2500,17,202,4,0,2,24,10,14,14.0,0,1,no_activation
2500,17,207,2,0,5,9,6,3,3.0,0,2,no_activation
2500,17,214,2,0,5,9,5,4,4.0,0,1,no_activation
2500,17,216,4,1,12,24,5,19,19.0,0,3,single_or_few
2500,17,217,2,0,2,9,7,2,2.0,0,1,no_activation
2500,17,224,4,0,11,20,9,11,11.0,0,2,no_activation
2500,17,227,2,0,2,9,7,2,2.0,0,1,no_activation
2500,17,228,5,0,10,20,10,10,10.0,0,1,no_activation
2500,17,231,2,0,4,10,7,3,3.0,0,1,no_activation
2500,17,232,2,0,2,9,6,3,3.0,0,1,no_activation
2500,17,242,2,0,2,9,9,0,0.0,0,0,no_activation
2500,17,244,5,2,6,32,16,16,16.0,0,3,single_or_few
2500,17,249,2,0,5,9,9,0,0.0,0,0,no_activation
2500,17,253,4,0,2,16,16,0,0.0,0,0,no_activation
2500,17,254,4,0,4,17,17,0,0.0,0,0,no_activation
2500,17,256,2,0,4,10,10,0,0.0,0,0,no_activation
2500,17,264,2,0,3,9,8,1,1.0,0,1,no_activation
2500,17,265,5,0,2,19,16,3,3.0,0,1,no_activation
2500,17,267,2,0,2,9,9,0,0.0,0,0,no_activation
2500,17,269,2,0,2,10,9,1,1.0,0,1,no_activation
2500,17,277,2,0,2,9,9,0,0.0,0,0,no_activation
2500,17,278,2,0,2,9,8,1,1.0,0,1,no_activation
2500,18,12,5,7,50,61,1,60,60.0,0,21,repeated_5plus
2500,18,24,5,5,50,49,3,46,48.0,1,20,repeated_5plus
2500,18,28,5,4,50,56,2,54,54.0,0,19,single_or_few
2500,18,29,4,0,4,6,1,5,5.0,0,2,no_activation
2500,18,42,5,4,50,44,2,42,46.0,2,15,single_or_few
2500,18,59,6,4,50,50,2,48,48.0,0,15,single_or_few
2500,18,60,4,1,9,13,0,13,13.0,0,7,single_or_few
2500,18,65,2,0,3,2,0,2,2.0,0,2,no_activation
2500,18,73,5,7,50,54,1,53,55.0,1,20,repeated_5plus
2500,18,79,3,0,5,12,0,12,12.0,0,4,no_activation
2500,18,81,2,0,5,4,0,4,4.0,0,2,no_activation
2500,18,86,2,0,2,4,2,2,2.0,0,1,no_activation
2500,18,91,2,0,2,2,2,0,0.0,0,0,no_activation
2500,18,93,5,0,5,10,1,9,9.0,0,4,no_activation
2500,18,94,5,4,49,61,5,56,56.0,0,19,single_or_few
2500,18,99,2,0,5,7,2,5,5.0,0,2,no_activation
2500,18,100,2,0,5,9,3,6,6.0,0,3,no_activation
2500,18,103,2,0,7,4,2,2,2.0,0,2,no_activation
2500,18,105,2,1,5,5,3,2,2.0,0,2,single_or_few
2500,18,107,2,0,2,4,4,0,0.0,0,0,no_activation
2500,18,108,2,0,4,4,1,3,3.0,0,2,no_activation
2500,18,110,5,7,45,54,3,51,53.0,1,16,repeated_5plus
2500,18,111,5,8,45,68,3,65,67.0,1,20,repeated_5plus
2500,18,115,5,0,4,10,2,8,8.0,0,3,no_activation
2500,18,116,2,0,2,7,4,3,3.0,0,1,no_activation
2500,18,118,2,1,4,7,3,4,4.0,0,3,single_or_few
2500,18,119,4,5,13,35,3,32,32.0,0,10,repeated_5plus
2500,18,120,5,5,42,44,3,41,43.0,1,15,repeated_5plus
2500,18,122,2,0,3,7,4,3,3.0,0,2,no_activation
2500,18,124,2,0,2,7,6,1,1.0,0,1,no_activation
2500,18,127,2,0,2,4,4,0,0.0,0,0,no_activation
2500,18,132,2,2,12,19,4,15,15.0,0,8,single_or_few
2500,18,137,3,4,41,24,5,19,19.0,0,9,single_or_few
2500,18,138,3,2,2,5,3,2,2.0,0,1,single_or_few
2500,18,139,3,1,2,4,0,4,4.0,0,1,single_or_few
2500,18,140,4,4,5,16,4,12,12.0,0,3,single_or_few
2500,18,141,5,6,40,45,10,35,37.0,1,9,repeated_5plus
2500,18,142,3,1,2,5,3,2,2.0,0,1,single_or_few
2500,18,150,2,0,5,8,5,3,3.0,0,2,no_activation
2500,18,152,2,1,4,11,2,9,9.0,0,3,single_or_few
2500,18,154,5,3,38,38,10,28,28.0,0,7,single_or_few
2500,18,155,5,3,38,28,9,19,21.0,1,6,single_or_few
2500,18,163,2,1,3,11,4,7,7.0,0,2,single_or_few
2500,18,166,3,1,5,18,4,14,14.0,0,4,single_or_few
2500,18,168,2,0,2,9,7,2,2.0,0,1,no_activation
2500,18,172,5,0,34,19,4,15,15.0,0,2,no_activation
2500,18,173,3,0,12,17,8,9,9.0,0,2,no_activation
2500,18,174,3,0,7,17,9,8,8.0,0,3,no_activation
2500,18,175,2,0,10,9,7,2,2.0,0,1,no_activation
2500,18,176,2,0,2,11,10,1,1.0,0,1,no_activation
2500,18,178,2,0,4,9,7,2,2.0,0,2,no_activation
2500,18,182,2,0,2,3,2,1,1.0,0,1,no_activation
2500,18,184,5,0,20,20,7,13,13.0,0,3,no_activation
2500,18,185,2,0,3,9,4,5,5.0,0,2,no_activation
2500,18,186,2,0,4,8,4,4,4.0,0,1,no_activation
2500,18,188,2,0,2,5,5,0,0.0,0,0,no_activation
2500,18,192,2,1,3,11,9,2,2.0,0,1,single_or_few
2500,18,195,5,2,29,30,8,22,22.0,0,4,single_or_few
2500,18,196,4,0,4,15,11,4,4.0,0,1,no_activation
2500,18,206,5,3,26,20,5,15,15.0,0,3,single_or_few
2500,18,207,5,2,26,33,8,25,25.0,0,4,single_or_few
2500,18,218,2,0,2,10,10,0,0.0,0,0,no_activation
2500,18,219,2,0,3,10,8,2,2.0,0,1,no_activation
2500,18,220,2,1,20,10,3,7,9.0,1,3,single_or_few
2500,18,222,5,0,19,21,10,11,11.0,0,2,no_activation
2500,18,223,3,0,2,13,6,7,7.0,0,1,no_activation
2500,18,226,2,0,4,8,8,0,0.0,0,0,no_activation
2500,18,229,2,1,3,11,6,5,5.0,0,2,single_or_few
2500,18,232,2,0,2,9,7,2,2.0,0,1,no_activation
2500,18,234,2,0,4,9,3,6,6.0,0,1,no_activation
2500,18,238,2,0,2,9,6,3,3.0,0,1,no_activation
2500,18,242,3,0,4,17,10,7,7.0,0,1,no_activation
2500,18,251,2,0,4,9,6,3,3.0,0,1,no_activation
2500,18,253,2,0,2,10,10,0,0.0,0,0,no_activation
2500,18,254,2,0,5,8,8,0,0.0,0,0,no_activation
2500,18,255,5,0,11,21,21,0,0.0,0,0,no_activation
2500,18,257,5,2,11,23,14,9,9.0,0,2,single_or_few
2500,18,262,2,0,4,11,4,7,7.0,0,2,no_activation
2500,18,264,2,0,5,8,6,2,2.0,0,1,no_activation
2500,18,266,2,0,2,9,9,0,0.0,0,0,no_activation
2500,18,271,2,0,2,8,6,2,2.0,0,1,no_activation
2500,18,272,2,0,3,8,8,0,0.0,0,0,no_activation
2500,18,276,5,0,6,20,20,0,0.0,0,0,no_activation
2500,18,277,2,0,2,10,10,0,0.0,0,0,no_activation
2500,18,278,2,0,6,9,4,5,5.0,0,1,no_activation
2500,18,281,3,0,3,18,12,6,6.0,0,1,no_activation
2500,18,283,2,0,4,10,4,6,6.0,0,1,no_activation
2500,18,287,2,1,3,9,9,0,0.0,0,0,single_or_few
2500,18,288,5,0,3,20,13,7,7.0,0,1,no_activation
2500,18,290,2,0,3,9,9,0,0.0,0,0,no_activation
2500,18,291,2,0,2,10,7,3,3.0,0,1,no_activation
2500,18,294,2,0,2,9,9,0,0.0,0,0,no_activation
2500,19,16,5,2,50,41,3,38,40.0,1,17,single_or_few
2500,19,22,5,8,50,54,1,53,55.0,1,25,repeated_5plus
2500,19,27,3,2,22,29,0,29,31.0,1,16,single_or_few
2500,19,28,5,6,50,58,1,57,61.0,1,24,repeated_5plus
2500,19,30,4,5,50,55,1,54,54.0,0,23,repeated_5plus
2500,19,43,2,3,13,10,1,9,9.0,0,8,single_or_few
2500,19,56,5,8,50,72,4,68,70.0,1,24,repeated_5plus
2500,19,63,2,1,16,12,0,12,12.0,0,9,single_or_few
2500,19,70,2,8,33,34,1,33,39.0,2,16,repeated_5plus
2500,19,72,3,3,17,23,2,21,21.0,0,12,single_or_few
2500,19,78,5,10,50,71,3,68,72.0,2,27,repeated_5plus
2500,19,79,5,6,50,60,2,58,60.0,1,22,repeated_5plus
2500,19,80,3,0,6,3,0,3,3.0,0,2,no_activation
2500,19,81,3,0,3,4,2,2,2.0,0,1,no_activation
2500,19,83,2,0,8,5,3,2,2.0,0,1,no_activation
2500,19,87,2,2,10,14,2,12,14.0,1,6,single_or_few
2500,19,92,2,0,2,5,4,1,1.0,0,1,no_activation
2500,19,93,5,0,3,5,0,5,5.0,0,2,no_activation
2500,19,95,2,0,6,8,3,5,5.0,0,3,no_activation
2500,19,96,5,10,44,56,6,50,58.0,2,19,repeated_5plus
2500,19,97,4,3,9,19,1,18,18.0,0,7,single_or_few
2500,19,98,2,0,2,0,0,0,0.0,0,0,no_activation
2500,19,101,2,0,2,0,0,0,0.0,0,0,no_activation
2500,19,102,2,0,7,9,5,4,4.0,0,4,no_activation
2500,19,107,2,1,2,4,4,0,0.0,0,0,single_or_few
2500,19,109,2,2,19,20,3,17,19.0,1,6,single_or_few
2500,19,112,4,0,2,5,3,2,2.0,0,1,no_activation
2500,19,113,3,3,40,30,4,26,26.0,0,13,single_or_few
2500,19,114,2,0,7,10,4,6,6.0,0,5,no_activation
2500,19,118,2,1,27,12,3,9,11.0,1,6,single_or_few
2500,19,121,4,1,6,17,6,11,11.0,0,4,single_or_few
2500,19,122,2,0,5,9,6,3,3.0,0,2,no_activation
2500,19,123,4,0,14,16,3,13,13.0,0,4,no_activation
2500,19,124,3,2,10,18,3,15,15.0,0,8,single_or_few
2500,19,133,2,0,5,9,5,4,4.0,0,1,no_activation
2500,19,138,3,2,15,13,6,7,7.0,0,3,single_or_few
2500,19,149,3,0,29,13,2,11,11.0,0,4,no_activation
2500,19,150,3,3,16,32,5,27,27.0,0,9,single_or_few
2500,19,154,2,0,8,9,1,8,8.0,0,4,no_activation
2500,19,155,2,1,2,5,4,1,1.0,0,1,single_or_few
2500,19,157,4,0,27,15,5,10,10.0,0,3,no_activation
2500,19,158,5,1,4,22,10,12,12.0,0,2,single_or_few
2500,19,161,5,0,26,30,10,20,20.0,0,3,no_activation
2500,19,162,4,1,5,21,7,14,14.0,0,3,single_or_few
2500,19,167,2,0,2,8,8,0,0.0,0,0,no_activation
2500,19,168,5,3,24,24,12,12,12.0,0,4,single_or_few
2500,19,169,5,3,24,27,14,13,13.0,0,4,single_or_few
2500,19,172,2,1,2,8,6,2,2.0,0,1,single_or_few
2500,19,175,2,0,12,8,4,4,4.0,0,1,no_activation
2500,19,179,2,0,2,9,8,1,1.0,0,1,no_activation
2500,19,184,2,0,8,9,4,5,5.0,0,3,no_activation
2500,19,190,4,0,7,18,12,6,6.0,0,1,no_activation
2500,19,191,3,0,4,16,6,10,10.0,0,2,no_activation
2500,19,192,3,1,4,13,10,3,3.0,0,1,single_or_few
2500,19,196,5,0,21,21,11,10,10.0,0,3,no_activation
2500,19,199,2,0,2,9,3,6,6.0,0,1,no_activation
2500,19,200,2,0,2,8,6,2,2.0,0,1,no_activation
2500,19,202,5,0,18,19,10,9,9.0,0,2,no_activation
2500,19,203,2,0,3,13,5,8,8.0,0,2,no_activation
2500,19,205,3,0,7,17,6,11,11.0,0,2,no_activation
2500,19,210,2,0,4,9,4,5,5.0,0,1,no_activation
2500,19,211,2,1,6,10,9,1,1.0,0,1,single_or_few
2500,19,216,2,0,2,9,9,0,0.0,0,0,no_activation
2500,19,218,5,0,14,28,7,21,21.0,0,3,no_activation
2500,19,226,5,0,11,29,14,15,15.0,0,2,no_activation
2500,19,227,5,1,10,19,11,8,8.0,0,1,single_or_few
2500,19,234,2,0,3,13,4,9,9.0,0,2,no_activation
2500,19,236,5,0,9,21,12,9,9.0,0,1,no_activation
2500,19,237,5,0,9,19,18,1,1.0,0,1,no_activation
2500,19,245,2,0,5,9,3,6,6.0,0,2,no_activation
2500,19,247,2,0,2,9,6,3,3.0,0,1,no_activation
2500,19,248,2,0,4,8,4,4,4.0,0,1,no_activation
2500,19,249,2,0,6,8,7,1,1.0,0,1,no_activation
2500,19,253,4,1,6,20,12,8,8.0,0,2,single_or_few
2500,19,254,2,0,2,9,3,6,6.0,0,1,no_activation
2500,19,255,5,1,4,26,10,16,16.0,0,2,single_or_few
2500,19,257,2,0,3,8,6,2,2.0,0,2,no_activation
2500,19,259,2,0,3,8,6,2,2.0,0,1,no_activation
2500,19,262,5,0,2,21,12,9,9.0,0,1,no_activation
2500,19,263,5,0,2,22,11,11,11.0,0,1,no_activation
2500,20,0,5,6,36,69,4,65,69.0,2,26,repeated_5plus
2500,20,1,4,1,22,27,0,27,27.0,0,14,single_or_few
2500,20,4,5,6,50,48,0,48,52.0,2,21,repeated_5plus
2500,20,31,5,5,50,58,1,57,59.0,1,23,repeated_5plus
2500,20,32,5,3,50,46,1,45,45.0,0,19,single_or_few
2500,20,34,5,4,35,46,2,44,46.0,1,18,single_or_few
2500,20,35,3,0,13,19,4,15,15.0,0,6,no_activation
2500,20,45,4,3,50,38,1,37,37.0,0,17,single_or_few
2500,20,53,5,7,50,58,2,56,58.0,1,25,repeated_5plus
2500,20,61,2,0,2,2,1,1,1.0,0,1,no_activation
2500,20,62,2,0,4,3,0,3,3.0,0,2,no_activation
2500,20,64,5,4,50,51,2,49,51.0,1,20,single_or_few
2500,20,65,5,3,50,41,3,38,38.0,0,17,single_or_few
2500,20,68,2,0,5,7,0,7,7.0,0,4,no_activation
2500,20,73,4,2,35,38,1,37,37.0,0,17,single_or_few
2500,20,82,2,1,8,4,0,4,4.0,0,3,single_or_few
2500,20,86,5,5,50,53,1,52,56.0,2,23,repeated_5plus
2500,20,87,2,0,3,1,0,1,1.0,0,1,no_activation
2500,20,90,5,1,50,43,2,41,41.0,0,16,single_or_few
2500,20,91,3,0,4,5,0,5,5.0,0,3,no_activation
2500,20,94,2,0,2,1,1,0,0.0,0,0,no_activation
2500,20,95,5,6,49,38,0,38,38.0,0,15,repeated_5plus
2500,20,97,5,2,8,21,3,18,20.0,1,6,single_or_few
2500,20,108,5,8,45,60,9,51,55.0,2,21,repeated_5plus
2500,20,109,5,0,11,22,2,20,20.0,0,6,no_activation
2500,20,110,5,5,44,35,3,32,34.0,1,14,repeated_5plus
2500,20,111,4,4,13,32,6,26,30.0,1,9,single_or_few
2500,20,113,4,1,7,18,2,16,16.0,0,6,single_or_few
2500,20,114,5,2,13,30,4,26,26.0,0,8,single_or_few
2500,20,126,5,1,20,21,9,12,14.0,1,4,single_or_few
2500,20,127,2,1,3,9,4,5,5.0,0,1,single_or_few
2500,20,132,2,0,4,9,2,7,7.0,0,3,no_activation
2500,20,133,2,0,2,3,2,1,1.0,0,1,no_activation
2500,20,135,2,0,7,9,4,5,5.0,0,1,no_activation
2500,20,138,2,0,9,8,3,5,5.0,0,2,no_activation
2500,20,141,2,0,2,7,5,2,2.0,0,1,no_activation
2500,20,146,2,1,3,12,4,8,8.0,0,2,single_or_few
2500,20,149,2,0,3,8,3,5,5.0,0,1,no_activation
2500,20,150,3,0,4,13,1,12,12.0,0,3,no_activation
2500,20,151,3,4,34,23,7,16,16.0,0,7,single_or_few
2500,20,157,2,0,3,9,6,3,3.0,0,2,no_activation
2500,20,158,3,0,4,14,3,11,11.0,0,3,no_activation
2500,20,164,3,1,20,15,2,13,13.0,0,4,single_or_few
2500,20,166,2,0,2,5,2,3,3.0,0,1,no_activation
2500,20,167,3,1,4,16,9,7,7.0,0,2,single_or_few
2500,20,168,5,1,27,34,7,27,27.0,0,4,single_or_few
2500,20,169,3,0,4,13,8,5,5.0,0,1,no_activation
2500,20,170,2,1,10,14,4,10,10.0,0,4,single_or_few
2500,20,178,2,1,5,10,5,5,7.0,1,2,single_or_few
2500,20,183,2,0,5,8,8,0,0.0,0,0,no_activation
2500,20,186,2,0,4,8,7,1,1.0,0,1,no_activation
2500,20,187,5,1,23,21,5,16,16.0,0,4,single_or_few
2500,20,190,2,0,3,8,7,1,1.0,0,1,no_activation
2500,20,198,2,0,3,11,2,9,9.0,0,2,no_activation
2500,20,200,5,2,21,23,7,16,16.0,0,4,single_or_few
2500,20,202,2,0,7,10,4,6,6.0,0,2,no_activation
2500,20,204,2,0,2,8,3,5,5.0,0,1,no_activation
2500,20,205,5,3,19,26,10,16,18.0,1,3,single_or_few
2500,20,206,4,0,3,22,7,15,15.0,0,2,no_activation
2500,20,211,5,5,18,27,13,14,16.0,1,5,repeated_5plus
2500,20,212,3,0,3,17,3,14,14.0,0,2,no_activation
2500,20,216,2,0,5,9,9,0,0.0,0,0,no_activation
2500,20,219,5,0,2,19,10,9,9.0,0,1,no_activation
2500,20,220,5,2,16,31,15,16,16.0,0,4,single_or_few
2500,20,222,2,0,2,8,3,5,5.0,0,1,no_activation
2500,20,226,4,0,5,18,10,8,8.0,0,2,no_activation
2500,20,228,2,0,8,9,9,0,0.0,0,0,no_activation
2500,20,229,2,0,7,8,5,3,3.0,0,1,no_activation
2500,20,232,2,0,4,9,7,2,2.0,0,1,no_activation
2500,20,239,5,0,7,25,18,7,7.0,0,1,no_activation
2500,20,240,2,0,3,9,9,0,0.0,0,0,no_activation
2500,20,241,2,0,4,8,7,1,1.0,0,1,no_activation
2500,20,250,2,0,7,9,7,2,2.0,0,2,no_activation
2500,20,252,6,1,11,27,23,4,4.0,0,1,single_or_few
2500,20,254,5,0,10,19,12,7,7.0,0,1,no_activation
2500,20,259,2,0,7,9,8,1,1.0,0,1,no_activation
2500,20,260,2,0,6,9,6,3,3.0,0,1,no_activation
2500,20,264,2,0,8,11,11,0,0.0,0,0,no_activation
2500,20,267,5,0,8,22,16,6,6.0,0,1,no_activation
2500,20,269,2,0,3,9,9,0,0.0,0,0,no_activation
2500,20,282,5,0,2,20,20,0,0.0,0,0,no_activation
2500,21,13,4,1,23,29,3,26,28.0,1,13,single_or_few
2500,21,15,5,7,50,64,3,61,61.0,0,26,repeated_5plus
2500,21,18,2,1,10,10,1,9,9.0,0,7,single_or_few
2500,21,23,2,0,3,7,4,3,3.0,0,2,no_activation
2500,21,30,5,3,40,43,3,40,42.0,1,17,single_or_few
2500,21,33,5,3,36,52,1,51,51.0,0,17,single_or_few
2500,21,34,4,0,7,15,4,11,11.0,0,4,no_activation
2500,21,38,5,9,50,60,3,57,61.0,2,27,repeated_5plus
2500,21,39,5,2,50,43,6,37,37.0,0,17,single_or_few
2500,21,42,2,0,9,6,3,3,3.0,0,2,no_activation
2500,21,46,5,4,50,42,1,41,41.0,0,16,single_or_few
2500,21,48,4,4,50,51,4,47,49.0,1,22,single_or_few
2500,21,49,2,0,3,6,1,5,5.0,0,1,no_activation
2500,21,52,4,2,40,41,1,40,40.0,0,17,single_or_few
2500,21,54,5,7,50,55,3,52,52.0,0,24,repeated_5plus
2500,21,55,5,7,50,64,1,63,65.0,1,21,repeated_5plus
2500,21,62,2,0,6,8,1,7,7.0,0,4,no_activation
2500,21,63,5,2,50,34,1,33,33.0,0,15,single_or_few
2500,21,64,5,4,11,27,2,25,25.0,0,7,single_or_few
2500,21,68,5,3,48,42,3,39,39.0,0,16,single_or_few
2500,21,71,3,0,2,9,6,3,3.0,0,1,no_activation
2500,21,72,5,3,46,31,5,26,26.0,0,11,single_or_few
2500,21,75,2,1,4,7,4,3,3.0,0,2,single_or_few
2500,21,77,5,1,6,19,3,16,16.0,0,4,single_or_few
2500,21,81,3,3,38,42,5,37,39.0,1,18,single_or_few
2500,21,82,2,0,3,5,1,4,4.0,0,2,no_activation
2500,21,84,2,1,2,5,3,2,2.0,0,1,single_or_few
2500,21,85,2,1,6,13,4,9,9.0,0,4,single_or_few
2500,21,87,2,0,4,8,4,4,4.0,0,1,no_activation
2500,21,93,2,1,2,3,2,1,1.0,0,1,single_or_few
2500,21,94,4,2,40,26,3,23,23.0,0,8,single_or_few
2500,21,95,4,5,32,30,4,26,26.0,0,9,repeated_5plus
2500,21,101,2,0,2,7,4,3,3.0,0,1,no_activation
2500,21,103,2,0,2,4,3,1,1.0,0,1,no_activation
2500,21,106,2,1,5,7,3,4,4.0,0,2,single_or_few
2500,21,111,2,2,2,8,6,2,2.0,0,1,single_or_few
2500,21,113,2,0,2,9,7,2,2.0,0,1,no_activation
2500,21,114,2,0,4,7,4,3,3.0,0,3,no_activation
2500,21,115,2,0,3,8,5,3,3.0,0,2,no_activation
2500,21,119,3,0,6,10,4,6,6.0,0,2,no_activation
2500,21,124,3,2,27,21,3,18,18.0,0,7,single_or_few
2500,21,126,2,0,3,7,5,2,2.0,0,2,no_activation
2500,21,128,2,0,4,9,8,1,1.0,0,1,no_activation
2500,21,129,2,0,2,5,5,0,0.0,0,0,no_activation
2500,21,135,2,0,2,6,3,3,3.0,0,1,no_activation
2500,21,138,3,0,4,14,4,10,10.0,0,3,no_activation
2500,21,139,4,0,25,18,8,10,10.0,0,2,no_activation
2500,21,144,5,1,8,20,13,7,7.0,0,2,single_or_few
2500,21,145,6,1,24,36,6,30,30.0,0,6,single_or_few
2500,21,147,2,0,4,9,5,4,4.0,0,1,no_activation
2500,21,151,4,0,5,15,12,3,3.0,0,1,no_activation
2500,21,152,2,0,2,7,3,4,4.0,0,1,no_activation
2500,21,153,4,0,22,14,8,6,6.0,0,2,no_activation
2500,21,155,2,1,2,9,5,4,4.0,0,1,single_or_few
2500,21,156,4,3,13,32,12,20,20.0,0,6,single_or_few
2500,21,157,4,3,20,35,8,27,29.0,1,8,single_or_few
2500,21,158,5,1,20,29,7,22,22.0,0,4,single_or_few
2500,21,159,2,0,4,10,4,6,6.0,0,1,no_activation
2500,21,164,2,0,4,8,6,2,2.0,0,1,no_activation
2500,21,165,2,0,3,8,6,2,2.0,0,1,no_activation
2500,21,167,2,0,4,8,8,0,0.0,0,0,no_activation
2500,21,168,2,1,2,7,5,2,2.0,0,1,single_or_few
2500,21,170,2,0,2,9,8,1,1.0,0,1,no_activation
2500,21,172,2,0,2,9,7,2,2.0,0,1,no_activation
2500,21,173,5,0,5,21,12,9,9.0,0,2,no_activation
2500,21,174,2,0,8,8,3,5,5.0,0,2,no_activation
2500,21,175,2,0,5,9,4,5,5.0,0,1,no_activation
2500,21,176,2,0,3,5,4,1,1.0,0,1,no_activation
2500,21,178,2,0,6,9,7,2,2.0,0,1,no_activation
2500,21,180,2,0,5,9,6,3,3.0,0,1,no_activation
2500,21,181,2,0,2,7,1,6,6.0,0,1,no_activation
2500,21,184,3,0,4,13,9,4,4.0,0,1,no_activation
2500,21,185,2,0,4,9,8,1,1.0,0,1,no_activation
2500,21,187,2,0,2,9,4,5,5.0,0,1,no_activation
2500,21,193,5,0,10,22,9,13,13.0,0,2,no_activation
2500,21,195,2,0,5,8,8,0,0.0,0,0,no_activation
2500,21,200,2,0,3,9,6,3,3.0,0,1,no_activation
2500,21,201,4,0,9,15,15,0,0.0,0,0,no_activation
2500,21,202,5,1,8,41,16,25,25.0,0,4,single_or_few
2500,21,205,2,0,2,10,3,7,7.0,0,1,no_activation
2500,21,208,5,0,6,19,12,7,7.0,0,1,no_activation
2500,21,213,2,0,5,8,8,0,0.0,0,0,no_activation
2500,21,216,2,0,5,9,6,3,3.0,0,1,no_activation
2500,21,217,5,1,4,24,13,11,11.0,0,2,single_or_few
2500,21,222,5,0,3,20,15,5,5.0,0,1,no_activation
2500,21,223,2,0,3,9,9,0,0.0,0,0,no_activation
2500,21,225,2,0,3,9,4,5,5.0,0,1,no_activation
2500,22,0,5,3,50,48,5,43,43.0,0,16,single_or_few
2500,22,1,3,5,50,30,3,27,27.0,0,14,repeated_5plus
2500,22,3,2,1,7,8,1,7,7.0,0,5,single_or_few
2500,22,11,5,3,50,45,3,42,42.0,0,16,single_or_few
2500,22,12,5,8,50,66,4,62,64.0,1,20,repeated_5plus
2500,22,15,2,0,4,7,1,6,6.0,0,2,no_activation
2500,22,31,5,7,50,66,5,61,65.0,2,22,repeated_5plus
2500,22,32,4,3,50,32,4,28,28.0,0,11,single_or_few
2500,22,33,5,5,36,46,5,41,41.0,0,17,repeated_5plus
2500,22,36,5,2,20,39,4,35,35.0,0,15,single_or_few
2500,22,42,5,2,50,42,4,38,38.0,0,12,single_or_few
2500,22,48,4,3,35,35,0,35,35.0,0,15,single_or_few
2500,22,50,4,2,50,32,4,28,28.0,0,11,single_or_few
2500,22,51,4,5,50,42,6,36,40.0,2,14,repeated_5plus
2500,22,52,4,2,18,30,4,26,28.0,1,12,single_or_few
2500,22,58,4,2,15,29,6,23,23.0,0,13,single_or_few
2500,22,59,5,9,50,61,4,57,57.0,0,25,repeated_5plus
2500,22,60,2,0,2,4,3,1,1.0,0,1,no_activation
2500,22,61,5,4,50,39,3,36,36.0,0,11,single_or_few
2500,22,63,2,3,11,11,2,9,10.0,1,6,single_or_few
2500,22,64,2,1,2,5,4,1,1.0,0,1,single_or_few
2500,22,74,2,0,3,3,2,1,1.0,0,1,no_activation
2500,22,76,2,0,7,8,5,3,3.0,0,2,no_activation
2500,22,80,3,1,6,17,0,17,17.0,0,5,single_or_few
2500,22,81,2,0,3,4,1,3,3.0,0,2,no_activation
2500,22,83,2,0,7,6,1,5,5.0,0,4,no_activation
2500,22,84,2,2,7,7,2,5,5.0,0,3,single_or_few
2500,22,85,4,8,22,34,4,30,36.0,2,13,repeated_5plus
2500,22,86,2,0,3,8,4,4,4.0,0,2,no_activation
2500,22,88,2,0,6,8,3,5,5.0,0,3,no_activation
2500,22,89,3,6,45,32,3,29,33.0,2,14,repeated_5plus
2500,22,90,4,1,45,26,5,21,21.0,0,8,single_or_few
2500,22,96,2,0,2,6,4,2,2.0,0,1,no_activation
2500,22,98,2,2,6,11,4,7,7.0,0,4,single_or_few
2500,22,100,3,4,42,27,6,21,21.0,0,7,single_or_few
2500,22,101,2,0,6,8,3,5,5.0,0,2,no_activation
2500,22,103,5,0,33,19,7,12,12.0,0,4,no_activation
2500,22,105,2,0,5,9,6,3,3.0,0,2,no_activation
2500,22,106,2,1,2,9,4,5,5.0,0,1,single_or_few
2500,22,117,2,0,8,10,4,6,6.0,0,2,no_activation
2500,22,118,2,1,4,9,5,4,4.0,0,2,single_or_few
2500,22,119,2,0,4,9,7,2,2.0,0,1,no_activation
2500,22,122,5,6,38,37,8,29,31.0,1,11,repeated_5plus
2500,22,123,2,0,2,7,7,0,0.0,0,0,no_activation
2500,22,125,2,0,2,9,7,2,2.0,0,1,no_activation
2500,22,126,2,0,2,9,3,6,6.0,0,1,no_activation
2500,22,129,2,1,5,15,6,9,9.0,0,3,single_or_few
2500,22,133,2,0,3,9,9,0,0.0,0,0,no_activation
2500,22,134,2,1,3,9,7,2,2.0,0,1,single_or_few
2500,22,141,2,0,3,11,6,5,5.0,0,2,no_activation
2500,22,145,2,1,5,12,2,10,10.0,0,4,single_or_few
2500,22,147,2,0,2,5,3,2,2.0,0,1,no_activation
2500,22,148,5,0,9,19,10,9,9.0,0,2,no_activation
2500,22,152,4,0,2,12,7,5,5.0,0,1,no_activation
2500,22,155,5,4,31,35,8,27,29.0,1,8,single_or_few
2500,22,158,2,0,2,10,5,5,5.0,0,1,no_activation
2500,22,160,4,0,20,23,9,14,14.0,0,3,no_activation
2500,22,166,2,0,13,9,5,4,4.0,0,2,no_activation
2500,22,168,2,0,2,9,7,2,2.0,0,1,no_activation
2500,22,174,5,1,28,23,9,14,14.0,0,2,single_or_few
2500,22,175,5,1,20,24,11,13,15.0,1,3,single_or_few
2500,22,177,2,0,2,9,2,7,7.0,0,1,no_activation
2500,22,180,2,0,4,10,6,4,4.0,0,1,no_activation
2500,22,184,2,0,3,10,7,3,3.0,0,1,no_activation
2500,22,186,2,0,2,9,9,0,0.0,0,0,no_activation
2500,22,195,2,0,4,9,9,0,0.0,0,0,no_activation
2500,22,196,3,1,2,13,11,2,2.0,0,1,single_or_few
2500,22,197,2,0,2,6,4,2,2.0,0,1,no_activation
2500,22,199,2,0,5,9,6,3,3.0,0,1,no_activation
2500,22,200,2,1,6,9,6,3,3.0,0,1,single_or_few
2500,22,201,2,0,2,9,8,1,1.0,0,1,no_activation
2500,22,205,3,1,2,9,4,5,5.0,0,1,single_or_few
2500,22,206,4,0,12,23,10,13,13.0,0,1,no_activation
2500,22,207,3,0,6,16,6,10,10.0,0,2,no_activation
2500,22,210,2,0,2,8,4,4,4.0,0,1,no_activation
2500,22,216,2,0,11,8,5,3,3.0,0,1,no_activation
2500,22,217,2,0,2,9,6,3,3.0,0,1,no_activation
2500,22,221,2,0,18,9,8,1,1.0,0,1,no_activation
2500,22,222,2,0,2,11,11,0,0.0,0,0,no_activation
2500,22,225,3,0,8,10,10,0,0.0,0,0,no_activation
2500,22,226,5,0,15,30,10,20,20.0,0,3,no_activation
2500,22,237,2,0,6,8,8,0,0.0,0,0,no_activation
2500,22,242,2,1,3,8,8,0,0.0,0,0,single_or_few
2500,22,243,5,0,10,19,17,2,2.0,0,1,no_activation
2500,22,252,2,0,3,8,8,0,0.0,0,0,no_activation
2500,22,253,2,0,4,9,9,0,0.0,0,0,no_activation
2500,22,257,5,0,6,17,14,3,3.0,0,1,no_activation
2500,22,258,4,1,3,28,11,17,17.0,0,2,single_or_few
2500,22,263,2,0,3,8,8,0,0.0,0,0,no_activation
2500,22,265,2,0,2,8,7,1,1.0,0,1,no_activation
2500,22,266,5,0,5,20,12,8,8.0,0,1,no_activation
2500,22,269,5,0,4,20,18,2,2.0,0,1,no_activation
2500,22,270,2,0,4,9,9,0,0.0,0,0,no_activation
2500,22,274,2,0,2,8,8,0,0.0,0,0,no_activation
2500,22,276,2,0,2,8,3,5,5.0,0,1,no_activation
2500,22,280,2,0,3,8,8,0,0.0,0,0,no_activation
2500,22,284,3,0,3,17,10,7,7.0,0,2,no_activation
2500,22,288,2,0,2,10,10,0,0.0,0,0,no_activation
2500,22,290,5,0,2,20,14,6,6.0,0,1,no_activation
2500,22,291,2,0,2,9,9,0,0.0,0,0,no_activation
2500,23,0,5,1,50,33,0,33,33.0,0,14,single_or_few
2500,23,13,5,1,25,37,2,35,35.0,0,15,single_or_few
2500,23,21,5,7,50,59,1,58,60.0,1,19,repeated_5plus
2500,23,24,5,3,45,38,3,35,35.0,0,17,single_or_few
2500,23,25,5,1,50,37,2,35,35.0,0,12,single_or_few
2500,23,26,3,2,50,33,3,30,30.0,0,17,single_or_few
2500,23,49,5,5,50,52,5,47,47.0,0,18,repeated_5plus
2500,23,51,5,6,50,53,3,50,54.0,1,17,repeated_5plus
2500,23,52,5,4,41,43,2,41,43.0,1,17,single_or_few
2500,23,53,2,0,14,11,1,10,10.0,0,6,no_activation
2500,23,68,2,0,5,7,0,7,7.0,0,4,no_activation
2500,23,69,4,1,38,38,4,34,34.0,0,12,single_or_few
2500,23,71,3,0,4,8,1,7,7.0,0,3,no_activation
2500,23,77,5,5,50,45,2,43,45.0,1,18,repeated_5plus
2500,23,90,3,1,6,14,8,6,6.0,0,4,single_or_few
2500,23,93,2,0,4,6,1,5,5.0,0,2,no_activation
2500,23,95,5,6,50,55,2,53,55.0,1,21,repeated_5plus
2500,23,96,4,7,50,58,4,54,54.0,0,22,repeated_5plus
2500,23,97,3,1,6,15,6,9,9.0,0,4,single_or_few
2500,23,98,5,3,50,36,5,31,31.0,0,11,single_or_few
2500,23,104,2,0,2,4,3,1,1.0,0,1,no_activation
2500,23,106,5,3,22,40,5,35,39.0,2,12,single_or_few
2500,23,107,5,4,49,37,2,35,37.0,1,12,single_or_few
2500,23,110,5,2,6,17,3,14,14.0,0,4,single_or_few
2500,23,111,5,3,46,33,8,25,25.0,0,11,single_or_few
2500,23,112,4,3,35,30,2,28,30.0,1,12,single_or_few
2500,23,116,3,1,5,8,1,7,7.0,0,4,single_or_few
2500,23,117,5,5,45,40,6,34,36.0,1,14,repeated_5plus
2500,23,118,5,5,45,44,2,42,42.0,0,15,repeated_5plus
2500,23,120,2,0,24,8,6,2,2.0,0,1,no_activation
2500,23,122,5,0,2,9,5,4,4.0,0,1,no_activation
2500,23,132,5,0,22,19,5,14,14.0,0,3,no_activation
2500,23,133,6,0,40,25,11,14,14.0,0,3,no_activation
2500,23,140,5,1,39,25,7,18,18.0,0,4,single_or_few
2500,23,141,5,2,39,29,10,19,19.0,0,5,single_or_few
2500,23,143,2,0,5,9,2,7,7.0,0,3,no_activation
2500,23,146,2,0,7,8,3,5,5.0,0,2,no_activation
2500,23,147,2,0,3,9,3,6,6.0,0,2,no_activation
2500,23,149,2,0,3,7,4,3,3.0,0,1,no_activation
2500,23,154,2,0,4,9,5,4,4.0,0,1,no_activation
2500,23,157,3,0,13,16,5,11,11.0,0,3,no_activation
2500,23,158,3,2,29,18,9,9,11.0,1,4,single_or_few
2500,23,162,2,0,2,8,8,0,0.0,0,0,no_activation
2500,23,167,4,0,2,11,6,5,5.0,0,1,no_activation
2500,23,171,2,0,2,8,5,3,3.0,0,1,no_activation
2500,23,177,2,0,2,10,8,2,2.0,0,1,no_activation
2500,23,179,2,0,7,8,7,1,1.0,0,1,no_activation
2500,23,182,2,1,22,15,6,9,9.0,0,4,single_or_few
2500,23,185,5,0,27,29,16,13,13.0,0,3,no_activation
2500,23,186,5,0,27,21,6,15,15.0,0,2,no_activation
2500,23,194,4,0,8,17,7,10,10.0,0,2,no_activation
2500,23,195,3,1,2,14,11,3,3.0,0,1,single_or_few
2500,23,200,5,1,24,26,11,15,15.0,0,4,single_or_few
2500,23,205,2,1,7,11,8,3,3.0,0,3,single_or_few
2500,23,215,4,1,15,23,5,18,18.0,0,4,single_or_few
2500,23,216,5,0,2,17,10,7,7.0,0,1,no_activation
2500,23,221,2,0,4,8,8,0,0.0,0,0,no_activation
2500,23,222,8,1,18,53,18,35,35.0,0,4,single_or_few
2500,23,223,5,0,18,20,10,10,10.0,0,1,no_activation
2500,23,224,2,0,3,9,5,4,4.0,0,1,no_activation
2500,23,226,2,0,7,9,8,1,1.0,0,1,no_activation
2500,23,233,3,1,2,16,7,9,9.0,0,1,single_or_few
2500,23,234,2,0,2,11,8,3,3.0,0,1,no_activation
2500,23,235,2,0,4,12,3,9,9.0,0,2,no_activation
2500,23,237,2,0,2,11,9,2,2.0,0,1,no_activation
2500,23,239,2,0,3,10,8,2,2.0,0,1,no_activation
2500,23,240,2,0,2,9,9,0,0.0,0,0,no_activation
2500,23,242,2,1,6,10,5,5,5.0,0,1,single_or_few
2500,23,244,2,0,3,8,2,6,6.0,0,2,no_activation
2500,23,246,5,0,13,19,18,1,1.0,0,1,no_activation
2500,23,250,5,0,12,22,14,8,8.0,0,1,no_activation
2500,23,254,2,0,4,9,6,3,3.0,0,1,no_activation
2500,23,256,2,0,3,9,9,0,0.0,0,0,no_activation
2500,23,260,2,0,4,9,7,2,2.0,0,1,no_activation
2500,23,272,2,0,3,10,7,3,3.0,0,1,no_activation
2500,23,274,2,0,2,9,9,0,0.0,0,0,no_activation
2500,23,276,5,0,3,19,19,0,0.0,0,0,no_activation
2500,23,277,2,1,3,14,9,5,5.0,0,2,single_or_few
2500,23,280,2,0,3,9,8,1,1.0,0,1,no_activation
2500,23,284,2,1,2,9,9,0,0.0,0,0,single_or_few
2500,23,286,2,0,2,8,6,2,2.0,0,1,no_activation
5000,0,0,5,9,50,71,1,70,72.0,1,27,repeated_5plus
5000,0,2,5,5,50,58,2,56,62.0,3,24,repeated_5plus
5000,0,7,2,0,8,4,0,4,4.0,0,3,no_activation
5000,0,9,5,2,15,12,0,12,12.0,0,8,single_or_few
5000,0,10,4,9,50,48,0,48,54.0,3,22,repeated_5plus
5000,0,19,5,7,50,62,1,61,67.0,3,31,repeated_5plus
5000,0,22,5,1,21,25,2,23,25.0,1,13,single_or_few
5000,0,26,5,4,39,47,0,47,47.0,0,26,single_or_few
5000,0,41,5,12,50,64,1,63,67.0,2,31,repeated_5plus
5000,0,42,5,10,50,85,1,84,88.0,2,37,repeated_5plus
5000,0,44,4,6,50,55,1,54,54.0,0,25,repeated_5plus
5000,0,52,3,0,10,8,1,7,7.0,0,4,no_activation
5000,0,64,2,0,6,2,0,2,2.0,0,1,no_activation
5000,0,67,3,0,5,4,0,4,4.0,0,3,no_activation
5000,0,74,2,0,2,3,1,2,2.0,0,1,no_activation
5000,0,75,2,0,2,2,1,1,1.0,0,1,no_activation
5000,0,77,2,0,2,4,3,1,1.0,0,1,no_activation
5000,0,79,2,1,3,2,1,1,1.0,1,0,single_or_few
5000,0,82,5,1,5,8,2,6,6.0,0,4,single_or_few
5000,0,86,5,10,43,58,2,56,61.0,3,32,repeated_5plus
5000,0,88,2,1,5,2,2,0,0.0,0,0,single_or_few
5000,0,90,3,2,9,10,1,9,9.0,0,5,single_or_few
5000,0,92,2,0,2,2,2,0,0.0,0,0,no_activation
5000,0,94,2,0,5,7,2,5,5.0,0,4,no_activation
5000,0,96,2,0,4,6,4,2,2.0,0,1,no_activation
5000,0,97,2,0,4,7,4,3,3.0,0,1,no_activation
5000,0,101,2,0,2,3,1,2,2.0,0,1,no_activation
5000,0,107,5,8,37,71,2,69,75.0,2,27,repeated_5plus
5000,0,110,2,1,6,10,2,8,10.0,1,3,single_or_few
5000,0,111,2,0,3,6,4,2,2.0,0,1,no_activation
5000,0,115,2,0,2,3,3,0,0.0,0,0,no_activation
5000,0,119,2,1,5,6,1,5,5.0,0,3,single_or_few
5000,0,122,4,3,7,15,3,12,12.0,0,5,single_or_few
5000,0,124,2,0,3,4,3,1,1.0,0,1,no_activation
5000,0,126,4,6,34,49,0,49,53.0,2,19,repeated_5plus
5000,0,127,2,1,3,7,1,6,6.0,0,2,single_or_few
5000,0,128,5,6,33,36,4,32,32.0,0,15,repeated_5plus
5000,0,129,2,2,4,4,1,3,3.0,0,2,single_or_few
5000,0,130,2,0,2,3,1,2,2.0,0,1,no_activation
5000,0,131,3,0,3,3,1,2,2.0,0,1,no_activation
5000,0,132,4,0,4,17,11,6,6.0,0,2,no_activation
5000,0,133,2,2,6,5,3,2,3.0,1,2,single_or_few
5000,0,134,2,0,2,3,3,0,0.0,0,0,no_activation
5000,0,136,2,1,2,5,4,1,1.0,1,0,single_or_few
5000,0,145,3,0,7,16,3,13,13.0,0,5,no_activation
5000,0,148,2,1,2,2,2,0,0.0,0,0,single_or_few
5000,0,150,2,2,3,9,8,1,1.0,0,1,single_or_few
5000,0,154,2,0,2,5,4,1,1.0,0,1,no_activation
5000,0,156,4,2,8,24,1,23,23.0,0,6,single_or_few
5000,0,158,2,1,6,8,3,5,5.0,0,4,single_or_few
5000,0,165,2,0,2,4,3,1,1.0,0,1,no_activation
5000,0,166,3,0,12,16,2,14,14.0,0,6,no_activation
5000,0,167,5,4,25,37,3,34,36.0,1,12,single_or_few
5000,0,171,4,3,24,34,1,33,35.0,1,11,single_or_few
5000,0,175,2,0,3,6,3,3,3.0,0,1,no_activation
5000,0,176,2,0,3,8,4,4,4.0,0,1,no_activation
5000,0,178,5,5,23,54,8,46,46.0,0,12,repeated_5plus
5000,0,180,5,0,5,14,4,10,10.0,0,4,no_activation
5000,0,181,3,0,3,7,1,6,6.0,0,2,no_activation
5000,0,186,2,1,7,9,3,6,7.0,1,4,single_or_few
5000,0,188,2,1,2,7,6,1,1.0,1,0,single_or_few
5000,0,190,4,2,17,27,8,19,21.0,1,6,single_or_few
5000,0,191,4,1,11,20,4,16,16.0,0,4,single_or_few
5000,0,194,2,0,4,8,6,2,2.0,0,1,no_activation
5000,0,199,2,0,2,6,5,1,1.0,0,1,no_activation
5000,0,200,2,3,12,11,4,7,7.0,0,6,single_or_few
5000,0,207,5,1,12,23,13,10,10.0,0,3,single_or_few
5000,0,208,4,0,2,8,5,3,3.0,0,1,no_activation
5000,0,209,2,0,6,8,3,5,5.0,0,2,no_activation
5000,0,212,2,0,5,8,6,2,2.0,0,1,no_activation
5000,0,216,2,0,2,6,5,1,1.0,0,1,no_activation
5000,0,217,4,0,11,17,5,12,12.0,0,2,no_activation
5000,0,219,2,0,4,10,3,7,7.0,0,1,no_activation
5000,0,222,3,2,7,20,6,14,14.0,0,3,single_or_few
5000,0,227,4,0,8,15,5,10,10.0,0,1,no_activation
5000,0,228,5,0,7,18,4,14,14.0,0,2,no_activation
5000,0,229,4,0,7,22,7,15,15.0,0,3,no_activation
5000,0,231,2,0,7,10,3,7,7.0,0,2,no_activation
5000,0,233,2,0,5,8,4,4,4.0,0,2,no_activation
5000,0,237,5,0,6,19,2,17,17.0,0,3,no_activation
5000,0,239,5,0,6,21,7,14,14.0,0,3,no_activation
5000,0,240,5,1,5,20,11,9,9.0,0,1,single_or_few
5000,0,241,2,0,4,8,3,5,5.0,0,1,no_activation
5000,0,244,2,0,5,8,5,3,3.0,0,2,no_activation
5000,0,246,2,0,2,9,7,2,2.0,0,1,no_activation
5000,0,247,2,0,5,12,5,7,7.0,0,3,no_activation
5000,0,248,2,0,4,9,3,6,6.0,0,2,no_activation
5000,0,249,2,0,2,9,9,0,0.0,0,0,no_activation
5000,0,256,2,0,2,9,8,1,1.0,0,1,no_activation
5000,0,261,2,0,3,8,3,5,5.0,0,2,no_activation
5000,0,265,2,0,3,10,4,6,6.0,0,1,no_activation
5000,0,266,2,0,3,9,4,5,5.0,0,1,no_activation
5000,0,267,2,0,3,10,9,1,1.0,0,1,no_activation
5000,0,268,3,0,2,6,4,2,2.0,0,1,no_activation
5000,0,270,2,0,2,9,9,0,0.0,0,0,no_activation
5000,0,271,2,0,2,9,7,2,2.0,0,1,no_activation
5000,1,20,4,10,50,57,4,53,57.0,2,27,repeated_5plus
5000,1,24,2,3,21,13,0,13,15.0,1,8,single_or_few
5000,1,30,2,4,38,25,0,25,25.0,0,19,single_or_few
5000,1,34,2,3,19,8,0,8,10.0,1,6,single_or_few
5000,1,35,2,0,9,6,1,5,5.0,0,3,no_activation
5000,1,43,2,0,2,0,0,0,0.0,0,0,no_activation
5000,1,52,3,0,5,6,1,5,5.0,0,2,no_activation
5000,1,58,5,9,50,70,0,70,70.0,0,34,repeated_5plus
5000,1,59,5,1,23,26,0,26,27.0,1,15,single_or_few
5000,1,68,5,1,6,4,1,3,3.0,0,2,single_or_few
5000,1,69,4,2,22,21,1,20,20.0,0,11,single_or_few
5000,1,76,5,5,49,53,0,53,53.0,0,24,repeated_5plus
5000,1,77,2,0,4,2,1,1,1.0,0,1,no_activation
5000,1,79,2,0,3,3,2,1,1.0,0,1,no_activation
5000,1,82,2,0,2,3,3,0,0.0,0,0,no_activation
5000,1,88,5,10,49,61,0,61,67.0,3,28,repeated_5plus
5000,1,90,2,1,5,5,3,2,4.0,1,2,single_or_few
5000,1,93,2,0,2,6,6,0,0.0,0,0,no_activation
5000,1,95,2,0,4,3,2,1,1.0,0,1,no_activation
5000,1,98,2,0,5,4,2,2,2.0,0,2,no_activation
5000,1,99,2,0,5,8,4,4,4.0,0,3,no_activation
5000,1,103,2,0,3,4,1,3,3.0,0,1,no_activation
5000,1,104,2,1,6,3,2,1,2.0,1,1,single_or_few
5000,1,106,2,0,7,9,1,8,8.0,0,4,no_activation
5000,1,108,5,4,27,40,1,39,41.0,1,18,single_or_few
5000,1,109,4,4,42,37,4,33,33.0,0,14,single_or_few
5000,1,111,2,0,2,1,1,0,0.0,0,0,no_activation
5000,1,112,2,1,4,5,3,2,2.0,0,2,single_or_few
5000,1,116,3,7,17,29,2,27,28.0,1,12,repeated_5plus
5000,1,119,3,1,8,8,3,5,6.0,1,4,single_or_few
5000,1,121,3,9,36,50,2,48,54.0,3,22,repeated_5plus
5000,1,126,2,0,2,6,5,1,1.0,0,1,no_activation
5000,1,127,2,1,3,5,4,1,2.0,1,1,single_or_few
5000,1,128,2,1,2,3,3,0,0.0,0,0,single_or_few
5000,1,130,5,4,36,51,1,50,50.0,0,17,single_or_few
5000,1,131,2,2,3,2,1,1,1.0,1,0,single_or_few
5000,1,134,5,4,35,51,2,49,51.0,1,17,single_or_few
5000,1,135,5,0,2,5,3,2,2.0,0,1,no_activation
5000,1,136,2,0,7,7,2,5,5.0,0,3,no_activation
5000,1,137,2,1,2,5,5,0,0.0,0,0,single_or_few
5000,1,139,5,6,33,64,6,58,58.0,0,20,repeated_5plus
5000,1,140,2,1,3,6,3,3,3.0,0,2,single_or_few
5000,1,146,5,3,31,30,2,28,30.0,1,10,single_or_few
5000,1,147,5,7,31,50,2,48,48.0,0,17,repeated_5plus
5000,1,150,5,3,30,31,1,30,30.0,0,10,single_or_few
5000,1,151,2,0,7,9,2,7,7.0,0,3,no_activation
5000,1,157,2,0,3,7,3,4,4.0,0,2,no_activation
5000,1,161,4,2,6,16,3,13,13.0,0,5,single_or_few
5000,1,162,3,0,2,7,6,1,1.0,0,1,no_activation
5000,1,163,4,0,10,24,7,17,17.0,0,5,no_activation
5000,1,164,2,1,3,9,4,5,6.0,1,1,single_or_few
5000,1,171,2,0,4,8,2,6,6.0,0,2,no_activation
5000,1,174,5,0,26,19,8,11,11.0,0,4,no_activation
5000,1,175,2,2,7,18,6,12,12.0,0,5,single_or_few
5000,1,177,5,0,11,21,5,16,16.0,0,3,no_activation
5000,1,178,5,4,25,41,4,37,43.0,3,13,single_or_few
5000,1,179,4,0,24,21,0,21,21.0,0,6,no_activation
5000,1,181,2,0,3,5,2,3,3.0,0,2,no_activation
5000,1,182,2,0,5,9,4,5,5.0,0,2,no_activation
5000,1,184,2,0,3,9,7,2,2.0,0,2,no_activation
5000,1,188,4,1,22,18,9,9,9.0,0,4,single_or_few
5000,1,193,5,2,20,32,0,32,32.0,0,8,single_or_few
5000,1,196,2,0,3,9,7,2,2.0,0,1,no_activation
5000,1,198,4,1,19,25,5,20,22.0,1,7,single_or_few
5000,1,199,5,4,19,37,10,27,27.0,0,11,single_or_few
5000,1,203,3,0,5,16,7,9,9.0,0,4,no_activation
5000,1,205,4,2,17,25,3,22,24.0,1,6,single_or_few
5000,1,207,2,0,2,5,2,3,3.0,0,1,no_activation
5000,1,217,3,0,2,6,4,2,2.0,0,1,no_activation
5000,1,219,2,0,2,6,5,1,1.0,0,1,no_activation
5000,1,220,5,1,14,30,11,19,19.0,0,5,single_or_few
5000,1,222,3,0,2,10,4,6,6.0,0,1,no_activation
5000,1,223,3,1,8,9,5,4,4.0,0,2,single_or_few
5000,1,225,2,0,4,6,3,3,3.0,0,2,no_activation
5000,1,230,2,0,7,9,2,7,7.0,0,5,no_activation
5000,1,231,4,1,11,22,9,13,13.0,0,4,single_or_few
5000,1,232,2,0,4,9,5,4,4.0,0,1,no_activation
5000,1,234,4,0,10,23,3,20,20.0,0,3,no_activation
5000,1,235,3,0,5,16,5,11,11.0,0,3,no_activation
5000,1,239,5,0,2,15,12,3,3.0,0,1,no_activation
5000,1,240,2,0,3,8,2,6,6.0,0,1,no_activation
5000,1,241,2,0,8,8,6,2,2.0,0,1,no_activation
5000,1,248,5,0,6,18,9,9,9.0,0,3,no_activation
5000,1,249,5,0,5,21,8,13,13.0,0,2,no_activation
5000,1,251,2,0,2,7,2,5,5.0,0,1,no_activation
5000,1,254,2,0,4,10,8,2,2.0,0,1,no_activation
5000,1,256,5,0,3,20,7,13,13.0,0,2,no_activation
5000,1,257,2,1,3,12,5,7,7.0,0,2,single_or_few
5000,1,258,5,0,2,13,8,5,5.0,0,1,no_activation
5000,1,259,5,1,2,15,10,5,5.0,0,1,single_or_few
5000,1,260,4,0,2,9,4,5,5.0,0,1,no_activation
5000,2,11,5,6,49,70,3,67,69.0,1,25,repeated_5plus
5000,2,21,3,6,50,46,4,42,46.0,2,22,repeated_5plus
5000,2,22,5,6,50,58,0,58,64.0,2,26,repeated_5plus
5000,2,25,5,6,50,51,1,50,50.0,0,25,repeated_5plus
5000,2,34,5,7,50,59,0,59,65.0,2,27,repeated_5plus
5000,2,35,4,5,50,48,1,47,49.0,1,20,repeated_5plus
5000,2,36,5,4,25,48,1,47,49.0,1,16,single_or_few
5000,2,40,5,8,50,64,1,63,65.0,1,29,repeated_5plus
5000,2,51,4,4,50,43,2,41,45.0,2,18,single_or_few
5000,2,61,2,0,4,1,1,0,0.0,0,0,no_activation
5000,2,67,5,7,50,55,3,52,54.0,1,20,repeated_5plus
5000,2,69,5,5,50,51,2,49,55.0,3,22,repeated_5plus
5000,2,75,2,5,21,21,3,18,22.0,1,15,repeated_5plus
5000,2,76,5,10,50,69,1,68,69.0,1,29,repeated_5plus
5000,2,77,4,2,50,18,2,16,16.0,0,10,single_or_few
5000,2,78,4,1,25,18,1,17,19.0,1,8,single_or_few
5000,2,80,2,0,3,4,3,1,1.0,0,1,no_activation
5000,2,82,2,0,2,6,4,2,2.0,0,1,no_activation
5000,2,83,2,0,9,5,2,3,3.0,0,2,no_activation
5000,2,86,2,0,2,5,3,2,2.0,0,1,no_activation
5000,2,87,2,1,3,3,3,0,0.0,0,0,single_or_few
5000,2,94,4,0,4,7,0,7,7.0,0,3,no_activation
5000,2,96,3,0,4,4,2,2,2.0,0,2,no_activation
5000,2,97,5,5,48,45,3,42,44.0,1,20,repeated_5plus
5000,2,98,5,8,48,47,3,44,44.0,0,21,repeated_5plus
5000,2,102,2,1,4,3,0,3,3.0,0,1,single_or_few
5000,2,103,5,6,47,51,4,47,55.0,4,21,repeated_5plus
5000,2,108,2,1,3,3,1,2,2.0,0,1,single_or_few
5000,2,110,3,7,46,34,5,29,33.0,1,15,repeated_5plus
5000,2,111,2,0,2,5,5,0,0.0,0,0,no_activation
5000,2,114,5,6,45,38,3,35,35.0,0,14,repeated_5plus
5000,2,116,4,3,43,38,2,36,38.0,1,12,single_or_few
5000,2,118,2,2,7,10,2,8,8.0,0,3,single_or_few
5000,2,122,2,0,3,6,3,3,3.0,0,2,no_activation
5000,2,126,2,1,3,5,3,2,2.0,0,1,single_or_few
5000,2,128,2,0,2,4,4,0,0.0,0,0,no_activation
5000,2,130,2,0,6,8,3,5,5.0,0,2,no_activation
5000,2,131,2,0,2,6,3,3,3.0,0,1,no_activation
5000,2,135,2,0,3,5,2,3,3.0,0,2,no_activation
5000,2,137,2,0,3,4,2,2,2.0,0,1,no_activation
5000,2,138,4,3,40,37,2,35,35.0,0,14,single_or_few
5000,2,139,2,0,4,5,2,3,3.0,0,1,no_activation
5000,2,140,2,1,2,4,4,0,0.0,0,0,single_or_few
5000,2,144,5,2,4,13,7,6,6.0,0,3,single_or_few
5000,2,145,4,2,38,23,0,23,25.0,1,8,single_or_few
5000,2,146,2,3,5,9,5,4,4.0,0,2,single_or_few
5000,2,147,2,0,2,3,2,1,1.0,0,1,no_activation
5000,2,149,2,1,2,5,4,1,1.0,0,1,single_or_few
5000,2,153,4,1,14,23,2,21,22.0,1,6,single_or_few
5000,2,154,4,5,37,35,5,30,30.0,0,12,repeated_5plus
5000,2,155,5,0,3,7,1,6,6.0,0,2,no_activation
5000,2,159,2,1,6,9,4,5,6.0,1,3,single_or_few
5000,2,163,2,0,4,8,4,4,4.0,0,3,no_activation
5000,2,169,2,0,3,7,5,2,2.0,0,1,no_activation
5000,2,170,2,0,2,0,0,0,0.0,0,0,no_activation
5000,2,175,5,5,31,33,8,25,27.0,1,8,repeated_5plus
5000,2,190,5,2,27,24,9,15,15.0,0,7,single_or_few
5000,2,195,3,0,4,10,1,9,9.0,0,3,no_activation
5000,2,196,5,1,23,21,3,18,18.0,0,4,single_or_few
5000,2,198,2,0,5,9,5,4,4.0,0,3,no_activation
5000,2,206,2,0,3,9,5,4,4.0,0,2,no_activation
5000,2,207,5,0,3,19,7,12,12.0,0,2,no_activation
5000,2,208,4,0,22,14,3,11,11.0,0,2,no_activation
5000,2,210,2,0,2,8,7,1,1.0,0,1,no_activation
5000,2,215,2,0,2,9,8,1,1.0,0,1,no_activation
5000,2,216,2,0,3,7,3,4,4.0,0,2,no_activation
5000,2,221,2,0,7,9,2,7,7.0,0,4,no_activation
5000,2,222,2,0,4,8,5,3,3.0,0,2,no_activation
5000,2,223,2,3,10,15,8,7,8.0,1,2,single_or_few
5000,2,224,5,2,16,28,6,22,22.0,0,6,single_or_few
5000,2,225,2,0,2,8,4,4,4.0,0,1,no_activation
5000,2,229,5,3,15,27,3,24,24.0,0,7,single_or_few
5000,2,234,4,0,7,16,6,10,10.0,0,2,no_activation
5000,2,235,5,1,14,19,7,12,14.0,1,3,single_or_few
5000,2,240,2,0,4,8,6,2,2.0,0,1,no_activation
5000,2,241,2,0,2,8,7,1,1.0,0,1,no_activation
5000,2,243,3,0,5,15,3,12,12.0,0,4,no_activation
5000,2,248,2,1,3,8,5,3,3.0,0,2,single_or_few
5000,2,249,2,0,3,8,5,3,3.0,0,2,no_activation
5000,2,253,2,0,6,8,7,1,1.0,0,1,no_activation
5000,2,257,2,0,3,9,4,5,5.0,0,1,no_activation
5000,2,258,2,0,8,9,5,4,4.0,0,2,no_activation
5000,2,260,2,0,3,8,3,5,5.0,0,2,no_activation
5000,2,261,2,0,3,9,2,7,7.0,0,2,no_activation
5000,2,262,2,0,10,8,2,6,6.0,0,2,no_activation
5000,2,263,2,1,3,5,1,4,4.0,0,2,single_or_few
5000,2,266,2,0,4,9,3,6,6.0,0,3,no_activation
5000,2,267,5,2,8,32,5,27,27.0,0,5,single_or_few
5000,2,269,3,0,7,9,6,3,3.0,0,1,no_activation
5000,2,270,3,1,7,20,11,9,9.0,0,4,single_or_few
5000,2,272,2,0,2,5,5,0,0.0,0,0,no_activation
5000,2,281,5,0,5,20,12,8,8.0,0,2,no_activation
5000,2,284,2,0,2,9,4,5,5.0,0,1,no_activation
5000,2,287,2,0,3,11,10,1,1.0,0,1,no_activation
5000,2,288,2,0,5,11,9,2,2.0,0,1,no_activation
5000,2,289,5,1,4,27,13,14,14.0,0,2,single_or_few
5000,2,291,2,0,4,8,7,1,1.0,0,1,no_activation
5000,2,292,2,0,4,7,4,3,3.0,0,2,no_activation
5000,2,296,2,0,3,8,7,1,1.0,0,1,no_activation
5000,2,299,2,0,3,8,5,3,3.0,0,1,no_activation
5000,2,300,2,0,2,8,2,6,6.0,0,1,no_activation
5000,2,301,2,0,2,7,1,6,6.0,0,1,no_activation
5000,3,2,3,6,32,35,1,34,34.0,0,20,repeated_5plus
5000,3,10,5,3,50,53,1,52,54.0,1,24,single_or_few
5000,3,17,5,8,50,56,3,53,57.0,2,28,repeated_5plus
5000,3,25,3,5,50,35,0,35,39.0,2,25,repeated_5plus
5000,3,39,4,3,45,37,0,37,37.0,0,18,single_or_few
5000,3,45,3,2,11,13,1,12,12.0,0,8,single_or_few
5000,3,53,5,7,50,66,1,65,67.0,1,25,repeated_5plus
5000,3,63,5,6,50,59,1,58,58.0,0,27,repeated_5plus
5000,3,68,4,8,50,63,1,62,66.0,1,29,repeated_5plus
5000,3,76,2,0,2,1,1,0,0.0,0,0,no_activation
5000,3,79,2,0,3,0,0,0,0.0,0,0,no_activation
5000,3,90,4,7,50,46,1,45,45.0,0,23,repeated_5plus
5000,3,94,2,0,2,0,0,0,0.0,0,0,no_activation
5000,3,96,5,10,50,60,2,58,62.0,1,27,repeated_5plus
5000,3,101,5,9,50,45,0,45,50.0,2,21,repeated_5plus
5000,3,102,5,9,50,60,1,59,63.0,2,23,repeated_5plus
5000,3,104,2,0,2,6,4,2,2.0,0,1,no_activation
5000,3,109,2,0,2,3,3,0,0.0,0,0,no_activation
5000,3,111,2,0,2,2,1,1,1.0,0,1,no_activation
5000,3,112,4,0,2,1,1,0,0.0,0,0,no_activation
5000,3,114,2,0,3,1,0,1,1.0,0,1,no_activation
5000,3,115,2,0,3,4,3,1,1.0,0,1,no_activation
5000,3,117,4,1,5,6,2,4,4.0,0,4,single_or_few
5000,3,119,2,0,2,2,2,0,0.0,0,0,no_activation
5000,3,120,2,0,2,4,1,3,3.0,0,1,no_activation
5000,3,122,5,9,46,74,1,73,77.0,1,31,repeated_5plus
5000,3,125,2,1,2,4,4,0,0.0,0,0,single_or_few
5000,3,126,2,1,2,2,1,1,1.0,0,1,single_or_few
5000,3,129,4,0,4,6,2,4,4.0,0,2,no_activation
5000,3,132,2,0,4,6,3,3,3.0,0,2,no_activation
5000,3,133,5,5,44,43,4,39,45.0,3,18,repeated_5plus
5000,3,136,2,0,3,3,3,0,0.0,0,0,no_activation
5000,3,139,2,0,2,2,2,0,0.0,0,0,no_activation
5000,3,143,2,0,5,4,2,2,2.0,0,2,no_activation
5000,3,147,2,0,2,2,2,0,0.0,0,0,no_activation
5000,3,151,5,4,41,39,3,36,40.0,2,16,single_or_few
5000,3,152,4,0,4,4,2,2,2.0,0,1,no_activation
5000,3,155,3,1,7,11,0,11,11.0,0,4,single_or_few
5000,3,158,4,3,38,29,3,26,28.0,1,11,single_or_few
5000,3,159,4,0,38,23,2,21,21.0,0,12,no_activation
5000,3,160,5,7,36,50,0,50,58.0,4,18,repeated_5plus
5000,3,161,2,0,3,4,0,4,4.0,0,2,no_activation
5000,3,162,5,0,3,12,2,10,10.0,0,2,no_activation
5000,3,164,2,0,3,4,3,1,1.0,0,1,no_activation
5000,3,165,2,2,5,4,0,4,4.0,0,2,single_or_few
5000,3,166,2,0,2,6,5,1,1.0,0,1,no_activation
5000,3,167,2,0,4,6,2,4,4.0,0,1,no_activation
5000,3,168,2,0,5,8,3,5,5.0,0,3,no_activation
5000,3,169,2,0,3,8,5,3,3.0,0,2,no_activation
5000,3,174,2,0,2,6,3,3,3.0,0,1,no_activation
5000,3,175,2,0,3,5,1,4,4.0,0,2,no_activation
5000,3,178,5,2,30,30,4,26,26.0,0,9,single_or_few
5000,3,179,4,1,30,18,2,16,16.0,0,5,single_or_few
5000,3,180,2,0,4,4,3,1,1.0,0,1,no_activation
5000,3,182,2,1,5,10,4,6,7.0,1,2,single_or_few
5000,3,185,2,1,4,13,7,6,6.0,0,3,single_or_few
5000,3,189,2,0,8,9,2,7,7.0,0,4,no_activation
5000,3,190,3,1,16,20,2,18,18.0,0,6,single_or_few
5000,3,193,5,2,10,28,4,24,24.0,0,8,single_or_few
5000,3,194,2,0,3,7,2,5,5.0,0,2,no_activation
5000,3,195,2,0,5,8,3,5,5.0,0,2,no_activation
5000,3,198,4,0,26,15,6,9,9.0,0,2,no_activation
5000,3,199,5,0,2,11,9,2,2.0,0,1,no_activation
5000,3,203,5,4,25,36,4,32,34.0,1,7,single_or_few
5000,3,204,2,0,2,8,3,5,5.0,0,1,no_activation
5000,3,205,2,0,3,7,4,3,3.0,0,2,no_activation
5000,3,210,2,2,3,7,4,3,3.0,0,2,single_or_few
5000,3,211,4,2,24,22,3,19,21.0,1,9,single_or_few
5000,3,212,5,3,24,30,3,27,27.0,0,8,single_or_few
5000,3,213,2,0,2,2,1,1,1.0,0,1,no_activation
5000,3,214,2,0,3,8,1,7,7.0,0,2,no_activation
5000,3,215,2,0,3,6,2,4,4.0,0,2,no_activation
5000,3,219,3,0,2,10,4,6,6.0,0,1,no_activation
5000,3,223,2,0,7,8,5,3,3.0,0,2,no_activation
5000,3,226,2,0,3,10,2,8,8.0,0,2,no_activation
5000,3,227,2,0,7,9,7,2,2.0,0,2,no_activation
5000,3,230,5,0,17,22,2,20,20.0,0,4,no_activation
5000,3,231,5,1,17,20,9,11,11.0,0,3,single_or_few
5000,3,232,2,0,2,6,4,2,2.0,0,1,no_activation
5000,3,233,2,0,3,8,2,6,6.0,0,2,no_activation
5000,3,236,2,0,2,4,3,1,1.0,0,1,no_activation
5000,3,238,2,0,4,6,5,1,1.0,0,1,no_activation
5000,3,240,4,2,5,18,6,12,12.0,0,4,single_or_few
5000,3,242,2,0,2,8,7,1,1.0,0,1,no_activation
5000,3,244,2,0,2,10,5,5,5.0,0,1,no_activation
5000,3,245,2,1,13,9,4,5,7.0,1,3,single_or_few
5000,3,249,2,0,3,8,6,2,2.0,0,2,no_activation
5000,3,250,2,0,2,7,5,2,2.0,0,1,no_activation
5000,3,252,4,1,2,10,6,4,4.0,0,1,single_or_few
5000,3,254,2,0,3,8,3,5,5.0,0,2,no_activation
5000,3,255,5,1,14,20,8,12,12.0,0,3,single_or_few
5000,3,257,2,0,5,8,2,6,6.0,0,2,no_activation
5000,3,263,2,0,6,8,6,2,2.0,0,1,no_activation
5000,3,264,2,0,2,8,4,4,4.0,0,1,no_activation
5000,3,269,2,0,7,8,7,1,1.0,0,1,no_activation
5000,3,272,2,0,3,8,6,2,2.0,0,1,no_activation
5000,3,274,2,0,2,8,8,0,0.0,0,0,no_activation
5000,3,283,5,0,7,18,10,8,8.0,0,1,no_activation
5000,3,287,2,0,3,10,8,2,2.0,0,1,no_activation
5000,3,289,5,0,4,29,9,20,20.0,0,3,no_activation
5000,3,290,4,1,4,18,14,4,4.0,0,2,single_or_few
5000,3,292,2,0,4,9,9,0,0.0,0,0,no_activation
5000,3,297,2,0,3,8,7,1,1.0,0,1,no_activation
5000,4,0,5,5,50,55,1,54,54.0,0,26,repeated_5plus
5000,4,1,5,5,38,63,2,61,63.0,1,26,repeated_5plus
5000,4,2,5,3,50,49,1,48,48.0,0,23,single_or_few
5000,4,11,5,5,50,47,1,46,48.0,1,24,repeated_5plus
5000,4,27,5,8,36,55,3,52,56.0,2,21,repeated_5plus
5000,4,36,4,3,26,35,1,34,34.0,0,16,single_or_few
5000,4,37,3,3,30,30,0,30,32.0,1,20,single_or_few
5000,4,42,5,3,50,45,0,45,47.0,1,21,single_or_few
5000,4,53,4,1,20,23,0,23,23.0,0,11,single_or_few
5000,4,57,5,3,50,46,0,46,46.0,0,22,single_or_few
5000,4,62,5,6,50,55,2,53,53.0,0,25,repeated_5plus
5000,4,64,5,7,50,59,2,57,59.0,1,24,repeated_5plus
5000,4,65,5,4,50,52,0,52,56.0,1,23,single_or_few
5000,4,67,3,2,50,26,1,25,25.0,0,17,single_or_few
5000,4,68,3,2,25,29,1,28,30.0,1,15,single_or_few
5000,4,76,2,0,3,2,0,2,2.0,0,2,no_activation
5000,4,77,2,0,19,11,0,11,11.0,0,7,no_activation
5000,4,82,4,5,36,41,0,41,45.0,1,23,repeated_5plus
5000,4,86,3,1,7,8,2,6,6.0,0,5,single_or_few
5000,4,92,2,0,7,8,2,6,6.0,0,5,no_activation
5000,4,93,2,0,6,3,2,1,1.0,0,1,no_activation
5000,4,94,2,1,2,1,1,0,0.0,0,0,single_or_few
5000,4,97,4,4,48,38,0,38,38.0,0,17,single_or_few
5000,4,99,5,2,47,38,1,37,37.0,0,17,single_or_few
5000,4,106,2,0,2,3,3,0,0.0,0,0,no_activation
5000,4,110,2,1,6,4,2,2,3.0,1,1,single_or_few
5000,4,112,2,1,2,3,3,0,0.0,0,0,single_or_few
5000,4,114,5,5,36,45,1,44,44.0,0,16,repeated_5plus
5000,4,115,3,9,44,53,2,51,57.0,2,24,repeated_5plus
5000,4,120,2,1,4,6,3,3,3.0,0,2,single_or_few
5000,4,122,2,0,2,3,3,0,0.0,0,0,no_activation
5000,4,123,2,0,3,2,1,1,1.0,0,1,no_activation
5000,4,128,4,2,42,19,4,15,15.0,0,5,single_or_few
5000,4,129,2,0,7,8,2,6,6.0,0,3,no_activation
5000,4,130,2,1,2,2,1,1,1.0,0,1,single_or_few
5000,4,131,2,0,2,4,1,3,3.0,0,1,no_activation
5000,4,132,2,0,5,3,2,1,1.0,0,1,no_activation
5000,4,133,2,0,3,3,3,0,0.0,0,0,no_activation
5000,4,137,2,3,9,15,6,9,11.0,1,6,single_or_few
5000,4,138,5,1,7,17,2,15,15.0,0,6,single_or_few
5000,4,139,2,1,5,4,2,2,4.0,1,2,single_or_few
5000,4,140,4,2,20,26,5,21,21.0,0,10,single_or_few
5000,4,143,4,3,38,21,2,19,23.0,2,8,single_or_few
5000,4,144,5,4,38,31,6,25,25.0,0,13,single_or_few
5000,4,146,5,5,17,39,6,33,33.0,0,13,repeated_5plus
5000,4,148,4,2,32,18,4,14,14.0,0,8,single_or_few
5000,4,149,2,1,3,8,4,4,4.0,0,1,single_or_few
5000,4,151,2,0,6,9,3,6,6.0,0,3,no_activation
5000,4,154,2,0,4,7,4,3,3.0,0,2,no_activation
5000,4,158,2,0,2,1,1,0,0.0,0,0,no_activation
5000,4,161,2,0,2,4,3,1,1.0,0,1,no_activation
5000,4,163,2,0,2,7,6,1,1.0,0,1,no_activation
5000,4,164,4,1,32,17,4,13,13.0,0,4,single_or_few
5000,4,166,2,0,11,10,3,7,7.0,0,5,no_activation
5000,4,167,2,0,4,6,1,5,5.0,0,2,no_activation
5000,4,168,2,0,4,9,3,6,6.0,0,2,no_activation
5000,4,169,2,0,7,9,6,3,3.0,0,2,no_activation
5000,4,170,2,0,2,6,5,1,1.0,0,1,no_activation
5000,4,171,2,0,2,1,1,0,0.0,0,0,no_activation
5000,4,173,5,2,28,23,4,19,19.0,0,6,single_or_few
5000,4,175,2,0,5,9,4,5,5.0,0,2,no_activation
5000,4,176,2,0,2,6,4,2,2.0,0,1,no_activation
5000,4,177,4,1,8,19,1,18,18.0,0,7,single_or_few
5000,4,178,2,0,3,3,3,0,0.0,0,0,no_activation
5000,4,181,3,0,3,14,9,5,5.0,0,2,no_activation
5000,4,183,2,0,18,11,5,6,6.0,0,4,no_activation
5000,4,189,2,0,4,9,3,6,6.0,0,3,no_activation
5000,4,196,2,0,20,11,2,9,9.0,0,5,no_activation
5000,4,198,2,0,2,6,4,2,2.0,0,1,no_activation
5000,4,200,5,1,18,26,6,20,20.0,0,4,single_or_few
5000,4,201,4,2,18,17,2,15,15.0,0,5,single_or_few
5000,4,204,2,0,3,8,5,3,3.0,0,2,no_activation
5000,4,206,2,1,2,9,6,3,3.0,0,1,single_or_few
5000,4,207,5,0,4,18,0,18,18.0,0,2,no_activation
5000,4,209,4,2,6,23,3,20,20.0,0,4,single_or_few
5000,4,210,4,0,16,23,4,19,19.0,0,5,no_activation
5000,4,211,5,0,16,20,13,7,7.0,0,2,no_activation
5000,4,212,4,2,12,25,12,13,13.0,0,5,single_or_few
5000,4,217,2,0,2,8,8,0,0.0,0,0,no_activation
5000,4,219,5,2,14,28,13,15,15.0,0,4,single_or_few
5000,4,220,5,1,9,21,8,13,13.0,0,4,single_or_few
5000,4,221,5,2,14,27,6,21,21.0,0,6,single_or_few
5000,4,225,2,0,2,5,4,1,1.0,0,1,no_activation
5000,4,228,5,0,13,21,10,11,11.0,0,2,no_activation
5000,4,229,2,0,2,6,5,1,1.0,0,1,no_activation
5000,4,231,2,0,5,10,6,4,4.0,0,2,no_activation
5000,4,233,2,0,2,6,4,2,2.0,0,1,no_activation
5000,4,238,5,0,9,19,12,7,7.0,0,2,no_activation
5000,4,239,3,0,2,12,6,6,6.0,0,1,no_activation
5000,4,242,2,0,2,8,8,0,0.0,0,0,no_activation
5000,4,243,2,0,2,8,8,0,0.0,0,0,no_activation
5000,4,247,5,0,6,19,3,16,16.0,0,3,no_activation
5000,4,248,5,1,6,20,8,12,12.0,0,2,single_or_few
5000,4,250,2,0,2,7,3,4,4.0,0,1,no_activation
5000,4,254,5,0,5,30,6,24,24.0,0,4,no_activation
5000,4,255,3,0,5,16,13,3,3.0,0,1,no_activation
5000,4,256,5,0,5,19,12,7,7.0,0,1,no_activation
5000,4,259,2,0,3,8,4,4,4.0,0,1,no_activation
5000,4,261,2,0,3,8,7,1,1.0,0,1,no_activation
5000,5,16,5,3,27,33,0,33,35.0,1,18,single_or_few
5000,5,17,5,6,49,56,2,54,54.0,0,21,repeated_5plus
5000,5,22,4,5,50,58,1,57,63.0,2,24,repeated_5plus
5000,5,33,5,12,50,76,1,75,81.0,3,36,repeated_5plus
5000,5,34,4,3,16,17,0,17,17.0,0,10,single_or_few
5000,5,40,4,8,50,58,0,58,62.0,2,31,repeated_5plus
5000,5,41,4,1,10,10,0,10,10.0,0,7,single_or_few
5000,5,49,5,3,50,49,1,48,50.0,1,18,single_or_few
5000,5,54,2,0,3,1,0,1,1.0,0,1,no_activation
5000,5,61,2,0,4,0,0,0,0.0,0,0,no_activation
5000,5,67,4,7,50,61,0,61,65.0,1,32,repeated_5plus
5000,5,69,2,0,2,4,4,0,0.0,0,0,no_activation
5000,5,71,2,1,5,8,3,5,5.0,0,3,single_or_few
5000,5,72,3,0,6,11,0,11,11.0,0,4,no_activation
5000,5,73,5,1,4,8,1,7,7.0,0,3,single_or_few
5000,5,74,5,6,48,37,1,36,36.0,0,17,repeated_5plus
5000,5,77,2,0,5,4,1,3,3.0,0,2,no_activation
5000,5,79,5,6,46,55,0,55,59.0,2,25,repeated_5plus
5000,5,83,2,1,2,2,2,0,0.0,0,0,single_or_few
5000,5,84,2,0,2,2,1,1,1.0,0,1,no_activation
5000,5,89,2,2,3,2,1,1,1.0,1,0,single_or_few
5000,5,99,5,9,43,57,1,56,58.0,1,23,repeated_5plus
5000,5,100,5,4,43,41,2,39,41.0,1,14,single_or_few
5000,5,102,2,0,3,5,3,2,2.0,0,1,no_activation
5000,5,106,4,8,42,52,5,47,51.0,2,18,repeated_5plus
5000,5,107,2,0,2,6,4,2,2.0,0,1,no_activation
5000,5,109,2,1,7,6,2,4,5.0,1,3,single_or_few
5000,5,111,5,4,13,35,3,32,32.0,0,11,single_or_few
5000,5,114,2,0,5,2,1,1,1.0,0,1,no_activation
5000,5,116,2,0,2,4,4,0,0.0,0,0,no_activation
5000,5,117,2,0,4,6,2,4,4.0,0,3,no_activation
5000,5,118,5,3,40,40,3,37,37.0,0,15,single_or_few
5000,5,120,2,1,4,5,1,4,4.0,0,2,single_or_few
5000,5,121,2,0,2,5,5,0,0.0,0,0,no_activation
5000,5,123,5,3,10,25,7,18,18.0,0,4,single_or_few
5000,5,125,2,0,2,5,2,3,3.0,0,1,no_activation
5000,5,126,2,1,2,4,2,2,2.0,0,1,single_or_few
5000,5,129,2,0,3,4,4,0,0.0,0,0,no_activation
5000,5,132,4,5,36,41,0,41,45.0,2,18,repeated_5plus
5000,5,133,2,0,2,6,4,2,2.0,0,1,no_activation
5000,5,136,2,1,5,9,4,5,6.0,1,3,single_or_few
5000,5,138,2,1,6,9,6,3,3.0,0,2,single_or_few
5000,5,141,2,0,2,4,3,1,1.0,0,1,no_activation
5000,5,142,5,2,4,10,3,7,7.0,0,3,single_or_few
5000,5,143,4,5,34,42,5,37,41.0,2,12,repeated_5plus
5000,5,146,3,2,33,16,3,13,13.0,0,9,single_or_few
5000,5,147,2,1,5,10,5,5,5.0,0,3,single_or_few
5000,5,148,2,0,3,9,5,4,4.0,0,2,no_activation
5000,5,152,2,0,4,5,5,0,0.0,0,0,no_activation
5000,5,155,2,0,2,4,3,1,1.0,0,1,no_activation
5000,5,158,5,4,22,38,4,34,36.0,1,12,single_or_few
5000,5,159,5,2,29,37,6,31,33.0,1,8,single_or_few
5000,5,161,2,1,4,8,2,6,6.0,0,3,single_or_few
5000,5,165,3,0,9,17,7,10,10.0,0,4,no_activation
5000,5,166,5,1,28,32,9,23,23.0,0,7,single_or_few
5000,5,168,4,1,28,19,1,18,18.0,0,5,single_or_few
5000,5,173,3,1,2,6,5,1,1.0,1,0,single_or_few
5000,5,174,3,0,6,12,3,9,9.0,0,4,no_activation
5000,5,176,2,0,3,4,3,1,1.0,0,1,no_activation
5000,5,177,5,7,24,42,4,38,38.0,0,12,repeated_5plus
5000,5,180,5,4,9,30,5,25,25.0,0,7,single_or_few
5000,5,181,2,0,2,9,6,3,3.0,0,1,no_activation
5000,5,183,2,0,2,5,3,2,2.0,0,1,no_activation
5000,5,189,2,0,5,8,4,4,4.0,0,2,no_activation
5000,5,190,2,1,5,8,3,5,5.0,0,3,single_or_few
5000,5,194,5,1,20,29,8,21,21.0,0,6,single_or_few
5000,5,196,5,1,19,29,5,24,24.0,0,5,single_or_few
5000,5,202,2,0,5,9,2,7,7.0,0,3,no_activation
5000,5,208,2,0,2,8,4,4,4.0,0,1,no_activation
5000,5,213,2,1,4,10,7,3,4.0,1,1,single_or_few
5000,5,214,2,0,3,8,3,5,5.0,0,2,no_activation
5000,5,216,2,0,4,9,4,5,5.0,0,3,no_activation
5000,5,217,2,0,3,8,6,2,2.0,0,1,no_activation
5000,5,218,2,0,3,5,2,3,3.0,0,2,no_activation
5000,5,219,3,1,16,12,10,2,2.0,0,1,single_or_few
5000,5,220,2,0,11,9,2,7,7.0,0,4,no_activation
5000,5,222,2,0,3,6,4,2,2.0,0,2,no_activation
5000,5,224,2,1,9,11,5,6,6.0,0,3,single_or_few
5000,5,225,3,0,3,17,5,12,12.0,0,2,no_activation
5000,5,226,3,0,8,10,3,7,7.0,0,2,no_activation
5000,5,227,5,2,13,34,7,27,27.0,0,5,single_or_few
5000,5,228,5,2,13,20,5,15,15.0,0,3,single_or_few
5000,5,229,5,1,13,22,15,7,7.0,0,2,single_or_few
5000,5,231,2,0,3,8,5,3,3.0,0,2,no_activation
5000,5,233,2,2,7,9,4,5,7.0,1,3,single_or_few
5000,5,240,2,0,9,9,4,5,5.0,0,3,no_activation
5000,5,241,2,0,4,8,6,2,2.0,0,2,no_activation
5000,5,242,2,0,2,7,3,4,4.0,0,1,no_activation
5000,5,243,2,0,11,8,7,1,1.0,0,1,no_activation
5000,5,247,2,0,6,8,6,2,2.0,0,1,no_activation
5000,5,249,2,0,3,7,5,2,2.0,0,2,no_activation
5000,5,252,2,1,8,16,6,10,10.0,0,3,single_or_few
5000,5,253,2,0,2,8,7,1,1.0,0,1,no_activation
5000,5,256,3,1,9,16,6,10,10.0,0,3,single_or_few
5000,5,257,5,1,8,23,7,16,16.0,0,3,single_or_few
5000,5,258,4,0,3,18,10,8,8.0,0,1,no_activation
5000,5,269,2,0,4,8,4,4,4.0,0,2,no_activation
5000,5,270,2,0,6,8,8,0,0.0,0,0,no_activation
5000,5,272,3,0,6,17,5,12,12.0,0,3,no_activation
5000,5,274,4,0,4,13,2,11,11.0,0,3,no_activation
5000,5,275,3,0,4,16,5,11,11.0,0,2,no_activation
5000,5,276,4,0,4,18,9,9,9.0,0,2,no_activation
5000,5,280,2,0,3,9,9,0,0.0,0,0,no_activation
5000,5,281,5,0,2,19,14,5,5.0,0,1,no_activation
5000,6,0,5,6,50,65,0,65,67.0,1,30,repeated_5plus
5000,6,6,5,7,50,72,0,72,72.0,0,26,repeated_5plus
5000,6,13,3,9,50,44,2,42,48.0,2,25,repeated_5plus
5000,6,24,5,8,50,53,0,53,55.0,1,23,repeated_5plus
5000,6,37,5,9,50,60,1,59,61.0,1,25,repeated_5plus
5000,6,38,5,5,50,53,2,51,53.0,1,24,repeated_5plus
5000,6,47,4,6,50,49,2,47,49.0,1,24,repeated_5plus
5000,6,48,5,7,50,64,0,64,64.0,0,28,repeated_5plus
5000,6,52,2,0,4,1,0,1,1.0,0,1,no_activation
5000,6,53,4,3,14,16,1,15,15.0,0,8,single_or_few
5000,6,57,2,0,2,0,0,0,0.0,0,0,no_activation
5000,6,58,3,0,2,2,0,2,2.0,0,1,no_activation
5000,6,63,2,0,4,2,1,1,1.0,0,1,no_activation
5000,6,67,2,0,4,2,0,2,2.0,0,1,no_activation
5000,6,70,2,0,2,0,0,0,0.0,0,0,no_activation
5000,6,71,2,0,6,6,1,5,5.0,0,4,no_activation
5000,6,76,5,6,48,54,1,53,57.0,2,22,repeated_5plus
5000,6,77,5,5,24,32,1,31,35.0,2,16,repeated_5plus
5000,6,78,2,0,3,5,3,2,2.0,0,2,no_activation
5000,6,82,5,7,47,55,0,55,57.0,1,21,repeated_5plus
5000,6,83,5,1,6,7,1,6,6.0,0,4,single_or_few
5000,6,88,5,10,46,62,2,60,64.0,2,25,repeated_5plus
5000,6,92,5,7,44,54,0,54,56.0,1,22,repeated_5plus
5000,6,93,5,5,39,40,1,39,40.0,1,17,repeated_5plus
5000,6,94,2,0,2,3,2,1,1.0,0,1,no_activation
5000,6,96,2,0,2,4,4,0,0.0,0,0,no_activation
5000,6,112,4,0,4,4,1,3,3.0,0,2,no_activation
5000,6,115,2,1,5,6,2,4,4.0,0,2,single_or_few
5000,6,116,5,1,5,17,2,15,15.0,0,4,single_or_few
5000,6,118,2,0,3,3,2,1,1.0,0,1,no_activation
5000,6,128,2,1,4,7,3,4,5.0,1,2,single_or_few
5000,6,130,5,4,22,33,4,29,31.0,1,10,single_or_few
5000,6,132,2,0,4,6,3,3,3.0,0,3,no_activation
5000,6,133,2,0,2,4,3,1,1.0,0,1,no_activation
5000,6,134,2,0,6,8,5,3,3.0,0,2,no_activation
5000,6,139,4,2,33,31,1,30,30.0,0,11,single_or_few
5000,6,140,5,1,2,4,4,0,0.0,0,0,single_or_few
5000,6,142,2,0,3,8,4,4,4.0,0,1,no_activation
5000,6,144,2,0,2,2,2,0,0.0,0,0,no_activation
5000,6,145,2,1,5,12,4,8,8.0,0,4,single_or_few
5000,6,146,2,0,3,0,0,0,0.0,0,0,no_activation
5000,6,149,3,0,2,5,2,3,3.0,0,1,no_activation
5000,6,152,2,2,10,14,4,10,10.0,0,7,single_or_few
5000,6,156,2,0,2,8,5,3,3.0,0,1,no_activation
5000,6,158,2,0,4,10,4,6,6.0,0,2,no_activation
5000,6,159,5,7,31,63,3,60,62.0,1,22,repeated_5plus
5000,6,165,5,2,28,29,6,23,25.0,1,5,single_or_few
5000,6,166,5,4,25,48,5,43,43.0,0,10,single_or_few
5000,6,171,4,1,26,27,3,24,24.0,0,9,single_or_few
5000,6,172,5,5,26,42,6,36,40.0,2,10,repeated_5plus
5000,6,173,2,0,12,8,7,1,1.0,0,1,no_activation
5000,6,175,2,1,2,7,6,1,1.0,0,1,single_or_few
5000,6,176,2,0,4,6,2,4,4.0,0,3,no_activation
5000,6,179,2,0,5,7,4,3,3.0,0,2,no_activation
5000,6,180,2,0,3,8,4,4,4.0,0,2,no_activation
5000,6,182,2,1,7,9,7,2,2.0,0,2,single_or_few
5000,6,183,2,0,6,9,9,0,0.0,0,0,no_activation
5000,6,184,2,0,2,9,7,2,2.0,0,1,no_activation
5000,6,186,5,1,25,23,11,12,12.0,0,4,single_or_few
5000,6,191,4,1,9,21,7,14,14.0,0,4,single_or_few
5000,6,192,2,0,3,5,2,3,3.0,0,2,no_activation
5000,6,194,5,0,8,18,4,14,14.0,0,2,no_activation
5000,6,197,4,0,5,16,7,9,9.0,0,3,no_activation
5000,6,199,2,1,4,8,6,2,3.0,1,2,single_or_few
5000,6,210,5,0,15,24,12,12,12.0,0,2,no_activation
5000,6,212,2,0,2,8,6,2,2.0,0,1,no_activation
5000,6,218,5,0,12,19,4,15,15.0,0,2,no_activation
5000,6,223,5,1,11,26,9,17,17.0,0,3,single_or_few
5000,6,224,5,0,11,18,18,0,0.0,0,0,no_activation
5000,6,225,5,0,11,30,5,25,25.0,0,4,no_activation
5000,6,226,2,0,5,9,7,2,2.0,0,1,no_activation
5000,6,227,2,0,10,9,4,5,5.0,0,2,no_activation
5000,6,229,3,0,4,10,3,7,7.0,0,3,no_activation
5000,6,231,5,0,9,19,10,9,9.0,0,2,no_activation
5000,6,234,2,0,2,6,2,4,4.0,0,1,no_activation
5000,6,235,2,0,3,10,5,5,5.0,0,2,no_activation
5000,6,240,5,1,6,22,17,5,5.0,0,2,single_or_few
5000,6,245,2,0,3,9,9,0,0.0,0,0,no_activation
5000,6,252,5,0,3,19,13,6,6.0,0,1,no_activation
5000,7,9,5,7,50,58,1,57,59.0,1,32,repeated_5plus
5000,7,29,4,4,38,37,1,36,37.0,1,21,single_or_few
5000,7,31,5,9,50,60,1,59,67.0,4,32,repeated_5plus
5000,7,32,5,4,50,60,0,60,64.0,2,34,single_or_few
5000,7,33,5,8,50,74,1,73,75.0,1,36,repeated_5plus
5000,7,34,3,2,17,15,0,15,15.0,0,7,single_or_few
5000,7,40,5,2,50,38,2,36,36.0,0,21,single_or_few
5000,7,49,2,0,2,1,0,1,1.0,0,1,no_activation
5000,7,63,5,5,50,63,0,63,69.0,3,35,repeated_5plus
5000,7,70,5,0,8,11,0,11,11.0,0,6,no_activation
5000,7,71,5,2,17,19,1,18,18.0,0,11,single_or_few
5000,7,72,5,4,50,45,0,45,45.0,0,25,single_or_few
5000,7,73,5,5,50,47,1,46,52.0,2,22,repeated_5plus
5000,7,74,5,1,15,22,3,19,19.0,0,10,single_or_few
5000,7,76,5,0,3,4,3,1,1.0,0,1,no_activation
5000,7,80,4,0,7,4,0,4,4.0,0,3,no_activation
5000,7,83,5,6,49,62,1,61,65.0,2,28,repeated_5plus
5000,7,84,5,1,9,10,2,8,10.0,1,5,single_or_few
5000,7,85,2,0,3,3,2,1,1.0,0,1,no_activation
5000,7,95,5,9,37,47,6,41,45.0,2,26,repeated_5plus
5000,7,101,5,5,42,43,0,43,50.0,3,24,repeated_5plus
5000,7,102,5,5,42,33,2,31,31.0,0,17,repeated_5plus
5000,7,103,4,9,42,62,0,62,70.0,3,27,repeated_5plus
5000,7,104,4,2,9,12,3,9,9.0,0,6,single_or_few
5000,7,106,2,0,2,7,4,3,3.0,0,1,no_activation
5000,7,111,5,3,39,40,3,37,37.0,0,19,single_or_few
5000,7,112,2,0,2,5,3,2,2.0,0,1,no_activation
5000,7,124,5,2,33,46,7,39,39.0,0,17,single_or_few
5000,7,126,4,4,32,25,3,22,26.0,1,9,single_or_few
5000,7,131,2,1,5,8,1,7,7.0,0,4,single_or_few
5000,7,133,4,1,10,24,1,23,23.0,0,7,single_or_few
5000,7,138,2,0,2,3,2,1,1.0,0,1,no_activation
5000,7,144,2,0,2,8,8,0,0.0,0,0,no_activation
5000,7,145,3,0,11,16,3,13,13.0,0,6,no_activation
5000,7,147,2,0,3,8,6,2,2.0,0,1,no_activation
5000,7,148,2,1,5,8,5,3,4.0,1,2,single_or_few
5000,7,151,2,0,4,9,5,4,4.0,0,2,no_activation
5000,7,152,5,4,23,29,1,28,29.0,1,8,single_or_few
5000,7,153,2,1,7,8,1,7,7.0,0,3,single_or_few
5000,7,155,5,1,22,21,6,15,15.0,0,4,single_or_few
5000,7,161,2,0,3,4,2,2,2.0,0,1,no_activation
5000,7,162,5,0,21,19,7,12,12.0,0,3,no_activation
5000,7,163,5,1,20,31,1,30,30.0,0,9,single_or_few
5000,7,164,5,1,20,40,4,36,36.0,0,12,single_or_few
5000,7,166,2,0,8,8,6,2,2.0,0,1,no_activation
5000,7,172,2,0,3,8,5,3,3.0,0,1,no_activation
5000,7,173,5,3,17,27,6,21,21.0,0,5,single_or_few
5000,7,174,5,0,17,19,2,17,17.0,0,5,no_activation
5000,7,175,5,2,16,25,3,22,22.0,0,7,single_or_few
5000,7,176,5,1,16,31,7,24,24.0,0,6,single_or_few
5000,7,178,2,0,3,8,2,6,6.0,0,1,no_activation
5000,7,187,2,1,2,6,6,0,0.0,0,0,single_or_few
5000,7,195,5,0,11,29,1,28,28.0,0,5,no_activation
5000,7,198,5,1,10,22,5,17,17.0,0,4,single_or_few
5000,7,201,5,0,6,18,5,13,13.0,0,2,no_activation
5000,7,202,4,1,7,22,5,17,17.0,0,4,single_or_few
5000,7,203,5,0,7,30,4,26,26.0,0,6,no_activation
5000,7,207,4,0,6,17,10,7,7.0,0,1,no_activation
5000,7,208,4,1,6,22,6,16,16.0,0,5,single_or_few
5000,7,216,3,1,5,12,4,8,8.0,0,2,single_or_few
5000,7,218,2,0,4,8,3,5,5.0,0,2,no_activation
5000,7,221,2,0,4,8,2,6,6.0,0,2,no_activation
5000,7,224,2,0,4,8,5,3,3.0,0,1,no_activation
5000,7,225,2,0,4,8,5,3,3.0,0,1,no_activation
5000,7,233,2,0,3,9,4,5,5.0,0,2,no_activation
5000,7,236,2,1,2,3,3,0,0.0,0,0,single_or_few
5000,7,237,2,0,2,9,6,3,3.0,0,1,no_activation
5000,8,12,3,1,15,9,0,9,9.0,0,7,single_or_few
5000,8,19,2,1,13,6,0,6,6.0,0,5,single_or_few
5000,8,21,5,8,50,61,2,59,63.0,2,27,repeated_5plus
5000,8,32,4,8,50,50,0,50,54.0,2,30,repeated_5plus
5000,8,42,4,4,50,47,1,46,50.0,2,23,single_or_few
5000,8,46,5,8,50,64,2,62,64.0,1,29,repeated_5plus
5000,8,60,4,3,50,39,0,39,39.0,0,20,single_or_few
5000,8,66,2,2,18,10,0,10,10.0,0,6,single_or_few
5000,8,78,2,1,9,3,2,1,2.0,1,1,single_or_few
5000,8,79,5,9,50,62,1,61,67.0,3,30,repeated_5plus
5000,8,80,3,5,37,28,3,25,29.0,2,15,repeated_5plus
5000,8,82,2,1,6,6,2,4,5.0,1,2,single_or_few
5000,8,83,2,0,4,0,0,0,0.0,0,0,no_activation
5000,8,84,2,1,4,5,3,2,2.0,0,2,single_or_few
5000,8,88,2,0,3,3,0,3,3.0,0,2,no_activation
5000,8,89,5,7,47,51,2,49,49.0,0,28,repeated_5plus
5000,8,94,2,0,3,3,3,0,0.0,0,0,no_activation
5000,8,98,2,1,7,3,2,1,1.0,0,1,single_or_few
5000,8,100,4,10,42,51,0,51,55.0,2,22,repeated_5plus
5000,8,101,3,0,5,4,0,4,4.0,0,2,no_activation
5000,8,104,2,0,8,4,2,2,2.0,0,1,no_activation
5000,8,107,5,8,40,59,1,58,62.0,2,21,repeated_5plus
5000,8,108,2,2,7,4,0,4,4.0,0,3,single_or_few
5000,8,110,2,0,2,5,4,1,1.0,0,1,no_activation
5000,8,111,2,1,9,9,2,7,7.0,0,4,single_or_few
5000,8,113,2,0,3,7,4,3,3.0,0,2,no_activation
5000,8,114,2,0,3,1,0,1,1.0,0,1,no_activation
5000,8,116,2,0,5,9,4,5,5.0,0,4,no_activation
5000,8,118,3,0,3,5,2,3,3.0,0,1,no_activation
5000,8,119,5,7,35,44,1,43,43.0,0,17,repeated_5plus
5000,8,120,4,2,9,12,1,11,11.0,0,4,single_or_few
5000,8,122,2,0,3,5,4,1,1.0,0,1,no_activation
5000,8,123,2,0,4,6,2,4,4.0,0,3,no_activation
5000,8,131,2,0,2,6,4,2,2.0,0,1,no_activation
5000,8,132,2,0,2,5,3,2,2.0,0,1,no_activation
5000,8,134,5,8,31,63,3,60,64.0,1,20,repeated_5plus
5000,8,135,2,0,2,4,4,0,0.0,0,0,no_activation
5000,8,139,2,0,4,3,2,1,1.0,0,1,no_activation
5000,8,143,2,0,3,5,2,3,3.0,0,2,no_activation
5000,8,145,5,5,29,41,4,37,37.0,0,12,repeated_5plus
5000,8,146,5,1,29,19,2,17,17.0,0,6,single_or_few
5000,8,147,5,1,7,24,6,18,18.0,0,6,single_or_few
5000,8,148,5,8,28,45,1,44,46.0,1,14,repeated_5plus
5000,8,150,2,1,4,3,1,2,2.0,0,2,single_or_few
5000,8,152,2,0,2,4,3,1,1.0,0,1,no_activation
5000,8,155,2,2,4,5,3,2,2.0,0,2,single_or_few
5000,8,156,5,3,27,38,2,36,36.0,0,12,single_or_few
5000,8,158,2,2,24,15,3,12,12.0,0,7,single_or_few
5000,8,160,4,3,20,21,3,18,18.0,0,7,single_or_few
5000,8,169,2,0,4,9,4,5,5.0,0,2,no_activation
5000,8,170,2,0,2,6,5,1,1.0,0,1,no_activation
5000,8,172,2,1,2,7,5,2,2.0,0,1,single_or_few
5000,8,176,2,1,2,2,2,0,0.0,0,0,single_or_few
5000,8,182,4,1,22,30,4,26,26.0,0,8,single_or_few
5000,8,185,2,0,6,8,5,3,3.0,0,2,no_activation
5000,8,186,2,1,2,4,4,0,0.0,0,0,single_or_few
5000,8,192,2,0,3,8,7,1,1.0,0,1,no_activation
5000,8,193,2,2,13,9,7,2,2.0,0,2,single_or_few
5000,8,194,2,0,2,9,5,4,4.0,0,1,no_activation
5000,8,195,2,0,3,8,6,2,2.0,0,1,no_activation
5000,8,196,2,0,3,10,1,9,9.0,0,2,no_activation
5000,8,197,2,0,2,6,2,4,4.0,0,1,no_activation
5000,8,198,2,2,6,9,4,5,5.0,0,4,single_or_few
5000,8,206,2,0,7,8,7,1,1.0,0,1,no_activation
5000,8,208,4,1,4,13,4,9,9.0,0,2,single_or_few
5000,8,209,5,2,4,23,11,12,12.0,0,3,single_or_few
5000,8,212,2,0,4,9,4,5,5.0,0,3,no_activation
5000,8,213,5,1,9,28,7,21,21.0,0,4,single_or_few
5000,8,216,2,0,7,8,6,2,2.0,0,1,no_activation
5000,8,220,2,0,4,9,5,4,4.0,0,2,no_activation
5000,8,221,5,2,14,27,6,21,21.0,0,5,single_or_few
5000,8,225,2,0,13,9,7,2,2.0,0,1,no_activation
5000,8,230,2,1,2,9,9,0,0.0,0,0,single_or_few
5000,8,232,4,2,12,31,9,22,22.0,0,5,single_or_few
5000,8,234,2,0,6,9,2,7,7.0,0,3,no_activation
5000,8,238,2,0,3,8,4,4,4.0,0,2,no_activation
5000,8,239,2,0,5,9,7,2,2.0,0,2,no_activation
5000,8,240,5,1,11,18,6,12,12.0,0,3,single_or_few
5000,8,241,2,0,2,5,4,1,1.0,0,1,no_activation
5000,8,242,2,0,2,9,7,2,2.0,0,1,no_activation
5000,8,249,5,1,8,21,9,12,12.0,0,3,single_or_few
5000,8,254,5,1,7,22,3,19,19.0,0,4,single_or_few
5000,8,256,2,0,6,9,4,5,5.0,0,2,no_activation
5000,8,257,2,0,3,8,6,2,2.0,0,1,no_activation
5000,8,259,2,0,4,8,4,4,4.0,0,1,no_activation
5000,8,260,2,0,3,9,5,4,4.0,0,1,no_activation
5000,8,268,2,0,2,8,6,2,2.0,0,1,no_activation
5000,8,269,2,0,4,9,6,3,3.0,0,2,no_activation
5000,8,273,3,0,2,10,2,8,8.0,0,1,no_activation
5000,8,275,2,0,2,9,8,1,1.0,0,1,no_activation
5000,8,276,3,0,2,7,4,3,3.0,0,1,no_activation
5000,9,1,4,7,50,50,1,49,51.0,1,25,repeated_5plus
5000,9,21,2,0,9,1,0,1,1.0,0,1,no_activation
5000,9,26,5,11,50,75,0,75,75.0,0,28,repeated_5plus
5000,9,34,5,6,50,55,2,53,53.0,0,25,repeated_5plus
5000,9,35,5,10,42,59,2,57,61.0,2,20,repeated_5plus
5000,9,45,5,10,50,62,2,60,68.0,3,26,repeated_5plus
5000,9,66,2,0,3,2,2,0,0.0,0,0,no_activation
5000,9,70,2,0,3,2,2,0,0.0,0,0,no_activation
5000,9,75,5,12,48,73,1,72,76.0,2,28,repeated_5plus
5000,9,79,2,0,3,3,2,1,1.0,0,1,no_activation
5000,9,83,2,0,3,5,2,3,3.0,0,1,no_activation
5000,9,84,2,1,11,8,2,6,6.0,0,4,single_or_few
5000,9,85,2,0,2,2,2,0,0.0,0,0,no_activation
5000,9,86,4,5,47,50,2,48,50.0,1,22,repeated_5plus
5000,9,88,2,0,2,1,1,0,0.0,0,0,no_activation
5000,9,89,2,0,4,4,2,2,2.0,0,2,no_activation
5000,9,91,5,8,46,64,2,62,66.0,2,25,repeated_5plus
5000,9,92,3,2,3,6,3,3,5.0,1,1,single_or_few
5000,9,95,2,2,9,6,2,4,4.0,0,3,single_or_few
5000,9,96,2,0,2,3,3,0,0.0,0,0,no_activation
5000,9,97,2,0,2,2,2,0,0.0,0,0,no_activation
5000,9,98,2,0,3,6,4,2,2.0,0,1,no_activation
5000,9,100,2,0,4,6,4,2,2.0,0,1,no_activation
5000,9,101,4,1,2,4,2,2,2.0,0,1,single_or_few
5000,9,102,4,1,4,9,2,7,7.0,0,3,single_or_few
5000,9,103,2,1,4,3,2,1,1.0,0,1,single_or_few
5000,9,108,3,1,2,4,2,2,2.0,0,1,single_or_few
5000,9,109,3,6,19,24,2,22,22.0,0,12,repeated_5plus
5000,9,111,2,0,2,3,2,1,1.0,0,1,no_activation
5000,9,112,2,0,4,4,4,0,0.0,0,0,no_activation
5000,9,116,2,0,4,7,3,4,4.0,0,3,no_activation
5000,9,117,2,0,2,3,2,1,1.0,0,1,no_activation
5000,9,120,2,1,3,5,4,1,1.0,0,1,single_or_few
5000,9,121,2,0,2,2,0,2,2.0,0,1,no_activation
5000,9,123,3,0,3,3,2,1,1.0,0,1,no_activation
5000,9,127,5,14,38,64,5,59,63.0,2,23,repeated_5plus
5000,9,135,2,0,4,6,2,4,4.0,0,2,no_activation
5000,9,136,2,1,2,5,4,1,1.0,0,1,single_or_few
5000,9,139,3,0,2,5,5,0,0.0,0,0,no_activation
5000,9,140,5,7,35,46,2,44,48.0,2,18,repeated_5plus
5000,9,142,2,2,2,1,1,0,0.0,0,0,single_or_few
5000,9,144,5,4,22,43,4,39,39.0,0,16,single_or_few
5000,9,146,2,1,5,8,5,3,3.0,0,2,single_or_few
5000,9,150,3,1,12,20,0,20,20.0,0,8,single_or_few
5000,9,151,5,4,32,39,3,36,36.0,0,10,single_or_few
5000,9,155,2,0,3,5,1,4,4.0,0,1,no_activation
5000,9,156,2,0,2,3,3,0,0.0,0,0,no_activation
5000,9,157,2,1,2,7,4,3,3.0,0,1,single_or_few
5000,9,160,2,1,2,9,4,5,5.0,0,1,single_or_few
5000,9,164,2,2,4,10,3,7,7.0,0,2,single_or_few
5000,9,165,2,0,4,7,5,2,2.0,0,1,no_activation
5000,9,166,2,0,4,8,4,4,4.0,0,2,no_activation
5000,9,171,2,0,5,8,3,5,5.0,0,3,no_activation
5000,9,173,5,4,27,41,8,33,35.0,1,10,single_or_few
5000,9,174,3,0,4,11,3,8,8.0,0,2,no_activation
5000,9,179,2,2,11,12,7,5,5.0,0,3,single_or_few
5000,9,180,4,6,26,40,1,39,39.0,0,12,repeated_5plus
5000,9,181,5,1,3,14,4,10,10.0,0,2,single_or_few
5000,9,182,2,0,4,7,4,3,3.0,0,2,no_activation
5000,9,183,2,0,5,9,4,5,5.0,0,2,no_activation
5000,9,184,2,1,3,7,6,1,1.0,0,1,single_or_few
5000,9,188,5,4,24,43,4,39,41.0,1,11,single_or_few
5000,9,190,2,0,5,8,4,4,4.0,0,2,no_activation
5000,9,191,2,0,3,8,5,3,3.0,0,2,no_activation
5000,9,196,2,0,2,4,4,0,0.0,0,0,no_activation
5000,9,197,2,0,2,6,3,3,3.0,0,1,no_activation
5000,9,199,2,0,2,4,1,3,3.0,0,1,no_activation
5000,9,202,2,0,3,9,9,0,0.0,0,0,no_activation
5000,9,206,2,0,3,8,5,3,3.0,0,1,no_activation
5000,9,207,2,0,2,2,1,1,1.0,0,1,no_activation
5000,9,209,5,4,19,39,11,28,28.0,0,8,single_or_few
5000,9,210,2,0,2,4,1,3,3.0,0,1,no_activation
5000,9,212,2,0,2,8,7,1,1.0,0,1,no_activation
5000,9,218,2,0,8,9,6,3,3.0,0,1,no_activation
5000,9,229,2,0,3,7,3,4,4.0,0,2,no_activation
5000,9,231,5,1,2,17,11,6,6.0,0,1,single_or_few
5000,9,237,2,0,2,7,5,2,2.0,0,1,no_activation
5000,9,239,3,0,3,14,0,14,14.0,0,2,no_activation
5000,9,240,5,0,13,18,8,10,10.0,0,1,no_activation
5000,9,241,3,0,2,12,6,6,6.0,0,1,no_activation
5000,9,242,2,1,4,9,5,4,4.0,0,1,single_or_few
5000,9,244,2,1,5,12,4,8,8.0,0,1,single_or_few
5000,9,247,2,2,7,13,3,10,10.0,0,4,single_or_few
5000,9,250,2,2,8,12,2,10,10.0,0,5,single_or_few
5000,9,251,2,2,4,8,6,2,2.0,0,1,single_or_few
5000,9,252,4,0,3,7,3,4,4.0,0,2,no_activation
5000,9,253,5,2,12,25,11,14,14.0,0,5,single_or_few
5000,9,264,5,0,7,20,9,11,11.0,0,2,no_activation
5000,9,265,4,0,7,21,2,19,19.0,0,3,no_activation
5000,9,270,4,1,5,20,8,12,12.0,0,3,single_or_few
5000,9,271,5,1,5,25,8,17,17.0,0,3,single_or_few
5000,9,274,5,0,4,19,8,11,11.0,0,2,no_activation
5000,9,275,4,0,4,18,5,13,13.0,0,2,no_activation
5000,9,276,5,0,3,18,4,14,14.0,0,2,no_activation
5000,9,278,5,0,2,12,5,7,7.0,0,1,no_activation
5000,9,280,4,0,2,20,13,7,7.0,0,1,no_activation
5000,9,282,2,0,2,8,8,0,0.0,0,0,no_activation
5000,10,0,5,2,50,42,3,39,39.0,0,22,single_or_few
5000,10,1,4,1,16,20,4,16,16.0,0,9,single_or_few
5000,10,15,5,8,50,81,1,80,82.0,1,38,repeated_5plus
5000,10,23,4,2,30,33,1,32,32.0,0,18,single_or_few
5000,10,27,5,3,50,47,2,45,47.0,1,20,single_or_few
5000,10,40,5,4,50,38,2,36,40.0,2,21,single_or_few
5000,10,45,4,1,50,38,0,38,38.0,0,19,single_or_few
5000,10,51,4,5,50,51,2,49,57.0,3,20,repeated_5plus
5000,10,52,5,2,50,40,1,39,39.0,0,19,single_or_few
5000,10,54,5,4,21,32,2,30,32.0,1,16,single_or_few
5000,10,57,4,0,3,2,0,2,2.0,0,1,no_activation
5000,10,69,4,2,50,37,1,36,36.0,0,18,single_or_few
5000,10,70,5,2,8,8,3,5,7.0,1,5,single_or_few
5000,10,71,2,0,4,1,0,1,1.0,0,1,no_activation
5000,10,80,4,4,50,51,2,49,51.0,1,25,single_or_few
5000,10,81,2,0,4,3,2,1,1.0,0,1,no_activation
5000,10,83,4,7,50,57,0,57,61.0,2,25,repeated_5plus
5000,10,88,2,0,3,5,3,2,2.0,0,2,no_activation
5000,10,89,2,0,3,3,2,1,1.0,0,1,no_activation
5000,10,91,5,8,48,59,2,57,59.0,1,31,repeated_5plus
5000,10,92,5,4,48,36,3,33,35.0,1,18,single_or_few
5000,10,93,2,0,4,5,1,4,4.0,0,1,no_activation
5000,10,95,2,0,4,3,2,1,1.0,0,1,no_activation
5000,10,96,2,0,4,5,2,3,3.0,0,1,no_activation
5000,10,97,3,4,47,35,0,35,37.0,1,19,single_or_few
5000,10,98,2,1,2,2,2,0,0.0,0,0,single_or_few
5000,10,99,2,0,2,1,1,0,0.0,0,0,no_activation
5000,10,101,2,2,8,8,2,6,6.0,0,5,single_or_few
5000,10,104,2,1,2,3,1,2,2.0,0,1,single_or_few
5000,10,105,2,1,6,4,2,2,3.0,1,2,single_or_few
5000,10,106,2,0,2,2,2,0,0.0,0,0,no_activation
5000,10,107,2,0,2,3,3,0,0.0,0,0,no_activation
5000,10,110,2,1,5,7,6,1,2.0,1,1,single_or_few
5000,10,114,2,0,2,6,6,0,0.0,0,0,no_activation
5000,10,116,3,0,21,14,3,11,11.0,0,9,no_activation
5000,10,117,5,3,43,41,3,38,38.0,0,13,single_or_few
5000,10,119,2,0,4,7,1,6,6.0,0,3,no_activation
5000,10,121,5,5,42,34,1,33,33.0,0,12,repeated_5plus
5000,10,122,2,2,15,16,3,13,13.0,0,8,single_or_few
5000,10,126,2,0,4,4,3,1,1.0,0,1,no_activation
5000,10,127,5,5,41,36,2,34,38.0,2,15,repeated_5plus
5000,10,128,5,3,41,28,9,19,23.0,2,9,single_or_few
5000,10,129,3,1,6,15,0,15,15.0,0,5,single_or_few
5000,10,131,5,4,40,45,4,41,43.0,1,19,single_or_few
5000,10,132,2,1,2,1,0,1,1.0,0,1,single_or_few
5000,10,137,5,7,37,45,3,42,42.0,0,18,repeated_5plus
5000,10,141,2,1,4,6,1,5,5.0,0,3,single_or_few
5000,10,145,5,0,34,19,0,19,19.0,0,9,no_activation
5000,10,146,2,0,2,3,0,3,3.0,0,1,no_activation
5000,10,148,5,2,33,26,2,24,26.0,1,9,single_or_few
5000,10,149,5,2,32,29,2,27,27.0,0,8,single_or_few
5000,10,157,4,2,30,23,0,23,23.0,0,7,single_or_few
5000,10,158,5,2,30,31,4,27,29.0,1,12,single_or_few
5000,10,166,2,0,7,9,4,5,5.0,0,3,no_activation
5000,10,169,2,0,2,9,5,4,4.0,0,1,no_activation
5000,10,170,2,1,10,17,5,12,12.0,0,4,single_or_few
5000,10,171,3,0,10,16,2,14,14.0,0,7,no_activation
5000,10,172,5,0,24,18,4,14,14.0,0,4,no_activation
5000,10,173,3,0,2,5,2,3,3.0,0,1,no_activation
5000,10,176,5,1,23,28,1,27,27.0,0,8,single_or_few
5000,10,181,2,0,2,6,5,1,1.0,0,1,no_activation
5000,10,182,2,0,2,7,6,1,1.0,0,1,no_activation
5000,10,183,2,0,4,10,8,2,2.0,0,1,no_activation
5000,10,184,5,1,18,23,6,17,17.0,0,4,single_or_few
5000,10,185,3,0,3,9,5,4,4.0,0,2,no_activation
5000,10,186,2,0,3,8,2,6,6.0,0,2,no_activation
5000,10,188,2,0,2,5,5,0,0.0,0,0,no_activation
5000,10,190,2,0,3,8,6,2,2.0,0,1,no_activation
5000,10,193,2,0,2,8,5,3,3.0,0,1,no_activation
5000,10,197,2,0,2,2,0,2,2.0,0,1,no_activation
5000,10,200,2,0,3,8,7,1,1.0,0,1,no_activation
5000,10,202,2,0,5,9,4,5,5.0,0,3,no_activation
5000,10,205,5,0,15,23,2,21,21.0,0,3,no_activation
5000,10,208,5,0,14,18,7,11,11.0,0,2,no_activation
5000,10,210,2,0,2,9,4,5,5.0,0,1,no_activation
5000,10,215,4,0,7,13,4,9,9.0,0,2,no_activation
5000,10,216,5,0,11,19,12,7,7.0,0,1,no_activation
5000,10,218,2,0,7,9,7,2,2.0,0,2,no_activation
5000,10,221,5,1,9,28,6,22,22.0,0,5,single_or_few
5000,10,222,3,0,6,10,2,8,8.0,0,3,no_activation
5000,10,226,5,0,5,20,5,15,15.0,0,3,no_activation
5000,10,227,3,0,7,10,6,4,4.0,0,2,no_activation
5000,10,234,5,0,6,29,3,26,26.0,0,3,no_activation
5000,10,237,5,0,3,18,2,16,16.0,0,2,no_activation
5000,11,4,2,2,20,17,0,17,17.0,0,11,single_or_few
5000,11,8,5,6,50,51,0,51,55.0,2,20,repeated_5plus
5000,11,35,5,10,50,73,1,72,74.0,1,32,repeated_5plus
5000,11,36,5,8,50,62,3,59,59.0,0,28,repeated_5plus
5000,11,53,3,3,50,27,0,27,31.0,2,14,single_or_few
5000,11,54,5,8,50,60,0,60,62.0,1,26,repeated_5plus
5000,11,58,5,4,50,53,0,53,53.0,0,22,single_or_few
5000,11,69,4,0,3,2,0,2,2.0,0,2,no_activation
5000,11,70,3,1,50,20,0,20,20.0,0,13,single_or_few
5000,11,75,2,0,4,1,1,0,0.0,0,0,no_activation
5000,11,82,3,0,3,1,1,0,0.0,0,0,no_activation
5000,11,83,2,0,2,1,0,1,1.0,0,1,no_activation
5000,11,87,5,8,49,58,1,57,63.0,2,27,repeated_5plus
5000,11,88,4,3,36,34,1,33,35.0,1,18,single_or_few
5000,11,89,3,0,4,3,0,3,3.0,0,2,no_activation
5000,11,92,5,5,48,45,0,45,49.0,1,22,repeated_5plus
5000,11,93,5,10,48,62,2,60,62.0,1,29,repeated_5plus
5000,11,95,2,0,2,3,3,0,0.0,0,0,no_activation
5000,11,97,2,0,3,2,1,1,1.0,0,1,no_activation
5000,11,99,5,6,46,57,1,56,58.0,1,20,repeated_5plus
5000,11,104,2,0,6,4,0,4,4.0,0,3,no_activation
5000,11,107,2,0,2,4,4,0,0.0,0,0,no_activation
5000,11,109,2,0,2,4,4,0,0.0,0,0,no_activation
5000,11,112,2,0,4,7,4,3,3.0,0,2,no_activation
5000,11,116,2,0,2,7,7,0,0.0,0,0,no_activation
5000,11,117,2,1,3,8,6,2,3.0,1,1,single_or_few
5000,11,120,3,0,2,4,2,2,2.0,0,1,no_activation
5000,11,121,3,1,3,10,6,4,4.0,0,2,single_or_few
5000,11,123,2,0,3,8,7,1,1.0,0,1,no_activation
5000,11,127,4,1,8,17,3,14,14.0,0,5,single_or_few
5000,11,131,4,2,21,22,4,18,20.0,1,9,single_or_few
5000,11,132,2,2,8,11,4,7,7.0,0,4,single_or_few
5000,11,134,2,0,2,5,5,0,0.0,0,0,no_activation
5000,11,137,2,0,3,3,0,3,3.0,0,2,no_activation
5000,11,138,3,7,38,36,3,33,33.0,0,18,repeated_5plus
5000,11,139,2,0,2,2,2,0,0.0,0,0,no_activation
5000,11,140,2,1,7,9,1,8,8.0,0,2,single_or_few
5000,11,141,2,0,2,5,5,0,0.0,0,0,no_activation
5000,11,142,5,3,37,41,1,40,42.0,1,15,single_or_few
5000,11,143,3,3,37,29,5,24,24.0,0,9,single_or_few
5000,11,144,2,0,18,10,2,8,8.0,0,6,no_activation
5000,11,146,2,0,2,7,6,1,1.0,0,1,no_activation
5000,11,153,4,3,35,20,6,14,14.0,0,5,single_or_few
5000,11,154,5,1,35,24,1,23,23.0,0,6,single_or_few
5000,11,158,2,1,3,9,5,4,4.0,0,1,single_or_few
5000,11,161,5,6,34,41,3,38,40.0,1,15,repeated_5plus
5000,11,162,5,0,4,10,4,6,6.0,0,3,no_activation
5000,11,164,5,6,33,46,2,44,44.0,0,11,repeated_5plus
5000,11,167,2,0,2,8,6,2,2.0,0,1,no_activation
5000,11,173,2,0,3,7,4,3,3.0,0,2,no_activation
5000,11,175,2,0,2,4,2,2,2.0,0,1,no_activation
5000,11,176,3,1,3,3,3,0,0.0,0,0,single_or_few
5000,11,178,2,1,2,5,3,2,2.0,0,1,single_or_few
5000,11,179,2,0,2,4,4,0,0.0,0,0,no_activation
5000,11,183,2,1,2,4,2,2,2.0,0,1,single_or_few
5000,11,185,4,1,20,33,1,32,32.0,0,9,single_or_few
5000,11,187,5,1,27,22,5,17,17.0,0,3,single_or_few
5000,11,188,4,3,29,26,5,21,23.0,1,7,single_or_few
5000,11,190,2,0,6,9,5,4,4.0,0,2,no_activation
5000,11,191,3,1,5,17,3,14,14.0,0,4,single_or_few
5000,11,196,2,0,3,7,3,4,4.0,0,2,no_activation
5000,11,197,2,0,2,3,1,2,2.0,0,1,no_activation
5000,11,199,3,0,3,12,6,6,6.0,0,2,no_activation
5000,11,200,2,1,3,7,3,4,4.0,0,1,single_or_few
5000,11,205,2,0,2,3,3,0,0.0,0,0,no_activation
5000,11,206,2,0,2,9,3,6,6.0,0,1,no_activation
5000,11,207,2,0,6,9,5,4,4.0,0,2,no_activation
5000,11,210,5,4,23,32,4,28,32.0,2,11,single_or_few
5000,11,211,3,0,10,13,5,8,8.0,0,3,no_activation
5000,11,212,5,0,8,18,6,12,12.0,0,2,no_activation
5000,11,214,2,0,2,4,3,1,1.0,0,1,no_activation
5000,11,217,2,1,4,11,5,6,6.0,0,3,single_or_few
5000,11,218,2,0,4,7,2,5,5.0,0,2,no_activation
5000,11,219,3,3,21,19,5,14,16.0,1,5,single_or_few
5000,11,221,5,2,20,29,9,20,20.0,0,5,single_or_few
5000,11,222,2,0,6,8,6,2,2.0,0,1,no_activation
5000,11,225,2,0,2,8,6,2,2.0,0,1,no_activation
5000,11,227,2,0,4,11,11,0,0.0,0,0,no_activation
5000,11,228,2,2,11,13,4,9,9.0,0,6,single_or_few
5000,11,230,5,1,18,23,2,21,21.0,0,4,single_or_few
5000,11,232,2,0,4,8,2,6,6.0,0,2,no_activation
5000,11,234,2,0,2,9,4,5,5.0,0,1,no_activation
5000,11,235,2,0,3,8,6,2,2.0,0,1,no_activation
5000,11,240,2,1,3,8,7,1,1.0,0,1,single_or_few
5000,11,245,5,1,16,28,12,16,16.0,0,3,single_or_few
5000,11,249,2,0,6,8,6,2,2.0,0,1,no_activation
5000,11,252,2,0,3,9,4,5,5.0,0,2,no_activation
5000,11,255,5,1,11,25,4,21,21.0,0,4,single_or_few
5000,11,260,2,0,2,5,4,1,1.0,0,1,no_activation
5000,11,262,2,0,2,9,9,0,0.0,0,0,no_activation
5000,11,263,2,0,5,9,6,3,3.0,0,1,no_activation
5000,11,264,2,0,2,8,2,6,6.0,0,1,no_activation
5000,11,267,5,0,9,16,14,2,2.0,0,1,no_activation
5000,11,268,5,0,9,18,10,8,8.0,0,2,no_activation
5000,11,273,2,0,3,9,6,3,3.0,0,2,no_activation
5000,11,274,2,0,9,8,5,3,3.0,0,1,no_activation
5000,11,275,5,1,8,22,15,7,7.0,0,2,single_or_few
5000,11,276,2,0,3,9,6,3,3.0,0,1,no_activation
5000,11,281,2,0,2,6,6,0,0.0,0,0,no_activation
5000,11,282,5,1,6,25,10,15,15.0,0,3,single_or_few
5000,11,290,2,0,4,8,5,3,3.0,0,1,no_activation
5000,11,291,2,0,3,6,5,1,1.0,0,1,no_activation
5000,11,298,2,0,2,4,3,1,1.0,0,1,no_activation
5000,11,300,4,0,2,3,0,3,3.0,0,1,no_activation
5000,12,6,5,8,50,67,1,66,66.0,0,30,repeated_5plus
5000,12,7,5,9,50,74,0,74,78.0,2,29,repeated_5plus
5000,12,17,5,7,50,54,1,53,55.0,1,26,repeated_5plus
5000,12,22,5,5,50,53,3,50,50.0,0,22,repeated_5plus
5000,12,27,5,5,49,57,0,57,57.0,0,26,repeated_5plus
5000,12,28,3,0,6,5,2,3,3.0,0,3,no_activation
5000,12,33,2,0,9,8,2,6,6.0,0,5,no_activation
5000,12,58,5,1,16,24,1,23,23.0,0,12,single_or_few
5000,12,61,5,4,50,51,0,51,51.0,0,23,single_or_few
5000,12,67,5,7,50,69,1,68,74.0,3,30,repeated_5plus
5000,12,68,4,2,25,32,1,31,31.0,0,17,single_or_few
5000,12,69,4,0,2,3,1,2,2.0,0,1,no_activation
5000,12,71,2,0,3,0,0,0,0.0,0,0,no_activation
5000,12,73,2,0,4,3,2,1,1.0,0,1,no_activation
5000,12,75,5,7,50,59,3,56,58.0,1,23,repeated_5plus
5000,12,76,2,0,3,4,3,1,1.0,0,1,no_activation
5000,12,78,2,0,2,5,2,3,3.0,0,1,no_activation
5000,12,82,2,2,7,8,3,5,5.0,0,4,single_or_few
5000,12,86,2,0,2,2,1,1,1.0,0,1,no_activation
5000,12,87,2,0,6,6,0,6,6.0,0,3,no_activation
5000,12,88,2,2,6,8,6,2,4.0,1,2,single_or_few
5000,12,89,3,1,16,16,0,16,16.0,0,9,single_or_few
5000,12,90,3,4,45,35,4,31,33.0,1,16,single_or_few
5000,12,91,2,0,19,8,3,5,5.0,0,4,no_activation
5000,12,92,5,7,48,52,0,52,52.0,0,24,repeated_5plus
5000,12,93,3,3,9,14,2,12,14.0,1,6,single_or_few
5000,12,94,4,3,22,33,2,31,31.0,0,12,single_or_few
5000,12,95,2,0,2,5,5,0,0.0,0,0,no_activation
5000,12,99,2,0,4,6,2,4,4.0,0,2,no_activation
5000,12,103,2,0,8,8,3,5,5.0,0,4,no_activation
5000,12,104,2,0,2,2,2,0,0.0,0,0,no_activation
5000,12,107,5,8,45,69,2,67,69.0,1,24,repeated_5plus
5000,12,108,2,1,3,3,2,1,1.0,0,1,single_or_few
5000,12,111,2,0,3,2,1,1,1.0,0,1,no_activation
5000,12,113,2,0,7,6,2,4,4.0,0,3,no_activation
5000,12,115,4,4,20,45,4,41,41.0,0,17,single_or_few
5000,12,122,2,0,2,4,1,3,3.0,0,1,no_activation
5000,12,124,4,0,5,10,2,8,8.0,0,3,no_activation
5000,12,128,2,1,2,2,2,0,0.0,0,0,single_or_few
5000,12,129,2,1,2,0,0,0,0.0,0,0,single_or_few
5000,12,130,2,0,4,6,3,3,3.0,0,1,no_activation
5000,12,131,3,0,7,9,3,6,6.0,0,4,no_activation
5000,12,139,2,0,3,1,0,1,1.0,0,1,no_activation
5000,12,141,3,1,9,16,5,11,11.0,0,4,single_or_few
5000,12,142,2,0,5,6,2,4,4.0,0,2,no_activation
5000,12,145,2,1,3,6,6,0,0.0,0,0,single_or_few
5000,12,147,2,2,3,7,6,1,1.0,0,1,single_or_few
5000,12,149,4,1,5,16,4,12,12.0,0,4,single_or_few
5000,12,150,3,4,15,31,4,27,27.0,0,12,single_or_few
5000,12,160,2,1,3,4,2,2,2.0,0,1,single_or_few
5000,12,161,5,5,33,45,5,40,40.0,0,11,repeated_5plus
5000,12,167,2,0,2,6,4,2,2.0,0,1,no_activation
5000,12,169,2,2,4,8,7,1,1.0,1,0,single_or_few
5000,12,173,2,2,3,13,7,6,6.0,0,2,single_or_few
5000,12,175,2,0,2,9,6,3,3.0,0,1,no_activation
5000,12,177,5,5,30,52,7,45,45.0,0,16,repeated_5plus
5000,12,178,5,1,5,16,7,9,9.0,0,3,single_or_few
5000,12,179,3,1,9,12,5,7,7.0,0,2,single_or_few
5000,12,181,2,0,2,4,2,2,2.0,0,1,no_activation
5000,12,182,2,0,3,8,3,5,5.0,0,2,no_activation
5000,12,183,2,0,2,5,3,2,2.0,0,1,no_activation
5000,12,184,5,2,28,20,3,17,17.0,0,5,single_or_few
5000,12,185,5,5,28,23,8,15,16.0,1,5,repeated_5plus
5000,12,187,2,0,2,3,2,1,1.0,0,1,no_activation
5000,12,190,5,5,27,22,4,18,20.0,1,4,repeated_5plus
5000,12,191,2,2,6,9,6,3,3.0,0,1,single_or_few
5000,12,192,2,0,2,4,3,1,1.0,0,1,no_activation
5000,12,193,5,8,26,41,9,32,32.0,0,6,repeated_5plus
5000,12,194,5,3,26,31,8,23,23.0,0,5,single_or_few
5000,12,195,2,0,6,8,2,6,6.0,0,2,no_activation
5000,12,196,2,1,2,4,3,1,1.0,0,1,single_or_few
5000,12,198,3,0,2,10,10,0,0.0,0,0,no_activation
5000,12,199,5,3,25,23,2,21,23.0,1,4,single_or_few
5000,12,200,5,1,25,37,6,31,31.0,0,5,single_or_few
5000,12,201,2,0,3,6,2,4,4.0,0,2,no_activation
5000,12,202,2,1,7,9,7,2,2.0,0,1,single_or_few
5000,12,203,2,0,3,4,2,2,2.0,0,1,no_activation
5000,12,204,2,0,2,6,6,0,0.0,0,0,no_activation
5000,12,206,2,0,3,6,3,3,3.0,0,1,no_activation
5000,12,207,2,0,10,9,5,4,4.0,0,3,no_activation
5000,12,209,2,0,2,8,8,0,0.0,0,0,no_activation
5000,12,212,2,0,2,5,5,0,0.0,0,0,no_activation
5000,12,214,2,0,3,7,5,2,2.0,0,1,no_activation
5000,12,216,2,0,8,10,3,7,7.0,0,4,no_activation
5000,12,220,2,0,7,9,5,4,4.0,0,2,no_activation
5000,12,223,2,0,2,9,9,0,0.0,0,0,no_activation
5000,12,228,4,0,22,17,4,13,13.0,0,3,no_activation
5000,12,229,3,0,5,15,2,13,13.0,0,4,no_activation
5000,12,230,2,0,4,9,3,6,6.0,0,3,no_activation
5000,12,231,2,0,5,8,2,6,6.0,0,2,no_activation
5000,12,235,2,0,3,8,4,4,4.0,0,1,no_activation
5000,12,236,3,2,11,18,6,12,12.0,0,4,single_or_few
5000,12,238,2,0,4,8,8,0,0.0,0,0,no_activation
5000,12,241,2,0,3,7,5,2,2.0,0,2,no_activation
5000,12,243,2,1,2,10,8,2,2.0,0,1,single_or_few
5000,12,244,5,0,16,19,7,12,12.0,0,2,no_activation
5000,12,246,8,5,16,61,17,44,44.0,0,9,repeated_5plus
5000,12,248,4,0,4,22,10,12,12.0,0,2,no_activation
5000,12,254,5,1,14,25,6,19,19.0,0,4,single_or_few
5000,12,255,4,0,6,16,9,7,7.0,0,2,no_activation
5000,12,256,5,0,14,26,10,16,16.0,0,3,no_activation
5000,12,260,2,0,8,8,7,1,1.0,0,1,no_activation
5000,12,262,5,0,7,19,14,5,5.0,0,1,no_activation
5000,12,264,2,0,4,9,4,5,5.0,0,3,no_activation
5000,12,265,2,0,2,7,3,4,4.0,0,1,no_activation
5000,12,267,2,0,6,9,6,3,3.0,0,2,no_activation
5000,12,269,2,0,4,9,7,2,2.0,0,1,no_activation
5000,12,273,2,0,3,9,3,6,6.0,0,1,no_activation
5000,12,279,2,0,6,10,2,8,8.0,0,3,no_activation
5000,12,286,2,1,7,13,3,10,10.0,0,3,single_or_few
5000,12,293,2,1,4,11,3,8,8.0,0,3,single_or_few
5000,12,294,2,0,2,8,6,2,2.0,0,1,no_activation
5000,12,295,5,1,5,26,10,16,16.0,0,3,single_or_few
5000,12,296,5,0,5,28,8,20,20.0,0,3,no_activation
5000,13,1,5,11,50,60,2,58,66.0,2,22,repeated_5plus
5000,13,6,4,1,42,30,1,29,31.0,1,19,single_or_few
5000,13,7,5,1,21,28,3,25,25.0,0,12,single_or_few
5000,13,8,5,8,50,66,2,64,64.0,0,27,repeated_5plus
5000,13,30,5,5,50,51,3,48,48.0,0,21,repeated_5plus
5000,13,42,5,6,50,59,2,57,63.0,3,30,repeated_5plus
5000,13,43,5,1,8,12,2,10,10.0,0,5,single_or_few
5000,13,46,4,7,50,48,0,48,54.0,3,24,repeated_5plus
5000,13,47,5,5,50,56,1,55,55.0,0,28,repeated_5plus
5000,13,50,5,6,50,59,1,58,62.0,2,26,repeated_5plus
5000,13,52,5,0,7,11,2,9,9.0,0,4,no_activation
5000,13,57,4,7,38,61,1,60,64.0,2,26,repeated_5plus
5000,13,62,2,0,3,1,0,1,1.0,0,1,no_activation
5000,13,63,5,3,33,50,2,48,48.0,0,19,single_or_few
5000,13,66,4,4,32,45,1,44,44.0,0,24,single_or_few
5000,13,67,3,0,3,2,0,2,2.0,0,1,no_activation
5000,13,70,3,0,4,6,1,5,5.0,0,3,no_activation
5000,13,72,4,0,32,22,1,21,21.0,0,9,no_activation
5000,13,73,2,0,2,2,2,0,0.0,0,0,no_activation
5000,13,74,2,0,2,3,2,1,1.0,0,1,no_activation
5000,13,81,2,0,3,3,1,2,2.0,0,2,no_activation
5000,13,84,5,5,40,34,2,32,34.0,1,17,repeated_5plus
5000,13,85,2,0,2,2,2,0,0.0,0,0,no_activation
5000,13,87,3,3,47,26,0,26,26.0,0,16,single_or_few
5000,13,92,2,0,2,2,2,0,0.0,0,0,no_activation
5000,13,95,5,7,44,46,1,45,45.0,0,22,repeated_5plus
5000,13,97,2,0,4,6,2,4,4.0,0,3,no_activation
5000,13,99,2,1,3,6,2,4,4.0,0,2,single_or_few
5000,13,107,5,2,9,25,3,22,22.0,0,7,single_or_few
5000,13,108,3,0,4,4,0,4,4.0,0,2,no_activation
5000,13,110,2,0,14,8,4,4,4.0,0,3,no_activation
5000,13,114,3,1,9,10,3,7,9.0,1,4,single_or_few
5000,13,118,2,1,10,10,3,7,7.0,0,4,single_or_few
5000,13,120,2,0,2,4,3,1,1.0,0,1,no_activation
5000,13,121,2,0,5,6,3,3,3.0,0,3,no_activation
5000,13,122,4,2,12,28,4,24,24.0,0,9,single_or_few
5000,13,123,5,5,39,46,3,43,45.0,1,18,repeated_5plus
5000,13,130,5,4,37,28,0,28,28.0,0,11,single_or_few
5000,13,131,3,2,37,23,0,23,27.0,2,11,single_or_few
5000,13,134,3,3,10,13,4,9,11.0,1,6,single_or_few
5000,13,138,5,2,35,24,4,20,20.0,0,7,single_or_few
5000,13,141,2,0,2,3,3,0,0.0,0,0,no_activation
5000,13,143,5,1,6,17,2,15,15.0,0,5,single_or_few
5000,13,144,3,1,6,13,5,8,8.0,0,3,single_or_few
5000,13,149,2,0,5,9,1,8,8.0,0,4,no_activation
5000,13,151,5,0,6,20,4,16,16.0,0,5,no_activation
5000,13,152,5,3,28,40,4,36,36.0,0,14,single_or_few
5000,13,155,2,0,4,5,2,3,3.0,0,2,no_activation
5000,13,156,2,1,6,13,4,9,9.0,0,3,single_or_few
5000,13,158,2,0,4,8,4,4,4.0,0,2,no_activation
5000,13,162,2,0,5,10,3,7,7.0,0,4,no_activation
5000,13,163,2,0,2,4,2,2,2.0,0,1,no_activation
5000,13,169,4,2,26,26,5,21,21.0,0,6,single_or_few
5000,13,173,4,1,25,12,2,10,10.0,0,3,single_or_few
5000,13,174,3,0,7,13,2,11,11.0,0,4,no_activation
5000,13,176,4,1,23,14,7,7,7.0,0,4,single_or_few
5000,13,180,4,0,4,13,9,4,4.0,0,1,no_activation
5000,13,187,2,0,5,8,2,6,6.0,0,2,no_activation
5000,13,189,2,0,4,8,3,5,5.0,0,2,no_activation
5000,13,191,5,3,18,25,4,21,24.0,2,6,single_or_few
5000,13,192,5,3,18,40,6,34,38.0,2,9,single_or_few
5000,13,193,2,0,3,10,2,8,8.0,0,2,no_activation
5000,13,196,5,0,17,18,7,11,11.0,0,5,no_activation
5000,13,198,2,0,4,8,4,4,4.0,0,1,no_activation
5000,13,202,5,1,13,23,12,11,11.0,0,3,single_or_few
5000,13,205,2,0,4,5,2,3,3.0,0,2,no_activation
5000,13,206,5,1,9,21,8,13,13.0,0,3,single_or_few
5000,13,208,2,0,9,9,8,1,1.0,0,1,no_activation
5000,13,211,2,0,3,8,8,0,0.0,0,0,no_activation
5000,13,212,4,0,10,17,4,13,13.0,0,3,no_activation
5000,13,213,2,0,5,9,4,5,5.0,0,2,no_activation
5000,13,219,4,1,8,23,4,19,19.0,0,5,single_or_few
5000,13,220,5,2,8,37,6,31,31.0,0,6,single_or_few
5000,13,226,4,0,4,11,4,7,7.0,0,2,no_activation
5000,13,230,2,0,3,9,9,0,0.0,0,0,no_activation
5000,13,231,2,0,2,8,8,0,0.0,0,0,no_activation
5000,13,232,2,0,2,6,6,0,0.0,0,0,no_activation
5000,13,233,2,0,2,9,4,5,5.0,0,1,no_activation
5000,13,234,2,0,3,9,4,5,5.0,0,1,no_activation
5000,13,236,5,0,5,29,9,20,20.0,0,4,no_activation
5000,13,238,3,0,4,12,2,10,10.0,0,3,no_activation
5000,13,241,2,0,3,8,3,5,5.0,0,2,no_activation
5000,13,251,2,0,2,9,4,5,5.0,0,1,no_activation
5000,13,253,5,0,2,12,7,5,5.0,0,1,no_activation
5000,14,0,5,5,35,46,1,45,49.0,2,24,repeated_5plus
5000,14,6,5,3,50,37,1,36,38.0,1,17,single_or_few
5000,14,7,5,3,39,48,4,44,44.0,0,26,single_or_few
5000,14,14,4,3,28,34,2,32,34.0,1,17,single_or_few
5000,14,22,5,5,50,73,1,72,78.0,3,31,repeated_5plus
5000,14,23,4,4,37,46,4,42,42.0,0,20,single_or_few
5000,14,24,5,3,31,44,0,44,46.0,1,21,single_or_few
5000,14,29,5,1,50,35,0,35,37.0,1,17,single_or_few
5000,14,36,5,5,50,48,0,48,52.0,1,23,repeated_5plus
5000,14,37,5,6,50,67,2,65,67.0,1,26,repeated_5plus
5000,14,72,5,5,50,55,0,55,59.0,1,26,repeated_5plus
5000,14,74,3,0,4,4,1,3,3.0,0,2,no_activation
5000,14,75,4,4,39,43,0,43,47.0,1,26,single_or_few
5000,14,79,2,0,3,1,1,0,0.0,0,0,no_activation
5000,14,81,2,0,3,1,0,1,1.0,0,1,no_activation
5000,14,84,5,5,50,57,3,54,56.0,1,24,repeated_5plus
5000,14,85,5,1,10,13,2,11,11.0,0,7,single_or_few
5000,14,86,5,6,50,49,0,49,51.0,1,25,repeated_5plus
5000,14,87,2,0,4,4,2,2,2.0,0,1,no_activation
5000,14,89,5,4,50,35,2,33,35.0,1,20,single_or_few
5000,14,91,2,0,4,6,4,2,2.0,0,1,no_activation
5000,14,94,5,2,48,22,0,22,22.0,0,11,single_or_few
5000,14,96,2,0,10,6,3,3,3.0,0,3,no_activation
5000,14,100,4,0,6,9,2,7,7.0,0,4,no_activation
5000,14,101,4,1,45,20,0,20,20.0,0,11,single_or_few
5000,14,110,2,0,3,4,1,3,3.0,0,2,no_activation
5000,14,113,2,2,14,18,1,17,18.0,1,8,single_or_few
5000,14,114,5,10,44,48,1,47,53.0,3,24,repeated_5plus
5000,14,117,5,5,42,31,3,28,32.0,2,13,repeated_5plus
5000,14,118,4,8,42,44,3,41,45.0,2,18,repeated_5plus
5000,14,119,2,0,2,2,2,0,0.0,0,0,no_activation
5000,14,124,2,1,4,6,2,4,4.0,0,3,single_or_few
5000,14,126,2,0,2,5,4,1,1.0,0,1,no_activation
5000,14,127,2,0,5,8,5,3,3.0,0,2,no_activation
5000,14,128,2,0,5,5,3,2,2.0,0,1,no_activation
5000,14,129,2,2,5,8,2,6,6.0,0,4,single_or_few
5000,14,130,2,0,7,9,3,6,6.0,0,3,no_activation
5000,14,131,2,1,5,5,3,2,2.0,0,2,single_or_few
5000,14,135,4,2,22,24,2,22,24.0,1,9,single_or_few
5000,14,138,2,2,8,10,5,5,5.0,0,5,single_or_few
5000,14,139,3,0,11,17,4,13,13.0,0,7,no_activation
5000,14,141,2,1,2,3,2,1,1.0,0,1,single_or_few
5000,14,145,4,0,6,17,4,13,13.0,0,5,no_activation
5000,14,147,2,0,2,5,2,3,3.0,0,1,no_activation
5000,14,149,2,1,3,6,4,2,2.0,0,1,single_or_few
5000,14,150,3,2,9,22,5,17,17.0,0,5,single_or_few
5000,14,153,2,1,4,7,5,2,2.0,0,2,single_or_few
5000,14,156,2,0,2,5,4,1,1.0,0,1,no_activation
5000,14,157,3,0,2,5,3,2,2.0,0,1,no_activation
5000,14,158,5,4,33,33,4,29,31.0,1,10,single_or_few
5000,14,159,2,0,3,4,1,3,3.0,0,2,no_activation
5000,14,160,3,0,3,6,4,2,2.0,0,1,no_activation
5000,14,162,2,0,3,4,2,2,2.0,0,2,no_activation
5000,14,165,4,0,31,17,3,14,14.0,0,4,no_activation
5000,14,166,2,0,2,3,1,2,2.0,0,1,no_activation
5000,14,167,5,5,30,26,3,23,24.0,1,7,repeated_5plus
5000,14,168,4,3,29,33,8,25,27.0,1,8,single_or_few
5000,14,169,2,0,3,7,4,3,3.0,0,2,no_activation
5000,14,173,2,0,4,6,2,4,4.0,0,2,no_activation
5000,14,176,2,0,2,3,2,1,1.0,0,1,no_activation
5000,14,177,5,0,12,20,4,16,16.0,0,4,no_activation
5000,14,178,5,1,26,21,6,15,17.0,1,3,single_or_few
5000,14,180,5,3,23,35,13,22,22.0,0,9,single_or_few
5000,14,181,2,0,3,7,5,2,2.0,0,1,no_activation
5000,14,186,2,1,3,7,3,4,4.0,0,2,single_or_few
5000,14,189,2,0,5,9,3,6,6.0,0,3,no_activation
5000,14,190,4,0,7,14,6,8,8.0,0,4,no_activation
5000,14,194,4,0,21,17,6,11,11.0,0,4,no_activation
5000,14,196,3,1,9,20,2,18,18.0,0,5,single_or_few
5000,14,204,2,0,2,3,3,0,0.0,0,0,no_activation
5000,14,205,4,0,19,14,7,7,7.0,0,3,no_activation
5000,14,207,2,0,2,9,9,0,0.0,0,0,no_activation
5000,14,208,2,0,2,7,4,3,3.0,0,1,no_activation
5000,14,211,2,0,4,8,5,3,3.0,0,1,no_activation
5000,14,212,2,0,4,8,6,2,2.0,0,1,no_activation
5000,14,213,2,2,10,12,5,7,7.0,0,3,single_or_few
5000,14,215,2,0,2,2,0,2,2.0,0,1,no_activation
5000,14,216,2,0,4,9,2,7,7.0,0,2,no_activation
5000,14,218,5,0,14,17,10,7,7.0,0,2,no_activation
5000,14,220,2,0,3,9,8,1,1.0,0,1,no_activation
5000,14,225,2,0,2,6,6,0,0.0,0,0,no_activation
5000,14,228,2,1,7,10,5,5,5.0,0,4,single_or_few
5000,14,229,5,0,10,18,4,14,14.0,0,2,no_activation
5000,14,230,4,1,9,25,4,21,21.0,0,4,single_or_few
5000,14,233,2,0,4,10,2,8,8.0,0,2,no_activation
5000,14,235,2,0,2,6,6,0,0.0,0,0,no_activation
5000,14,241,2,0,5,8,1,7,7.0,0,2,no_activation
5000,14,243,3,0,2,5,5,0,0.0,0,0,no_activation
5000,14,245,2,0,4,8,5,3,3.0,0,2,no_activation
5000,14,249,2,0,3,8,2,6,6.0,0,2,no_activation
5000,14,252,2,0,2,7,1,6,6.0,0,1,no_activation
5000,14,255,5,0,2,18,11,7,7.0,0,1,no_activation
5000,14,257,2,0,2,1,1,0,0.0,0,0,no_activation
5000,15,0,4,7,48,46,0,46,48.0,1,23,repeated_5plus
5000,15,1,5,10,50,72,0,72,76.0,2,33,repeated_5plus
5000,15,27,5,6,50,55,2,53,59.0,3,25,repeated_5plus
5000,15,28,5,3,50,52,0,52,52.0,0,23,single_or_few
5000,15,29,5,8,50,72,2,70,72.0,1,30,repeated_5plus
5000,15,55,2,0,3,2,0,2,2.0,0,2,no_activation
5000,15,68,5,6,50,58,1,57,59.0,1,23,repeated_5plus
5000,15,69,5,6,50,51,1,50,52.0,1,26,repeated_5plus
5000,15,72,5,8,50,71,0,71,73.0,1,30,repeated_5plus
5000,15,73,2,0,2,1,1,0,0.0,0,0,no_activation
5000,15,84,4,9,50,44,2,42,48.0,3,23,repeated_5plus
5000,15,85,3,4,50,44,2,42,46.0,2,23,single_or_few
5000,15,90,2,1,7,6,3,3,4.0,1,2,single_or_few
5000,15,92,2,1,3,4,3,1,1.0,1,0,single_or_few
5000,15,93,2,0,6,5,2,3,3.0,0,3,no_activation
5000,15,97,2,0,3,4,2,2,2.0,0,1,no_activation
5000,15,100,2,0,6,6,3,3,3.0,0,3,no_activation
5000,15,103,2,0,5,7,6,1,1.0,0,1,no_activation
5000,15,104,2,1,4,2,1,1,1.0,0,1,single_or_few
5000,15,106,4,3,48,37,0,37,41.0,2,19,single_or_few
5000,15,107,5,1,4,7,2,5,5.0,0,3,single_or_few
5000,15,113,2,0,5,5,1,4,4.0,0,3,no_activation
5000,15,114,2,1,8,10,1,9,11.0,1,4,single_or_few
5000,15,115,2,0,2,3,2,1,1.0,0,1,no_activation
5000,15,116,2,0,2,5,3,2,2.0,0,1,no_activation
5000,15,119,2,0,2,2,2,0,0.0,0,0,no_activation
5000,15,122,2,1,6,4,3,1,1.0,0,1,single_or_few
5000,15,125,2,0,9,7,1,6,6.0,0,5,no_activation
5000,15,126,4,6,43,49,4,45,51.0,3,19,repeated_5plus
5000,15,127,2,1,3,5,4,1,1.0,0,1,single_or_few
5000,15,128,2,1,24,12,0,12,14.0,1,9,single_or_few
5000,15,129,2,0,2,4,4,0,0.0,0,0,no_activation
5000,15,130,5,9,42,57,2,55,57.0,1,24,repeated_5plus
5000,15,131,3,0,8,9,1,8,8.0,0,3,no_activation
5000,15,132,4,8,42,47,2,45,51.0,2,21,repeated_5plus
5000,15,134,2,0,6,7,4,3,3.0,0,2,no_activation
5000,15,135,3,1,3,2,1,1,1.0,0,1,single_or_few
5000,15,137,2,0,6,4,1,3,3.0,0,3,no_activation
5000,15,138,5,4,39,31,2,29,31.0,1,11,single_or_few
5000,15,139,3,0,3,7,2,5,5.0,0,1,no_activation
5000,15,140,3,2,39,19,3,16,16.0,0,8,single_or_few
5000,15,143,4,5,38,37,6,31,33.0,1,14,repeated_5plus
5000,15,150,2,0,5,3,1,2,2.0,0,2,no_activation
5000,15,152,2,1,3,6,5,1,1.0,0,1,single_or_few
5000,15,153,4,1,15,20,0,20,20.0,0,7,single_or_few
5000,15,154,2,1,4,11,5,6,6.0,0,3,single_or_few
5000,15,160,5,0,6,16,3,13,13.0,0,5,no_activation
5000,15,161,4,4,34,44,5,39,45.0,2,13,single_or_few
5000,15,162,4,3,34,24,3,21,23.0,1,8,single_or_few
5000,15,163,2,1,5,8,1,7,7.0,0,4,single_or_few
5000,15,164,2,0,4,7,1,6,6.0,0,3,no_activation
5000,15,166,2,0,4,9,0,9,9.0,0,3,no_activation
5000,15,167,2,0,7,10,1,9,9.0,0,5,no_activation
5000,15,171,2,0,3,7,3,4,4.0,0,2,no_activation
5000,15,174,3,1,8,13,3,10,10.0,0,5,single_or_few
5000,15,181,5,3,28,29,4,25,25.0,0,7,single_or_few
5000,15,183,2,0,2,7,3,4,4.0,0,1,no_activation
5000,15,184,2,0,3,4,1,3,3.0,0,1,no_activation
5000,15,187,2,0,4,5,1,4,4.0,0,2,no_activation
5000,15,193,4,1,26,23,7,16,17.0,1,6,single_or_few
5000,15,198,2,0,3,8,4,4,4.0,0,2,no_activation
5000,15,199,5,1,22,20,8,12,12.0,0,5,single_or_few
5000,15,206,3,0,3,11,3,8,8.0,0,2,no_activation
5000,15,208,4,4,19,29,9,20,23.0,2,6,single_or_few
5000,15,210,2,1,3,5,3,2,2.0,0,2,single_or_few
5000,15,217,2,2,17,13,8,5,5.0,0,1,single_or_few
5000,15,221,2,0,2,6,2,4,4.0,0,1,no_activation
5000,15,225,2,0,5,6,2,4,4.0,0,3,no_activation
5000,15,226,2,0,2,8,5,3,3.0,0,1,no_activation
5000,15,227,2,1,6,13,3,10,10.0,0,4,single_or_few
5000,15,239,2,0,7,9,2,7,7.0,0,3,no_activation
5000,15,240,2,0,3,9,5,4,4.0,0,2,no_activation
5000,15,241,5,0,8,17,10,7,7.0,0,2,no_activation
5000,15,242,5,0,8,21,14,7,7.0,0,2,no_activation
5000,15,243,4,0,4,14,9,5,5.0,0,2,no_activation
5000,15,244,2,0,2,6,2,4,4.0,0,1,no_activation
5000,15,246,4,0,7,13,4,9,9.0,0,3,no_activation
5000,15,251,5,0,6,19,5,14,14.0,0,2,no_activation
5000,15,253,2,0,2,4,4,0,0.0,0,0,no_activation
5000,15,254,4,0,5,22,8,14,14.0,0,2,no_activation
5000,15,257,4,0,3,22,12,10,10.0,0,2,no_activation
5000,15,258,4,0,3,14,1,13,13.0,0,2,no_activation
5000,15,259,3,1,2,16,11,5,5.0,0,1,single_or_few
5000,16,6,4,8,50,64,0,64,70.0,2,33,repeated_5plus
5000,16,13,4,8,50,55,2,53,59.0,2,26,repeated_5plus
5000,16,19,2,0,2,3,2,1,1.0,0,1,no_activation
5000,16,26,4,4,38,40,1,39,41.0,1,19,single_or_few
5000,16,27,3,1,22,20,2,18,20.0,1,10,single_or_few
5000,16,28,4,9,50,52,1,51,55.0,2,22,repeated_5plus
5000,16,46,5,0,18,26,0,26,26.0,0,13,no_activation
5000,16,47,4,5,50,43,1,42,44.0,1,19,repeated_5plus
5000,16,48,5,4,29,40,1,39,39.0,0,18,single_or_few
5000,16,58,2,5,33,17,0,17,25.0,3,11,repeated_5plus
5000,16,61,2,0,5,2,0,2,2.0,0,2,no_activation
5000,16,89,2,0,2,1,0,1,1.0,0,1,no_activation
5000,16,97,2,0,3,2,1,1,1.0,0,1,no_activation
5000,16,98,2,0,3,1,1,0,0.0,0,0,no_activation
5000,16,106,5,6,50,63,2,61,65.0,2,29,repeated_5plus
5000,16,110,5,0,6,5,0,5,5.0,0,3,no_activation
5000,16,111,5,13,49,70,0,70,76.0,3,30,repeated_5plus
5000,16,112,4,4,47,31,5,26,30.0,2,13,single_or_few
5000,16,114,5,8,47,44,0,44,54.0,5,20,repeated_5plus
5000,16,118,5,4,46,33,2,31,33.0,1,15,single_or_few
5000,16,119,4,1,2,4,3,1,1.0,0,1,single_or_few
5000,16,121,2,1,11,13,2,11,11.0,0,5,single_or_few
5000,16,122,2,0,2,4,2,2,2.0,0,1,no_activation
5000,16,123,2,1,21,11,2,9,9.0,0,5,single_or_few
5000,16,133,5,7,38,55,2,53,53.0,0,18,repeated_5plus
5000,16,134,5,9,44,62,2,60,60.0,0,27,repeated_5plus
5000,16,135,3,1,2,6,3,3,3.0,0,1,single_or_few
5000,16,138,4,5,42,47,4,43,47.0,2,22,repeated_5plus
5000,16,139,5,4,43,25,3,22,24.0,1,11,single_or_few
5000,16,142,2,3,20,19,2,17,19.0,1,11,single_or_few
5000,16,144,3,1,6,6,4,2,2.0,0,2,single_or_few
5000,16,145,2,1,2,3,3,0,0.0,0,0,single_or_few
5000,16,150,2,0,2,3,3,0,0.0,0,0,no_activation
5000,16,154,3,1,7,7,2,5,6.0,1,4,single_or_few
5000,16,155,2,2,9,9,2,7,7.0,0,5,single_or_few
5000,16,156,5,1,39,20,1,19,19.0,0,7,single_or_few
5000,16,159,2,1,2,3,3,0,0.0,0,0,single_or_few
5000,16,166,2,0,4,8,3,5,5.0,0,3,no_activation
5000,16,168,2,0,4,5,2,3,3.0,0,2,no_activation
5000,16,169,2,0,2,6,5,1,1.0,0,1,no_activation
5000,16,170,2,1,3,8,5,3,3.0,0,2,single_or_few
5000,16,174,2,0,5,9,3,6,6.0,0,3,no_activation
5000,16,175,2,0,2,6,6,0,0.0,0,0,no_activation
5000,16,176,2,2,9,10,4,6,6.0,0,4,single_or_few
5000,16,179,4,0,6,12,2,10,10.0,0,4,no_activation
5000,16,181,5,5,33,52,6,46,46.0,0,15,repeated_5plus
5000,16,183,2,0,4,9,4,5,5.0,0,2,no_activation
5000,16,186,2,0,4,6,5,1,1.0,0,1,no_activation
5000,16,188,2,1,2,8,6,2,2.0,0,1,single_or_few
5000,16,189,2,0,2,4,1,3,3.0,0,1,no_activation
5000,16,191,2,0,8,9,3,6,6.0,0,4,no_activation
5000,16,196,4,0,11,14,3,11,11.0,0,3,no_activation
5000,16,197,5,1,11,33,7,26,26.0,0,9,single_or_few
5000,16,200,2,1,4,5,1,4,4.0,0,2,single_or_few
5000,16,203,2,0,2,8,6,2,2.0,0,1,no_activation
5000,16,205,2,0,5,6,3,3,3.0,0,3,no_activation
5000,16,206,4,3,28,38,3,35,37.0,1,11,single_or_few
5000,16,207,4,1,28,19,5,14,14.0,0,5,single_or_few
5000,16,209,2,0,3,6,3,3,3.0,0,1,no_activation
5000,16,210,2,0,2,3,1,2,2.0,0,1,no_activation
5000,16,212,2,1,8,9,4,5,6.0,1,4,single_or_few
5000,16,214,2,0,3,8,3,5,5.0,0,1,no_activation
5000,16,221,4,1,10,17,7,10,10.0,0,2,single_or_few
5000,16,222,2,0,2,5,4,1,1.0,0,1,no_activation
5000,16,223,3,0,2,6,4,2,2.0,0,1,no_activation
5000,16,224,2,0,8,9,6,3,3.0,0,3,no_activation
5000,16,227,3,0,2,7,3,4,4.0,0,1,no_activation
5000,16,231,2,1,5,12,5,7,7.0,0,2,single_or_few
5000,16,233,2,0,2,7,5,2,2.0,0,1,no_activation
5000,16,239,4,1,23,27,6,21,21.0,0,4,single_or_few
5000,16,244,3,2,6,13,7,6,6.0,0,3,single_or_few
5000,16,247,2,0,6,11,6,5,5.0,0,4,no_activation
5000,16,248,2,0,4,9,5,4,4.0,0,3,no_activation
5000,16,252,2,0,3,7,3,4,4.0,0,2,no_activation
5000,16,253,2,0,6,8,8,0,0.0,0,0,no_activation
5000,16,255,2,0,2,10,9,1,1.0,0,1,no_activation
5000,16,259,2,0,4,8,5,3,3.0,0,2,no_activation
5000,16,269,3,0,2,5,1,4,4.0,0,1,no_activation
5000,16,270,5,0,12,19,5,14,14.0,0,2,no_activation
5000,16,271,5,2,12,29,6,23,23.0,0,5,single_or_few
5000,16,273,2,2,10,16,4,12,12.0,0,6,single_or_few
5000,16,274,2,0,4,6,2,4,4.0,0,2,no_activation
5000,16,275,2,1,3,7,4,3,3.0,0,2,single_or_few
5000,16,278,2,0,3,8,3,5,5.0,0,2,no_activation
5000,16,279,2,0,11,8,3,5,5.0,0,3,no_activation
5000,16,280,4,0,9,14,6,8,8.0,0,2,no_activation
5000,16,282,2,0,3,10,1,9,9.0,0,2,no_activation
5000,16,285,5,0,7,20,10,10,10.0,0,1,no_activation
5000,16,288,2,0,3,9,4,5,5.0,0,1,no_activation
5000,16,290,2,0,2,8,8,0,0.0,0,0,no_activation
5000,16,291,2,0,5,8,7,1,1.0,0,1,no_activation
5000,16,292,2,0,4,9,3,6,6.0,0,2,no_activation
5000,16,296,2,0,2,9,7,2,2.0,0,1,no_activation
5000,16,298,5,0,6,21,13,8,8.0,0,2,no_activation
5000,16,300,2,1,5,12,7,5,5.0,0,2,single_or_few
5000,16,301,2,0,2,10,8,2,2.0,0,1,no_activation
5000,16,305,2,0,3,9,7,2,2.0,0,1,no_activation
5000,17,15,4,1,14,11,1,10,10.0,0,9,single_or_few
5000,17,16,5,4,50,51,4,47,47.0,0,25,single_or_few
5000,17,19,3,8,49,44,1,43,49.0,2,26,repeated_5plus
5000,17,20,5,8,50,66,2,64,68.0,2,31,repeated_5plus
5000,17,24,4,6,36,42,0,42,42.0,0,21,repeated_5plus
5000,17,25,5,7,50,80,1,79,83.0,2,33,repeated_5plus
5000,17,37,5,5,50,60,1,59,59.0,0,29,repeated_5plus
5000,17,40,5,10,50,72,2,70,74.0,2,29,repeated_5plus
5000,17,44,4,1,5,5,0,5,5.0,0,3,single_or_few
5000,17,48,2,0,2,0,0,0,0.0,0,0,no_activation
5000,17,50,5,4,50,49,0,49,55.0,3,22,single_or_few
5000,17,65,4,7,49,62,0,62,66.0,2,34,repeated_5plus
5000,17,74,2,0,3,2,1,1,1.0,0,1,no_activation
5000,17,77,4,1,9,11,1,10,10.0,0,4,single_or_few
5000,17,78,5,9,50,76,0,76,78.0,1,34,repeated_5plus
5000,17,79,4,4,50,35,1,34,34.0,0,16,single_or_few
5000,17,80,2,0,2,3,3,0,0.0,0,0,no_activation
5000,17,82,2,0,2,0,0,0,0.0,0,0,no_activation
5000,17,84,2,0,2,1,0,1,1.0,0,1,no_activation
5000,17,87,5,6,47,44,1,43,47.0,2,21,repeated_5plus
5000,17,89,5,2,17,26,1,25,25.0,0,11,single_or_few
5000,17,91,5,7,44,45,1,44,44.0,0,20,repeated_5plus
5000,17,96,2,0,2,5,5,0,0.0,0,0,no_activation
5000,17,98,2,0,4,7,3,4,4.0,0,2,no_activation
5000,17,102,2,0,2,3,1,2,2.0,0,1,no_activation
5000,17,103,2,0,3,5,1,4,4.0,0,1,no_activation
5000,17,111,2,1,3,5,2,3,3.0,0,1,single_or_few
5000,17,112,3,1,5,6,1,5,5.0,0,4,single_or_few
5000,17,116,5,2,9,24,2,22,22.0,0,7,single_or_few
5000,17,117,5,7,39,33,2,31,33.0,1,12,repeated_5plus
5000,17,118,2,0,2,2,2,0,0.0,0,0,no_activation
5000,17,119,5,2,38,28,2,26,28.0,1,11,single_or_few
5000,17,126,2,0,3,5,1,4,4.0,0,2,no_activation
5000,17,128,2,0,4,2,1,1,1.0,0,1,no_activation
5000,17,129,5,9,37,55,1,54,54.0,0,19,repeated_5plus
5000,17,130,2,0,9,5,0,5,5.0,0,3,no_activation
5000,17,131,2,1,2,2,2,0,0.0,0,0,single_or_few
5000,17,134,5,6,36,55,7,48,50.0,1,20,repeated_5plus
5000,17,140,5,0,7,23,3,20,20.0,0,6,no_activation
5000,17,145,5,1,32,23,3,20,20.0,0,5,single_or_few
5000,17,150,2,0,10,8,2,6,6.0,0,3,no_activation
5000,17,153,2,0,3,6,5,1,1.0,0,1,no_activation
5000,17,156,2,0,5,8,4,4,4.0,0,1,no_activation
5000,17,161,5,2,26,30,5,25,25.0,0,8,single_or_few
5000,17,164,2,0,7,9,2,7,7.0,0,3,no_activation
5000,17,166,2,0,3,8,7,1,1.0,0,1,no_activation
5000,17,168,2,2,13,14,5,9,9.0,0,5,single_or_few
5000,17,173,2,1,2,7,3,4,4.0,0,1,single_or_few
5000,17,175,2,0,2,4,4,0,0.0,0,0,no_activation
5000,17,177,2,0,6,9,4,5,5.0,0,3,no_activation
5000,17,182,2,1,3,9,7,2,2.0,0,2,single_or_few
5000,17,185,5,7,21,54,9,45,47.0,1,14,repeated_5plus
5000,17,186,5,0,20,21,0,21,21.0,0,5,no_activation
5000,17,189,5,2,19,29,3,26,26.0,0,7,single_or_few
5000,17,190,5,3,19,27,2,25,25.0,0,8,single_or_few
5000,17,202,4,1,7,26,9,17,19.0,1,3,single_or_few
5000,17,203,5,1,15,21,1,20,20.0,0,4,single_or_few
5000,17,206,4,0,5,16,2,14,14.0,0,4,no_activation
5000,17,211,2,0,4,8,2,6,6.0,0,2,no_activation
5000,17,215,2,0,5,6,2,4,4.0,0,2,no_activation
5000,17,217,2,0,8,8,4,4,4.0,0,2,no_activation
5000,17,220,2,0,4,9,2,7,7.0,0,3,no_activation
5000,17,222,2,0,3,8,3,5,5.0,0,1,no_activation
5000,17,225,2,1,2,8,5,3,3.0,0,1,single_or_few
5000,17,229,2,0,2,4,2,2,2.0,0,1,no_activation
5000,17,230,2,0,2,8,5,3,3.0,0,1,no_activation
5000,17,231,2,0,11,9,4,5,5.0,0,2,no_activation
5000,17,232,2,0,5,8,5,3,3.0,0,1,no_activation
5000,17,233,5,1,8,26,8,18,18.0,0,3,single_or_few
5000,17,235,2,0,5,8,3,5,5.0,0,2,no_activation
5000,17,236,2,1,8,8,5,3,5.0,1,3,single_or_few
5000,17,238,4,0,10,23,11,12,12.0,0,2,no_activation
5000,17,239,2,0,3,6,3,3,3.0,0,2,no_activation
5000,17,247,4,1,9,21,5,16,16.0,0,4,single_or_few
5000,17,248,5,0,9,16,5,11,11.0,0,3,no_activation
5000,17,249,5,0,9,18,11,7,7.0,0,1,no_activation
5000,17,250,2,0,7,8,6,2,2.0,0,1,no_activation
5000,17,252,5,1,8,21,8,13,13.0,0,3,single_or_few
5000,17,253,5,0,8,20,5,15,15.0,0,3,no_activation
5000,17,258,2,0,2,6,3,3,3.0,0,1,no_activation
5000,17,262,2,0,2,4,4,0,0.0,0,0,no_activation
5000,17,263,5,0,6,19,13,6,6.0,0,1,no_activation
5000,17,264,5,0,6,20,18,2,2.0,0,1,no_activation
5000,17,265,5,0,4,18,8,10,10.0,0,2,no_activation
5000,17,267,2,0,3,8,4,4,4.0,0,2,no_activation
5000,17,269,5,0,4,18,12,6,6.0,0,2,no_activation
5000,17,274,2,0,2,5,3,2,2.0,0,1,no_activation
5000,17,275,2,0,4,9,9,0,0.0,0,0,no_activation
5000,17,278,5,0,2,22,12,10,10.0,0,1,no_activation
5000,17,279,2,0,2,9,5,4,4.0,0,1,no_activation
5000,17,280,2,0,2,9,5,4,4.0,0,1,no_activation
5000,18,0,5,4,50,63,1,62,64.0,1,29,single_or_few
5000,18,12,5,4,50,37,0,37,40.0,2,20,single_or_few
5000,18,23,5,2,34,41,2,39,39.0,0,18,single_or_few
5000,18,24,5,7,50,62,2,60,66.0,2,33,repeated_5plus
5000,18,28,5,4,50,55,1,54,56.0,1,24,single_or_few
5000,18,29,5,3,50,39,0,39,39.0,0,23,single_or_few
5000,18,30,5,7,46,68,3,65,67.0,1,33,repeated_5plus
5000,18,35,5,5,47,65,1,64,64.0,0,31,repeated_5plus
5000,18,47,4,3,50,40,2,38,40.0,1,19,single_or_few
5000,18,59,4,1,9,10,0,10,12.0,1,7,single_or_few
5000,18,75,5,0,8,5,1,4,4.0,0,3,no_activation
5000,18,78,4,1,4,5,0,5,5.0,0,3,single_or_few
5000,18,79,2,0,3,2,1,1,1.0,0,1,no_activation
5000,18,85,5,7,37,57,0,57,61.0,2,29,repeated_5plus
5000,18,87,3,0,9,6,0,6,6.0,0,4,no_activation
5000,18,91,5,5,42,43,1,42,42.0,0,22,repeated_5plus
5000,18,92,4,1,46,22,4,18,18.0,0,11,single_or_few
5000,18,93,3,0,4,5,2,3,3.0,0,2,no_activation
5000,18,95,2,0,3,5,2,3,3.0,0,2,no_activation
5000,18,96,2,0,5,4,2,2,2.0,0,2,no_activation
5000,18,100,2,0,4,6,2,4,4.0,0,3,no_activation
5000,18,101,2,0,2,1,1,0,0.0,0,0,no_activation
5000,18,104,2,2,2,1,0,1,1.0,1,0,single_or_few
5000,18,105,5,7,44,69,1,68,74.0,2,33,repeated_5plus
5000,18,106,2,0,5,4,2,2,2.0,0,2,no_activation
5000,18,108,2,0,8,3,0,3,3.0,0,3,no_activation
5000,18,112,5,0,6,11,3,8,8.0,0,3,no_activation
5000,18,113,5,6,40,50,4,46,48.0,1,22,repeated_5plus
5000,18,116,2,1,4,5,2,3,3.0,0,2,single_or_few
5000,18,118,2,1,6,4,1,3,5.0,1,2,single_or_few
5000,18,122,5,6,38,42,1,41,45.0,2,19,repeated_5plus
5000,18,124,2,1,11,13,1,12,12.0,0,6,single_or_few
5000,18,125,5,3,14,28,1,27,27.0,0,11,single_or_few
5000,18,132,5,6,35,45,1,44,48.0,2,21,repeated_5plus
5000,18,135,5,2,32,28,2,26,26.0,0,9,single_or_few
5000,18,136,2,0,7,9,5,4,4.0,0,3,no_activation
5000,18,138,4,3,9,20,4,16,16.0,0,7,single_or_few
5000,18,139,4,2,15,15,1,14,14.0,0,8,single_or_few
5000,18,140,4,0,29,14,2,12,12.0,0,6,no_activation
5000,18,144,2,0,6,9,4,5,5.0,0,2,no_activation
5000,18,149,3,1,28,12,5,7,7.0,0,3,single_or_few
5000,18,152,5,1,9,24,4,20,20.0,0,8,single_or_few
5000,18,153,5,0,4,8,2,6,6.0,0,3,no_activation
5000,18,158,6,1,9,38,7,31,31.0,0,7,single_or_few
5000,18,163,4,0,2,4,2,2,2.0,0,1,no_activation
5000,18,164,2,0,2,3,1,2,2.0,0,1,no_activation
5000,18,166,5,3,21,34,3,31,33.0,1,8,single_or_few
5000,18,168,5,1,21,26,2,24,24.0,0,8,single_or_few
5000,18,174,2,0,2,9,3,6,6.0,0,1,no_activation
5000,18,178,5,1,18,18,1,17,17.0,0,4,single_or_few
5000,18,179,2,0,2,9,5,4,4.0,0,1,no_activation
5000,18,181,2,0,5,8,5,3,3.0,0,3,no_activation
5000,18,184,5,2,16,29,3,26,26.0,0,6,single_or_few
5000,18,185,2,0,6,8,2,6,6.0,0,3,no_activation
5000,18,189,2,0,2,6,3,3,3.0,0,1,no_activation
5000,18,190,2,0,2,5,4,1,1.0,0,1,no_activation
5000,18,191,4,1,10,17,10,7,9.0,1,2,single_or_few
5000,18,193,2,0,2,8,8,0,0.0,0,0,no_activation
5000,18,196,2,0,3,8,6,2,2.0,0,2,no_activation
5000,18,197,3,1,11,29,3,26,26.0,0,9,single_or_few
5000,18,198,5,0,10,28,9,19,19.0,0,4,no_activation
5000,18,199,3,0,2,4,2,2,2.0,0,1,no_activation
5000,18,204,4,0,3,8,3,5,5.0,0,2,no_activation
5000,18,206,2,0,9,10,6,4,4.0,0,1,no_activation
5000,18,208,5,0,8,19,10,9,9.0,0,2,no_activation
5000,18,209,5,0,3,19,12,7,7.0,0,1,no_activation
5000,18,210,4,1,7,16,6,10,10.0,0,3,single_or_few
5000,18,215,2,0,6,9,2,7,7.0,0,3,no_activation
5000,18,217,2,0,4,9,2,7,7.0,0,3,no_activation
5000,18,222,2,0,3,9,3,6,6.0,0,2,no_activation
5000,18,223,2,0,2,9,1,8,8.0,0,1,no_activation
5000,18,224,2,0,3,8,5,3,3.0,0,2,no_activation
5000,18,225,5,0,3,21,9,12,12.0,0,2,no_activation
5000,18,227,2,0,2,5,2,3,3.0,0,1,no_activation
5000,18,229,2,0,2,8,5,3,3.0,0,1,no_activation
5000,18,230,5,1,2,17,13,4,4.0,0,1,single_or_few
5000,19,0,5,7,50,67,1,66,70.0,2,28,repeated_5plus
5000,19,6,5,5,50,52,0,52,52.0,0,24,repeated_5plus
5000,19,22,2,0,4,2,0,2,2.0,0,2,no_activation
5000,19,32,5,8,50,67,0,67,73.0,3,26,repeated_5plus
5000,19,34,2,1,27,15,1,14,14.0,0,7,single_or_few
5000,19,50,5,6,50,56,1,55,55.0,0,26,repeated_5plus
5000,19,59,3,0,5,2,1,1,1.0,0,1,no_activation
5000,19,61,2,1,14,7,0,7,9.0,1,6,single_or_few
5000,19,63,4,6,46,47,0,47,51.0,2,23,repeated_5plus
5000,19,68,5,6,50,54,0,54,58.0,1,23,repeated_5plus
5000,19,69,5,2,50,37,0,37,37.0,0,14,single_or_few
5000,19,70,4,8,50,49,4,45,49.0,2,24,repeated_5plus
5000,19,71,2,0,2,1,0,1,1.0,0,1,no_activation
5000,19,82,2,1,16,8,1,7,7.0,0,5,single_or_few
5000,19,83,2,0,2,2,1,1,1.0,0,1,no_activation
5000,19,85,2,0,2,2,0,2,2.0,0,1,no_activation
5000,19,93,2,0,4,5,4,1,1.0,0,1,no_activation
5000,19,95,3,0,2,0,0,0,0.0,0,0,no_activation
5000,19,96,3,0,4,4,1,3,3.0,0,1,no_activation
5000,19,97,5,9,47,57,1,56,56.0,0,22,repeated_5plus
5000,19,98,3,4,8,14,2,12,14.0,1,5,single_or_few
5000,19,99,2,1,6,4,2,2,2.0,0,2,single_or_few
5000,19,100,2,1,5,6,1,5,5.0,0,2,single_or_few
5000,19,104,2,0,3,8,4,4,4.0,0,2,no_activation
5000,19,106,4,5,45,39,1,38,38.0,0,18,repeated_5plus
5000,19,108,2,1,3,8,3,5,5.0,0,2,single_or_few
5000,19,111,2,3,7,5,3,2,4.0,1,3,single_or_few
5000,19,112,2,1,3,1,1,0,0.0,0,0,single_or_few
5000,19,113,5,9,44,65,2,63,69.0,3,26,repeated_5plus
5000,19,114,5,2,44,35,2,33,35.0,1,15,single_or_few
5000,19,115,3,1,4,7,4,3,3.0,0,1,single_or_few
5000,19,116,3,6,32,29,1,28,31.0,2,16,repeated_5plus
5000,19,118,2,1,10,12,3,9,9.0,0,6,single_or_few
5000,19,120,2,1,2,5,4,1,1.0,0,1,single_or_few
5000,19,128,5,8,42,64,1,63,63.0,0,29,repeated_5plus
5000,19,131,7,10,41,73,3,70,70.0,0,28,repeated_5plus
5000,19,134,2,0,5,5,2,3,3.0,0,3,no_activation
5000,19,136,2,0,2,2,1,1,1.0,0,1,no_activation
5000,19,137,2,1,2,5,4,1,1.0,0,1,single_or_few
5000,19,139,2,0,2,4,2,2,2.0,0,1,no_activation
5000,19,142,2,0,2,5,2,3,3.0,0,1,no_activation
5000,19,143,2,2,2,3,1,2,2.0,0,1,single_or_few
5000,19,148,2,1,6,11,5,6,6.0,0,5,single_or_few
5000,19,150,2,0,3,7,2,5,5.0,0,2,no_activation
5000,19,151,5,6,36,43,6,37,41.0,2,15,repeated_5plus
5000,19,152,5,1,14,28,5,23,23.0,0,9,single_or_few
5000,19,156,5,0,5,17,7,10,10.0,0,4,no_activation
5000,19,157,2,0,2,3,2,1,1.0,0,1,no_activation
5000,19,163,5,5,33,46,4,42,46.0,2,13,repeated_5plus
5000,19,164,3,0,2,4,2,2,2.0,0,1,no_activation
5000,19,167,2,0,2,5,2,3,3.0,0,1,no_activation
5000,19,168,2,1,5,8,4,4,4.0,0,2,single_or_few
5000,19,169,2,0,5,9,2,7,7.0,0,3,no_activation
5000,19,170,2,0,4,5,1,4,4.0,0,2,no_activation
5000,19,171,2,0,9,8,1,7,7.0,0,2,no_activation
5000,19,172,2,0,5,8,4,4,4.0,0,3,no_activation
5000,19,174,2,0,3,5,0,5,5.0,0,2,no_activation
5000,19,176,2,1,15,13,5,8,8.0,0,4,single_or_few
5000,19,177,3,0,3,7,3,4,4.0,0,2,no_activation
5000,19,180,5,0,27,30,7,23,23.0,0,6,no_activation
5000,19,183,2,0,5,8,4,4,4.0,0,1,no_activation
5000,19,184,2,0,3,7,6,1,1.0,0,1,no_activation
5000,19,185,2,0,2,6,5,1,1.0,0,1,no_activation
5000,19,196,5,3,24,28,9,19,19.0,0,8,single_or_few
5000,19,197,4,0,13,15,5,10,10.0,0,3,no_activation
5000,19,202,5,2,21,29,8,21,23.0,1,8,single_or_few
5000,19,204,2,1,4,11,5,6,6.0,0,3,single_or_few
5000,19,205,5,0,12,26,6,20,20.0,0,5,no_activation
5000,19,206,4,0,2,12,7,5,5.0,0,1,no_activation
5000,19,207,5,2,18,27,11,16,16.0,0,5,single_or_few
5000,19,208,2,0,5,9,4,5,5.0,0,2,no_activation
5000,19,216,2,1,2,7,3,4,4.0,0,1,single_or_few
5000,19,218,2,0,3,5,1,4,4.0,0,2,no_activation
5000,19,220,2,2,9,15,8,7,7.0,0,5,single_or_few
5000,19,225,2,0,2,8,5,3,3.0,0,1,no_activation
5000,19,231,2,0,3,8,8,0,0.0,0,0,no_activation
5000,19,232,2,0,7,8,6,2,2.0,0,1,no_activation
5000,19,235,2,0,6,7,1,6,6.0,0,4,no_activation
5000,19,236,3,0,2,13,7,6,6.0,0,1,no_activation
5000,19,237,5,3,12,24,11,13,13.0,0,4,single_or_few
5000,19,239,2,0,6,9,4,5,5.0,0,2,no_activation
5000,19,240,2,0,2,2,2,0,0.0,0,0,no_activation
5000,19,244,2,0,2,8,7,1,1.0,0,1,no_activation
5000,19,251,5,0,8,17,7,10,10.0,0,2,no_activation
5000,19,252,3,0,8,16,7,9,9.0,0,3,no_activation
5000,19,254,5,0,6,19,11,8,8.0,0,2,no_activation
5000,19,257,4,0,5,13,12,1,1.0,0,1,no_activation
5000,19,260,2,0,3,9,7,2,2.0,0,1,no_activation
5000,19,263,2,0,4,9,5,4,4.0,0,2,no_activation
5000,19,269,2,0,3,8,4,4,4.0,0,1,no_activation
5000,19,270,2,0,3,8,8,0,0.0,0,0,no_activation
5000,19,272,2,0,3,9,8,1,1.0,0,1,no_activation
5000,19,273,2,0,2,7,4,3,3.0,0,1,no_activation
5000,19,274,2,0,3,5,2,3,3.0,0,1,no_activation
5000,19,278,2,0,2,5,2,3,3.0,0,1,no_activation
5000,20,1,3,0,8,7,0,7,7.0,0,3,no_activation
5000,20,8,3,0,2,0,0,0,0.0,0,0,no_activation
5000,20,17,2,0,7,5,0,5,5.0,0,4,no_activation
5000,20,23,5,0,4,5,2,3,3.0,0,1,no_activation
5000,20,47,5,6,50,48,1,47,51.0,2,22,repeated_5plus
5000,20,51,2,4,21,12,1,11,15.0,3,7,single_or_few
5000,20,52,3,0,6,5,1,4,4.0,0,3,no_activation
5000,20,56,2,1,9,3,1,2,2.0,0,2,single_or_few
5000,20,68,2,0,16,11,0,11,11.0,0,6,no_activation
5000,20,70,4,4,50,37,1,36,36.0,0,18,single_or_few
5000,20,72,2,3,7,5,0,5,6.0,1,2,single_or_few
5000,20,74,4,5,31,36,1,35,37.0,1,15,repeated_5plus
5000,20,75,5,4,50,51,1,50,50.0,0,22,single_or_few
5000,20,76,4,9,50,61,2,59,71.0,4,28,repeated_5plus
5000,20,82,5,7,39,77,1,76,76.0,0,32,repeated_5plus
5000,20,86,2,1,18,11,0,11,11.0,0,6,single_or_few
5000,20,87,2,0,11,7,1,6,6.0,0,5,no_activation
5000,20,90,2,0,4,2,0,2,2.0,0,1,no_activation
5000,20,91,2,1,9,6,0,6,6.0,0,3,single_or_few
5000,20,92,2,0,2,1,0,1,1.0,0,1,no_activation
5000,20,95,3,0,6,3,0,3,3.0,0,2,no_activation
5000,20,96,2,0,2,3,2,1,1.0,0,1,no_activation
5000,20,100,5,5,49,33,1,32,32.0,0,17,repeated_5plus
5000,20,101,4,7,49,56,1,55,59.0,2,26,repeated_5plus
5000,20,103,2,1,14,11,1,10,10.0,0,5,single_or_few
5000,20,106,2,0,2,3,3,0,0.0,0,0,no_activation
5000,20,110,2,0,2,2,2,0,0.0,0,0,no_activation
5000,20,111,5,6,48,40,3,37,39.0,1,16,repeated_5plus
5000,20,112,2,1,5,6,2,4,4.0,0,3,single_or_few
5000,20,117,2,0,5,3,2,1,1.0,0,1,no_activation
5000,20,122,5,6,47,57,0,57,59.0,1,25,repeated_5plus
5000,20,126,4,7,46,48,2,46,48.0,1,19,repeated_5plus
5000,20,130,2,0,7,9,4,5,5.0,0,3,no_activation
5000,20,134,2,1,4,4,4,0,0.0,0,0,single_or_few
5000,20,135,2,0,5,6,3,3,3.0,0,2,no_activation
5000,20,136,2,0,3,4,3,1,1.0,0,1,no_activation
5000,20,137,3,9,30,46,1,45,47.0,1,20,repeated_5plus
5000,20,140,2,2,7,7,4,3,4.0,1,2,single_or_few
5000,20,141,5,4,43,42,5,37,37.0,0,14,single_or_few
5000,20,142,5,0,8,18,2,16,16.0,0,6,no_activation
5000,20,144,2,0,2,4,4,0,0.0,0,0,no_activation
5000,20,146,2,0,3,4,2,2,2.0,0,1,no_activation
5000,20,149,2,0,3,1,1,0,0.0,0,0,no_activation
5000,20,150,2,0,3,3,0,3,3.0,0,1,no_activation
5000,20,151,2,1,3,4,3,1,1.0,0,1,single_or_few
5000,20,152,5,7,41,55,9,46,48.0,1,19,repeated_5plus
5000,20,153,3,2,5,11,4,7,9.0,1,3,single_or_few
5000,20,154,2,0,2,3,2,1,1.0,0,1,no_activation
5000,20,155,2,3,7,10,3,7,7.0,0,4,single_or_few
5000,20,158,2,0,4,6,2,4,4.0,0,2,no_activation
5000,20,159,5,7,11,29,5,24,24.0,0,8,repeated_5plus
5000,20,160,5,5,22,47,6,41,41.0,0,18,repeated_5plus
5000,20,162,2,1,2,2,1,1,1.0,0,1,single_or_few
5000,20,163,4,3,37,23,1,22,22.0,0,8,single_or_few
5000,20,165,2,0,3,6,4,2,2.0,0,1,no_activation
5000,20,167,2,0,3,8,6,2,2.0,0,2,no_activation
5000,20,169,2,1,4,5,1,4,4.0,0,2,single_or_few
5000,20,176,2,0,3,3,3,0,0.0,0,0,no_activation
5000,20,179,3,0,9,17,2,15,15.0,0,5,no_activation
5000,20,182,2,1,4,5,3,2,2.0,0,2,single_or_few
5000,20,183,2,0,2,2,1,1,1.0,0,1,no_activation
5000,20,185,2,1,3,9,4,5,5.0,0,2,single_or_few
5000,20,187,3,2,13,13,1,12,12.0,0,5,single_or_few
5000,20,189,5,2,32,28,3,25,25.0,0,9,single_or_few
5000,20,190,4,0,32,16,3,13,13.0,0,6,no_activation
5000,20,191,2,0,2,6,3,3,3.0,0,1,no_activation
5000,20,193,2,1,3,9,6,3,3.0,0,1,single_or_few
5000,20,194,2,0,2,8,7,1,1.0,0,1,no_activation
5000,20,202,2,0,2,6,5,1,1.0,0,1,no_activation
5000,20,204,5,4,29,26,7,19,19.0,0,5,single_or_few
5000,20,205,5,3,29,22,9,13,13.0,0,5,single_or_few
5000,20,208,2,0,2,8,5,3,3.0,0,1,no_activation
5000,20,209,2,0,8,9,7,2,2.0,0,2,no_activation
5000,20,211,5,2,27,27,13,14,18.0,2,5,single_or_few
5000,20,213,2,0,4,9,8,1,1.0,0,1,no_activation
5000,20,219,4,0,16,22,4,18,18.0,0,4,no_activation
5000,20,220,5,3,25,33,5,28,30.0,1,11,single_or_few
5000,20,224,5,7,23,54,12,42,44.0,1,12,repeated_5plus
5000,20,232,2,0,6,9,5,4,4.0,0,2,no_activation
5000,20,233,4,2,21,27,5,22,24.0,1,7,single_or_few
5000,20,237,2,0,2,8,6,2,2.0,0,1,no_activation
5000,20,238,2,0,2,9,8,1,1.0,0,1,no_activation
5000,20,239,2,0,4,8,4,4,4.0,0,2,no_activation
5000,20,241,2,0,4,9,6,3,3.0,0,2,no_activation
5000,20,242,4,0,18,14,6,8,8.0,0,2,no_activation
5000,20,243,2,0,2,8,7,1,1.0,0,1,no_activation
5000,20,244,5,3,17,24,7,17,17.0,0,6,single_or_few
5000,20,246,2,0,3,9,5,4,4.0,0,1,no_activation
5000,20,248,2,0,2,3,3,0,0.0,0,0,no_activation
5000,20,249,2,0,4,8,2,6,6.0,0,3,no_activation
5000,20,251,2,0,2,6,4,2,2.0,0,1,no_activation
5000,20,252,2,0,2,4,3,1,1.0,0,1,no_activation
5000,20,254,2,0,2,9,5,4,4.0,0,1,no_activation
5000,20,257,3,0,9,16,2,14,14.0,0,4,no_activation
5000,20,258,2,0,4,9,7,2,2.0,0,1,no_activation
5000,20,259,2,0,2,5,3,2,2.0,0,1,no_activation
5000,20,262,5,0,2,15,7,8,8.0,0,1,no_activation
5000,20,263,3,1,3,13,7,6,6.0,0,2,single_or_few
5000,20,268,5,0,11,21,8,13,13.0,0,2,no_activation
5000,20,269,4,1,6,18,2,16,16.0,0,3,single_or_few
5000,20,272,5,0,9,20,7,13,13.0,0,2,no_activation
5000,20,273,5,1,9,23,5,18,18.0,0,4,single_or_few
5000,20,274,3,1,8,22,12,10,10.0,0,2,single_or_few
5000,20,279,3,1,7,17,8,9,9.0,0,3,single_or_few
5000,20,281,3,0,2,8,4,4,4.0,0,1,no_activation
5000,20,287,2,1,6,10,8,2,2.0,0,1,single_or_few
5000,20,289,3,0,2,9,7,2,2.0,0,1,no_activation
5000,20,296,5,0,4,27,13,14,14.0,0,2,no_activation
5000,20,297,2,0,3,3,3,0,0.0,0,0,no_activation
5000,20,301,2,0,3,8,7,1,1.0,0,1,no_activation
5000,20,303,2,0,3,8,4,4,4.0,0,2,no_activation
5000,20,304,5,0,3,21,13,8,8.0,0,2,no_activation
5000,20,305,2,0,3,9,9,0,0.0,0,0,no_activation
5000,20,306,2,0,2,8,7,1,1.0,0,1,no_activation
5000,20,307,5,0,2,14,9,5,5.0,0,1,no_activation
5000,20,308,2,0,2,9,9,0,0.0,0,0,no_activation
5000,21,0,3,0,4,5,0,5,5.0,0,2,no_activation
5000,21,9,3,8,50,48,1,47,49.0,1,25,repeated_5plus
5000,21,24,5,5,50,46,0,46,49.0,2,23,repeated_5plus
5000,21,27,5,6,50,58,1,57,59.0,1,26,repeated_5plus
5000,21,28,5,8,45,62,0,62,67.0,3,30,repeated_5plus
5000,21,36,4,6,39,44,0,44,46.0,1,21,repeated_5plus
5000,21,44,5,5,50,50,1,49,51.0,1,20,repeated_5plus
5000,21,49,2,4,39,24,0,24,24.0,0,17,single_or_few
5000,21,55,5,6,50,62,1,61,65.0,2,29,repeated_5plus
5000,21,71,3,3,23,29,0,29,29.0,0,15,single_or_few
5000,21,72,3,2,20,21,1,20,20.0,0,14,single_or_few
5000,21,79,5,5,44,51,1,50,50.0,0,23,repeated_5plus
5000,21,80,3,3,50,30,0,30,32.0,1,18,single_or_few
5000,21,83,5,0,13,19,0,19,19.0,0,9,no_activation
5000,21,84,3,0,6,3,2,1,1.0,0,1,no_activation
5000,21,86,2,1,8,5,0,5,5.0,0,4,single_or_few
5000,21,88,2,0,4,2,0,2,2.0,0,2,no_activation
5000,21,95,3,0,14,16,2,14,14.0,0,7,no_activation
5000,21,96,5,8,49,59,2,57,59.0,1,27,repeated_5plus
5000,21,100,5,5,42,38,1,37,39.0,1,19,repeated_5plus
5000,21,103,2,1,6,8,2,6,6.0,0,3,single_or_few
5000,21,104,2,0,2,1,1,0,0.0,0,0,no_activation
5000,21,105,5,9,46,49,2,47,51.0,1,25,repeated_5plus
5000,21,106,5,2,46,35,0,35,35.0,0,14,single_or_few
5000,21,109,2,0,5,4,1,3,3.0,0,3,no_activation
5000,21,110,2,1,4,4,3,1,1.0,0,1,single_or_few
5000,21,115,2,0,2,2,2,0,0.0,0,0,no_activation
5000,21,117,4,3,44,30,3,27,28.0,1,11,single_or_few
5000,21,118,5,8,43,53,3,50,50.0,0,25,repeated_5plus
5000,21,122,2,1,3,2,1,1,1.0,0,1,single_or_few
5000,21,125,2,0,2,3,1,2,2.0,0,1,no_activation
5000,21,126,5,1,41,24,1,23,23.0,0,11,single_or_few
5000,21,128,2,0,2,4,2,2,2.0,0,1,no_activation
5000,21,131,3,0,2,5,3,2,2.0,0,1,no_activation
5000,21,133,2,0,2,3,2,1,1.0,0,1,no_activation
5000,21,138,5,4,39,42,3,39,39.0,0,19,single_or_few
5000,21,139,5,5,38,45,6,39,41.0,1,14,repeated_5plus
5000,21,140,2,0,3,6,1,5,5.0,0,2,no_activation
5000,21,141,2,0,2,5,2,3,3.0,0,1,no_activation
5000,21,142,2,1,4,5,3,2,4.0,1,2,single_or_few
5000,21,147,2,0,4,9,1,8,8.0,0,3,no_activation
5000,21,148,2,1,2,6,4,2,2.0,0,1,single_or_few
5000,21,152,2,0,5,8,3,5,5.0,0,3,no_activation
5000,21,154,5,4,34,30,6,24,26.0,1,10,single_or_few
5000,21,155,5,0,4,17,7,10,10.0,0,3,no_activation
5000,21,156,5,1,4,15,3,12,12.0,0,3,single_or_few
5000,21,160,5,2,5,25,5,20,20.0,0,3,single_or_few
5000,21,163,2,0,3,1,0,1,1.0,0,1,no_activation
5000,21,174,5,2,30,25,4,21,21.0,0,6,single_or_few
5000,21,176,3,0,9,17,7,10,10.0,0,3,no_activation
5000,21,177,4,0,29,15,0,15,15.0,0,6,no_activation
5000,21,178,2,0,3,4,3,1,1.0,0,1,no_activation
5000,21,180,2,0,2,4,4,0,0.0,0,0,no_activation
5000,21,183,2,0,5,8,1,7,7.0,0,3,no_activation
5000,21,186,3,1,3,10,8,2,2.0,0,1,single_or_few
5000,21,188,2,0,6,6,4,2,2.0,0,1,no_activation
5000,21,195,5,1,22,24,2,22,22.0,0,4,single_or_few
5000,21,197,5,1,22,24,8,16,18.0,1,5,single_or_few
5000,21,201,2,1,6,11,3,8,8.0,0,3,single_or_few
5000,21,203,2,0,2,8,7,1,1.0,0,1,no_activation
5000,21,206,5,0,20,22,10,12,12.0,0,2,no_activation
5000,21,211,4,0,19,22,5,17,17.0,0,6,no_activation
5000,21,212,2,0,4,9,2,7,7.0,0,2,no_activation
5000,21,217,2,0,3,8,7,1,1.0,0,1,no_activation
5000,21,223,4,0,16,22,3,19,19.0,0,5,no_activation
5000,21,224,5,1,16,23,9,14,14.0,0,4,single_or_few
5000,21,226,5,0,15,29,7,22,22.0,0,4,no_activation
5000,21,228,4,0,14,22,5,17,17.0,0,3,no_activation
5000,21,229,5,0,14,22,5,17,17.0,0,3,no_activation
5000,21,230,3,0,14,9,5,4,4.0,0,1,no_activation
5000,21,231,5,0,9,17,4,13,13.0,0,1,no_activation
5000,21,236,2,0,6,9,5,4,4.0,0,1,no_activation
5000,21,237,5,0,12,22,4,18,18.0,0,3,no_activation
5000,21,240,2,0,6,9,5,4,4.0,0,2,no_activation
5000,21,241,5,0,10,19,4,15,15.0,0,2,no_activation
5000,21,242,2,0,3,8,5,3,3.0,0,1,no_activation
5000,21,244,2,0,3,8,3,5,5.0,0,1,no_activation
5000,21,245,2,0,9,8,3,5,5.0,0,3,no_activation
5000,21,246,3,0,5,17,6,11,11.0,0,3,no_activation
5000,21,249,2,0,4,4,2,2,2.0,0,1,no_activation
5000,21,250,2,0,4,8,3,5,5.0,0,1,no_activation
5000,21,252,2,0,2,8,8,0,0.0,0,0,no_activation
5000,21,253,5,1,8,24,7,17,17.0,0,4,single_or_few
5000,21,255,5,0,3,19,4,15,15.0,0,2,no_activation
5000,21,256,5,0,3,18,9,9,9.0,0,2,no_activation
5000,21,257,5,0,3,15,7,8,8.0,0,2,no_activation
5000,21,258,4,0,3,19,3,16,16.0,0,2,no_activation
5000,21,262,2,0,2,0,0,0,0.0,0,0,no_activation
5000,22,5,4,4,43,43,1,42,44.0,1,19,single_or_few
5000,22,20,2,0,6,1,0,1,1.0,0,1,no_activation
5000,22,22,2,2,19,13,1,12,14.0,1,8,single_or_few
5000,22,29,5,2,50,40,1,39,39.0,0,15,single_or_few
5000,22,30,4,8,50,69,0,69,73.0,2,26,repeated_5plus
5000,22,31,4,3,50,45,0,45,45.0,0,20,single_or_few
5000,22,32,5,7,50,54,1,53,55.0,1,24,repeated_5plus
5000,22,34,2,0,7,4,1,3,3.0,0,3,no_activation
5000,22,36,5,9,50,61,1,60,64.0,1,24,repeated_5plus
5000,22,43,5,4,50,45,0,45,45.0,0,17,single_or_few
5000,22,49,5,6,50,62,1,61,63.0,1,25,repeated_5plus
5000,22,65,5,7,50,56,0,56,56.0,0,27,repeated_5plus
5000,22,67,2,0,5,3,0,3,3.0,0,2,no_activation
5000,22,68,2,0,3,0,0,0,0.0,0,0,no_activation
5000,22,72,4,0,2,1,1,0,0.0,0,0,no_activation
5000,22,73,4,3,50,37,0,37,37.0,0,17,single_or_few
5000,22,83,2,0,2,0,0,0,0.0,0,0,no_activation
5000,22,87,4,7,50,36,1,35,39.0,2,15,repeated_5plus
5000,22,88,2,0,3,3,1,2,2.0,0,1,no_activation
5000,22,90,2,0,2,2,2,0,0.0,0,0,no_activation
5000,22,102,5,4,47,38,0,38,38.0,0,16,single_or_few
5000,22,103,2,0,2,4,2,2,2.0,0,1,no_activation
5000,22,105,2,0,2,2,1,1,1.0,0,1,no_activation
5000,22,108,5,4,45,32,3,29,29.0,0,12,single_or_few
5000,22,110,2,2,21,19,0,19,19.0,0,11,single_or_few
5000,22,112,5,6,44,33,1,32,34.0,1,15,repeated_5plus
5000,22,113,4,1,4,7,2,5,5.0,0,2,single_or_few
5000,22,115,2,0,4,5,4,1,1.0,0,1,no_activation
5000,22,118,4,8,43,60,5,55,57.0,1,18,repeated_5plus
5000,22,119,2,0,5,8,5,3,3.0,0,3,no_activation
5000,22,123,2,0,2,3,3,0,0.0,0,0,no_activation
5000,22,124,2,0,3,5,5,0,0.0,0,0,no_activation
5000,22,125,2,0,3,5,4,1,1.0,0,1,no_activation
5000,22,126,2,3,24,22,4,18,22.0,2,9,single_or_few
5000,22,130,2,2,18,22,2,20,20.0,0,10,single_or_few
5000,22,131,2,0,2,0,0,0,0.0,0,0,no_activation
5000,22,134,2,0,2,5,1,4,4.0,0,1,no_activation
5000,22,136,4,0,3,2,1,1,1.0,0,1,no_activation
5000,22,140,2,1,4,8,4,4,4.0,0,2,single_or_few
5000,22,142,2,2,7,8,6,2,3.0,1,2,single_or_few
5000,22,143,2,3,4,6,5,1,1.0,0,1,single_or_few
5000,22,144,2,0,2,7,4,3,3.0,0,1,no_activation
5000,22,147,4,2,6,20,0,20,20.0,0,4,single_or_few
5000,22,148,5,4,39,32,5,27,27.0,0,9,single_or_few
5000,22,150,2,0,4,7,4,3,3.0,0,2,no_activation
5000,22,152,5,3,38,28,3,25,29.0,2,10,single_or_few
5000,22,155,2,0,4,7,5,2,2.0,0,1,no_activation
5000,22,156,2,0,2,7,4,3,3.0,0,1,no_activation
5000,22,158,3,0,5,14,3,11,11.0,0,4,no_activation
5000,22,159,5,5,36,35,5,30,32.0,1,11,repeated_5plus
5000,22,160,2,1,5,7,3,4,4.0,0,2,single_or_few
5000,22,162,2,2,6,8,2,6,7.0,1,3,single_or_few
5000,22,163,2,0,4,7,4,3,3.0,0,1,no_activation
5000,22,165,2,0,2,5,4,1,1.0,0,1,no_activation
5000,22,169,2,0,5,7,4,3,3.0,0,2,no_activation
5000,22,175,3,0,4,12,3,9,9.0,0,3,no_activation
5000,22,176,2,0,2,4,2,2,2.0,0,1,no_activation
5000,22,178,2,0,12,8,4,4,4.0,0,2,no_activation
5000,22,181,2,1,2,9,5,4,4.0,0,1,single_or_few
5000,22,182,5,3,32,22,3,19,19.0,0,4,single_or_few
5000,22,184,2,0,5,9,5,4,4.0,0,1,no_activation
5000,22,188,2,0,4,8,3,5,5.0,0,2,no_activation
5000,22,189,2,0,3,2,1,1,1.0,0,1,no_activation
5000,22,190,3,2,6,14,6,8,9.0,1,3,single_or_few
5000,22,191,4,0,7,14,1,13,13.0,0,4,no_activation
5000,22,196,2,1,12,11,5,6,6.0,0,4,single_or_few
5000,22,198,4,2,29,32,2,30,30.0,0,9,single_or_few
5000,22,199,4,3,8,35,3,32,32.0,0,6,single_or_few
5000,22,200,2,0,4,5,3,2,2.0,0,2,no_activation
5000,22,202,5,3,9,30,5,25,25.0,0,6,single_or_few
5000,22,203,5,4,28,32,4,28,28.0,0,7,single_or_few
5000,22,204,2,0,2,2,0,2,2.0,0,1,no_activation
5000,22,205,5,1,27,30,5,25,25.0,0,4,single_or_few
5000,22,208,2,0,6,9,4,5,5.0,0,3,no_activation
5000,22,209,2,0,6,9,7,2,2.0,0,1,no_activation
5000,22,211,2,1,3,8,7,1,2.0,1,1,single_or_few
5000,22,215,2,0,2,9,6,3,3.0,0,1,no_activation
5000,22,218,2,0,5,9,8,1,1.0,0,1,no_activation
5000,22,219,2,0,2,5,5,0,0.0,0,0,no_activation
5000,22,220,3,0,4,9,7,2,2.0,0,1,no_activation
5000,22,223,2,0,2,8,3,5,5.0,0,1,no_activation
5000,22,227,2,0,2,8,6,2,2.0,0,1,no_activation
5000,22,228,5,3,24,31,9,22,24.0,1,6,single_or_few
5000,22,229,4,1,24,19,8,11,11.0,0,5,single_or_few
5000,22,230,5,4,24,31,12,19,19.0,0,6,single_or_few
5000,22,238,2,0,4,9,6,3,3.0,0,2,no_activation
5000,22,239,4,1,22,14,6,8,8.0,0,2,single_or_few
5000,22,240,2,0,13,9,4,5,5.0,0,2,no_activation
5000,22,244,4,0,7,14,5,9,9.0,0,2,no_activation
5000,22,245,2,0,5,8,4,4,4.0,0,1,no_activation
5000,22,247,3,0,2,16,8,8,8.0,0,1,no_activation
5000,22,248,2,0,8,10,5,5,5.0,0,3,no_activation
5000,22,254,5,0,18,21,11,10,10.0,0,1,no_activation
5000,22,255,2,0,3,8,7,1,1.0,0,1,no_activation
5000,22,264,2,1,5,12,8,4,4.0,0,2,single_or_few
5000,22,265,2,0,7,9,6,3,3.0,0,1,no_activation
5000,22,270,5,2,15,26,7,19,19.0,0,6,single_or_few
5000,22,271,2,0,14,9,2,7,7.0,0,2,no_activation
5000,22,272,2,0,2,8,2,6,6.0,0,1,no_activation
5000,22,275,5,1,5,19,5,14,14.0,0,3,single_or_few
5000,22,276,2,0,2,5,2,3,3.0,0,1,no_activation
5000,22,279,5,0,6,18,4,14,14.0,0,3,no_activation
5000,22,282,2,0,2,7,3,4,4.0,0,1,no_activation
5000,22,283,2,1,8,13,4,9,9.0,0,3,single_or_few
5000,22,286,2,0,2,8,6,2,2.0,0,1,no_activation
5000,22,295,5,0,5,19,11,8,8.0,0,2,no_activation
5000,22,296,4,0,5,23,9,14,14.0,0,3,no_activation
5000,22,297,5,0,4,21,10,11,11.0,0,2,no_activation
5000,22,298,5,0,3,20,8,12,12.0,0,1,no_activation
5000,22,301,2,0,3,8,7,1,1.0,0,1,no_activation
5000,23,1,4,4,33,37,0,37,37.0,0,18,single_or_few
5000,23,12,5,5,50,44,0,44,46.0,1,21,repeated_5plus
5000,23,28,3,4,45,36,1,35,41.0,3,20,single_or_few
5000,23,29,5,6,50,62,1,61,63.0,1,25,repeated_5plus
5000,23,52,5,15,50,81,2,79,81.0,1,33,repeated_5plus
5000,23,53,5,1,15,15,1,14,16.0,1,9,single_or_few
5000,23,64,2,0,7,2,0,2,2.0,0,2,no_activation
5000,23,71,3,4,23,17,0,17,18.0,1,10,single_or_few
5000,23,80,5,9,50,78,0,78,80.0,1,33,repeated_5plus
5000,23,91,2,0,2,1,1,0,0.0,0,0,no_activation
5000,23,92,4,9,50,62,1,61,65.0,1,26,repeated_5plus
5000,23,93,4,0,3,1,0,1,1.0,0,1,no_activation
5000,23,94,5,6,50,52,1,51,53.0,1,20,repeated_5plus
5000,23,96,5,7,35,70,3,67,69.0,1,29,repeated_5plus
5000,23,98,2,0,5,4,3,1,1.0,0,1,no_activation
5000,23,100,2,0,8,7,2,5,5.0,0,3,no_activation
5000,23,101,2,0,2,2,2,0,0.0,0,0,no_activation
5000,23,103,2,1,4,2,2,0,0.0,0,0,single_or_few
5000,23,106,3,1,2,6,3,3,3.0,0,1,single_or_few
5000,23,107,2,0,2,3,2,1,1.0,0,1,no_activation
5000,23,109,2,0,2,3,3,0,0.0,0,0,no_activation
5000,23,111,2,0,4,5,4,1,1.0,0,1,no_activation
5000,23,112,2,2,12,8,2,6,6.0,0,6,single_or_few
5000,23,114,3,5,25,27,1,26,30.0,2,17,repeated_5plus
5000,23,118,2,0,7,3,1,2,2.0,0,2,no_activation
5000,23,120,2,0,3,3,2,1,1.0,0,1,no_activation
5000,23,121,2,0,10,8,2,6,6.0,0,5,no_activation
5000,23,124,2,3,23,22,4,18,18.0,0,13,single_or_few
5000,23,126,2,0,2,2,2,0,0.0,0,0,no_activation
5000,23,129,2,0,2,1,1,0,0.0,0,0,no_activation
5000,23,130,2,0,4,1,1,0,0.0,0,0,no_activation
5000,23,135,2,0,3,5,4,1,1.0,0,1,no_activation
5000,23,139,2,1,2,4,3,1,1.0,1,0,single_or_few
5000,23,140,5,6,37,52,1,51,53.0,1,22,repeated_5plus
5000,23,142,2,2,2,5,4,1,1.0,0,1,single_or_few
5000,23,147,2,1,7,10,5,5,5.0,0,4,single_or_few
5000,23,148,4,13,35,52,2,50,50.0,0,21,repeated_5plus
5000,23,151,2,0,2,4,3,1,1.0,0,1,no_activation
5000,23,157,2,5,24,27,5,22,24.0,1,11,repeated_5plus
5000,23,165,2,0,2,4,2,2,2.0,0,1,no_activation
5000,23,166,2,1,5,8,4,4,4.0,0,2,single_or_few
5000,23,167,5,5,31,38,1,37,37.0,0,13,repeated_5plus
5000,23,168,2,0,4,5,2,3,3.0,0,2,no_activation
5000,23,171,2,0,3,8,2,6,6.0,0,1,no_activation
5000,23,173,2,3,17,24,3,21,23.0,1,7,single_or_few
5000,23,178,2,2,15,18,2,16,16.0,0,7,single_or_few
5000,23,179,2,0,3,3,1,2,2.0,0,2,no_activation
5000,23,180,2,1,4,8,5,3,3.0,0,2,single_or_few
5000,23,181,2,0,2,3,3,0,0.0,0,0,no_activation
5000,23,182,2,3,27,23,3,20,24.0,2,10,single_or_few
5000,23,187,5,3,28,39,6,33,33.0,0,10,single_or_few
5000,23,188,2,0,4,8,4,4,4.0,0,1,no_activation
5000,23,196,2,0,6,9,3,6,6.0,0,3,no_activation
5000,23,199,2,0,2,5,2,3,3.0,0,1,no_activation
5000,23,200,2,1,3,8,5,3,3.0,0,1,single_or_few
5000,23,201,2,0,3,7,4,3,3.0,0,2,no_activation
5000,23,202,4,6,25,49,7,42,44.0,1,11,repeated_5plus
5000,23,203,5,2,25,42,1,41,41.0,0,10,single_or_few
5000,23,206,2,1,2,4,3,1,1.0,0,1,single_or_few
5000,23,209,5,6,24,42,6,36,38.0,1,11,repeated_5plus
5000,23,211,2,0,5,9,8,1,1.0,0,1,no_activation
5000,23,214,2,1,2,4,4,0,0.0,0,0,single_or_few
5000,23,215,2,2,2,4,4,0,0.0,0,0,single_or_few
5000,23,218,2,0,2,5,3,2,2.0,0,1,no_activation
5000,23,220,2,1,2,4,1,3,3.0,0,1,single_or_few
5000,23,222,2,0,2,7,5,2,2.0,0,1,no_activation
5000,23,228,2,0,4,8,5,3,3.0,0,2,no_activation
5000,23,229,2,0,6,8,8,0,0.0,0,0,no_activation
5000,23,234,3,0,3,8,3,5,5.0,0,2,no_activation
5000,23,235,2,0,4,8,7,1,1.0,0,1,no_activation
5000,23,238,5,6,18,35,5,30,30.0,0,9,repeated_5plus
5000,23,239,4,1,18,24,5,19,19.0,0,6,single_or_few
5000,23,240,5,1,18,18,7,11,11.0,0,1,single_or_few
5000,23,241,3,1,5,19,7,12,12.0,0,4,single_or_few
5000,23,244,2,0,6,8,5,3,3.0,0,2,no_activation
5000,23,245,4,3,17,33,8,25,29.0,2,10,single_or_few
5000,23,248,2,0,16,9,8,1,1.0,0,1,no_activation
5000,23,250,2,0,6,8,5,3,3.0,0,1,no_activation
5000,23,253,2,0,2,9,3,6,6.0,0,1,no_activation
5000,23,257,3,0,3,9,1,8,8.0,0,2,no_activation
5000,23,260,2,0,13,9,6,3,3.0,0,1,no_activation
5000,23,261,2,0,6,8,2,6,6.0,0,4,no_activation
5000,23,265,2,0,3,8,6,2,2.0,0,1,no_activation
5000,23,271,2,1,6,10,5,5,5.0,0,2,single_or_few
5000,23,273,4,1,10,27,8,19,19.0,0,3,single_or_few
5000,23,275,2,2,4,13,10,3,3.0,0,2,single_or_few
5000,23,280,2,0,8,9,3,6,6.0,0,2,no_activation
5000,23,281,5,0,9,21,7,14,14.0,0,4,no_activation
5000,23,283,2,0,3,7,3,4,4.0,0,2,no_activation
5000,23,286,5,0,8,18,5,13,13.0,0,3,no_activation
5000,23,287,5,0,8,20,12,8,8.0,0,1,no_activation
5000,23,289,2,0,2,8,8,0,0.0,0,0,no_activation
5000,23,290,2,0,8,8,8,0,0.0,0,0,no_activation
5000,23,293,2,0,2,9,7,2,2.0,0,1,no_activation
5000,23,295,2,0,6,9,8,1,1.0,0,1,no_activation
5000,23,296,4,0,5,14,2,12,12.0,0,3,no_activation
5000,23,297,5,0,5,18,11,7,7.0,0,1,no_activation
5000,23,298,5,0,4,19,10,9,9.0,0,3,no_activation
5000,23,299,2,1,3,8,5,3,3.0,0,1,single_or_few
5000,23,308,2,0,3,4,3,1,1.0,0,1,no_activation
10000,0,0,5,3,50,50,0,50,50.0,0,28,single_or_few
10000,0,3,2,0,6,3,0,3,3.0,0,3,no_activation
10000,0,9,5,3,50,53,0,53,53.0,0,29,single_or_few
10000,0,25,4,0,12,8,0,8,8.0,0,6,no_activation
10000,0,26,5,5,50,51,2,49,49.0,0,27,repeated_5plus
10000,0,27,5,4,50,48,0,48,50.0,1,27,single_or_few
10000,0,28,5,5,50,49,0,49,55.0,3,28,repeated_5plus
10000,0,40,2,0,4,2,0,2,2.0,0,1,no_activation
10000,0,51,4,0,20,14,1,13,13.0,0,8,no_activation
10000,0,64,5,6,50,50,0,50,56.0,2,27,repeated_5plus
10000,0,67,4,3,50,49,0,49,53.0,2,27,single_or_few
10000,0,69,4,2,10,3,0,3,5.0,1,2,single_or_few
10000,0,79,5,0,5,2,1,1,1.0,0,1,no_activation
10000,0,95,5,8,50,61,0,61,65.0,2,28,repeated_5plus
10000,0,96,3,1,12,8,0,8,8.0,0,5,single_or_few
10000,0,101,2,1,2,1,1,0,0.0,0,0,single_or_few
10000,0,103,3,0,2,0,0,0,0.0,0,0,no_activation
10000,0,104,2,0,2,3,3,0,0.0,0,0,no_activation
10000,0,106,2,1,5,3,2,1,1.0,0,1,single_or_few
10000,0,108,2,0,2,0,0,0,0.0,0,0,no_activation
10000,0,110,5,6,44,45,2,43,43.0,0,24,repeated_5plus
10000,0,111,5,4,44,58,2,56,58.0,1,30,single_or_few
10000,0,112,4,6,44,53,1,52,52.0,0,29,repeated_5plus
10000,0,114,3,0,5,2,0,2,2.0,0,1,no_activation
10000,0,119,5,2,42,38,0,38,40.0,1,23,single_or_few
10000,0,120,5,8,32,38,1,37,45.0,3,23,repeated_5plus
10000,0,121,5,3,10,6,0,6,8.0,1,4,single_or_few
10000,0,122,2,1,14,12,2,10,12.0,1,8,single_or_few
10000,0,125,2,0,2,3,3,0,0.0,0,0,no_activation
10000,0,127,5,11,38,47,2,45,55.0,3,24,repeated_5plus
10000,0,128,2,0,2,2,2,0,0.0,0,0,no_activation
10000,0,129,2,0,3,2,1,1,1.0,0,1,no_activation
10000,0,133,2,1,10,8,2,6,6.0,0,5,single_or_few
10000,0,135,4,2,36,28,0,28,30.0,1,15,single_or_few
10000,0,136,2,0,4,3,2,1,1.0,0,1,no_activation
10000,0,140,2,0,4,2,2,0,0.0,0,0,no_activation
10000,0,141,4,0,6,4,0,4,4.0,0,2,no_activation
10000,0,142,5,12,33,42,0,42,50.0,3,21,repeated_5plus
10000,0,143,2,0,2,2,2,0,0.0,0,0,no_activation
10000,0,152,2,0,2,2,2,0,0.0,0,0,no_activation
10000,0,153,5,7,32,54,3,51,53.0,1,26,repeated_5plus
10000,0,157,2,1,2,2,2,0,0.0,0,0,single_or_few
10000,0,159,4,2,18,22,0,22,24.0,1,12,single_or_few
10000,0,160,5,3,31,40,1,39,43.0,2,14,single_or_few
10000,0,162,2,0,6,3,3,0,0.0,0,0,no_activation
10000,0,165,2,0,3,5,5,0,0.0,0,0,no_activation
10000,0,168,5,2,30,33,1,32,32.0,0,17,single_or_few
10000,0,169,5,0,2,1,0,1,1.0,0,1,no_activation
10000,0,173,2,0,8,8,3,5,5.0,0,5,no_activation
10000,0,177,5,1,28,19,0,19,19.0,0,6,single_or_few
10000,0,181,3,1,5,5,1,4,5.0,1,3,single_or_few
10000,0,183,2,0,3,1,1,0,0.0,0,0,no_activation
10000,0,184,2,0,3,2,2,0,0.0,0,0,no_activation
10000,0,190,5,2,23,28,1,27,27.0,0,12,single_or_few
10000,0,191,5,4,22,56,2,54,54.0,0,19,single_or_few
10000,0,194,2,0,4,7,3,4,4.0,0,2,no_activation
10000,0,195,2,1,5,3,2,1,2.0,1,1,single_or_few
10000,0,203,2,0,3,5,3,2,2.0,0,2,no_activation
10000,0,206,5,1,19,21,3,18,18.0,0,9,single_or_few
10000,0,207,5,3,18,36,3,33,33.0,0,12,single_or_few
10000,0,209,4,3,17,22,3,19,19.0,0,8,single_or_few
10000,0,215,2,1,2,4,3,1,1.0,0,1,single_or_few
10000,0,218,5,0,15,28,6,22,22.0,0,5,no_activation
10000,0,221,4,0,7,16,5,11,11.0,0,5,no_activation
10000,0,222,5,1,13,19,2,17,17.0,0,6,single_or_few
10000,0,223,2,0,2,6,4,2,2.0,0,1,no_activation
10000,0,224,2,0,4,3,2,1,1.0,0,1,no_activation
10000,0,228,5,2,6,24,5,19,19.0,0,5,single_or_few
10000,0,229,2,0,3,9,5,4,4.0,0,2,no_activation
10000,0,232,2,0,3,4,4,0,0.0,0,0,no_activation
10000,0,238,2,1,3,5,1,4,5.0,1,1,single_or_few
10000,0,240,2,0,4,6,4,2,2.0,0,2,no_activation
10000,0,243,4,0,9,13,2,11,11.0,0,5,no_activation
10000,0,244,2,0,2,8,8,0,0.0,0,0,no_activation
10000,0,248,3,0,6,9,0,9,9.0,0,4,no_activation
10000,0,249,5,1,8,19,5,14,14.0,0,5,single_or_few
10000,0,250,4,0,8,16,5,11,11.0,0,4,no_activation
10000,0,254,2,0,2,2,1,1,1.0,0,1,no_activation
10000,0,255,3,0,6,9,2,7,7.0,0,3,no_activation
10000,0,260,2,0,4,10,2,8,8.0,0,3,no_activation
10000,0,262,2,0,2,6,5,1,1.0,0,1,no_activation
10000,0,263,3,0,4,12,5,7,7.0,0,3,no_activation
10000,0,265,5,0,2,7,6,1,1.0,0,1,no_activation
10000,1,0,3,1,7,4,0,4,4.0,0,2,single_or_few
10000,1,15,5,2,50,46,0,46,48.0,1,26,single_or_few
10000,1,16,5,9,50,69,1,68,74.0,3,33,repeated_5plus
10000,1,31,3,1,19,9,0,9,11.0,1,8,single_or_few
10000,1,44,5,7,50,74,1,73,73.0,0,39,repeated_5plus
10000,1,51,2,3,26,16,0,16,18.0,1,14,single_or_few
10000,1,54,4,4,50,44,0,44,44.0,0,24,single_or_few
10000,1,64,3,2,37,24,1,23,23.0,0,14,single_or_few
10000,1,70,4,4,50,43,2,41,43.0,1,22,single_or_few
10000,1,71,2,0,37,11,0,11,11.0,0,8,no_activation
10000,1,76,5,7,50,53,0,53,57.0,2,24,repeated_5plus
10000,1,77,5,6,50,45,1,44,46.0,1,23,repeated_5plus
10000,1,78,3,5,50,35,1,34,34.0,0,16,repeated_5plus
10000,1,81,2,0,4,1,1,0,0.0,0,0,no_activation
10000,1,83,2,3,39,21,2,19,23.0,2,14,single_or_few
10000,1,85,5,4,48,42,0,42,44.0,1,23,single_or_few
10000,1,86,2,0,3,1,1,0,0.0,0,0,no_activation
10000,1,88,3,0,8,7,0,7,7.0,0,5,no_activation
10000,1,89,5,5,47,30,0,30,32.0,1,18,repeated_5plus
10000,1,90,2,0,7,5,3,2,2.0,0,1,no_activation
10000,1,91,2,0,5,7,3,4,4.0,0,3,no_activation
10000,1,92,2,0,7,5,0,5,5.0,0,3,no_activation
10000,1,93,2,1,6,1,0,1,1.0,1,0,single_or_few
10000,1,94,2,0,5,4,3,1,1.0,0,1,no_activation
10000,1,98,5,5,47,43,0,43,47.0,2,25,repeated_5plus
10000,1,99,5,5,30,32,5,27,33.0,2,16,repeated_5plus
10000,1,102,2,1,2,3,3,0,0.0,0,0,single_or_few
10000,1,105,2,0,7,9,4,5,5.0,0,4,no_activation
10000,1,106,2,0,2,2,2,0,0.0,0,0,no_activation
10000,1,108,2,0,4,6,5,1,1.0,0,1,no_activation
10000,1,109,5,8,44,52,2,50,56.0,3,24,repeated_5plus
10000,1,110,2,0,2,4,4,0,0.0,0,0,no_activation
10000,1,114,2,0,6,4,3,1,1.0,0,1,no_activation
10000,1,117,2,1,7,7,1,6,6.0,0,4,single_or_few
10000,1,118,2,0,2,2,2,0,0.0,0,0,no_activation
10000,1,119,5,4,40,51,4,47,47.0,0,23,single_or_few
10000,1,120,2,0,2,2,2,0,0.0,0,0,no_activation
10000,1,122,2,1,6,3,1,2,2.0,0,1,single_or_few
10000,1,123,2,1,2,0,0,0,0.0,0,0,single_or_few
10000,1,124,2,0,2,3,2,1,1.0,0,1,no_activation
10000,1,125,5,1,6,5,2,3,3.0,0,2,single_or_few
10000,1,126,3,1,9,10,1,9,9.0,0,5,single_or_few
10000,1,127,5,5,38,52,6,46,46.0,0,18,repeated_5plus
10000,1,128,5,3,38,33,1,32,36.0,2,15,single_or_few
10000,1,130,2,0,11,9,4,5,5.0,0,4,no_activation
10000,1,131,5,1,11,16,3,13,15.0,1,8,single_or_few
10000,1,132,4,4,37,39,0,39,39.0,0,19,single_or_few
10000,1,134,2,0,2,4,3,1,1.0,0,1,no_activation
10000,1,135,2,0,2,3,3,0,0.0,0,0,no_activation
10000,1,136,5,4,36,57,0,57,59.0,1,25,single_or_few
10000,1,138,2,0,4,5,3,2,2.0,0,1,no_activation
10000,1,142,2,0,7,6,3,3,3.0,0,2,no_activation
10000,1,147,2,0,3,2,2,0,0.0,0,0,no_activation
10000,1,148,2,0,4,2,0,2,2.0,0,2,no_activation
10000,1,149,5,0,34,14,3,11,11.0,0,7,no_activation
10000,1,155,5,2,33,29,0,29,29.0,0,13,single_or_few
10000,1,156,5,3,33,25,1,24,24.0,0,14,single_or_few
10000,1,162,4,1,3,6,1,5,5.0,0,2,single_or_few
10000,1,163,4,4,31,53,3,50,50.0,0,21,single_or_few
10000,1,164,5,3,31,36,0,36,36.0,0,16,single_or_few
10000,1,165,2,1,3,4,2,2,2.0,0,1,single_or_few
10000,1,166,5,1,30,20,3,17,17.0,0,9,single_or_few
10000,1,170,5,0,7,13,2,11,11.0,0,5,no_activation
10000,1,171,5,4,29,34,4,30,32.0,1,12,single_or_few
10000,1,175,2,0,2,3,2,1,1.0,0,1,no_activation
10000,1,176,2,0,6,3,0,3,3.0,0,3,no_activation
10000,1,178,5,3,26,41,1,40,40.0,0,16,single_or_few
10000,1,183,2,0,2,4,1,3,3.0,0,1,no_activation
10000,1,185,2,1,6,8,4,4,4.0,0,3,single_or_few
10000,1,188,2,0,6,6,3,3,3.0,0,2,no_activation
10000,1,189,5,0,25,20,7,13,13.0,0,4,no_activation
10000,1,190,5,2,25,28,2,26,26.0,0,8,single_or_few
10000,1,197,2,1,5,14,4,10,10.0,0,4,single_or_few
10000,1,202,2,0,2,2,2,0,0.0,0,0,no_activation
10000,1,205,4,1,23,35,5,30,30.0,0,15,single_or_few
10000,1,206,3,2,22,21,3,18,18.0,0,11,single_or_few
10000,1,207,2,0,5,11,3,8,8.0,0,4,no_activation
10000,1,209,2,1,2,7,7,0,0.0,0,0,single_or_few
10000,1,214,5,4,21,34,5,29,35.0,2,10,single_or_few
10000,1,216,3,0,10,10,2,8,8.0,0,2,no_activation
10000,1,217,2,0,4,5,2,3,3.0,0,2,no_activation
10000,1,218,3,0,5,11,1,10,10.0,0,4,no_activation
10000,1,219,2,0,2,4,4,0,0.0,0,0,no_activation
10000,1,220,2,0,5,4,2,2,2.0,0,2,no_activation
10000,1,222,2,0,5,7,2,5,5.0,0,3,no_activation
10000,1,226,5,5,17,39,1,38,38.0,0,14,repeated_5plus
10000,1,229,4,2,8,19,2,17,17.0,0,5,single_or_few
10000,1,232,5,0,11,18,11,7,7.0,0,3,no_activation
10000,1,234,2,0,2,7,3,4,4.0,0,1,no_activation
10000,1,237,4,1,12,18,5,13,13.0,0,6,single_or_few
10000,1,239,2,0,2,2,2,0,0.0,0,0,no_activation
10000,1,240,2,0,2,5,2,3,3.0,0,1,no_activation
10000,1,244,2,0,2,8,6,2,2.0,0,1,no_activation
10000,1,248,2,0,2,0,0,0,0.0,0,0,no_activation
10000,1,249,4,0,11,14,2,12,12.0,0,5,no_activation
10000,1,257,2,0,3,8,7,1,1.0,0,1,no_activation
10000,1,258,2,0,6,8,2,6,6.0,0,2,no_activation
10000,1,259,2,0,4,6,4,2,2.0,0,1,no_activation
10000,1,261,2,0,2,5,2,3,3.0,0,1,no_activation
10000,1,264,5,0,9,21,6,15,15.0,0,4,no_activation
10000,1,265,5,0,9,18,2,16,16.0,0,3,no_activation
10000,1,266,5,2,5,21,6,15,15.0,0,3,single_or_few
10000,1,269,2,0,3,8,7,1,1.0,0,1,no_activation
10000,1,271,3,1,6,11,5,6,6.0,0,3,single_or_few
10000,1,277,5,0,5,17,7,10,10.0,0,3,no_activation
10000,1,278,2,0,5,6,3,3,3.0,0,1,no_activation
10000,1,281,5,0,4,11,1,10,10.0,0,3,no_activation
10000,1,282,5,0,4,22,7,15,15.0,0,3,no_activation
10000,1,283,5,1,4,29,13,16,16.0,0,3,single_or_few
10000,1,284,2,0,4,8,6,2,2.0,0,2,no_activation
10000,2,0,4,3,30,31,0,31,33.0,1,17,single_or_few
10000,2,13,5,9,50,61,0,61,63.0,1,33,repeated_5plus
10000,2,14,4,4,50,37,0,37,41.0,2,25,single_or_few
10000,2,16,4,13,50,52,0,52,62.0,4,27,repeated_5plus
10000,2,33,3,0,2,0,0,0,0.0,0,0,no_activation
10000,2,44,2,0,12,6,1,5,5.0,0,4,no_activation
10000,2,49,4,4,50,49,1,48,52.0,1,28,single_or_few
10000,2,58,5,2,35,25,1,24,28.0,2,19,single_or_few
10000,2,67,5,7,50,54,0,54,58.0,2,30,repeated_5plus
10000,2,74,4,1,34,30,0,30,32.0,1,22,single_or_few
10000,2,90,2,0,3,1,0,1,1.0,0,1,no_activation
10000,2,98,5,7,50,58,2,56,56.0,0,28,repeated_5plus
10000,2,102,2,0,4,1,1,0,0.0,0,0,no_activation
10000,2,107,2,0,2,1,0,1,1.0,0,1,no_activation
10000,2,108,3,0,10,6,0,6,6.0,0,4,no_activation
10000,2,110,5,7,50,59,0,59,62.0,2,27,repeated_5plus
10000,2,113,5,10,49,61,1,60,66.0,2,31,repeated_5plus
10000,2,114,4,0,4,2,0,2,2.0,0,1,no_activation
10000,2,115,2,1,12,5,1,4,4.0,0,3,single_or_few
10000,2,116,2,0,3,2,1,1,1.0,0,1,no_activation
10000,2,117,5,8,48,67,0,67,73.0,2,33,repeated_5plus
10000,2,118,5,11,48,58,1,57,63.0,2,30,repeated_5plus
10000,2,119,4,4,47,42,2,40,44.0,2,22,single_or_few
10000,2,120,2,0,3,3,3,0,0.0,0,0,no_activation
10000,2,125,2,0,3,3,2,1,1.0,0,1,no_activation
10000,2,129,2,2,17,10,3,7,9.0,1,6,single_or_few
10000,2,130,3,0,9,2,0,2,2.0,0,2,no_activation
10000,2,132,2,0,2,1,1,0,0.0,0,0,no_activation
10000,2,140,5,1,9,16,1,15,16.0,1,7,single_or_few
10000,2,141,2,0,5,7,2,5,5.0,0,3,no_activation
10000,2,144,2,0,3,3,2,1,1.0,0,1,no_activation
10000,2,146,2,0,5,8,4,4,4.0,0,3,no_activation
10000,2,150,4,9,42,58,2,56,60.0,2,28,repeated_5plus
10000,2,152,3,1,2,3,3,0,0.0,0,0,single_or_few
10000,2,153,2,0,2,4,3,1,1.0,0,1,no_activation
10000,2,154,2,0,3,2,2,0,0.0,0,0,no_activation
10000,2,155,2,3,3,2,1,1,1.0,1,0,single_or_few
10000,2,156,2,0,3,2,2,0,0.0,0,0,no_activation
10000,2,157,2,0,2,2,2,0,0.0,0,0,no_activation
10000,2,158,2,0,3,2,2,0,0.0,0,0,no_activation
10000,2,161,2,2,4,6,2,4,4.0,0,1,single_or_few
10000,2,162,2,0,2,6,4,2,2.0,0,1,no_activation
10000,2,163,4,1,8,3,0,3,3.0,0,3,single_or_few
10000,2,166,2,0,2,1,1,0,0.0,0,0,no_activation
10000,2,168,5,9,36,70,2,68,68.0,0,26,repeated_5plus
10000,2,169,2,2,7,5,4,1,3.0,1,2,single_or_few
10000,2,178,2,0,3,2,2,0,0.0,0,0,no_activation
10000,2,179,2,0,6,4,2,2,2.0,0,2,no_activation
10000,2,181,2,0,2,1,0,1,1.0,0,1,no_activation
10000,2,182,2,2,3,4,3,1,1.0,0,1,single_or_few
10000,2,183,2,0,2,7,7,0,0.0,0,0,no_activation
10000,2,186,2,2,4,4,3,1,3.0,1,2,single_or_few
10000,2,188,4,2,12,18,4,14,14.0,0,8,single_or_few
10000,2,193,5,4,32,42,2,40,42.0,1,17,single_or_few
10000,2,194,2,1,7,6,2,4,5.0,1,3,single_or_few
10000,2,195,2,0,4,3,2,1,1.0,0,1,no_activation
10000,2,202,2,0,2,4,3,1,1.0,0,1,no_activation
10000,2,205,2,0,9,3,2,1,1.0,0,1,no_activation
10000,2,209,5,8,25,44,5,39,39.0,0,20,repeated_5plus
10000,2,210,2,3,25,19,3,16,18.0,1,11,single_or_few
10000,2,215,2,0,11,8,1,7,7.0,0,4,no_activation
10000,2,217,2,1,7,7,5,2,4.0,1,3,single_or_few
10000,2,220,4,3,22,21,7,14,18.0,2,6,single_or_few
10000,2,221,4,2,22,35,2,33,33.0,0,13,single_or_few
10000,2,223,2,0,2,3,3,0,0.0,0,0,no_activation
10000,2,228,2,1,7,11,5,6,6.0,0,4,single_or_few
10000,2,230,2,1,6,8,3,5,5.0,0,3,single_or_few
10000,2,231,2,0,8,10,3,7,7.0,0,3,no_activation
10000,2,232,2,1,3,6,4,2,2.0,0,2,single_or_few
10000,2,237,2,0,2,3,2,1,1.0,0,1,no_activation
10000,2,238,2,0,4,4,2,2,2.0,0,2,no_activation
10000,2,239,2,0,2,4,2,2,2.0,0,1,no_activation
10000,2,244,2,0,3,5,2,3,3.0,0,2,no_activation
10000,2,246,2,0,2,7,1,6,6.0,0,1,no_activation
10000,2,247,3,0,2,10,4,6,6.0,0,1,no_activation
10000,2,248,4,0,17,22,2,20,20.0,0,7,no_activation
10000,2,254,2,0,9,8,2,6,6.0,0,5,no_activation
10000,2,255,5,1,4,12,3,9,9.0,0,3,single_or_few
10000,2,257,2,0,4,3,2,1,1.0,0,1,no_activation
10000,2,260,4,0,15,21,5,16,16.0,0,9,no_activation
10000,2,261,4,1,14,13,3,10,10.0,0,6,single_or_few
10000,2,262,2,0,3,5,4,1,1.0,0,1,no_activation
10000,2,263,2,2,4,10,4,6,6.0,0,2,single_or_few
10000,2,267,2,0,4,5,2,3,3.0,0,2,no_activation
10000,2,268,5,3,13,37,1,36,36.0,0,10,single_or_few
10000,2,269,3,1,8,11,3,8,8.0,0,4,single_or_few
10000,2,271,2,0,2,4,4,0,0.0,0,0,no_activation
10000,2,272,2,2,9,8,3,5,5.0,0,3,single_or_few
10000,2,276,2,0,2,6,5,1,1.0,0,1,no_activation
10000,2,278,2,0,2,8,7,1,1.0,0,1,no_activation
10000,2,281,5,3,9,26,4,22,22.0,0,7,single_or_few
10000,2,282,2,0,2,5,4,1,1.0,0,1,no_activation
10000,2,284,5,1,7,19,6,13,13.0,0,4,single_or_few
10000,2,289,2,0,3,7,7,0,0.0,0,0,no_activation
10000,2,294,2,0,2,6,6,0,0.0,0,0,no_activation
10000,2,301,3,0,4,13,5,8,8.0,0,2,no_activation
10000,2,306,2,0,3,5,4,1,1.0,0,1,no_activation
10000,2,307,5,0,2,2,2,0,0.0,0,0,no_activation
10000,3,6,4,10,50,63,0,63,67.0,1,31,repeated_5plus
10000,3,7,4,2,12,5,1,4,6.0,1,3,single_or_few
10000,3,15,4,8,50,53,0,53,57.0,2,27,repeated_5plus
10000,3,25,4,6,50,54,0,54,56.0,1,26,repeated_5plus
10000,3,26,5,5,35,33,1,32,34.0,1,20,repeated_5plus
10000,3,32,5,1,12,9,1,8,8.0,0,5,single_or_few
10000,3,33,5,9,50,67,0,67,73.0,2,31,repeated_5plus
10000,3,36,2,0,2,0,0,0,0.0,0,0,no_activation
10000,3,40,3,0,2,2,0,2,2.0,0,1,no_activation
10000,3,42,2,0,2,0,0,0,0.0,0,0,no_activation
10000,3,43,2,0,5,3,3,0,0.0,0,0,no_activation
10000,3,44,2,0,4,1,1,0,0.0,0,0,no_activation
10000,3,48,5,1,12,9,0,9,9.0,0,4,single_or_few
10000,3,50,3,0,2,3,3,0,0.0,0,0,no_activation
10000,3,51,4,4,37,44,0,44,44.0,0,25,single_or_few
10000,3,53,2,0,3,3,3,0,0.0,0,0,no_activation
10000,3,55,2,0,3,4,4,0,0.0,0,0,no_activation
10000,3,56,2,0,2,5,4,1,1.0,0,1,no_activation
10000,3,57,2,0,2,4,4,0,0.0,0,0,no_activation
10000,3,62,2,1,3,3,3,0,0.0,0,0,single_or_few
10000,3,63,2,0,7,6,1,5,5.0,0,3,no_activation
10000,3,67,2,0,3,4,3,1,1.0,0,1,no_activation
10000,3,72,2,0,4,1,1,0,0.0,0,0,no_activation
10000,3,73,2,0,3,4,3,1,1.0,0,1,no_activation
10000,3,74,2,0,12,4,0,4,4.0,0,4,no_activation
10000,3,78,4,4,47,43,2,41,45.0,2,20,single_or_few
10000,3,79,5,7,47,55,0,55,58.0,2,26,repeated_5plus
10000,3,81,2,0,3,2,2,0,0.0,0,0,no_activation
10000,3,82,2,4,37,21,0,21,23.0,1,13,single_or_few
10000,3,84,2,0,2,2,1,1,1.0,0,1,no_activation
10000,3,85,2,2,9,7,1,6,6.0,0,5,single_or_few
10000,3,88,2,0,3,4,3,1,1.0,0,1,no_activation
10000,3,89,2,2,5,3,1,2,2.0,0,2,single_or_few
10000,3,91,2,0,3,4,2,2,2.0,0,2,no_activation
10000,3,92,3,5,45,30,1,29,29.0,0,15,repeated_5plus
10000,3,93,5,8,45,56,2,54,56.0,1,25,repeated_5plus
10000,3,94,4,5,45,36,0,36,40.0,2,22,repeated_5plus
10000,3,95,4,1,6,6,3,3,3.0,0,2,single_or_few
10000,3,96,2,0,3,5,4,1,1.0,0,1,no_activation
10000,3,101,4,0,10,11,0,11,11.0,0,6,no_activation
10000,3,104,2,0,2,2,2,0,0.0,0,0,no_activation
10000,3,105,4,1,10,13,1,12,12.0,0,6,single_or_few
10000,3,111,5,7,41,57,2,55,55.0,0,29,repeated_5plus
10000,3,112,4,5,41,50,2,48,50.0,1,22,repeated_5plus
10000,3,114,5,4,41,48,2,46,48.0,1,27,single_or_few
10000,3,116,2,0,2,2,2,0,0.0,0,0,no_activation
10000,3,118,2,0,3,3,3,0,0.0,0,0,no_activation
10000,3,121,2,1,3,4,2,2,2.0,0,1,single_or_few
10000,3,124,4,7,38,55,4,51,51.0,0,22,repeated_5plus
10000,3,126,5,6,38,50,3,47,47.0,0,21,repeated_5plus
10000,3,132,5,5,36,44,1,43,43.0,0,22,repeated_5plus
10000,3,133,2,1,6,6,1,5,5.0,0,2,single_or_few
10000,3,135,5,0,2,4,1,3,3.0,0,1,no_activation
10000,3,136,3,2,11,12,1,11,11.0,0,8,single_or_few
10000,3,143,2,1,3,3,1,2,2.0,0,1,single_or_few
10000,3,144,5,7,32,55,3,52,54.0,1,22,repeated_5plus
10000,3,146,5,1,31,22,2,20,20.0,0,9,single_or_few
10000,3,148,2,0,3,1,0,1,1.0,0,1,no_activation
10000,3,155,5,3,30,34,4,30,30.0,0,15,single_or_few
10000,3,156,5,1,30,21,2,19,21.0,1,8,single_or_few
10000,3,157,3,3,30,32,1,31,33.0,1,14,single_or_few
10000,3,160,4,1,12,19,2,17,17.0,0,5,single_or_few
10000,3,161,3,5,25,33,6,27,29.0,1,11,repeated_5plus
10000,3,163,2,0,2,3,2,1,1.0,0,1,no_activation
10000,3,165,2,0,3,2,2,0,0.0,0,0,no_activation
10000,3,167,4,1,10,14,3,11,11.0,0,4,single_or_few
10000,3,168,5,6,28,45,5,40,44.0,2,16,repeated_5plus
10000,3,169,5,1,27,31,0,31,31.0,0,13,single_or_few
10000,3,170,2,0,5,7,4,3,3.0,0,2,no_activation
10000,3,176,4,0,10,22,2,20,20.0,0,7,no_activation
10000,3,178,3,4,24,39,4,35,37.0,1,14,single_or_few
10000,3,179,2,0,5,6,4,2,2.0,0,2,no_activation
10000,3,180,2,0,3,4,2,2,2.0,0,2,no_activation
10000,3,185,2,0,4,7,1,6,6.0,0,3,no_activation
10000,3,187,5,4,20,41,3,38,38.0,0,13,single_or_few
10000,3,188,4,0,19,15,4,11,11.0,0,6,no_activation
10000,3,191,2,0,2,5,4,1,1.0,0,1,no_activation
10000,3,193,2,0,2,2,2,0,0.0,0,0,no_activation
10000,3,194,3,0,2,2,2,0,0.0,0,0,no_activation
10000,3,197,5,1,18,23,6,17,17.0,0,7,single_or_few
10000,3,198,3,0,7,16,1,15,15.0,0,6,no_activation
10000,3,199,3,0,17,12,4,8,8.0,0,6,no_activation
10000,3,200,5,0,6,16,3,13,13.0,0,4,no_activation
10000,3,201,3,0,3,5,1,4,4.0,0,2,no_activation
10000,3,209,2,1,3,3,1,2,2.0,0,1,single_or_few
10000,3,211,3,0,12,16,2,14,14.0,0,7,no_activation
10000,3,212,2,1,3,5,3,2,2.0,0,1,single_or_few
10000,3,215,2,0,4,8,7,1,1.0,0,1,no_activation
10000,3,218,5,0,12,19,2,17,17.0,0,5,no_activation
10000,3,219,5,1,9,27,4,23,23.0,0,8,single_or_few
10000,3,222,2,0,7,8,3,5,5.0,0,2,no_activation
10000,3,223,2,0,5,8,2,6,6.0,0,3,no_activation
10000,3,225,2,0,2,2,2,0,0.0,0,0,no_activation
10000,3,227,2,0,11,8,5,3,3.0,0,3,no_activation
10000,3,228,2,0,5,4,2,2,2.0,0,2,no_activation
10000,3,231,2,0,2,6,4,2,2.0,0,1,no_activation
10000,3,235,5,1,8,30,5,25,25.0,0,7,single_or_few
10000,3,238,2,0,2,2,2,0,0.0,0,0,no_activation
10000,3,239,5,0,6,14,3,11,11.0,0,5,no_activation
10000,3,240,4,1,5,19,8,11,11.0,0,4,single_or_few
10000,3,241,5,1,5,19,6,13,13.0,0,4,single_or_few
10000,3,246,2,0,2,1,1,0,0.0,0,0,no_activation
10000,3,249,2,0,2,6,5,1,1.0,0,1,no_activation
10000,3,251,2,0,3,8,8,0,0.0,0,0,no_activation
10000,3,254,2,0,3,3,3,0,0.0,0,0,no_activation
10000,3,255,2,0,2,5,4,1,1.0,0,1,no_activation
10000,3,258,5,0,3,6,0,6,6.0,0,2,no_activation
10000,3,259,2,0,2,1,1,0,0.0,0,0,no_activation
10000,3,262,2,0,2,6,3,3,3.0,0,1,no_activation
10000,3,263,2,0,2,6,2,4,4.0,0,1,no_activation
10000,3,264,2,0,2,8,8,0,0.0,0,0,no_activation
10000,4,0,4,1,28,20,0,20,22.0,1,15,single_or_few
10000,4,11,5,3,50,49,0,49,51.0,1,23,single_or_few
10000,4,12,5,8,50,61,1,60,64.0,2,31,repeated_5plus
10000,4,23,5,3,38,32,0,32,34.0,1,21,single_or_few
10000,4,25,4,3,50,46,0,46,48.0,1,24,single_or_few
10000,4,48,5,7,40,48,2,46,46.0,0,26,repeated_5plus
10000,4,55,5,2,50,43,0,43,43.0,0,26,single_or_few
10000,4,60,5,0,4,5,0,5,5.0,0,3,no_activation
10000,4,61,5,7,46,59,0,59,61.0,1,32,repeated_5plus
10000,4,62,5,0,29,24,0,24,24.0,0,17,no_activation
10000,4,70,2,0,2,0,0,0,0.0,0,0,no_activation
10000,4,75,3,0,5,1,0,1,1.0,0,1,no_activation
10000,4,76,3,4,37,33,0,33,35.0,1,20,single_or_few
10000,4,87,2,0,4,2,0,2,2.0,0,2,no_activation
10000,4,90,4,5,50,44,1,43,43.0,0,27,repeated_5plus
10000,4,91,2,2,30,20,0,20,22.0,1,11,single_or_few
10000,4,93,5,3,50,46,1,45,47.0,1,24,single_or_few
10000,4,94,5,3,50,47,1,46,48.0,1,28,single_or_few
10000,4,95,2,0,5,1,0,1,1.0,0,1,no_activation
10000,4,96,5,7,50,52,0,52,56.0,2,30,repeated_5plus
10000,4,97,4,0,8,3,1,2,2.0,0,2,no_activation
10000,4,98,2,0,2,2,2,0,0.0,0,0,no_activation
10000,4,100,2,0,2,2,2,0,0.0,0,0,no_activation
10000,4,109,5,0,3,3,0,3,3.0,0,2,no_activation
10000,4,110,5,2,38,34,0,34,36.0,1,17,single_or_few
10000,4,111,5,3,48,31,1,30,34.0,2,17,single_or_few
10000,4,112,5,0,4,5,1,4,4.0,0,3,no_activation
10000,4,113,3,5,47,29,1,28,36.0,3,17,repeated_5plus
10000,4,114,4,0,6,2,0,2,2.0,0,2,no_activation
10000,4,116,2,0,4,5,2,3,3.0,0,2,no_activation
10000,4,118,2,0,2,2,2,0,0.0,0,0,no_activation
10000,4,120,2,0,2,1,1,0,0.0,0,0,no_activation
10000,4,122,2,0,3,2,1,1,1.0,0,1,no_activation
10000,4,123,2,0,7,4,1,3,3.0,0,3,no_activation
10000,4,124,2,2,14,8,1,7,9.0,1,5,single_or_few
10000,4,125,2,0,2,1,1,0,0.0,0,0,no_activation
10000,4,130,2,1,2,1,1,0,0.0,0,0,single_or_few
10000,4,132,5,5,40,45,1,44,44.0,0,25,repeated_5plus
10000,4,133,3,1,5,6,1,5,5.0,0,2,single_or_few
10000,4,136,2,1,5,3,0,3,3.0,0,3,single_or_few
10000,4,137,2,1,4,5,4,1,1.0,0,1,single_or_few
10000,4,138,2,1,2,5,4,1,1.0,0,1,single_or_few
10000,4,141,2,3,15,18,4,14,15.0,1,7,single_or_few
10000,4,143,2,0,2,1,1,0,0.0,0,0,no_activation
10000,4,144,2,0,2,5,5,0,0.0,0,0,no_activation
10000,4,148,2,0,5,5,5,0,0.0,0,0,no_activation
10000,4,151,4,3,36,46,1,45,47.0,1,22,single_or_few
10000,4,153,2,0,2,2,2,0,0.0,0,0,no_activation
10000,4,157,5,4,35,44,1,43,45.0,1,21,single_or_few
10000,4,158,2,0,7,4,3,1,1.0,0,1,no_activation
10000,4,160,2,0,2,3,3,0,0.0,0,0,no_activation
10000,4,163,2,0,6,8,4,4,4.0,0,4,no_activation
10000,4,166,4,4,34,37,1,36,38.0,1,20,single_or_few
10000,4,170,5,2,32,24,4,20,20.0,0,6,single_or_few
10000,4,171,5,3,32,29,2,27,29.0,1,13,single_or_few
10000,4,172,2,0,4,5,2,3,3.0,0,2,no_activation
10000,4,175,2,0,2,2,1,1,1.0,0,1,no_activation
10000,4,178,5,6,30,34,3,31,37.0,3,15,repeated_5plus
10000,4,179,2,0,5,3,2,1,1.0,0,1,no_activation
10000,4,181,2,0,4,5,3,2,2.0,0,2,no_activation
10000,4,182,2,0,5,4,1,3,3.0,0,2,no_activation
10000,4,183,2,0,4,2,1,1,1.0,0,1,no_activation
10000,4,187,5,3,26,44,1,43,43.0,0,18,single_or_few
10000,4,189,2,1,7,8,1,7,7.0,0,3,single_or_few
10000,4,190,2,0,3,3,1,2,2.0,0,1,no_activation
10000,4,191,2,0,3,2,1,1,1.0,0,1,no_activation
10000,4,192,5,2,25,28,3,25,26.0,1,11,single_or_few
10000,4,195,3,2,10,16,4,12,14.0,1,6,single_or_few
10000,4,196,5,3,23,29,3,26,26.0,0,13,single_or_few
10000,4,197,3,0,2,2,1,1,1.0,0,1,no_activation
10000,4,198,2,0,3,3,1,2,2.0,0,1,no_activation
10000,4,199,5,3,15,25,2,23,25.0,1,10,single_or_few
10000,4,201,5,5,21,44,6,38,38.0,0,17,repeated_5plus
10000,4,204,2,0,5,6,4,2,2.0,0,2,no_activation
10000,4,207,5,3,20,30,1,29,29.0,0,11,single_or_few
10000,4,208,2,0,6,8,2,6,6.0,0,4,no_activation
10000,4,213,5,1,19,25,1,24,24.0,0,9,single_or_few
10000,4,214,5,0,19,18,3,15,15.0,0,9,no_activation
10000,4,215,3,0,2,2,0,2,2.0,0,1,no_activation
10000,4,217,5,1,8,22,4,18,18.0,0,6,single_or_few
10000,4,218,3,0,3,4,1,3,3.0,0,2,no_activation
10000,4,219,3,0,3,6,1,5,5.0,0,2,no_activation
10000,4,223,2,0,2,2,2,0,0.0,0,0,no_activation
10000,4,230,5,3,13,24,4,20,20.0,0,8,single_or_few
10000,4,237,5,1,11,23,1,22,22.0,0,6,single_or_few
10000,4,238,5,2,6,20,3,17,17.0,0,5,single_or_few
10000,4,239,5,1,9,24,2,22,22.0,0,6,single_or_few
10000,4,241,2,0,7,8,4,4,4.0,0,3,no_activation
10000,4,247,4,1,5,9,2,7,7.0,0,3,single_or_few
10000,4,253,5,0,4,16,3,13,13.0,0,3,no_activation
10000,4,255,2,0,3,9,3,6,6.0,0,2,no_activation
10000,4,257,5,0,2,11,5,6,6.0,0,1,no_activation
10000,5,11,5,10,50,50,0,50,52.0,1,29,repeated_5plus
10000,5,26,5,5,50,61,1,60,64.0,2,32,repeated_5plus
10000,5,27,5,2,50,40,1,39,39.0,0,22,single_or_few
10000,5,40,5,0,7,4,1,3,3.0,0,3,no_activation
10000,5,45,5,3,50,45,1,44,44.0,0,21,single_or_few
10000,5,48,2,3,27,12,0,12,14.0,1,10,single_or_few
10000,5,49,5,0,17,8,1,7,7.0,0,4,no_activation
10000,5,59,5,5,50,51,0,51,59.0,4,31,repeated_5plus
10000,5,68,5,4,47,51,1,50,50.0,0,32,single_or_few
10000,5,70,4,3,49,31,3,28,28.0,0,16,single_or_few
10000,5,74,2,0,4,4,3,1,1.0,0,1,no_activation
10000,5,79,2,0,3,2,2,0,0.0,0,0,no_activation
10000,5,80,3,2,22,14,1,13,17.0,2,10,single_or_few
10000,5,81,2,0,2,2,2,0,0.0,0,0,no_activation
10000,5,82,5,3,47,36,0,36,36.0,0,20,single_or_few
10000,5,83,2,0,18,10,1,9,9.0,0,6,no_activation
10000,5,84,2,0,6,4,2,2,2.0,0,1,no_activation
10000,5,86,2,1,3,2,1,1,1.0,1,0,single_or_few
10000,5,88,2,0,3,2,2,0,0.0,0,0,no_activation
10000,5,89,5,5,46,45,0,45,47.0,1,25,repeated_5plus
10000,5,94,4,6,42,52,0,52,54.0,1,30,repeated_5plus
10000,5,95,5,6,41,45,1,44,44.0,0,23,repeated_5plus
10000,5,96,5,4,41,44,3,41,45.0,2,19,single_or_few
10000,5,98,2,0,4,3,2,1,1.0,0,1,no_activation
10000,5,99,2,0,6,3,2,1,1.0,0,1,no_activation
10000,5,100,2,0,8,2,1,1,1.0,0,1,no_activation
10000,5,107,2,0,5,3,0,3,3.0,0,3,no_activation
10000,5,108,5,8,39,45,1,44,48.0,2,21,repeated_5plus
10000,5,110,2,0,5,5,2,3,3.0,0,3,no_activation
10000,5,111,2,0,2,2,2,0,0.0,0,0,no_activation
10000,5,112,5,0,7,8,3,5,5.0,0,2,no_activation
10000,5,114,2,1,9,8,3,5,5.0,0,3,single_or_few
10000,5,115,2,0,5,4,2,2,2.0,0,1,no_activation
10000,5,117,2,1,3,2,2,0,0.0,0,0,single_or_few
10000,5,118,5,6,36,56,1,55,59.0,2,25,repeated_5plus
10000,5,124,5,1,35,24,2,22,22.0,0,12,single_or_few
10000,5,125,4,0,8,11,3,8,8.0,0,4,no_activation
10000,5,126,2,0,2,2,1,1,1.0,0,1,no_activation
10000,5,127,2,0,8,8,2,6,6.0,0,4,no_activation
10000,5,128,2,0,2,1,1,0,0.0,0,0,no_activation
10000,5,132,2,0,4,4,2,2,2.0,0,2,no_activation
10000,5,133,5,5,33,45,2,43,45.0,1,18,repeated_5plus
10000,5,134,5,3,33,36,0,36,36.0,0,16,single_or_few
10000,5,135,4,3,33,34,3,31,33.0,1,15,single_or_few
10000,5,136,3,0,5,10,3,7,7.0,0,3,no_activation
10000,5,137,2,0,2,4,2,2,2.0,0,1,no_activation
10000,5,139,5,5,32,41,3,38,40.0,1,16,repeated_5plus
10000,5,140,2,0,2,4,3,1,1.0,0,1,no_activation
10000,5,143,5,1,26,30,1,29,29.0,0,14,single_or_few
10000,5,144,5,6,31,44,5,39,45.0,3,16,repeated_5plus
10000,5,148,5,3,30,27,3,24,24.0,0,11,single_or_few
10000,5,151,5,2,24,25,3,22,24.0,1,12,single_or_few
10000,5,152,3,0,12,10,2,8,8.0,0,6,no_activation
10000,5,153,5,5,27,40,1,39,41.0,1,14,repeated_5plus
10000,5,154,3,3,10,14,8,6,9.0,2,5,single_or_few
10000,5,156,4,3,27,15,1,14,18.0,1,9,single_or_few
10000,5,161,2,0,3,5,3,2,2.0,0,2,no_activation
10000,5,171,2,0,2,3,1,2,2.0,0,1,no_activation
10000,5,172,2,0,5,5,3,2,2.0,0,2,no_activation
10000,5,173,2,0,7,6,3,3,3.0,0,3,no_activation
10000,5,177,4,2,22,27,0,27,27.0,0,14,single_or_few
10000,5,178,4,2,21,36,3,33,37.0,1,15,single_or_few
10000,5,179,2,0,2,3,2,1,1.0,0,1,no_activation
10000,5,184,2,0,6,6,4,2,2.0,0,2,no_activation
10000,5,186,5,1,18,20,0,20,22.0,1,9,single_or_few
10000,5,187,4,0,9,15,0,15,15.0,0,7,no_activation
10000,5,191,2,0,3,2,2,0,0.0,0,0,no_activation
10000,5,192,3,1,17,20,1,19,19.0,0,13,single_or_few
10000,5,198,5,3,15,30,7,23,23.0,0,9,single_or_few
10000,5,200,2,1,5,8,7,1,1.0,0,1,single_or_few
10000,5,202,4,2,14,35,5,30,30.0,0,9,single_or_few
10000,5,203,4,3,14,30,3,27,27.0,0,9,single_or_few
10000,5,204,4,2,12,25,2,23,23.0,0,7,single_or_few
10000,5,206,2,0,4,1,1,0,0.0,0,0,no_activation
10000,5,207,5,0,12,17,6,11,11.0,0,3,no_activation
10000,5,212,2,0,3,5,2,3,3.0,0,1,no_activation
10000,5,214,4,0,4,9,1,8,8.0,0,3,no_activation
10000,5,220,2,0,8,9,3,6,6.0,0,5,no_activation
10000,5,222,2,1,2,6,4,2,2.0,0,1,single_or_few
10000,5,223,2,0,2,4,3,1,1.0,0,1,no_activation
10000,5,228,2,0,3,5,3,2,2.0,0,2,no_activation
10000,5,231,5,0,7,20,2,18,18.0,0,5,no_activation
10000,5,232,5,0,7,19,6,13,13.0,0,4,no_activation
10000,5,233,5,0,7,18,3,15,15.0,0,4,no_activation
10000,5,234,3,1,7,14,2,12,12.0,0,5,single_or_few
10000,5,235,2,0,3,2,0,2,2.0,0,1,no_activation
10000,5,236,2,0,7,8,2,6,6.0,0,2,no_activation
10000,5,242,2,0,6,8,5,3,3.0,0,1,no_activation
10000,5,245,2,0,5,11,8,3,3.0,0,2,no_activation
10000,5,246,3,0,3,9,2,7,7.0,0,2,no_activation
10000,5,254,4,0,2,11,6,5,5.0,0,1,no_activation
10000,6,22,2,0,2,0,0,0,0.0,0,0,no_activation
10000,6,27,5,7,50,47,0,47,51.0,1,29,repeated_5plus
10000,6,39,5,6,50,45,0,45,47.0,1,30,repeated_5plus
10000,6,40,5,3,34,20,1,19,19.0,0,13,single_or_few
10000,6,44,2,0,8,0,0,0,0.0,0,0,no_activation
10000,6,47,5,4,50,44,0,44,44.0,0,27,single_or_few
10000,6,57,2,1,20,6,0,6,7.0,1,4,single_or_few
10000,6,66,5,5,50,51,0,51,51.0,0,24,repeated_5plus
10000,6,67,4,3,50,28,0,28,30.0,1,15,single_or_few
10000,6,68,5,3,13,7,0,7,9.0,1,5,single_or_few
10000,6,69,3,0,6,2,1,1,1.0,0,1,no_activation
10000,6,71,2,0,2,2,2,0,0.0,0,0,no_activation
10000,6,73,2,0,15,5,2,3,3.0,0,3,no_activation
10000,6,76,2,0,2,3,3,0,0.0,0,0,no_activation
10000,6,77,2,0,5,5,3,2,2.0,0,2,no_activation
10000,6,78,5,7,48,46,3,43,49.0,2,29,repeated_5plus
10000,6,80,4,6,41,27,1,26,27.0,1,19,repeated_5plus
10000,6,81,2,0,5,3,3,0,0.0,0,0,no_activation
10000,6,87,2,0,4,0,0,0,0.0,0,0,no_activation
10000,6,88,5,8,44,45,0,45,51.0,2,25,repeated_5plus
10000,6,89,4,8,43,42,1,41,45.0,2,25,repeated_5plus
10000,6,91,2,0,7,3,2,1,1.0,0,1,no_activation
10000,6,94,3,0,7,4,0,4,4.0,0,3,no_activation
10000,6,95,5,0,4,2,0,2,2.0,0,2,no_activation
10000,6,96,2,0,2,0,0,0,0.0,0,0,no_activation
10000,6,97,5,1,5,7,1,6,6.0,0,4,single_or_few
10000,6,99,4,6,38,38,0,38,40.0,1,22,repeated_5plus
10000,6,100,3,0,4,2,2,0,0.0,0,0,no_activation
10000,6,102,2,0,5,7,2,5,5.0,0,2,no_activation
10000,6,106,2,0,6,4,2,2,2.0,0,2,no_activation
10000,6,109,2,0,2,2,2,0,0.0,0,0,no_activation
10000,6,110,5,0,8,13,4,9,9.0,0,5,no_activation
10000,6,111,5,8,24,21,0,21,22.0,1,15,repeated_5plus
10000,6,112,2,0,2,4,1,3,3.0,0,1,no_activation
10000,6,113,2,0,2,3,1,2,2.0,0,1,no_activation
10000,6,114,2,0,2,3,1,2,2.0,0,1,no_activation
10000,6,115,2,0,2,1,1,0,0.0,0,0,no_activation
10000,6,116,4,3,35,37,5,32,36.0,2,19,single_or_few
10000,6,117,2,1,4,5,4,1,1.0,0,1,single_or_few
10000,6,123,2,0,3,2,2,0,0.0,0,0,no_activation
10000,6,125,2,1,4,2,2,0,0.0,0,0,single_or_few
10000,6,126,2,0,2,2,2,0,0.0,0,0,no_activation
10000,6,128,2,1,3,4,3,1,1.0,0,1,single_or_few
10000,6,130,2,0,7,6,3,3,3.0,0,3,no_activation
10000,6,131,2,0,7,8,4,4,4.0,0,3,no_activation
10000,6,133,2,0,4,5,4,1,1.0,0,1,no_activation
10000,6,136,2,1,5,5,3,2,2.0,0,1,single_or_few
10000,6,137,3,1,9,11,1,10,10.0,0,4,single_or_few
10000,6,138,5,4,32,41,2,39,39.0,0,24,single_or_few
10000,6,140,3,0,5,1,1,0,0.0,0,0,no_activation
10000,6,141,2,0,3,2,0,2,2.0,0,2,no_activation
10000,6,143,2,0,4,2,1,1,1.0,0,1,no_activation
10000,6,147,2,0,2,4,4,0,0.0,0,0,no_activation
10000,6,148,5,5,28,36,1,35,37.0,1,18,repeated_5plus
10000,6,149,2,1,2,3,2,1,1.0,0,1,single_or_few
10000,6,150,2,0,2,1,1,0,0.0,0,0,no_activation
10000,6,152,2,1,4,6,2,4,4.0,0,3,single_or_few
10000,6,154,2,1,4,5,3,2,4.0,1,2,single_or_few
10000,6,155,3,1,27,20,2,18,18.0,0,13,single_or_few
10000,6,156,5,8,27,44,1,43,47.0,2,20,repeated_5plus
10000,6,158,2,1,6,8,3,5,5.0,0,3,single_or_few
10000,6,159,2,0,4,3,3,0,0.0,0,0,no_activation
10000,6,167,5,7,26,38,3,35,35.0,0,18,repeated_5plus
10000,6,168,5,6,24,38,1,37,39.0,1,18,repeated_5plus
10000,6,169,5,0,6,8,3,5,5.0,0,3,no_activation
10000,6,172,2,1,6,7,3,4,5.0,1,1,single_or_few
10000,6,173,2,0,2,4,4,0,0.0,0,0,no_activation
10000,6,177,2,0,4,3,3,0,0.0,0,0,no_activation
10000,6,178,5,0,5,7,2,5,5.0,0,3,no_activation
10000,6,183,2,0,2,2,2,0,0.0,0,0,no_activation
10000,6,186,2,0,3,4,2,2,2.0,0,2,no_activation
10000,6,189,4,0,15,15,2,13,13.0,0,6,no_activation
10000,6,192,2,0,2,5,5,0,0.0,0,0,no_activation
10000,6,196,5,3,14,20,1,19,19.0,0,11,single_or_few
10000,6,200,2,0,4,2,2,0,0.0,0,0,no_activation
10000,6,203,2,1,4,4,2,2,3.0,1,2,single_or_few
10000,6,204,2,0,2,7,5,2,2.0,0,1,no_activation
10000,6,210,2,0,2,4,4,0,0.0,0,0,no_activation
10000,6,212,4,1,5,13,1,12,12.0,0,4,single_or_few
10000,6,213,5,2,8,17,1,16,17.0,1,6,single_or_few
10000,6,215,2,1,4,5,1,4,6.0,1,2,single_or_few
10000,6,217,4,0,6,7,0,7,7.0,0,3,no_activation
10000,6,218,4,0,6,12,2,10,10.0,0,4,no_activation
10000,6,219,5,0,6,18,5,13,13.0,0,5,no_activation
10000,6,222,2,1,2,2,1,1,1.0,0,1,single_or_few
10000,6,223,2,0,5,6,1,5,5.0,0,3,no_activation
10000,6,224,2,0,2,6,6,0,0.0,0,0,no_activation
10000,6,225,4,0,5,10,2,8,8.0,0,4,no_activation
10000,6,230,4,0,2,5,3,2,2.0,0,1,no_activation
10000,6,231,4,0,2,4,3,1,1.0,0,1,no_activation
10000,7,0,4,1,17,11,0,11,13.0,1,7,single_or_few
10000,7,4,4,8,30,25,1,24,26.0,1,15,repeated_5plus
10000,7,16,4,4,50,54,0,54,58.0,2,29,single_or_few
10000,7,17,3,2,21,11,0,11,13.0,1,7,single_or_few
10000,7,18,5,6,44,48,0,48,50.0,1,26,repeated_5plus
10000,7,20,3,5,43,30,0,30,36.0,3,19,repeated_5plus
10000,7,34,2,0,13,4,1,3,3.0,0,2,no_activation
10000,7,36,3,0,6,1,0,1,1.0,0,1,no_activation
10000,7,39,5,7,50,61,0,61,63.0,1,27,repeated_5plus
10000,7,40,3,0,9,3,0,3,3.0,0,2,no_activation
10000,7,50,5,3,50,55,0,55,55.0,0,30,single_or_few
10000,7,58,2,0,2,0,0,0,0.0,0,0,no_activation
10000,7,93,5,8,50,74,0,74,76.0,1,34,repeated_5plus
10000,7,94,5,6,50,59,0,59,65.0,3,28,repeated_5plus
10000,7,95,5,2,22,18,1,17,17.0,0,13,single_or_few
10000,7,96,5,7,48,56,0,56,60.0,2,26,repeated_5plus
10000,7,100,2,0,3,2,1,1,1.0,0,1,no_activation
10000,7,101,3,1,8,6,4,2,3.0,1,2,single_or_few
10000,7,102,5,4,46,46,1,45,49.0,2,23,single_or_few
10000,7,107,2,0,3,6,3,3,3.0,0,2,no_activation
10000,7,112,5,5,29,31,1,30,33.0,2,17,repeated_5plus
10000,7,115,4,2,44,30,0,30,32.0,1,16,single_or_few
10000,7,116,5,4,42,42,0,42,44.0,1,21,single_or_few
10000,7,117,3,2,7,9,3,6,8.0,1,4,single_or_few
10000,7,120,5,1,5,3,0,3,3.0,0,3,single_or_few
10000,7,121,4,6,41,47,2,45,51.0,3,27,repeated_5plus
10000,7,122,2,0,3,3,2,1,1.0,0,1,no_activation
10000,7,127,4,4,37,41,2,39,39.0,0,22,single_or_few
10000,7,128,3,6,40,41,1,40,44.0,2,24,repeated_5plus
10000,7,130,2,1,8,6,1,5,5.0,0,4,single_or_few
10000,7,133,2,0,3,3,2,1,1.0,0,1,no_activation
10000,7,134,2,0,2,1,1,0,0.0,0,0,no_activation
10000,7,136,2,0,2,2,1,1,1.0,0,1,no_activation
10000,7,138,3,0,6,10,2,8,8.0,0,4,no_activation
10000,7,139,2,0,9,8,2,6,6.0,0,4,no_activation
10000,7,140,2,2,16,14,2,12,14.0,1,8,single_or_few
10000,7,142,2,0,3,1,0,1,1.0,0,1,no_activation
10000,7,146,2,0,6,5,2,3,3.0,0,3,no_activation
10000,7,149,2,0,2,2,2,0,0.0,0,0,no_activation
10000,7,153,4,1,15,16,1,15,16.0,1,9,single_or_few
10000,7,156,2,0,2,3,3,0,0.0,0,0,no_activation
10000,7,157,2,1,4,4,3,1,2.0,1,1,single_or_few
10000,7,158,5,3,33,28,2,26,26.0,0,14,single_or_few
10000,7,160,2,0,3,3,2,1,1.0,0,1,no_activation
10000,7,162,3,6,32,45,4,41,45.0,2,20,repeated_5plus
10000,7,164,2,0,2,7,5,2,2.0,0,1,no_activation
10000,7,166,2,0,3,4,2,2,2.0,0,1,no_activation
10000,7,169,2,1,2,5,3,2,2.0,0,1,single_or_few
10000,7,174,3,0,4,5,3,2,2.0,0,2,no_activation
10000,7,175,2,0,6,8,3,5,5.0,0,3,no_activation
10000,7,179,2,0,4,7,2,5,5.0,0,3,no_activation
10000,7,183,5,3,11,16,2,14,14.0,0,8,single_or_few
10000,7,184,2,0,3,4,3,1,1.0,0,1,no_activation
10000,7,187,5,7,29,52,0,52,60.0,2,18,repeated_5plus
10000,7,188,5,6,29,64,4,60,60.0,0,19,repeated_5plus
10000,7,189,2,0,8,7,3,4,4.0,0,2,no_activation
10000,7,190,2,0,3,4,2,2,2.0,0,1,no_activation
10000,7,191,4,0,7,9,0,9,9.0,0,5,no_activation
10000,7,192,4,0,9,13,2,11,11.0,0,5,no_activation
10000,7,194,2,2,3,4,2,2,3.0,1,1,single_or_few
10000,7,195,4,1,8,17,1,16,16.0,0,7,single_or_few
10000,7,198,5,4,26,25,2,23,25.0,1,10,single_or_few
10000,7,200,2,0,2,4,1,3,3.0,0,1,no_activation
10000,7,202,2,0,5,3,2,1,1.0,0,1,no_activation
10000,7,203,2,0,5,8,5,3,3.0,0,2,no_activation
10000,7,205,2,0,3,4,2,2,2.0,0,1,no_activation
10000,7,206,2,1,3,12,5,7,7.0,0,2,single_or_few
10000,7,211,5,6,23,39,4,35,35.0,0,11,repeated_5plus
10000,7,212,5,1,23,32,2,30,30.0,0,10,single_or_few
10000,7,214,4,1,5,15,6,9,9.0,0,3,single_or_few
10000,7,215,5,5,22,34,5,29,33.0,2,13,repeated_5plus
10000,7,221,2,1,2,4,4,0,0.0,0,0,single_or_few
10000,7,222,3,0,20,16,2,14,14.0,0,6,no_activation
10000,7,223,2,0,2,7,3,4,4.0,0,1,no_activation
10000,7,225,3,2,13,21,1,20,20.0,0,7,single_or_few
10000,7,226,5,2,19,23,2,21,21.0,0,7,single_or_few
10000,7,228,5,1,18,23,3,20,20.0,0,6,single_or_few
10000,7,233,2,0,5,8,5,3,3.0,0,1,no_activation
10000,7,235,4,2,16,16,1,15,15.0,0,5,single_or_few
10000,7,237,2,0,3,5,2,3,3.0,0,2,no_activation
10000,7,249,5,0,14,31,3,28,28.0,0,7,no_activation
10000,7,250,5,2,14,22,3,19,21.0,1,8,single_or_few
10000,7,251,5,2,14,24,2,22,22.0,0,8,single_or_few
10000,7,252,5,1,14,17,8,9,9.0,0,2,single_or_few
10000,7,253,3,0,9,15,2,13,13.0,0,5,no_activation
10000,7,255,2,0,6,9,1,8,8.0,0,3,no_activation
10000,7,257,2,1,4,5,1,4,4.0,0,1,single_or_few
10000,7,259,5,1,11,21,1,20,22.0,1,6,single_or_few
10000,7,260,5,1,7,29,7,22,22.0,0,5,single_or_few
10000,7,266,5,1,10,20,1,19,19.0,0,7,single_or_few
10000,7,267,5,1,9,23,2,21,21.0,0,7,single_or_few
10000,7,268,5,1,8,20,10,10,10.0,0,3,single_or_few
10000,7,270,5,0,8,23,5,18,18.0,0,6,no_activation
10000,7,275,2,0,6,9,7,2,2.0,0,1,no_activation
10000,7,277,2,0,2,6,4,2,2.0,0,1,no_activation
10000,7,278,2,1,2,7,7,0,0.0,0,0,single_or_few
10000,7,281,2,0,2,5,4,1,1.0,0,1,no_activation
10000,7,284,2,0,2,3,3,0,0.0,0,0,no_activation
10000,7,285,2,1,7,9,4,5,6.0,1,2,single_or_few
10000,7,291,4,0,4,13,4,9,9.0,0,3,no_activation
10000,7,292,3,0,4,11,4,7,7.0,0,3,no_activation
10000,7,296,5,0,3,15,6,9,9.0,0,2,no_activation
10000,7,297,3,0,3,12,6,6,6.0,0,2,no_activation
10000,7,298,3,0,2,8,6,2,2.0,0,1,no_activation
10000,7,301,2,0,3,7,3,4,4.0,0,2,no_activation
10000,7,303,2,0,2,7,4,3,3.0,0,1,no_activation
10000,7,306,2,0,2,7,5,2,2.0,0,1,no_activation
10000,8,36,2,2,19,15,0,15,16.0,1,9,single_or_few
10000,8,40,5,5,50,46,0,46,46.0,0,27,repeated_5plus
10000,8,41,5,7,50,50,0,50,52.0,1,29,repeated_5plus
10000,8,49,4,6,50,55,0,55,55.0,0,28,repeated_5plus
10000,8,53,4,6,50,49,0,49,51.0,1,23,repeated_5plus
10000,8,63,4,4,50,47,2,45,47.0,1,27,single_or_few
10000,8,64,5,6,50,55,1,54,56.0,1,32,repeated_5plus
10000,8,65,3,7,45,36,2,34,40.0,2,20,repeated_5plus
10000,8,66,5,4,42,41,0,41,43.0,1,22,single_or_few
10000,8,83,5,8,43,40,0,40,48.0,3,23,repeated_5plus
10000,8,98,2,0,2,0,0,0,0.0,0,0,no_activation
10000,8,101,5,8,50,49,1,48,56.0,4,31,repeated_5plus
10000,8,106,2,0,2,0,0,0,0.0,0,0,no_activation
10000,8,107,5,6,50,55,0,55,59.0,2,28,repeated_5plus
10000,8,108,3,2,13,5,0,5,6.0,1,3,single_or_few
10000,8,113,4,0,3,4,1,3,3.0,0,2,no_activation
10000,8,115,2,0,2,3,2,1,1.0,0,1,no_activation
10000,8,119,5,6,46,42,1,41,45.0,1,24,repeated_5plus
10000,8,121,2,0,7,5,4,1,1.0,0,1,no_activation
10000,8,124,4,1,5,1,0,1,1.0,0,1,single_or_few
10000,8,125,4,7,46,46,0,46,48.0,1,26,repeated_5plus
10000,8,133,2,0,9,8,0,8,8.0,0,6,no_activation
10000,8,135,2,0,2,1,1,0,0.0,0,0,no_activation
10000,8,139,2,0,14,9,2,7,7.0,0,2,no_activation
10000,8,143,4,9,41,53,2,51,55.0,2,25,repeated_5plus
10000,8,145,2,0,5,2,2,0,0.0,0,0,no_activation
10000,8,146,2,0,5,3,2,1,1.0,0,1,no_activation
10000,8,147,2,1,5,6,5,1,1.0,0,1,single_or_few
10000,8,148,2,0,3,4,4,0,0.0,0,0,no_activation
10000,8,149,2,1,3,4,3,1,1.0,1,0,single_or_few
10000,8,153,2,0,3,8,6,2,2.0,0,1,no_activation
10000,8,155,5,6,39,52,2,50,50.0,0,23,repeated_5plus
10000,8,159,2,0,4,4,3,1,1.0,0,1,no_activation
10000,8,161,2,0,3,4,2,2,2.0,0,2,no_activation
10000,8,163,2,0,5,5,3,2,2.0,0,2,no_activation
10000,8,164,2,0,3,4,1,3,3.0,0,1,no_activation
10000,8,167,2,1,6,4,1,3,3.0,0,3,single_or_few
10000,8,172,2,0,2,3,2,1,1.0,0,1,no_activation
10000,8,174,3,1,5,8,2,6,6.0,0,2,single_or_few
10000,8,175,4,4,34,26,3,23,27.0,2,12,single_or_few
10000,8,177,2,0,2,2,2,0,0.0,0,0,no_activation
10000,8,180,2,1,2,3,2,1,1.0,1,0,single_or_few
10000,8,184,3,4,32,20,0,20,26.0,2,12,single_or_few
10000,8,186,2,0,4,6,0,6,6.0,0,3,no_activation
10000,8,189,2,0,3,5,4,1,1.0,0,1,no_activation
10000,8,190,4,2,31,30,1,29,31.0,1,13,single_or_few
10000,8,191,5,3,30,34,2,32,32.0,0,17,single_or_few
10000,8,192,3,0,3,3,2,1,1.0,0,1,no_activation
10000,8,196,5,3,29,42,2,40,42.0,1,20,single_or_few
10000,8,197,5,6,29,44,3,41,44.0,2,16,repeated_5plus
10000,8,198,5,3,29,29,4,25,25.0,0,13,single_or_few
10000,8,199,3,4,21,30,4,26,32.0,3,11,single_or_few
10000,8,200,2,0,2,5,4,1,1.0,0,1,no_activation
10000,8,205,2,0,4,4,3,1,1.0,0,1,no_activation
10000,8,213,2,0,4,4,3,1,1.0,0,1,no_activation
10000,8,217,2,0,2,3,3,0,0.0,0,0,no_activation
10000,8,218,2,0,2,2,2,0,0.0,0,0,no_activation
10000,8,223,2,0,4,8,5,3,3.0,0,1,no_activation
10000,8,231,2,2,3,4,3,1,2.0,1,1,single_or_few
10000,8,236,5,1,21,18,9,9,9.0,0,5,single_or_few
10000,8,237,4,3,21,26,2,24,26.0,1,8,single_or_few
10000,8,238,2,0,5,5,2,3,3.0,0,2,no_activation
10000,8,239,2,1,7,7,2,5,5.0,0,4,single_or_few
10000,8,243,2,2,5,13,3,10,10.0,0,4,single_or_few
10000,8,244,3,1,12,16,3,13,15.0,1,7,single_or_few
10000,8,245,4,0,4,15,0,15,15.0,0,3,no_activation
10000,8,246,5,3,19,41,5,36,37.0,1,12,single_or_few
10000,8,254,5,2,17,23,2,21,21.0,0,9,single_or_few
10000,8,259,5,2,14,28,3,25,27.0,1,10,single_or_few
10000,8,262,2,0,8,8,6,2,2.0,0,1,no_activation
10000,8,268,5,1,11,31,2,29,29.0,0,10,single_or_few
10000,8,269,3,2,9,18,2,16,16.0,0,7,single_or_few
10000,8,274,2,0,2,6,3,3,3.0,0,1,no_activation
10000,8,276,5,0,6,14,6,8,8.0,0,5,no_activation
10000,8,278,2,0,4,7,3,4,4.0,0,3,no_activation
10000,8,280,2,0,3,7,5,2,2.0,0,1,no_activation
10000,8,286,5,0,3,12,8,4,4.0,0,1,no_activation
10000,8,287,3,0,3,7,5,2,2.0,0,2,no_activation
10000,8,289,2,0,3,9,5,4,4.0,0,2,no_activation
10000,8,291,2,0,2,4,2,2,2.0,0,1,no_activation
10000,8,292,2,0,2,9,6,3,3.0,0,1,no_activation
10000,8,293,2,0,2,2,2,0,0.0,0,0,no_activation
10000,8,295,2,0,2,8,6,2,2.0,0,1,no_activation
10000,8,297,2,0,2,6,4,2,2.0,0,1,no_activation
10000,9,10,4,1,22,19,0,19,19.0,0,10,single_or_few
10000,9,20,2,0,7,3,0,3,3.0,0,1,no_activation
10000,9,36,5,5,50,57,0,57,59.0,1,30,repeated_5plus
10000,9,38,4,4,24,13,1,12,16.0,2,11,single_or_few
10000,9,47,4,5,35,31,1,30,33.0,2,21,repeated_5plus
10000,9,60,2,0,22,11,0,11,11.0,0,9,no_activation
10000,9,62,5,2,13,15,1,14,16.0,1,7,single_or_few
10000,9,63,2,0,2,0,0,0,0.0,0,0,no_activation
10000,9,65,3,9,33,24,1,23,29.0,2,16,repeated_5plus
10000,9,66,5,4,50,49,3,46,50.0,2,24,single_or_few
10000,9,72,5,7,50,54,2,52,54.0,1,24,repeated_5plus
10000,9,77,5,7,50,78,1,77,79.0,1,36,repeated_5plus
10000,9,78,4,7,50,56,1,55,57.0,1,28,repeated_5plus
10000,9,79,5,6,50,54,0,54,54.0,0,22,repeated_5plus
10000,9,80,2,2,15,6,1,5,5.0,0,3,single_or_few
10000,9,81,2,0,2,1,1,0,0.0,0,0,no_activation
10000,9,84,2,0,5,0,0,0,0.0,0,0,no_activation
10000,9,94,2,0,4,2,0,2,2.0,0,1,no_activation
10000,9,98,5,11,50,63,0,63,69.0,2,29,repeated_5plus
10000,9,99,3,0,2,4,2,2,2.0,0,1,no_activation
10000,9,100,3,0,15,11,1,10,10.0,0,6,no_activation
10000,9,101,2,0,8,3,0,3,3.0,0,2,no_activation
10000,9,106,2,0,2,3,3,0,0.0,0,0,no_activation
10000,9,113,2,0,2,3,3,0,0.0,0,0,no_activation
10000,9,117,5,9,48,67,2,65,66.0,1,28,repeated_5plus
10000,9,118,5,7,47,45,0,45,45.0,0,22,repeated_5plus
10000,9,119,2,0,3,4,3,1,1.0,0,1,no_activation
10000,9,122,2,0,2,1,0,1,1.0,0,1,no_activation
10000,9,123,2,0,5,1,0,1,1.0,0,1,no_activation
10000,9,124,2,2,3,3,3,0,0.0,0,0,single_or_few
10000,9,126,2,1,3,2,2,0,0.0,0,0,single_or_few
10000,9,131,2,0,3,1,1,0,0.0,0,0,no_activation
10000,9,132,5,9,46,63,0,63,67.0,2,26,repeated_5plus
10000,9,133,2,0,10,8,1,7,7.0,0,6,no_activation
10000,9,143,2,0,3,4,2,2,2.0,0,2,no_activation
10000,9,146,2,0,2,5,2,3,3.0,0,1,no_activation
10000,9,149,5,2,9,14,4,10,10.0,0,8,single_or_few
10000,9,151,2,1,15,8,2,6,6.0,0,4,single_or_few
10000,9,157,2,0,6,6,3,3,3.0,0,3,no_activation
10000,9,161,2,1,3,3,2,1,1.0,0,1,single_or_few
10000,9,162,2,1,5,6,3,3,3.0,0,2,single_or_few
10000,9,163,2,0,5,7,4,3,3.0,0,2,no_activation
10000,9,164,2,0,2,2,2,0,0.0,0,0,no_activation
10000,9,167,4,4,14,15,2,13,15.0,2,8,single_or_few
10000,9,168,2,1,2,2,2,0,0.0,0,0,single_or_few
10000,9,172,2,2,12,7,1,6,7.0,1,4,single_or_few
10000,9,174,2,0,3,5,3,2,2.0,0,2,no_activation
10000,9,175,2,0,2,3,2,1,1.0,0,1,no_activation
10000,9,178,2,0,3,6,5,1,1.0,0,1,no_activation
10000,9,182,2,1,4,4,4,0,0.0,0,0,single_or_few
10000,9,184,2,0,3,6,5,1,1.0,0,1,no_activation
10000,9,185,2,0,2,4,4,0,0.0,0,0,no_activation
10000,9,188,2,0,5,7,3,4,4.0,0,2,no_activation
10000,9,191,4,4,35,33,3,30,34.0,1,13,single_or_few
10000,9,193,2,0,2,2,1,1,1.0,0,1,no_activation
10000,9,197,3,1,9,12,1,11,11.0,0,6,single_or_few
10000,9,198,5,7,32,61,6,55,55.0,0,21,repeated_5plus
10000,9,200,2,0,5,7,1,6,6.0,0,4,no_activation
10000,9,201,5,5,30,52,2,50,56.0,2,19,repeated_5plus
10000,9,202,3,0,3,8,5,3,3.0,0,2,no_activation
10000,9,203,2,2,14,11,1,10,10.0,0,8,single_or_few
10000,9,209,2,1,4,4,2,2,2.0,0,2,single_or_few
10000,9,211,2,1,3,8,4,4,4.0,0,1,single_or_few
10000,9,213,5,4,28,33,3,30,34.0,1,10,single_or_few
10000,9,214,5,0,4,12,6,6,6.0,0,3,no_activation
10000,9,215,5,2,28,35,1,34,34.0,0,12,single_or_few
10000,9,216,2,2,5,10,4,6,6.0,0,2,single_or_few
10000,9,218,2,0,2,2,2,0,0.0,0,0,no_activation
10000,9,221,2,1,2,4,2,2,2.0,0,1,single_or_few
10000,9,224,2,1,4,6,2,4,4.0,0,3,single_or_few
10000,9,226,5,3,26,27,2,25,25.0,0,8,single_or_few
10000,9,228,5,0,6,13,3,10,10.0,0,3,no_activation
10000,9,230,5,1,24,31,3,28,28.0,0,9,single_or_few
10000,9,232,5,1,24,26,5,21,23.0,1,8,single_or_few
10000,9,233,5,5,24,39,3,36,36.0,0,14,repeated_5plus
10000,9,234,5,3,23,31,3,28,30.0,1,9,single_or_few
10000,9,235,5,1,23,25,3,22,22.0,0,7,single_or_few
10000,9,238,5,2,21,27,3,24,24.0,0,6,single_or_few
10000,9,239,4,2,21,23,4,19,21.0,1,8,single_or_few
10000,9,242,2,0,3,5,4,1,1.0,0,1,no_activation
10000,9,243,2,1,2,1,0,1,1.0,0,1,single_or_few
10000,9,249,4,1,8,22,1,21,21.0,0,5,single_or_few
10000,9,250,5,2,20,26,1,25,25.0,0,9,single_or_few
10000,9,251,5,2,20,23,4,19,19.0,0,7,single_or_few
10000,9,252,5,5,20,30,6,24,28.0,2,9,repeated_5plus
10000,9,257,2,0,2,9,6,3,3.0,0,1,no_activation
10000,9,260,5,2,18,24,6,18,20.0,1,7,single_or_few
10000,9,261,3,1,13,18,9,9,9.0,0,5,single_or_few
10000,9,262,3,0,18,16,2,14,14.0,0,5,no_activation
10000,9,268,2,1,6,9,6,3,3.0,0,1,single_or_few
10000,9,275,2,1,3,5,1,4,4.0,0,1,single_or_few
10000,9,279,2,0,2,5,2,3,3.0,0,1,no_activation
10000,9,280,2,0,2,5,3,2,2.0,0,1,no_activation
10000,9,284,5,2,13,26,7,19,19.0,0,9,single_or_few
10000,9,285,2,0,2,2,2,0,0.0,0,0,no_activation
10000,9,286,5,1,12,19,3,16,16.0,0,5,single_or_few
10000,9,288,2,0,3,3,3,0,0.0,0,0,no_activation
10000,9,289,5,1,10,27,6,21,21.0,0,7,single_or_few
10000,9,290,5,0,9,19,7,12,12.0,0,4,no_activation
10000,9,291,4,0,8,16,5,11,11.0,0,4,no_activation
10000,9,297,5,0,4,17,5,12,12.0,0,2,no_activation
10000,9,300,2,0,2,8,4,4,4.0,0,1,no_activation
10000,9,301,5,0,3,10,5,5,5.0,0,2,no_activation
10000,10,0,4,7,50,52,0,52,52.0,0,28,repeated_5plus
10000,10,1,5,4,50,46,1,45,45.0,0,25,single_or_few
10000,10,7,5,6,39,34,0,34,35.0,1,20,repeated_5plus
10000,10,28,5,1,50,35,0,35,35.0,0,19,single_or_few
10000,10,36,5,10,50,65,1,64,70.0,3,32,repeated_5plus
10000,10,48,5,0,2,1,1,0,0.0,0,0,no_activation
10000,10,49,5,2,50,44,0,44,44.0,0,25,single_or_few
10000,10,58,4,0,3,1,0,1,1.0,0,1,no_activation
10000,10,59,3,0,4,0,0,0,0.0,0,0,no_activation
10000,10,62,5,9,50,69,0,69,71.0,1,32,repeated_5plus
10000,10,63,5,8,50,58,1,57,57.0,0,30,repeated_5plus
10000,10,66,2,0,3,2,2,0,0.0,0,0,no_activation
10000,10,69,2,0,2,2,2,0,0.0,0,0,no_activation
10000,10,71,4,1,48,28,0,28,28.0,0,17,single_or_few
10000,10,72,3,4,48,34,0,34,35.0,1,19,single_or_few
10000,10,73,3,2,24,14,2,12,12.0,0,10,single_or_few
10000,10,74,4,5,48,46,0,46,48.0,1,26,repeated_5plus
10000,10,76,2,0,3,2,2,0,0.0,0,0,no_activation
10000,10,77,2,1,2,3,3,0,0.0,0,0,single_or_few
10000,10,78,2,0,2,2,2,0,0.0,0,0,no_activation
10000,10,82,2,1,5,5,4,1,2.0,1,1,single_or_few
10000,10,87,5,2,14,13,0,13,13.0,0,7,single_or_few
10000,10,90,4,0,7,3,0,3,3.0,0,3,no_activation
10000,10,94,2,1,2,4,3,1,1.0,0,1,single_or_few
10000,10,95,5,11,41,56,4,52,62.0,4,27,repeated_5plus
10000,10,96,4,8,41,47,2,45,49.0,1,24,repeated_5plus
10000,10,97,4,5,41,55,2,53,53.0,0,27,repeated_5plus
10000,10,100,2,0,4,3,3,0,0.0,0,0,no_activation
10000,10,103,2,0,5,4,3,1,1.0,0,1,no_activation
10000,10,105,2,0,2,2,2,0,0.0,0,0,no_activation
10000,10,106,2,0,3,3,3,0,0.0,0,0,no_activation
10000,10,113,5,1,8,6,1,5,5.0,0,3,single_or_few
10000,10,114,5,3,39,28,0,28,28.0,0,17,single_or_few
10000,10,115,5,6,39,57,1,56,58.0,1,28,repeated_5plus
10000,10,118,5,4,38,47,4,43,43.0,0,22,single_or_few
10000,10,127,3,0,2,0,0,0,0.0,0,0,no_activation
10000,10,128,5,1,7,9,4,5,5.0,0,3,single_or_few
10000,10,129,3,1,8,12,2,10,10.0,0,5,single_or_few
10000,10,130,4,6,34,41,1,40,46.0,2,19,repeated_5plus
10000,10,132,5,4,32,41,5,36,38.0,1,16,single_or_few
10000,10,133,2,0,8,8,1,7,7.0,0,5,no_activation
10000,10,136,2,2,2,0,0,0,0.0,0,0,single_or_few
10000,10,137,4,2,4,10,3,7,7.0,0,3,single_or_few
10000,10,138,5,3,31,32,1,31,33.0,1,16,single_or_few
10000,10,142,5,4,31,48,3,45,47.0,1,19,single_or_few
10000,10,146,4,2,14,20,4,16,18.0,1,7,single_or_few
10000,10,147,3,0,3,2,0,2,2.0,0,2,no_activation
10000,10,149,2,0,2,5,4,1,1.0,0,1,no_activation
10000,10,152,2,1,4,1,0,1,1.0,1,0,single_or_few
10000,10,155,2,1,2,3,3,0,0.0,0,0,single_or_few
10000,10,157,4,5,26,31,5,26,28.0,1,13,repeated_5plus
10000,10,159,2,0,3,4,2,2,2.0,0,2,no_activation
10000,10,161,2,3,8,11,2,9,9.0,0,6,single_or_few
10000,10,166,2,0,2,1,0,1,1.0,0,1,no_activation
10000,10,168,4,1,6,12,6,6,6.0,0,4,single_or_few
10000,10,169,2,0,2,3,3,0,0.0,0,0,no_activation
10000,10,170,4,6,23,39,3,36,39.0,2,17,repeated_5plus
10000,10,171,2,0,14,10,0,10,10.0,0,6,no_activation
10000,10,175,2,0,2,4,4,0,0.0,0,0,no_activation
10000,10,176,2,0,5,7,3,4,4.0,0,3,no_activation
10000,10,178,2,0,3,5,2,3,3.0,0,2,no_activation
10000,10,179,2,0,2,5,3,2,2.0,0,1,no_activation
10000,10,181,2,0,3,7,3,4,4.0,0,2,no_activation
10000,10,187,4,0,9,14,2,12,12.0,0,4,no_activation
10000,10,188,5,2,16,29,1,28,28.0,0,12,single_or_few
10000,10,189,4,1,16,20,3,17,17.0,0,4,single_or_few
10000,10,190,2,1,7,7,3,4,4.0,0,2,single_or_few
10000,10,196,2,0,2,6,3,3,3.0,0,1,no_activation
10000,10,198,2,0,2,2,1,1,1.0,0,1,no_activation
10000,10,206,2,1,3,4,2,2,2.0,0,1,single_or_few
10000,10,210,2,0,3,7,6,1,1.0,0,1,no_activation
10000,10,214,2,0,2,7,4,3,3.0,0,1,no_activation
10000,10,217,2,0,5,9,3,6,6.0,0,2,no_activation
10000,10,219,5,2,13,26,5,21,23.0,1,8,single_or_few
10000,10,220,3,1,13,14,0,14,14.0,0,6,single_or_few
10000,10,221,3,0,7,9,0,9,9.0,0,3,no_activation
10000,10,222,2,0,3,7,3,4,4.0,0,2,no_activation
10000,10,223,5,0,4,16,9,7,7.0,0,2,no_activation
10000,10,224,5,1,12,24,0,24,24.0,0,7,single_or_few
10000,10,225,2,1,11,16,1,15,15.0,0,8,single_or_few
10000,10,229,4,1,7,18,10,8,8.0,0,5,single_or_few
10000,10,230,2,0,3,8,4,4,4.0,0,2,no_activation
10000,10,231,2,0,5,10,4,6,6.0,0,2,no_activation
10000,10,234,2,0,2,3,3,0,0.0,0,0,no_activation
10000,10,235,5,1,9,18,4,14,15.0,1,5,single_or_few
10000,10,236,4,0,9,16,5,11,11.0,0,4,no_activation
10000,10,238,2,0,2,4,4,0,0.0,0,0,no_activation
10000,10,239,2,1,4,8,4,4,4.0,0,2,single_or_few
10000,10,252,2,1,7,11,4,7,8.0,1,3,single_or_few
10000,10,254,4,0,6,16,2,14,14.0,0,4,no_activation
10000,10,256,5,0,6,21,0,21,21.0,0,4,no_activation
10000,10,257,4,0,6,15,2,13,13.0,0,5,no_activation
10000,10,258,3,0,3,4,2,2,2.0,0,2,no_activation
10000,10,260,5,0,5,24,4,20,20.0,0,4,no_activation
10000,10,262,2,0,5,7,4,3,3.0,0,2,no_activation
10000,10,263,2,0,5,8,3,5,5.0,0,3,no_activation
10000,10,268,2,0,3,7,3,4,4.0,0,2,no_activation
10000,10,270,2,0,3,2,1,1,1.0,0,1,no_activation
10000,10,273,3,0,3,8,7,1,1.0,0,1,no_activation
10000,10,274,3,0,2,5,5,0,0.0,0,0,no_activation
10000,10,275,4,0,2,10,6,4,4.0,0,1,no_activation
10000,10,276,3,0,2,6,4,2,2.0,0,1,no_activation
10000,10,277,3,0,2,7,2,5,5.0,0,1,no_activation
10000,10,282,2,0,2,5,5,0,0.0,0,0,no_activation
10000,10,283,2,0,2,7,5,2,2.0,0,1,no_activation
10000,11,0,4,6,50,38,0,38,44.0,3,24,repeated_5plus
10000,11,9,2,3,18,9,1,8,8.0,0,6,single_or_few
10000,11,10,3,0,12,4,0,4,4.0,0,4,no_activation
10000,11,11,4,6,50,46,1,45,49.0,2,28,repeated_5plus
10000,11,12,5,5,50,49,2,47,49.0,1,24,repeated_5plus
10000,11,13,3,2,31,14,0,14,18.0,1,10,single_or_few
10000,11,35,5,10,50,71,1,70,72.0,1,34,repeated_5plus
10000,11,48,4,6,39,40,1,39,41.0,1,23,repeated_5plus
10000,11,49,5,3,19,17,1,16,17.0,1,12,single_or_few
10000,11,61,5,4,50,56,1,55,55.0,0,31,single_or_few
10000,11,66,4,4,45,42,1,41,43.0,1,22,single_or_few
10000,11,68,5,8,50,65,0,65,71.0,3,35,repeated_5plus
10000,11,73,2,0,3,2,2,0,0.0,0,0,no_activation
10000,11,82,5,3,34,41,0,41,41.0,0,21,single_or_few
10000,11,83,5,8,50,57,0,57,65.0,2,30,repeated_5plus
10000,11,84,3,6,28,10,0,10,11.0,1,9,repeated_5plus
10000,11,94,5,1,15,18,2,16,16.0,0,10,single_or_few
10000,11,99,2,0,6,3,0,3,3.0,0,2,no_activation
10000,11,100,2,0,4,2,0,2,2.0,0,1,no_activation
10000,11,102,2,0,5,4,2,2,2.0,0,1,no_activation
10000,11,104,5,7,49,57,0,57,59.0,1,30,repeated_5plus
10000,11,106,2,0,2,3,3,0,0.0,0,0,no_activation
10000,11,107,2,0,6,4,3,1,1.0,0,1,no_activation
10000,11,108,3,0,7,4,1,3,3.0,0,2,no_activation
10000,11,112,2,1,11,5,2,3,3.0,0,2,single_or_few
10000,11,113,2,0,3,2,2,0,0.0,0,0,no_activation
10000,11,117,2,0,2,2,2,0,0.0,0,0,no_activation
10000,11,121,2,0,8,3,0,3,3.0,0,3,no_activation
10000,11,124,2,0,2,1,1,0,0.0,0,0,no_activation
10000,11,126,2,1,2,5,3,2,2.0,0,1,single_or_few
10000,11,127,4,7,44,52,1,51,57.0,2,30,repeated_5plus
10000,11,129,2,0,7,4,1,3,3.0,0,1,no_activation
10000,11,130,5,0,5,9,2,7,7.0,0,4,no_activation
10000,11,131,2,0,3,6,3,3,3.0,0,1,no_activation
10000,11,133,2,0,2,2,2,0,0.0,0,0,no_activation
10000,11,135,2,0,2,3,3,0,0.0,0,0,no_activation
10000,11,138,2,0,2,6,6,0,0.0,0,0,no_activation
10000,11,140,2,1,2,3,2,1,1.0,0,1,single_or_few
10000,11,142,2,0,2,3,3,0,0.0,0,0,no_activation
10000,11,144,4,2,41,33,1,32,32.0,0,15,single_or_few
10000,11,145,3,7,39,36,0,36,42.0,3,24,repeated_5plus
10000,11,146,3,0,2,3,1,2,2.0,0,1,no_activation
10000,11,153,5,8,40,63,0,63,65.0,1,30,repeated_5plus
10000,11,154,5,8,40,49,1,48,56.0,4,23,repeated_5plus
10000,11,155,2,0,2,2,2,0,0.0,0,0,no_activation
10000,11,157,2,0,3,5,2,3,3.0,0,2,no_activation
10000,11,158,2,0,3,4,2,2,2.0,0,1,no_activation
10000,11,160,2,0,4,5,2,3,3.0,0,2,no_activation
10000,11,164,2,0,2,1,1,0,0.0,0,0,no_activation
10000,11,165,2,0,3,2,2,0,0.0,0,0,no_activation
10000,11,166,4,6,38,51,1,50,52.0,1,25,repeated_5plus
10000,11,167,5,2,27,35,2,33,35.0,1,14,single_or_few
10000,11,171,5,3,36,38,0,38,40.0,1,21,single_or_few
10000,11,172,5,0,3,3,3,0,0.0,0,0,no_activation
10000,11,173,2,0,2,3,3,0,0.0,0,0,no_activation
10000,11,175,3,2,34,24,1,23,23.0,0,13,single_or_few
10000,11,182,2,0,2,1,1,0,0.0,0,0,no_activation
10000,11,184,2,0,3,4,1,3,3.0,0,2,no_activation
10000,11,186,2,0,2,3,1,2,2.0,0,1,no_activation
10000,11,189,2,0,2,4,4,0,0.0,0,0,no_activation
10000,11,190,2,0,5,4,3,1,1.0,0,1,no_activation
10000,11,191,2,0,5,7,4,3,3.0,0,3,no_activation
10000,11,195,5,3,27,29,3,26,28.0,1,12,single_or_few
10000,11,197,2,0,2,4,2,2,2.0,0,1,no_activation
10000,11,204,3,0,5,4,2,2,2.0,0,2,no_activation
10000,11,209,5,3,18,26,4,22,22.0,0,10,single_or_few
10000,11,211,5,3,24,35,2,33,35.0,1,9,single_or_few
10000,11,212,3,0,6,4,1,3,3.0,0,2,no_activation
10000,11,214,3,1,4,5,1,4,4.0,0,2,single_or_few
10000,11,215,2,0,2,5,3,2,2.0,0,1,no_activation
10000,11,216,2,0,11,8,4,4,4.0,0,1,no_activation
10000,11,220,4,2,13,19,3,16,18.0,1,7,single_or_few
10000,11,226,2,0,7,10,1,9,9.0,0,5,no_activation
10000,11,231,2,0,3,8,5,3,3.0,0,2,no_activation
10000,11,232,2,0,2,2,2,0,0.0,0,0,no_activation
10000,11,234,5,2,21,33,1,32,36.0,1,10,single_or_few
10000,11,235,5,2,20,28,0,28,30.0,1,11,single_or_few
10000,11,240,5,2,19,25,5,20,20.0,0,9,single_or_few
10000,11,241,3,1,19,17,1,16,16.0,0,9,single_or_few
10000,11,242,3,1,18,22,1,21,23.0,1,11,single_or_few
10000,11,244,5,2,17,28,2,26,26.0,0,9,single_or_few
10000,11,245,2,1,3,6,3,3,3.0,0,1,single_or_few
10000,11,247,3,0,6,5,1,4,4.0,0,4,no_activation
10000,11,248,2,0,2,4,3,1,1.0,0,1,no_activation
10000,11,250,2,0,5,8,6,2,2.0,0,1,no_activation
10000,11,251,4,2,13,25,5,20,20.0,0,9,single_or_few
10000,11,252,4,1,13,18,9,9,11.0,1,4,single_or_few
10000,11,253,5,1,11,19,4,15,17.0,1,6,single_or_few
10000,11,254,2,0,2,4,3,1,1.0,0,1,no_activation
10000,11,255,2,0,2,4,3,1,1.0,0,1,no_activation
10000,11,256,2,0,2,3,2,1,1.0,0,1,no_activation
10000,11,258,2,0,4,9,2,7,7.0,0,3,no_activation
10000,11,266,2,0,4,8,1,7,7.0,0,2,no_activation
10000,11,269,4,1,8,26,3,23,23.0,0,7,single_or_few
10000,11,271,3,1,7,12,5,7,8.0,1,4,single_or_few
10000,11,274,2,0,2,4,2,2,2.0,0,1,no_activation
10000,11,279,2,1,4,10,6,4,4.0,0,2,single_or_few
10000,11,280,2,0,2,3,2,1,1.0,0,1,no_activation
10000,11,282,2,0,2,5,5,0,0.0,0,0,no_activation
10000,11,285,3,0,2,4,1,3,3.0,0,1,no_activation
10000,11,286,2,0,2,4,4,0,0.0,0,0,no_activation
10000,11,294,2,0,5,8,4,4,4.0,0,3,no_activation
10000,11,295,5,0,5,19,3,16,16.0,0,4,no_activation
10000,11,296,4,0,4,14,7,7,7.0,0,2,no_activation
10000,11,297,3,0,2,6,0,6,6.0,0,1,no_activation
10000,11,298,5,0,2,7,6,1,1.0,0,1,no_activation
10000,11,299,4,0,2,10,6,4,4.0,0,1,no_activation
10000,12,10,2,0,21,4,0,4,4.0,0,3,no_activation
10000,12,18,4,7,31,29,0,29,33.0,2,18,repeated_5plus
10000,12,22,4,6,47,48,0,48,50.0,1,29,repeated_5plus
10000,12,33,5,8,50,66,1,65,67.0,1,32,repeated_5plus
10000,12,36,5,8,50,49,0,49,53.0,2,27,repeated_5plus
10000,12,37,5,9,50,69,0,69,75.0,3,30,repeated_5plus
10000,12,52,5,6,50,52,0,52,54.0,1,30,repeated_5plus
10000,12,57,5,7,50,63,1,62,64.0,1,31,repeated_5plus
10000,12,59,3,6,49,36,1,35,39.0,2,21,repeated_5plus
10000,12,72,3,1,19,8,1,7,7.0,0,5,single_or_few
10000,12,74,5,0,2,1,0,1,1.0,0,1,no_activation
10000,12,86,4,7,50,52,1,51,55.0,2,30,repeated_5plus
10000,12,114,2,0,3,0,0,0,0.0,0,0,no_activation
10000,12,117,2,0,4,1,0,1,1.0,0,1,no_activation
10000,12,121,5,6,50,54,0,54,56.0,1,28,repeated_5plus
10000,12,125,2,0,2,3,3,0,0.0,0,0,no_activation
10000,12,126,2,0,7,3,2,1,1.0,0,1,no_activation
10000,12,127,2,1,13,6,2,4,4.0,0,3,single_or_few
10000,12,131,2,0,3,2,1,1,1.0,0,1,no_activation
10000,12,133,5,2,16,13,2,11,13.0,1,6,single_or_few
10000,12,135,2,0,3,4,3,1,1.0,0,1,no_activation
10000,12,136,2,0,3,1,1,0,0.0,0,0,no_activation
10000,12,144,4,4,22,20,0,20,21.0,1,12,single_or_few
10000,12,145,5,4,14,10,1,9,9.0,0,6,single_or_few
10000,12,146,4,1,16,10,1,9,9.0,0,7,single_or_few
10000,12,147,3,0,3,3,3,0,0.0,0,0,no_activation
10000,12,149,2,0,5,3,1,2,2.0,0,2,no_activation
10000,12,155,2,0,5,3,0,3,3.0,0,2,no_activation
10000,12,162,2,1,3,3,2,1,1.0,1,0,single_or_few
10000,12,163,5,8,45,54,3,51,57.0,3,25,repeated_5plus
10000,12,165,2,1,4,1,1,0,0.0,0,0,single_or_few
10000,12,166,3,5,32,28,1,27,33.0,2,18,repeated_5plus
10000,12,170,2,0,3,4,3,1,1.0,0,1,no_activation
10000,12,172,2,0,2,3,2,1,1.0,0,1,no_activation
10000,12,177,4,0,2,4,4,0,0.0,0,0,no_activation
10000,12,183,5,10,41,62,3,59,61.0,1,25,repeated_5plus
10000,12,188,2,1,4,3,2,1,1.0,0,1,single_or_few
10000,12,189,3,0,2,2,0,2,2.0,0,1,no_activation
10000,12,190,5,9,38,64,1,63,63.0,0,25,repeated_5plus
10000,12,192,4,5,37,51,0,51,51.0,0,25,repeated_5plus
10000,12,195,5,2,37,32,4,28,28.0,0,14,single_or_few
10000,12,200,2,0,4,6,3,3,3.0,0,2,no_activation
10000,12,204,2,0,4,2,1,1,1.0,0,1,no_activation
10000,12,208,3,2,9,15,0,15,15.0,0,5,single_or_few
10000,12,211,2,0,2,4,2,2,2.0,0,1,no_activation
10000,12,212,5,4,32,41,3,38,42.0,2,16,single_or_few
10000,12,214,3,1,6,5,1,4,4.0,0,3,single_or_few
10000,12,216,2,1,10,6,2,4,4.0,0,4,single_or_few
10000,12,217,5,8,30,52,2,50,56.0,3,20,repeated_5plus
10000,12,218,5,3,30,42,2,40,40.0,0,16,single_or_few
10000,12,219,2,0,2,5,5,0,0.0,0,0,no_activation
10000,12,220,2,1,2,2,2,0,0.0,0,0,single_or_few
10000,12,223,2,0,5,6,3,3,3.0,0,3,no_activation
10000,12,225,2,0,8,9,3,6,6.0,0,3,no_activation
10000,12,226,2,1,5,9,4,5,5.0,0,3,single_or_few
10000,12,228,2,0,2,2,2,0,0.0,0,0,no_activation
10000,12,230,3,0,8,11,3,8,8.0,0,4,no_activation
10000,12,232,3,0,2,6,6,0,0.0,0,0,no_activation
10000,12,233,2,1,5,5,3,2,2.0,0,1,single_or_few
10000,12,239,2,0,2,5,2,3,3.0,0,1,no_activation
10000,12,241,2,0,4,5,1,4,4.0,0,3,no_activation
10000,12,245,4,1,2,5,3,2,2.0,0,1,single_or_few
10000,12,247,2,1,4,5,2,3,3.0,0,3,single_or_few
10000,12,252,4,3,24,31,4,27,27.0,0,13,single_or_few
10000,12,253,5,6,24,44,4,40,40.0,0,16,repeated_5plus
10000,12,254,2,0,2,5,3,2,2.0,0,1,no_activation
10000,12,255,2,0,18,8,2,6,6.0,0,5,no_activation
10000,12,256,2,0,2,4,4,0,0.0,0,0,no_activation
10000,12,262,4,5,22,47,3,44,44.0,0,16,repeated_5plus
10000,12,264,2,3,9,6,2,4,4.0,0,3,single_or_few
10000,12,268,2,0,3,5,1,4,4.0,0,2,no_activation
10000,12,270,5,3,21,30,3,27,27.0,0,10,single_or_few
10000,12,271,4,3,21,33,2,31,33.0,1,9,single_or_few
10000,12,272,2,0,2,1,1,0,0.0,0,0,no_activation
10000,12,274,2,0,2,4,2,2,2.0,0,1,no_activation
10000,12,281,5,1,17,18,7,11,13.0,1,8,single_or_few
10000,12,283,2,1,3,5,3,2,2.0,0,1,single_or_few
10000,12,285,2,0,2,0,0,0,0.0,0,0,no_activation
10000,12,287,3,1,8,16,3,13,14.0,1,6,single_or_few
10000,12,288,2,0,7,9,2,7,7.0,0,2,no_activation
10000,12,289,5,2,13,22,3,19,21.0,1,5,single_or_few
10000,12,291,2,0,3,3,1,2,2.0,0,2,no_activation
10000,12,293,2,0,5,7,2,5,5.0,0,3,no_activation
10000,12,294,2,0,10,8,4,4,4.0,0,2,no_activation
10000,12,297,5,1,11,20,5,15,15.0,0,4,single_or_few
10000,12,299,2,0,9,8,4,4,4.0,0,2,no_activation
10000,12,302,5,0,6,17,2,15,15.0,0,4,no_activation
10000,12,303,4,0,9,22,0,22,22.0,0,8,no_activation
10000,12,307,5,1,7,25,2,23,23.0,0,6,single_or_few
10000,12,312,2,0,4,9,9,0,0.0,0,0,no_activation
10000,12,313,2,0,2,3,3,0,0.0,0,0,no_activation
10000,12,321,2,0,2,4,2,2,2.0,0,1,no_activation
10000,12,322,2,0,5,8,3,5,5.0,0,3,no_activation
10000,12,324,4,1,4,22,9,13,13.0,0,3,single_or_few
10000,12,327,2,0,4,8,4,4,4.0,0,2,no_activation
10000,12,328,2,0,4,5,4,1,1.0,0,1,no_activation
10000,12,329,2,0,4,6,5,1,1.0,0,1,no_activation
10000,12,332,5,0,3,18,7,11,11.0,0,2,no_activation
10000,12,333,4,0,3,13,6,7,7.0,0,2,no_activation
10000,12,337,2,0,3,8,7,1,1.0,0,1,no_activation
10000,12,338,2,0,2,8,6,2,2.0,0,1,no_activation
10000,13,0,2,0,9,2,0,2,2.0,0,2,no_activation
10000,13,6,5,1,50,34,0,34,36.0,1,18,single_or_few
10000,13,9,4,3,31,26,0,26,28.0,1,17,single_or_few
10000,13,26,4,3,50,39,0,39,39.0,0,28,single_or_few
10000,13,35,5,6,50,61,1,60,62.0,1,32,repeated_5plus
10000,13,41,5,10,50,55,2,53,59.0,3,32,repeated_5plus
10000,13,42,4,5,45,38,0,38,44.0,2,29,repeated_5plus
10000,13,43,5,5,45,39,0,39,39.0,0,22,repeated_5plus
10000,13,48,5,5,50,64,0,64,66.0,1,38,repeated_5plus
10000,13,49,4,6,50,56,1,55,59.0,2,29,repeated_5plus
10000,13,50,3,2,50,25,0,25,27.0,1,15,single_or_few
10000,13,58,5,7,50,61,2,59,63.0,2,29,repeated_5plus
10000,13,59,4,4,50,43,0,43,47.0,2,22,single_or_few
10000,13,61,2,0,7,4,0,4,4.0,0,3,no_activation
10000,13,67,5,3,50,44,4,40,44.0,2,25,single_or_few
10000,13,74,4,1,33,24,0,24,26.0,1,17,single_or_few
10000,13,75,5,4,50,61,1,60,62.0,1,29,single_or_few
10000,13,78,2,0,4,1,1,0,0.0,0,0,no_activation
10000,13,79,4,0,11,8,0,8,8.0,0,5,no_activation
10000,13,90,2,0,2,0,0,0,0.0,0,0,no_activation
10000,13,92,5,5,22,25,1,24,24.0,0,11,repeated_5plus
10000,13,96,2,0,6,1,1,0,0.0,0,0,no_activation
10000,13,97,2,1,7,6,3,3,3.0,0,2,single_or_few
10000,13,99,2,0,3,4,3,1,1.0,0,1,no_activation
10000,13,101,2,0,2,1,1,0,0.0,0,0,no_activation
10000,13,102,2,0,2,2,1,1,1.0,0,1,no_activation
10000,13,107,5,9,48,54,1,53,63.0,4,32,repeated_5plus
10000,13,110,2,0,2,2,1,1,1.0,0,1,no_activation
10000,13,111,2,0,3,0,0,0,0.0,0,0,no_activation
10000,13,112,2,0,3,1,1,0,0.0,0,0,no_activation
10000,13,115,2,1,5,3,0,3,3.0,0,3,single_or_few
10000,13,116,3,0,6,5,4,1,1.0,0,1,no_activation
10000,13,117,4,2,28,21,0,21,21.0,0,12,single_or_few
10000,13,119,2,0,2,4,4,0,0.0,0,0,no_activation
10000,13,121,5,6,44,58,0,58,62.0,2,31,repeated_5plus
10000,13,122,2,0,2,1,1,0,0.0,0,0,no_activation
10000,13,124,4,0,7,8,2,6,6.0,0,4,no_activation
10000,13,125,2,0,2,2,2,0,0.0,0,0,no_activation
10000,13,127,2,0,2,3,3,0,0.0,0,0,no_activation
10000,13,129,5,3,40,25,2,23,24.0,1,10,single_or_few
10000,13,134,2,2,29,13,0,13,13.0,0,9,single_or_few
10000,13,135,5,4,38,36,1,35,37.0,1,20,single_or_few
10000,13,137,5,7,37,51,0,51,51.0,0,24,repeated_5plus
10000,13,140,2,1,3,3,3,0,0.0,0,0,single_or_few
10000,13,143,2,1,2,2,2,0,0.0,0,0,single_or_few
10000,13,148,3,1,7,8,0,8,8.0,0,5,single_or_few
10000,13,149,4,4,34,20,3,17,21.0,2,12,single_or_few
10000,13,150,3,2,15,24,4,20,20.0,0,12,single_or_few
10000,13,160,5,0,5,10,1,9,9.0,0,4,no_activation
10000,13,162,5,2,31,33,2,31,31.0,0,13,single_or_few
10000,13,163,3,3,15,14,2,12,13.0,1,8,single_or_few
10000,13,165,2,0,2,7,6,1,1.0,0,1,no_activation
10000,13,167,2,0,3,4,2,2,2.0,0,2,no_activation
10000,13,171,3,1,8,11,5,6,6.0,0,2,single_or_few
10000,13,178,5,3,28,41,4,37,37.0,0,17,single_or_few
10000,13,179,4,0,9,19,2,17,17.0,0,6,no_activation
10000,13,180,2,1,9,13,2,11,11.0,0,7,single_or_few
10000,13,181,2,0,3,3,2,1,1.0,0,1,no_activation
10000,13,184,2,0,4,6,2,4,4.0,0,2,no_activation
10000,13,185,5,4,27,53,3,50,54.0,1,21,single_or_few
10000,13,191,4,0,8,13,1,12,12.0,0,6,no_activation
10000,13,192,3,2,25,22,3,19,23.0,1,10,single_or_few
10000,13,207,2,0,2,6,4,2,2.0,0,1,no_activation
10000,13,210,5,3,18,26,4,22,22.0,0,10,single_or_few
10000,13,212,2,0,3,5,4,1,1.0,0,1,no_activation
10000,13,213,2,0,3,5,2,3,3.0,0,2,no_activation
10000,13,214,2,0,5,7,4,3,3.0,0,2,no_activation
10000,13,215,3,0,2,2,1,1,1.0,0,1,no_activation
10000,13,216,3,1,16,19,2,17,17.0,0,10,single_or_few
10000,13,217,5,4,16,35,4,31,31.0,0,14,single_or_few
10000,13,219,2,1,9,7,1,6,6.0,0,4,single_or_few
10000,13,220,2,0,3,8,3,5,5.0,0,2,no_activation
10000,13,221,5,0,15,19,4,15,15.0,0,5,no_activation
10000,13,222,5,1,15,23,4,19,19.0,0,7,single_or_few
10000,13,223,2,0,2,2,1,1,1.0,0,1,no_activation
10000,13,226,5,1,7,19,2,17,17.0,0,6,single_or_few
10000,13,227,5,2,12,24,2,22,22.0,0,10,single_or_few
10000,13,229,5,0,11,17,8,9,9.0,0,3,no_activation
10000,13,230,5,1,10,23,2,21,21.0,0,9,single_or_few
10000,13,231,3,0,10,16,8,8,8.0,0,3,no_activation
10000,13,235,2,0,3,8,5,3,3.0,0,2,no_activation
10000,13,240,5,1,8,18,5,13,13.0,0,6,single_or_few
10000,13,242,5,0,8,18,4,14,14.0,0,3,no_activation
10000,13,249,2,1,7,11,5,6,6.0,0,4,single_or_few
10000,13,251,5,0,6,20,2,18,18.0,0,5,no_activation
10000,13,252,2,0,2,4,3,1,1.0,0,1,no_activation
10000,13,254,5,0,5,19,4,15,15.0,0,4,no_activation
10000,13,258,2,0,2,3,3,0,0.0,0,0,no_activation
10000,14,7,5,3,50,54,2,52,54.0,1,26,single_or_few
10000,14,8,5,2,50,42,1,41,45.0,2,27,single_or_few
10000,14,24,3,6,50,35,0,35,37.0,1,24,repeated_5plus
10000,14,38,4,7,50,49,0,49,50.0,1,25,repeated_5plus
10000,14,44,5,3,50,41,1,40,40.0,0,22,single_or_few
10000,14,63,2,0,9,4,0,4,4.0,0,2,no_activation
10000,14,70,5,4,39,38,1,37,41.0,2,22,single_or_few
10000,14,71,5,1,17,10,1,9,11.0,1,8,single_or_few
10000,14,72,5,7,50,56,0,56,60.0,1,28,repeated_5plus
10000,14,74,5,5,50,62,1,61,61.0,0,31,repeated_5plus
10000,14,82,3,0,7,3,0,3,3.0,0,2,no_activation
10000,14,84,2,0,2,1,1,0,0.0,0,0,no_activation
10000,14,86,3,1,23,8,0,8,8.0,0,7,single_or_few
10000,14,87,4,3,50,35,0,35,37.0,1,21,single_or_few
10000,14,88,4,5,33,35,0,35,39.0,2,21,repeated_5plus
10000,14,89,2,0,3,3,2,1,1.0,0,1,no_activation
10000,14,90,2,0,2,2,2,0,0.0,0,0,no_activation
10000,14,94,5,7,48,58,0,58,66.0,3,35,repeated_5plus
10000,14,96,2,0,5,2,2,0,0.0,0,0,no_activation
10000,14,102,5,6,47,52,0,52,52.0,0,23,repeated_5plus
10000,14,103,4,6,47,55,1,54,56.0,1,28,repeated_5plus
10000,14,104,5,10,47,67,1,66,66.0,0,33,repeated_5plus
10000,14,107,2,0,2,4,3,1,1.0,0,1,no_activation
10000,14,109,2,0,2,0,0,0,0.0,0,0,no_activation
10000,14,112,2,0,4,3,1,2,2.0,0,2,no_activation
10000,14,113,2,1,6,2,2,0,0.0,0,0,single_or_few
10000,14,114,2,0,2,2,2,0,0.0,0,0,no_activation
10000,14,115,5,6,44,39,2,37,37.0,0,20,repeated_5plus
10000,14,117,2,0,2,3,3,0,0.0,0,0,no_activation
10000,14,118,2,1,6,4,3,1,1.0,0,1,single_or_few
10000,14,119,4,5,40,45,1,44,48.0,1,24,repeated_5plus
10000,14,120,3,3,40,25,2,23,25.0,1,16,single_or_few
10000,14,124,3,2,4,2,0,2,2.0,0,1,single_or_few
10000,14,125,5,5,39,40,1,39,41.0,1,20,repeated_5plus
10000,14,130,5,4,38,38,2,36,40.0,1,19,single_or_few
10000,14,131,2,0,6,2,1,1,1.0,0,1,no_activation
10000,14,135,2,2,4,5,2,3,3.0,0,1,single_or_few
10000,14,137,2,0,2,5,3,2,2.0,0,1,no_activation
10000,14,139,2,0,7,2,1,1,1.0,0,1,no_activation
10000,14,140,5,8,36,54,3,51,55.0,2,23,repeated_5plus
10000,14,141,3,4,25,22,2,20,20.0,0,14,single_or_few
10000,14,144,2,0,2,5,3,2,2.0,0,1,no_activation
10000,14,145,2,0,2,3,3,0,0.0,0,0,no_activation
10000,14,147,4,1,12,15,0,15,15.0,0,6,single_or_few
10000,14,151,2,0,2,2,2,0,0.0,0,0,no_activation
10000,14,152,2,0,4,6,0,6,6.0,0,3,no_activation
10000,14,154,2,0,4,6,2,4,4.0,0,3,no_activation
10000,14,155,2,0,7,5,3,2,2.0,0,1,no_activation
10000,14,157,3,0,8,11,2,9,9.0,0,6,no_activation
10000,14,162,2,0,8,7,2,5,5.0,0,4,no_activation
10000,14,163,2,0,3,4,2,2,2.0,0,1,no_activation
10000,14,164,2,1,2,5,2,3,3.0,0,1,single_or_few
10000,14,165,2,0,5,7,2,5,5.0,0,3,no_activation
10000,14,167,2,0,7,7,1,6,6.0,0,4,no_activation
10000,14,169,5,3,24,31,1,30,32.0,1,11,single_or_few
10000,14,171,5,5,24,25,3,22,24.0,1,11,repeated_5plus
10000,14,182,5,3,22,27,2,25,27.0,1,8,single_or_few
10000,14,184,2,0,4,2,1,1,1.0,0,1,no_activation
10000,14,185,3,2,4,7,6,1,1.0,0,1,single_or_few
10000,14,190,2,1,8,11,3,8,10.0,1,5,single_or_few
10000,14,192,5,4,20,42,6,36,38.0,1,14,single_or_few
10000,14,195,4,0,20,16,4,12,12.0,0,5,no_activation
10000,14,196,5,1,19,28,1,27,27.0,0,10,single_or_few
10000,14,201,2,1,4,10,5,5,6.0,1,1,single_or_few
10000,14,205,2,2,14,12,1,11,11.0,0,7,single_or_few
10000,14,208,2,0,3,0,0,0,0.0,0,0,no_activation
10000,14,209,2,2,15,20,3,17,17.0,0,8,single_or_few
10000,14,211,2,1,7,10,2,8,8.0,0,5,single_or_few
10000,14,222,5,2,15,29,2,27,27.0,0,9,single_or_few
10000,14,234,2,0,4,4,1,3,3.0,0,1,no_activation
10000,14,238,2,0,2,5,4,1,1.0,0,1,no_activation
10000,14,239,2,0,7,8,3,5,5.0,0,4,no_activation
10000,14,242,2,0,4,8,3,5,5.0,0,2,no_activation
10000,14,243,5,1,9,21,6,15,15.0,0,7,single_or_few
10000,14,245,3,1,8,17,3,14,14.0,0,5,single_or_few
10000,14,249,2,0,8,12,4,8,8.0,0,4,no_activation
10000,14,250,2,0,2,1,1,0,0.0,0,0,no_activation
10000,14,252,5,0,7,19,2,17,17.0,0,5,no_activation
10000,14,257,5,0,6,18,4,14,14.0,0,3,no_activation
10000,14,258,5,1,6,18,5,13,13.0,0,5,single_or_few
10000,14,259,4,0,6,17,2,15,15.0,0,5,no_activation
10000,14,261,5,1,5,22,2,20,20.0,0,4,single_or_few
10000,14,262,2,0,2,0,0,0,0.0,0,0,no_activation
10000,14,264,5,0,4,20,6,14,14.0,0,3,no_activation
10000,14,268,2,0,3,6,4,2,2.0,0,1,no_activation
10000,14,270,2,0,2,3,1,2,2.0,0,1,no_activation
10000,15,13,4,4,50,42,0,42,42.0,0,24,single_or_few
10000,15,14,5,7,50,61,1,60,66.0,2,30,repeated_5plus
10000,15,31,5,0,9,2,0,2,2.0,0,2,no_activation
10000,15,32,4,2,24,14,0,14,14.0,0,8,single_or_few
10000,15,33,4,4,50,32,0,32,33.0,1,19,single_or_few
10000,15,34,5,4,44,47,0,47,51.0,2,25,single_or_few
10000,15,39,2,0,6,1,0,1,1.0,0,1,no_activation
10000,15,46,4,0,20,12,2,10,10.0,0,7,no_activation
10000,15,51,4,0,3,0,0,0,0.0,0,0,no_activation
10000,15,52,2,0,2,0,0,0,0.0,0,0,no_activation
10000,15,61,5,7,44,32,0,32,36.0,2,22,repeated_5plus
10000,15,65,2,0,11,1,0,1,1.0,0,1,no_activation
10000,15,68,2,0,2,0,0,0,0.0,0,0,no_activation
10000,15,69,2,0,2,2,2,0,0.0,0,0,no_activation
10000,15,70,2,0,2,2,2,0,0.0,0,0,no_activation
10000,15,71,2,0,2,3,3,0,0.0,0,0,no_activation
10000,15,73,5,8,49,60,0,60,62.0,1,28,repeated_5plus
10000,15,74,3,0,3,0,0,0,0.0,0,0,no_activation
10000,15,76,3,0,4,3,0,3,3.0,0,2,no_activation
10000,15,78,2,0,2,2,2,0,0.0,0,0,no_activation
10000,15,79,2,0,16,5,2,3,3.0,0,3,no_activation
10000,15,80,2,0,6,3,1,2,2.0,0,2,no_activation
10000,15,82,5,0,2,1,0,1,1.0,0,1,no_activation
10000,15,83,2,1,4,2,1,1,1.0,1,0,single_or_few
10000,15,85,2,0,7,4,2,2,2.0,0,1,no_activation
10000,15,88,3,1,5,3,0,3,3.0,0,2,single_or_few
10000,15,89,5,0,5,7,2,5,5.0,0,2,no_activation
10000,15,90,2,1,8,6,2,4,4.0,0,3,single_or_few
10000,15,91,2,0,2,1,1,0,0.0,0,0,no_activation
10000,15,93,2,0,4,3,2,1,1.0,0,1,no_activation
10000,15,96,2,0,8,4,1,3,3.0,0,2,no_activation
10000,15,98,2,1,6,7,3,4,4.0,0,3,single_or_few
10000,15,101,3,0,2,2,2,0,0.0,0,0,no_activation
10000,15,112,2,2,3,5,2,3,3.0,0,1,single_or_few
10000,15,114,4,8,40,54,1,53,55.0,1,26,repeated_5plus
10000,15,119,2,1,8,4,0,4,4.0,0,3,single_or_few
10000,15,120,5,8,38,54,1,53,55.0,1,24,repeated_5plus
10000,15,121,3,0,3,9,3,6,6.0,0,2,no_activation
10000,15,125,5,7,37,52,1,51,53.0,1,27,repeated_5plus
10000,15,126,4,10,37,47,0,47,51.0,2,25,repeated_5plus
10000,15,128,2,0,4,4,2,2,2.0,0,2,no_activation
10000,15,129,2,0,3,5,4,1,1.0,0,1,no_activation
10000,15,130,4,6,28,36,1,35,37.0,1,19,repeated_5plus
10000,15,132,3,1,5,7,4,3,3.0,0,2,single_or_few
10000,15,135,5,5,34,32,2,30,36.0,3,20,repeated_5plus
10000,15,136,4,7,26,32,0,32,36.0,2,16,repeated_5plus
10000,15,139,4,7,29,31,1,30,34.0,2,16,repeated_5plus
10000,15,140,5,2,10,11,2,9,11.0,1,7,single_or_few
10000,15,141,2,0,2,3,2,1,1.0,0,1,no_activation
10000,15,143,2,1,7,7,1,6,6.0,0,3,single_or_few
10000,15,145,4,2,12,15,3,12,12.0,0,7,single_or_few
10000,15,148,2,0,5,3,2,1,1.0,0,1,no_activation
10000,15,152,2,0,2,3,3,0,0.0,0,0,no_activation
10000,15,157,2,0,2,2,1,1,1.0,0,1,no_activation
10000,15,160,2,1,2,3,3,0,0.0,0,0,single_or_few
10000,15,162,5,6,27,45,3,42,42.0,0,17,repeated_5plus
10000,15,164,5,6,26,39,2,37,41.0,2,17,repeated_5plus
10000,15,165,5,3,26,45,3,42,42.0,0,19,single_or_few
10000,15,166,2,0,2,1,1,0,0.0,0,0,no_activation
10000,15,168,2,0,3,5,3,2,2.0,0,1,no_activation
10000,15,179,2,1,6,5,4,1,1.0,0,1,single_or_few
10000,15,180,2,0,3,6,4,2,2.0,0,1,no_activation
10000,15,182,2,1,4,5,4,1,1.0,0,1,single_or_few
10000,15,187,2,1,3,10,5,5,5.0,0,2,single_or_few
10000,15,189,2,0,3,2,2,0,0.0,0,0,no_activation
10000,15,191,2,0,4,5,4,1,1.0,0,1,no_activation
10000,15,192,5,6,20,44,1,43,43.0,0,17,repeated_5plus
10000,15,193,4,3,20,32,2,30,34.0,2,11,single_or_few
10000,15,197,5,4,19,35,3,32,34.0,1,13,single_or_few
10000,15,198,2,1,4,5,0,5,5.0,0,3,single_or_few
10000,15,199,5,0,16,17,6,11,11.0,0,6,no_activation
10000,15,201,5,5,16,36,4,32,36.0,1,11,repeated_5plus
10000,15,202,3,0,8,15,3,12,12.0,0,6,no_activation
10000,15,207,5,4,15,30,3,27,27.0,0,11,single_or_few
10000,15,209,5,4,13,36,3,33,33.0,0,9,single_or_few
10000,15,211,2,0,4,8,4,4,4.0,0,2,no_activation
10000,15,212,2,0,2,7,6,1,1.0,0,1,no_activation
10000,15,215,2,1,4,4,1,3,3.0,0,1,single_or_few
10000,15,217,2,0,3,4,2,2,2.0,0,2,no_activation
10000,15,219,2,0,3,6,0,6,6.0,0,2,no_activation
10000,15,223,2,0,5,3,2,1,1.0,0,1,no_activation
10000,15,232,2,0,3,3,1,2,2.0,0,1,no_activation
10000,15,236,2,0,2,4,4,0,0.0,0,0,no_activation
10000,15,237,2,0,6,6,2,4,4.0,0,3,no_activation
10000,15,238,2,0,3,4,2,2,2.0,0,1,no_activation
10000,15,240,2,0,2,3,2,1,1.0,0,1,no_activation
10000,15,247,5,0,6,20,5,15,15.0,0,5,no_activation
10000,15,249,5,0,4,12,5,7,7.0,0,3,no_activation
10000,15,250,5,0,4,18,5,13,13.0,0,3,no_activation
10000,15,252,5,0,3,6,1,5,5.0,0,2,no_activation
10000,15,253,3,0,3,5,2,3,3.0,0,1,no_activation
10000,15,255,2,0,3,8,5,3,3.0,0,1,no_activation
10000,15,256,2,0,3,4,1,3,3.0,0,2,no_activation
10000,15,260,5,0,2,6,4,2,2.0,0,1,no_activation
10000,15,262,2,0,2,3,2,1,1.0,0,1,no_activation
10000,15,266,2,0,2,8,4,4,4.0,0,1,no_activation
10000,16,0,5,8,50,78,1,77,81.0,2,34,repeated_5plus
10000,16,13,5,4,50,51,0,51,53.0,1,21,single_or_few
10000,16,14,4,1,9,4,0,4,5.0,1,3,single_or_few
10000,16,26,5,7,42,56,0,56,60.0,2,27,repeated_5plus
10000,16,31,5,8,50,71,3,68,72.0,2,36,repeated_5plus
10000,16,33,5,2,48,44,1,43,47.0,2,20,single_or_few
10000,16,48,5,5,26,24,1,23,23.0,0,13,repeated_5plus
10000,16,50,4,1,8,5,1,4,4.0,0,4,single_or_few
10000,16,51,3,0,11,5,1,4,4.0,0,4,no_activation
10000,16,58,4,0,2,1,1,0,0.0,0,0,no_activation
10000,16,59,5,4,35,35,1,34,36.0,1,21,single_or_few
10000,16,67,5,7,50,56,1,55,59.0,2,28,repeated_5plus
10000,16,81,5,10,50,66,0,66,72.0,3,36,repeated_5plus
10000,16,83,5,2,32,20,1,19,19.0,0,11,single_or_few
10000,16,84,4,4,50,56,1,55,57.0,1,28,single_or_few
10000,16,85,4,4,19,18,1,17,19.0,1,10,single_or_few
10000,16,88,5,4,44,44,0,44,50.0,3,25,single_or_few
10000,16,94,2,0,2,0,0,0,0.0,0,0,no_activation
10000,16,97,4,3,50,36,0,36,38.0,1,20,single_or_few
10000,16,109,2,2,28,8,2,6,8.0,1,6,single_or_few
10000,16,114,5,5,48,66,1,65,69.0,2,34,repeated_5plus
10000,16,115,2,1,2,1,1,0,0.0,0,0,single_or_few
10000,16,117,2,0,4,1,0,1,1.0,0,1,no_activation
10000,16,118,5,9,48,48,1,47,55.0,3,27,repeated_5plus
10000,16,120,2,0,3,4,1,3,3.0,0,2,no_activation
10000,16,121,5,2,26,30,0,30,30.0,0,17,single_or_few
10000,16,132,2,0,2,2,2,0,0.0,0,0,no_activation
10000,16,133,2,0,2,2,2,0,0.0,0,0,no_activation
10000,16,135,2,0,4,4,1,3,3.0,0,2,no_activation
10000,16,136,2,0,3,3,3,0,0.0,0,0,no_activation
10000,16,139,2,0,2,3,2,1,1.0,0,1,no_activation
10000,16,141,5,4,41,38,2,36,38.0,1,19,single_or_few
10000,16,142,2,1,2,2,1,1,1.0,1,0,single_or_few
10000,16,145,3,5,39,39,2,37,39.0,1,21,repeated_5plus
10000,16,146,2,0,4,3,2,1,1.0,0,1,no_activation
10000,16,149,2,0,2,6,5,1,1.0,0,1,no_activation
10000,16,152,2,2,8,9,2,7,9.0,1,5,single_or_few
10000,16,153,2,1,7,4,2,2,2.0,0,2,single_or_few
10000,16,155,2,2,3,2,0,2,2.0,2,0,single_or_few
10000,16,157,2,1,5,6,3,3,3.0,0,3,single_or_few
10000,16,164,2,1,5,2,0,2,3.0,1,2,single_or_few
10000,16,165,2,0,2,3,2,1,1.0,0,1,no_activation
10000,16,168,2,0,6,11,7,4,4.0,0,2,no_activation
10000,16,174,2,0,2,4,1,3,3.0,0,1,no_activation
10000,16,175,2,0,2,4,3,1,1.0,0,1,no_activation
10000,16,176,2,1,7,11,2,9,9.0,0,4,single_or_few
10000,16,178,2,0,2,3,2,1,1.0,0,1,no_activation
10000,16,185,4,0,2,4,3,1,1.0,0,1,no_activation
10000,16,186,5,10,35,52,1,51,55.0,1,23,repeated_5plus
10000,16,188,4,2,34,15,0,15,17.0,1,10,single_or_few
10000,16,190,5,4,34,30,2,28,30.0,1,14,single_or_few
10000,16,192,2,0,3,3,1,2,2.0,0,1,no_activation
10000,16,193,3,2,12,15,4,11,13.0,1,5,single_or_few
10000,16,194,5,3,32,35,2,33,33.0,0,14,single_or_few
10000,16,197,2,0,3,1,0,1,1.0,0,1,no_activation
10000,16,198,4,2,27,28,5,23,25.0,1,9,single_or_few
10000,16,199,2,0,4,4,3,1,1.0,0,1,no_activation
10000,16,200,2,0,2,4,1,3,3.0,0,1,no_activation
10000,16,201,2,0,2,3,2,1,1.0,0,1,no_activation
10000,16,202,3,1,5,7,4,3,5.0,1,3,single_or_few
10000,16,204,3,1,8,10,2,8,8.0,0,4,single_or_few
10000,16,206,2,0,4,2,2,0,0.0,0,0,no_activation
10000,16,209,5,4,27,40,5,35,39.0,2,18,single_or_few
10000,16,210,3,1,6,7,1,6,6.0,0,3,single_or_few
10000,16,212,2,0,2,1,1,0,0.0,0,0,no_activation
10000,16,214,5,7,24,53,2,51,51.0,0,17,repeated_5plus
10000,16,218,2,0,3,5,4,1,1.0,0,1,no_activation
10000,16,220,2,0,8,8,3,5,5.0,0,4,no_activation
10000,16,222,2,1,22,14,7,7,7.0,0,4,single_or_few
10000,16,225,5,3,22,45,2,43,43.0,0,16,single_or_few
10000,16,227,2,0,4,6,2,4,4.0,0,1,no_activation
10000,16,228,2,1,4,5,2,3,3.0,0,2,single_or_few
10000,16,229,2,0,5,7,1,6,6.0,0,2,no_activation
10000,16,232,2,1,4,7,3,4,4.0,0,2,single_or_few
10000,16,234,2,1,19,18,3,15,17.0,1,8,single_or_few
10000,16,236,5,0,5,13,2,11,11.0,0,4,no_activation
10000,16,237,2,0,3,3,0,3,3.0,0,1,no_activation
10000,16,240,2,0,6,8,4,4,4.0,0,4,no_activation
10000,16,241,2,0,2,3,3,0,0.0,0,0,no_activation
10000,16,243,2,0,9,8,5,3,3.0,0,3,no_activation
10000,16,248,2,0,8,8,3,5,5.0,0,4,no_activation
10000,16,251,2,0,6,9,4,5,5.0,0,4,no_activation
10000,16,254,2,1,3,4,3,1,1.0,0,1,single_or_few
10000,16,255,2,0,2,5,4,1,1.0,0,1,no_activation
10000,16,257,2,0,2,7,4,3,3.0,0,1,no_activation
10000,16,258,2,0,5,6,1,5,5.0,0,3,no_activation
10000,16,259,3,0,2,6,2,4,4.0,0,1,no_activation
10000,16,260,2,1,7,8,2,6,6.0,0,3,single_or_few
10000,16,261,2,0,7,8,2,6,6.0,0,4,no_activation
10000,16,264,2,0,5,8,2,6,6.0,0,2,no_activation
10000,16,265,2,0,2,4,2,2,2.0,0,1,no_activation
10000,16,267,4,1,11,22,2,20,20.0,0,7,single_or_few
10000,16,268,4,0,3,10,4,6,6.0,0,2,no_activation
10000,16,269,2,0,2,7,7,0,0.0,0,0,no_activation
10000,16,270,2,1,3,8,2,6,6.0,0,1,single_or_few
10000,16,274,2,1,10,8,3,5,7.0,1,4,single_or_few
10000,16,277,2,0,5,10,3,7,7.0,0,2,no_activation
10000,16,280,2,0,7,8,2,6,6.0,0,3,no_activation
10000,16,282,2,0,2,5,4,1,1.0,0,1,no_activation
10000,16,283,3,1,8,10,1,9,9.0,0,5,single_or_few
10000,16,284,2,1,7,9,4,5,6.0,1,2,single_or_few
10000,16,285,2,0,4,7,4,3,3.0,0,1,no_activation
10000,16,286,2,0,3,3,2,1,1.0,0,1,no_activation
10000,16,291,2,0,3,4,3,1,1.0,0,1,no_activation
10000,16,292,4,0,5,14,3,11,11.0,0,4,no_activation
10000,16,293,5,1,5,18,6,12,12.0,0,4,single_or_few
10000,16,294,4,0,4,13,11,2,2.0,0,1,no_activation
10000,16,299,2,0,4,3,1,2,2.0,0,2,no_activation
10000,16,300,2,1,2,5,5,0,0.0,0,0,single_or_few
10000,16,301,2,0,3,8,8,0,0.0,0,0,no_activation
10000,16,304,2,0,2,8,8,0,0.0,0,0,no_activation
10000,16,305,5,0,2,8,4,4,4.0,0,1,no_activation
10000,16,306,2,0,2,8,6,2,2.0,0,1,no_activation
10000,16,311,2,0,2,2,2,0,0.0,0,0,no_activation
10000,16,313,2,0,2,3,2,1,1.0,0,1,no_activation
10000,16,314,2,0,2,6,3,3,3.0,0,1,no_activation
10000,17,7,3,3,38,32,0,32,32.0,0,17,single_or_few
10000,17,8,5,2,50,41,2,39,43.0,2,23,single_or_few
10000,17,44,5,2,50,41,2,39,39.0,0,20,single_or_few
10000,17,45,4,7,50,53,0,53,55.0,1,30,repeated_5plus
10000,17,47,5,6,50,59,0,59,61.0,1,29,repeated_5plus
10000,17,48,5,3,50,46,2,44,46.0,1,24,single_or_few
10000,17,50,3,3,34,21,1,20,20.0,0,10,single_or_few
10000,17,51,5,8,50,61,1,60,60.0,0,34,repeated_5plus
10000,17,53,5,8,50,49,1,48,50.0,1,27,repeated_5plus
10000,17,54,2,0,4,2,1,1,1.0,0,1,no_activation
10000,17,68,3,3,44,39,3,36,38.0,1,23,single_or_few
10000,17,69,5,2,22,19,0,19,20.0,1,11,single_or_few
10000,17,70,5,11,50,55,1,54,60.0,3,31,repeated_5plus
10000,17,71,5,4,50,56,0,56,56.0,0,25,single_or_few
10000,17,81,5,7,50,72,1,71,71.0,0,31,repeated_5plus
10000,17,89,4,0,4,1,1,0,0.0,0,0,no_activation
10000,17,93,2,0,4,2,0,2,2.0,0,2,no_activation
10000,17,94,2,0,4,0,0,0,0.0,0,0,no_activation
10000,17,97,5,2,49,38,0,38,40.0,1,25,single_or_few
10000,17,98,5,5,49,48,1,47,49.0,1,20,repeated_5plus
10000,17,99,2,0,3,3,2,1,1.0,0,1,no_activation
10000,17,101,2,0,2,3,3,0,0.0,0,0,no_activation
10000,17,102,5,2,22,26,2,24,24.0,0,14,single_or_few
10000,17,104,2,0,2,3,2,1,1.0,0,1,no_activation
10000,17,107,2,0,3,1,1,0,0.0,0,0,no_activation
10000,17,110,2,0,2,2,2,0,0.0,0,0,no_activation
10000,17,112,2,0,7,3,2,1,1.0,0,1,no_activation
10000,17,113,3,0,5,1,1,0,0.0,0,0,no_activation
10000,17,114,4,8,45,49,1,48,50.0,1,24,repeated_5plus
10000,17,118,2,0,5,5,1,4,4.0,0,3,no_activation
10000,17,121,2,1,21,13,1,12,12.0,0,9,single_or_few
10000,17,123,5,5,43,57,3,54,56.0,1,27,repeated_5plus
10000,17,124,5,8,43,56,3,53,55.0,1,25,repeated_5plus
10000,17,126,2,0,7,3,2,1,1.0,0,1,no_activation
10000,17,127,2,1,11,9,2,7,9.0,1,6,single_or_few
10000,17,135,2,0,3,4,4,0,0.0,0,0,no_activation
10000,17,139,2,0,3,5,3,2,2.0,0,2,no_activation
10000,17,141,5,5,41,39,1,38,40.0,1,18,repeated_5plus
10000,17,142,2,0,2,3,2,1,1.0,0,1,no_activation
10000,17,146,2,0,2,3,1,2,2.0,0,1,no_activation
10000,17,157,2,1,8,9,2,7,9.0,1,5,single_or_few
10000,17,159,5,7,36,53,0,53,55.0,1,25,repeated_5plus
10000,17,160,4,3,4,5,2,3,3.0,0,2,single_or_few
10000,17,162,2,0,2,5,2,3,3.0,0,1,no_activation
10000,17,165,2,0,5,4,3,1,1.0,0,1,no_activation
10000,17,166,2,0,7,6,0,6,6.0,0,4,no_activation
10000,17,168,2,1,6,6,4,2,3.0,1,2,single_or_few
10000,17,170,2,1,8,7,4,3,3.0,0,3,single_or_few
10000,17,178,2,0,2,5,4,1,1.0,0,1,no_activation
10000,17,183,2,0,2,7,4,3,3.0,0,1,no_activation
10000,17,184,2,1,2,6,6,0,0.0,0,0,single_or_few
10000,17,186,4,4,32,25,0,25,31.0,3,17,single_or_few
10000,17,188,2,0,2,5,3,2,2.0,0,1,no_activation
10000,17,193,5,4,31,36,2,34,38.0,2,17,single_or_few
10000,17,194,5,5,30,43,5,38,41.0,2,17,repeated_5plus
10000,17,199,4,4,28,36,1,35,37.0,1,14,single_or_few
10000,17,200,5,7,27,51,5,46,48.0,1,17,repeated_5plus
10000,17,203,2,0,3,3,2,1,1.0,0,1,no_activation
10000,17,204,2,1,4,9,1,8,8.0,0,3,single_or_few
10000,17,205,5,2,26,34,6,28,28.0,0,11,single_or_few
10000,17,206,2,0,4,9,2,7,7.0,0,2,no_activation
10000,17,210,2,0,8,7,5,2,2.0,0,1,no_activation
10000,17,214,2,0,3,5,4,1,1.0,0,1,no_activation
10000,17,216,2,0,4,3,1,2,2.0,0,2,no_activation
10000,17,217,2,0,3,9,5,4,4.0,0,2,no_activation
10000,17,222,2,1,11,11,3,8,8.0,0,5,single_or_few
10000,17,225,2,0,5,7,3,4,4.0,0,2,no_activation
10000,17,226,2,0,2,4,3,1,1.0,0,1,no_activation
10000,17,227,2,0,2,3,2,1,1.0,0,1,no_activation
10000,17,234,4,1,17,23,3,20,20.0,0,7,single_or_few
10000,17,239,5,0,3,10,4,6,6.0,0,2,no_activation
10000,17,240,3,0,3,6,1,5,5.0,0,2,no_activation
10000,17,241,2,0,2,4,4,0,0.0,0,0,no_activation
10000,17,242,2,1,6,7,3,4,5.0,1,1,single_or_few
10000,17,246,2,1,7,9,4,5,5.0,0,4,single_or_few
10000,17,252,2,0,2,4,3,1,1.0,0,1,no_activation
10000,17,253,2,1,7,10,3,7,7.0,0,4,single_or_few
10000,17,259,2,0,4,8,3,5,5.0,0,2,no_activation
10000,17,260,5,1,13,20,6,14,14.0,0,7,single_or_few
10000,17,261,5,1,13,21,1,20,20.0,0,5,single_or_few
10000,17,262,5,0,12,18,2,16,16.0,0,6,no_activation
10000,17,267,5,1,11,24,3,21,21.0,0,7,single_or_few
10000,17,269,2,0,2,6,5,1,1.0,0,1,no_activation
10000,17,270,2,0,2,7,5,2,2.0,0,1,no_activation
10000,17,272,2,1,5,8,4,4,4.0,0,2,single_or_few
10000,17,274,5,1,3,15,9,6,6.0,0,2,single_or_few
10000,17,275,4,0,9,16,4,12,12.0,0,4,no_activation
10000,17,279,4,1,8,17,7,10,10.0,0,4,single_or_few
10000,17,280,2,0,4,7,2,5,5.0,0,3,no_activation
10000,17,283,4,0,7,18,1,17,17.0,0,5,no_activation
10000,17,284,5,0,6,17,6,11,11.0,0,2,no_activation
10000,17,285,4,0,6,13,2,11,11.0,0,3,no_activation
10000,17,286,2,0,2,5,4,1,1.0,0,1,no_activation
10000,17,287,2,1,5,13,6,7,7.0,0,4,single_or_few
10000,17,288,2,0,3,8,4,4,4.0,0,2,no_activation
10000,17,290,2,0,5,8,4,4,4.0,0,2,no_activation
10000,17,293,2,0,2,7,7,0,0.0,0,0,no_activation
10000,17,296,2,0,4,8,2,6,6.0,0,3,no_activation
10000,17,297,5,0,4,18,5,13,13.0,0,3,no_activation
10000,17,299,2,0,3,7,4,3,3.0,0,2,no_activation
10000,17,301,2,0,2,7,4,3,3.0,0,1,no_activation
10000,17,303,2,0,2,7,6,1,1.0,0,1,no_activation
10000,17,308,3,0,2,9,4,5,5.0,0,1,no_activation
10000,18,28,5,3,50,59,0,59,63.0,2,30,single_or_few
10000,18,29,4,2,50,43,1,42,44.0,1,26,single_or_few
10000,18,30,5,9,50,49,1,48,50.0,1,29,repeated_5plus
10000,18,31,4,3,38,18,0,18,20.0,1,15,single_or_few
10000,18,39,4,0,16,8,0,8,8.0,0,6,no_activation
10000,18,44,5,5,46,45,0,45,47.0,1,24,repeated_5plus
10000,18,45,5,4,50,55,0,55,55.0,0,30,single_or_few
10000,18,47,2,1,18,5,0,5,5.0,0,5,single_or_few
10000,18,68,5,5,50,44,0,44,46.0,1,27,repeated_5plus
10000,18,73,5,5,50,50,0,50,53.0,2,22,repeated_5plus
10000,18,84,2,0,4,0,0,0,0.0,0,0,no_activation
10000,18,87,5,7,50,39,0,39,41.0,1,26,repeated_5plus
10000,18,88,4,4,50,32,0,32,36.0,2,25,single_or_few
10000,18,93,2,0,3,4,3,1,1.0,0,1,no_activation
10000,18,94,2,0,6,3,1,2,2.0,0,2,no_activation
10000,18,96,2,0,15,8,1,7,7.0,0,5,no_activation
10000,18,98,5,2,48,32,0,32,34.0,1,20,single_or_few
10000,18,99,5,8,47,42,0,42,44.0,1,23,repeated_5plus
10000,18,100,5,10,47,48,2,46,50.0,2,25,repeated_5plus
10000,18,102,5,5,46,42,0,42,42.0,0,22,repeated_5plus
10000,18,105,2,0,6,3,2,1,1.0,0,1,no_activation
10000,18,109,2,0,5,5,3,2,2.0,0,2,no_activation
10000,18,110,5,4,44,49,1,48,50.0,1,29,single_or_few
10000,18,112,2,0,13,6,1,5,5.0,0,3,no_activation
10000,18,114,2,0,3,3,1,2,2.0,0,2,no_activation
10000,18,121,3,0,5,4,2,2,2.0,0,1,no_activation
10000,18,122,2,0,7,4,2,2,2.0,0,2,no_activation
10000,18,124,2,0,2,1,1,0,0.0,0,0,no_activation
10000,18,125,5,5,38,40,1,39,45.0,2,23,repeated_5plus
10000,18,128,2,3,8,6,3,3,5.0,1,3,single_or_few
10000,18,129,2,0,2,2,2,0,0.0,0,0,no_activation
10000,18,130,2,1,3,1,0,1,1.0,0,1,single_or_few
10000,18,131,4,3,36,33,0,33,35.0,1,20,single_or_few
10000,18,139,4,4,32,38,0,38,40.0,1,23,single_or_few
10000,18,142,2,0,3,2,1,1,1.0,0,1,no_activation
10000,18,143,2,0,2,1,1,0,0.0,0,0,no_activation
10000,18,154,2,0,3,5,2,3,3.0,0,2,no_activation
10000,18,155,4,0,7,10,0,10,10.0,0,6,no_activation
10000,18,156,2,0,5,6,2,4,4.0,0,4,no_activation
10000,18,157,5,2,9,10,3,7,7.0,0,5,single_or_few
10000,18,158,2,1,3,6,4,2,2.0,0,1,single_or_few
10000,18,159,2,1,4,7,4,3,4.0,1,2,single_or_few
10000,18,160,2,0,15,8,3,5,5.0,0,3,no_activation
10000,18,161,2,0,2,2,2,0,0.0,0,0,no_activation
10000,18,165,4,5,24,25,0,25,29.0,2,15,repeated_5plus
10000,18,168,5,5,23,31,0,31,33.0,1,15,repeated_5plus
10000,18,169,5,4,23,44,6,38,38.0,0,18,single_or_few
10000,18,170,4,3,23,31,2,29,31.0,1,14,single_or_few
10000,18,173,4,6,22,28,0,28,35.0,4,14,repeated_5plus
10000,18,176,5,1,9,13,0,13,13.0,0,6,single_or_few
10000,18,177,5,1,9,17,1,16,16.0,0,6,single_or_few
10000,18,178,2,0,7,7,2,5,5.0,0,4,no_activation
10000,18,184,2,1,5,6,2,4,6.0,1,3,single_or_few
10000,18,187,4,0,2,7,5,2,2.0,0,1,no_activation
10000,18,191,2,0,3,4,4,0,0.0,0,0,no_activation
10000,18,193,2,1,7,7,2,5,5.0,0,3,single_or_few
10000,18,196,2,0,2,3,3,0,0.0,0,0,no_activation
10000,18,198,2,0,2,5,4,1,1.0,0,1,no_activation
10000,18,199,2,0,2,2,2,0,0.0,0,0,no_activation
10000,18,202,2,0,5,7,3,4,4.0,0,2,no_activation
10000,18,203,2,0,2,6,6,0,0.0,0,0,no_activation
10000,18,205,2,0,2,3,3,0,0.0,0,0,no_activation
10000,18,208,5,3,13,29,3,26,26.0,0,9,single_or_few
10000,18,209,3,2,12,12,1,11,11.0,0,6,single_or_few
10000,18,210,2,1,6,4,1,3,4.0,1,3,single_or_few
10000,18,214,2,0,6,6,1,5,5.0,0,3,no_activation
10000,18,215,2,0,2,2,2,0,0.0,0,0,no_activation
10000,18,216,2,0,2,5,4,1,1.0,0,1,no_activation
10000,18,217,2,0,2,5,1,4,4.0,0,1,no_activation
10000,18,221,2,0,6,8,2,6,6.0,0,3,no_activation
10000,18,224,3,0,8,16,3,13,13.0,0,6,no_activation
10000,18,225,3,1,7,9,1,8,8.0,0,4,single_or_few
10000,18,227,2,0,8,9,0,9,9.0,0,4,no_activation
10000,18,228,2,0,8,8,3,5,5.0,0,3,no_activation
10000,18,234,3,0,6,11,4,7,7.0,0,3,no_activation
10000,18,237,2,1,2,4,3,1,1.0,0,1,single_or_few
10000,18,241,2,0,2,4,4,0,0.0,0,0,no_activation
10000,18,242,2,0,2,5,4,1,1.0,0,1,no_activation
10000,18,243,2,0,4,8,5,3,3.0,0,1,no_activation
10000,18,244,2,0,3,0,0,0,0.0,0,0,no_activation
10000,19,6,5,10,50,63,1,62,64.0,1,34,repeated_5plus
10000,19,7,5,7,50,53,1,52,52.0,0,29,repeated_5plus
10000,19,8,5,7,50,61,1,60,64.0,2,28,repeated_5plus
10000,19,9,5,5,50,50,0,50,56.0,3,25,repeated_5plus
10000,19,23,4,9,44,40,0,40,44.0,2,22,repeated_5plus
10000,19,27,5,1,16,11,0,11,11.0,0,8,single_or_few
10000,19,68,5,7,50,67,2,65,65.0,0,31,repeated_5plus
10000,19,71,3,0,3,1,0,1,1.0,0,1,no_activation
10000,19,72,2,0,5,0,0,0,0.0,0,0,no_activation
10000,19,74,3,1,7,3,0,3,5.0,1,4,single_or_few
10000,19,81,2,0,3,3,2,1,1.0,0,1,no_activation
10000,19,82,5,11,50,60,0,60,64.0,2,28,repeated_5plus
10000,19,83,5,11,50,60,1,59,68.0,4,27,repeated_5plus
10000,19,84,2,0,8,2,2,0,0.0,0,0,no_activation
10000,19,86,4,0,3,1,1,0,0.0,0,0,no_activation
10000,19,88,2,0,7,3,3,0,0.0,0,0,no_activation
10000,19,89,5,9,47,67,0,67,69.0,1,31,repeated_5plus
10000,19,90,5,7,46,44,4,40,50.0,5,22,repeated_5plus
10000,19,91,3,3,40,27,1,26,28.0,1,18,single_or_few
10000,19,93,5,5,35,38,1,37,41.0,2,18,repeated_5plus
10000,19,94,4,1,11,7,1,6,6.0,0,4,single_or_few
10000,19,95,2,0,2,1,1,0,0.0,0,0,no_activation
10000,19,97,2,0,3,2,1,1,1.0,0,1,no_activation
10000,19,98,2,0,4,4,1,3,3.0,0,1,no_activation
10000,19,100,2,0,2,2,2,0,0.0,0,0,no_activation
10000,19,101,2,0,3,4,2,2,2.0,0,1,no_activation
10000,19,104,5,1,12,9,4,5,5.0,0,4,single_or_few
10000,19,108,2,0,2,3,3,0,0.0,0,0,no_activation
10000,19,111,2,0,4,2,2,0,0.0,0,0,no_activation
10000,19,112,3,0,6,5,1,4,4.0,0,3,no_activation
10000,19,113,5,5,41,47,3,44,48.0,1,20,repeated_5plus
10000,19,115,2,0,4,3,2,1,1.0,0,1,no_activation
10000,19,116,2,0,2,3,2,1,1.0,0,1,no_activation
10000,19,119,2,1,12,7,3,4,4.0,0,4,single_or_few
10000,19,126,2,0,3,6,5,1,1.0,0,1,no_activation
10000,19,129,2,0,2,1,1,0,0.0,0,0,no_activation
10000,19,132,2,0,2,5,5,0,0.0,0,0,no_activation
10000,19,133,2,0,2,2,2,0,0.0,0,0,no_activation
10000,19,136,2,1,6,2,0,2,2.0,0,2,single_or_few
10000,19,142,2,0,3,2,2,0,0.0,0,0,no_activation
10000,19,146,3,2,15,17,0,17,17.0,0,10,single_or_few
10000,19,147,2,0,6,8,3,5,5.0,0,3,no_activation
10000,19,149,3,3,20,26,1,25,25.0,0,14,single_or_few
10000,19,152,2,0,7,9,4,5,5.0,0,4,no_activation
10000,19,156,4,1,3,5,3,2,2.0,0,1,single_or_few
10000,19,157,2,0,6,5,2,3,3.0,0,2,no_activation
10000,19,158,2,2,23,12,2,10,12.0,1,6,single_or_few
10000,19,159,2,2,6,4,2,2,4.0,1,2,single_or_few
10000,19,164,2,1,3,2,2,0,0.0,0,0,single_or_few
10000,19,166,2,1,4,4,2,2,2.0,0,1,single_or_few
10000,19,172,2,0,2,5,4,1,1.0,0,1,no_activation
10000,19,174,2,0,3,4,1,3,3.0,0,1,no_activation
10000,19,175,2,0,6,7,1,6,6.0,0,3,no_activation
10000,19,176,5,8,28,53,1,52,54.0,1,19,repeated_5plus
10000,19,177,4,4,28,38,1,37,37.0,0,18,single_or_few
10000,19,178,5,2,28,30,5,25,27.0,1,14,single_or_few
10000,19,179,2,2,5,4,1,3,3.0,0,3,single_or_few
10000,19,182,5,8,27,66,3,63,63.0,0,22,repeated_5plus
10000,19,184,2,0,2,8,4,4,4.0,0,1,no_activation
10000,19,189,4,0,3,5,3,2,2.0,0,1,no_activation
10000,19,193,2,1,3,7,5,2,3.0,1,1,single_or_few
10000,19,194,2,0,3,4,4,0,0.0,0,0,no_activation
10000,19,195,5,4,24,39,1,38,38.0,0,14,single_or_few
10000,19,196,4,2,24,31,1,30,34.0,2,14,single_or_few
10000,19,197,4,1,8,25,12,13,13.0,0,5,single_or_few
10000,19,200,2,1,6,9,3,6,6.0,0,4,single_or_few
10000,19,201,2,0,4,9,3,6,6.0,0,2,no_activation
10000,19,205,2,0,2,5,3,2,2.0,0,1,no_activation
10000,19,206,2,2,4,9,3,6,6.0,0,3,single_or_few
10000,19,210,2,0,2,4,2,2,2.0,0,1,no_activation
10000,19,211,2,0,2,3,3,0,0.0,0,0,no_activation
10000,19,212,5,4,22,38,3,35,35.0,0,13,single_or_few
10000,19,217,5,2,21,35,3,32,32.0,0,10,single_or_few
10000,19,218,2,0,2,5,1,4,4.0,0,1,no_activation
10000,19,219,2,0,2,1,1,0,0.0,0,0,no_activation
10000,19,221,2,0,2,2,1,1,1.0,0,1,no_activation
10000,19,222,2,0,6,9,3,6,6.0,0,3,no_activation
10000,19,224,2,0,3,9,4,5,5.0,0,2,no_activation
10000,19,226,5,6,20,52,6,46,46.0,0,16,repeated_5plus
10000,19,230,2,0,3,7,0,7,7.0,0,2,no_activation
10000,19,234,2,0,2,5,5,0,0.0,0,0,no_activation
10000,19,235,5,1,18,24,3,21,21.0,0,6,single_or_few
10000,19,242,2,1,3,8,2,6,6.0,0,2,single_or_few
10000,19,245,2,0,2,4,2,2,2.0,0,1,no_activation
10000,19,248,2,0,2,5,3,2,2.0,0,1,no_activation
10000,19,250,3,0,2,7,3,4,4.0,0,1,no_activation
10000,19,252,2,1,7,12,3,9,9.0,0,3,single_or_few
10000,19,254,5,3,10,25,6,19,19.0,0,7,single_or_few
10000,19,255,2,0,8,8,3,5,5.0,0,3,no_activation
10000,19,257,2,0,7,9,6,3,3.0,0,1,no_activation
10000,19,258,2,0,5,6,3,3,3.0,0,3,no_activation
10000,19,262,2,0,2,3,3,0,0.0,0,0,no_activation
10000,19,265,2,0,3,4,2,2,2.0,0,2,no_activation
10000,19,266,5,1,11,17,3,14,14.0,0,6,single_or_few
10000,19,267,4,0,11,13,6,7,7.0,0,2,no_activation
10000,19,268,2,0,2,4,2,2,2.0,0,1,no_activation
10000,19,269,4,1,9,25,2,23,23.0,0,7,single_or_few
10000,19,272,2,0,2,4,3,1,1.0,0,1,no_activation
10000,19,273,2,0,2,4,4,0,0.0,0,0,no_activation
10000,19,274,5,0,5,19,7,12,12.0,0,3,no_activation
10000,19,282,2,0,3,5,2,3,3.0,0,2,no_activation
10000,20,0,3,1,22,6,0,6,8.0,1,5,single_or_few
10000,20,14,5,7,50,67,0,67,69.0,1,37,repeated_5plus
10000,20,15,5,0,12,7,0,7,7.0,0,4,no_activation
10000,20,23,5,3,50,38,0,38,38.0,0,27,single_or_few
10000,20,46,5,9,50,60,0,60,62.0,1,33,repeated_5plus
10000,20,48,3,3,43,26,1,25,25.0,0,16,single_or_few
10000,20,54,5,7,50,50,0,50,56.0,3,28,repeated_5plus
10000,20,55,5,7,50,55,1,54,54.0,0,33,repeated_5plus
10000,20,56,5,0,5,4,0,4,4.0,0,3,no_activation
10000,20,57,3,0,2,1,0,1,1.0,0,1,no_activation
10000,20,61,2,0,4,1,1,0,0.0,0,0,no_activation
10000,20,68,2,0,3,0,0,0,0.0,0,0,no_activation
10000,20,69,5,8,50,46,0,46,50.0,2,28,repeated_5plus
10000,20,70,3,0,12,10,1,9,9.0,0,6,no_activation
10000,20,72,5,4,50,38,0,38,38.0,0,26,single_or_few
10000,20,73,5,7,50,66,1,65,67.0,1,35,repeated_5plus
10000,20,80,2,0,3,2,1,1,1.0,0,1,no_activation
10000,20,83,2,1,5,4,1,3,3.0,0,3,single_or_few
10000,20,84,2,0,3,1,1,0,0.0,0,0,no_activation
10000,20,86,2,0,7,6,3,3,3.0,0,2,no_activation
10000,20,88,5,0,6,5,1,4,4.0,0,2,no_activation
10000,20,93,2,0,2,4,3,1,1.0,0,1,no_activation
10000,20,94,2,0,6,5,1,4,4.0,0,4,no_activation
10000,20,96,4,6,42,39,0,39,41.0,1,22,repeated_5plus
10000,20,99,2,0,2,1,1,0,0.0,0,0,no_activation
10000,20,104,5,4,38,34,1,33,35.0,1,20,single_or_few
10000,20,105,2,0,4,4,3,1,1.0,0,1,no_activation
10000,20,107,2,4,25,9,2,7,8.0,1,5,single_or_few
10000,20,113,2,0,3,1,1,0,0.0,0,0,no_activation
10000,20,114,5,6,35,36,3,33,35.0,1,22,repeated_5plus
10000,20,115,2,1,13,10,3,7,7.0,0,6,single_or_few
10000,20,117,5,5,34,43,3,40,46.0,3,20,repeated_5plus
10000,20,122,5,0,4,5,2,3,3.0,0,2,no_activation
10000,20,123,2,0,2,0,0,0,0.0,0,0,no_activation
10000,20,124,5,6,30,46,0,46,52.0,3,19,repeated_5plus
10000,20,126,2,1,13,9,2,7,7.0,0,5,single_or_few
10000,20,128,5,7,29,50,1,49,53.0,2,19,repeated_5plus
10000,20,130,2,0,3,2,2,0,0.0,0,0,no_activation
10000,20,132,5,5,29,55,0,55,59.0,2,21,repeated_5plus
10000,20,133,4,5,28,39,0,39,41.0,1,19,repeated_5plus
10000,20,135,2,0,2,8,6,2,2.0,0,1,no_activation
10000,20,138,2,1,7,10,3,7,7.0,0,5,single_or_few
10000,20,141,4,0,2,4,3,1,1.0,0,1,no_activation
10000,20,146,2,1,4,3,2,1,1.0,0,1,single_or_few
10000,20,147,2,0,4,5,2,3,3.0,0,3,no_activation
10000,20,152,5,4,24,41,3,38,38.0,0,16,single_or_few
10000,20,153,2,0,2,3,3,0,0.0,0,0,no_activation
10000,20,156,2,0,2,3,2,1,1.0,0,1,no_activation
10000,20,158,2,2,4,7,3,4,4.0,0,3,single_or_few
10000,20,162,2,0,2,0,0,0,0.0,0,0,no_activation
10000,20,164,5,4,23,49,4,45,45.0,0,16,single_or_few
10000,20,168,2,1,11,9,1,8,8.0,0,6,single_or_few
10000,20,174,4,1,22,26,0,26,26.0,0,13,single_or_few
10000,20,175,5,4,22,36,1,35,37.0,1,14,single_or_few
10000,20,179,3,0,6,8,0,8,8.0,0,5,no_activation
10000,20,181,2,0,2,3,1,2,2.0,0,1,no_activation
10000,20,182,3,2,10,22,3,19,19.0,0,8,single_or_few
10000,20,183,3,0,2,4,3,1,1.0,0,1,no_activation
10000,20,184,2,0,2,6,5,1,1.0,0,1,no_activation
10000,20,187,2,1,3,9,4,5,5.0,0,2,single_or_few
10000,20,191,2,0,3,4,2,2,2.0,0,1,no_activation
10000,20,192,5,0,11,18,2,16,16.0,0,9,no_activation
10000,20,193,5,2,18,22,1,21,21.0,0,11,single_or_few
10000,20,194,4,0,2,7,4,3,3.0,0,1,no_activation
10000,20,199,5,2,14,27,3,24,24.0,0,9,single_or_few
10000,20,200,5,2,14,18,1,17,21.0,2,6,single_or_few
10000,20,202,4,1,4,8,1,7,7.0,0,3,single_or_few
10000,20,205,2,0,3,6,2,4,4.0,0,2,no_activation
10000,20,206,5,4,13,32,4,28,30.0,1,9,single_or_few
10000,20,216,5,0,2,9,3,6,6.0,0,1,no_activation
10000,20,219,2,0,3,4,4,0,0.0,0,0,no_activation
10000,20,222,5,2,10,27,6,21,21.0,0,6,single_or_few
10000,20,227,3,0,2,6,5,1,1.0,0,1,no_activation
10000,20,230,5,0,8,18,3,15,15.0,0,6,no_activation
10000,20,232,5,0,7,17,0,17,17.0,0,6,no_activation
10000,20,234,2,0,5,8,4,4,4.0,0,2,no_activation
10000,20,235,2,0,2,4,2,2,2.0,0,1,no_activation
10000,20,239,3,1,4,8,5,3,4.0,1,2,single_or_few
10000,20,240,3,0,3,7,1,6,6.0,0,2,no_activation
10000,20,244,5,0,2,12,8,4,4.0,0,1,no_activation
10000,21,1,3,0,16,6,0,6,6.0,0,4,no_activation
10000,21,13,5,1,15,8,1,7,7.0,0,5,single_or_few
10000,21,14,5,2,50,45,0,45,45.0,0,23,single_or_few
10000,21,25,5,4,23,24,0,24,28.0,2,13,single_or_few
10000,21,27,5,7,50,64,2,62,64.0,1,29,repeated_5plus
10000,21,28,5,3,50,46,1,45,47.0,1,23,single_or_few
10000,21,30,4,0,2,2,1,1,1.0,0,1,no_activation
10000,21,31,2,0,4,1,0,1,1.0,0,1,no_activation
10000,21,40,5,7,50,59,0,59,61.0,1,26,repeated_5plus
10000,21,57,2,0,12,7,0,7,7.0,0,4,no_activation
10000,21,63,2,3,21,13,1,12,12.0,0,9,single_or_few
10000,21,67,2,5,50,31,0,31,33.0,1,21,repeated_5plus
10000,21,69,2,0,3,1,0,1,1.0,0,1,no_activation
10000,21,75,2,3,16,5,0,5,9.0,2,4,single_or_few
10000,21,76,2,0,2,2,1,1,1.0,0,1,no_activation
10000,21,82,2,1,23,7,1,6,8.0,1,5,single_or_few
10000,21,84,2,0,6,3,0,3,3.0,0,2,no_activation
10000,21,87,4,9,50,51,0,51,55.0,2,32,repeated_5plus
10000,21,92,4,1,8,1,0,1,1.0,1,0,single_or_few
10000,21,95,2,0,6,5,2,3,3.0,0,2,no_activation
10000,21,99,3,0,2,6,4,2,2.0,0,1,no_activation
10000,21,100,2,0,4,6,3,3,3.0,0,2,no_activation
10000,21,102,2,0,2,4,3,1,1.0,0,1,no_activation
10000,21,108,2,0,2,4,4,0,0.0,0,0,no_activation
10000,21,109,2,0,19,9,3,6,6.0,0,6,no_activation
10000,21,112,2,0,4,4,4,0,0.0,0,0,no_activation
10000,21,114,2,2,4,4,2,2,3.0,1,1,single_or_few
10000,21,115,4,0,3,1,1,0,0.0,0,0,no_activation
10000,21,116,2,0,2,4,3,1,1.0,0,1,no_activation
10000,21,118,2,0,5,4,3,1,1.0,0,1,no_activation
10000,21,123,5,9,42,46,2,44,52.0,3,25,repeated_5plus
10000,21,131,5,11,43,68,2,66,72.0,3,28,repeated_5plus
10000,21,134,4,9,41,45,2,43,45.0,1,24,repeated_5plus
10000,21,135,2,1,2,3,3,0,0.0,0,0,single_or_few
10000,21,136,2,1,6,9,1,8,8.0,0,5,single_or_few
10000,21,142,2,3,9,8,4,4,6.0,1,4,single_or_few
10000,21,145,2,2,8,5,2,3,3.0,0,3,single_or_few
10000,21,149,2,0,8,4,0,4,4.0,0,3,no_activation
10000,21,154,5,9,38,64,1,63,69.0,3,27,repeated_5plus
10000,21,155,2,1,2,2,2,0,0.0,0,0,single_or_few
10000,21,159,5,5,37,40,3,37,41.0,2,18,repeated_5plus
10000,21,160,2,0,7,3,2,1,1.0,0,1,no_activation
10000,21,162,2,0,8,6,1,5,5.0,0,3,no_activation
10000,21,163,5,6,36,49,1,48,51.0,2,23,repeated_5plus
10000,21,164,4,3,36,37,3,34,34.0,0,19,single_or_few
10000,21,165,5,6,34,50,2,48,52.0,2,21,repeated_5plus
10000,21,166,5,5,35,46,2,44,46.0,1,18,repeated_5plus
10000,21,168,2,1,2,5,3,2,2.0,0,1,single_or_few
10000,21,169,2,1,4,7,4,3,3.0,0,2,single_or_few
10000,21,171,2,1,4,9,3,6,6.0,0,3,single_or_few
10000,21,172,2,0,2,2,2,0,0.0,0,0,no_activation
10000,21,175,2,1,4,5,2,3,3.0,0,3,single_or_few
10000,21,178,2,1,7,5,4,1,2.0,1,1,single_or_few
10000,21,179,2,0,4,5,3,2,2.0,0,1,no_activation
10000,21,180,2,1,3,3,3,0,0.0,0,0,single_or_few
10000,21,185,5,5,32,48,2,46,46.0,0,20,repeated_5plus
10000,21,189,2,0,9,8,5,3,3.0,0,2,no_activation
10000,21,190,5,8,31,54,0,54,62.0,4,20,repeated_5plus
10000,21,191,5,5,31,66,2,64,64.0,0,25,repeated_5plus
10000,21,192,5,5,30,41,4,37,41.0,2,18,repeated_5plus
10000,21,193,2,0,4,4,1,3,3.0,0,2,no_activation
10000,21,195,2,1,2,5,5,0,0.0,0,0,single_or_few
10000,21,196,2,0,3,4,3,1,1.0,0,1,no_activation
10000,21,198,2,1,4,1,0,1,1.0,0,1,single_or_few
10000,21,205,2,0,2,3,3,0,0.0,0,0,no_activation
10000,21,207,5,2,24,33,9,24,24.0,0,9,single_or_few
10000,21,208,3,2,6,9,5,4,6.0,1,3,single_or_few
10000,21,211,2,0,2,4,3,1,1.0,0,1,no_activation
10000,21,218,2,1,4,4,2,2,2.0,0,2,single_or_few
10000,21,224,2,0,2,4,2,2,2.0,0,1,no_activation
10000,21,225,5,2,22,30,6,24,24.0,0,12,single_or_few
10000,21,229,2,0,3,5,4,1,1.0,0,1,no_activation
10000,21,230,2,1,3,7,6,1,1.0,0,1,single_or_few
10000,21,231,3,0,2,8,6,2,2.0,0,1,no_activation
10000,21,232,2,0,3,9,2,7,7.0,0,2,no_activation
10000,21,233,2,0,3,5,4,1,1.0,0,1,no_activation
10000,21,236,4,4,18,40,2,38,40.0,1,14,single_or_few
10000,21,239,2,0,4,7,2,5,5.0,0,2,no_activation
10000,21,246,2,0,2,4,4,0,0.0,0,0,no_activation
10000,21,250,2,0,8,8,4,4,4.0,0,3,no_activation
10000,21,252,4,1,6,13,6,7,9.0,1,3,single_or_few
10000,21,253,5,1,12,20,4,16,18.0,1,4,single_or_few
10000,21,254,2,0,3,5,3,2,2.0,0,2,no_activation
10000,21,257,2,0,2,1,1,0,0.0,0,0,no_activation
10000,21,263,2,0,2,4,2,2,2.0,0,1,no_activation
10000,21,264,4,1,8,21,6,15,17.0,1,6,single_or_few
10000,21,265,3,0,2,6,5,1,1.0,0,1,no_activation
10000,21,266,3,0,7,16,3,13,13.0,0,4,no_activation
10000,21,269,2,1,7,12,4,8,8.0,0,3,single_or_few
10000,21,272,2,0,5,5,2,3,3.0,0,2,no_activation
10000,21,273,2,0,3,8,7,1,1.0,0,1,no_activation
10000,21,276,2,0,5,8,2,6,6.0,0,2,no_activation
10000,21,277,3,0,5,14,3,11,11.0,0,4,no_activation
10000,21,278,2,0,3,3,2,1,1.0,0,1,no_activation
10000,21,279,2,1,5,9,4,5,5.0,0,4,single_or_few
10000,21,280,2,1,2,8,7,1,1.0,0,1,single_or_few
10000,21,284,5,0,3,18,9,9,9.0,0,2,no_activation
10000,21,285,2,0,2,7,3,4,4.0,0,1,no_activation
10000,21,286,2,0,2,4,3,1,1.0,0,1,no_activation
10000,21,288,2,0,2,6,5,1,1.0,0,1,no_activation
10000,21,289,2,0,2,5,2,3,3.0,0,1,no_activation
10000,22,2,4,0,9,6,1,5,5.0,0,4,no_activation
10000,22,3,5,12,50,60,1,59,65.0,3,26,repeated_5plus
10000,22,17,5,6,50,58,0,58,58.0,0,24,repeated_5plus
10000,22,18,5,7,50,59,0,59,66.0,4,29,repeated_5plus
10000,22,19,5,5,50,46,0,46,46.0,0,27,repeated_5plus
10000,22,22,4,3,50,37,0,37,39.0,1,19,single_or_few
10000,22,25,5,7,50,56,0,56,60.0,2,24,repeated_5plus
10000,22,35,2,2,27,18,0,18,18.0,0,13,single_or_few
10000,22,44,5,6,50,51,0,51,51.0,0,28,repeated_5plus
10000,22,47,4,2,18,15,0,15,17.0,1,8,single_or_few
10000,22,54,5,8,50,69,1,68,70.0,1,33,repeated_5plus
10000,22,61,5,4,47,47,1,46,46.0,0,23,single_or_few
10000,22,67,2,0,2,1,1,0,0.0,0,0,no_activation
10000,22,74,2,0,2,0,0,0,0.0,0,0,no_activation
10000,22,79,2,0,3,0,0,0,0.0,0,0,no_activation
10000,22,81,2,0,3,0,0,0,0.0,0,0,no_activation
10000,22,83,2,0,2,1,1,0,0.0,0,0,no_activation
10000,22,84,4,7,45,44,1,43,47.0,2,27,repeated_5plus
10000,22,85,5,3,50,44,1,43,45.0,1,26,single_or_few
10000,22,94,2,0,2,0,0,0,0.0,0,0,no_activation
10000,22,96,4,2,13,11,0,11,11.0,0,8,single_or_few
10000,22,97,2,1,3,3,2,1,1.0,0,1,single_or_few
10000,22,98,2,0,2,3,3,0,0.0,0,0,no_activation
10000,22,99,5,6,47,50,1,49,51.0,1,25,repeated_5plus
10000,22,100,3,2,12,14,1,13,13.0,0,7,single_or_few
10000,22,101,5,10,46,59,0,59,67.0,3,29,repeated_5plus
10000,22,102,2,0,2,2,2,0,0.0,0,0,no_activation
10000,22,103,2,0,2,2,2,0,0.0,0,0,no_activation
10000,22,104,2,0,2,3,3,0,0.0,0,0,no_activation
10000,22,107,2,0,2,2,2,0,0.0,0,0,no_activation
10000,22,109,2,0,4,3,1,2,2.0,0,2,no_activation
10000,22,110,2,0,2,1,1,0,0.0,0,0,no_activation
10000,22,115,2,0,5,4,0,4,4.0,0,2,no_activation
10000,22,116,2,0,2,2,1,1,1.0,0,1,no_activation
10000,22,119,2,1,3,5,3,2,2.0,0,1,single_or_few
10000,22,120,2,1,4,3,2,1,1.0,0,1,single_or_few
10000,22,121,2,0,2,3,3,0,0.0,0,0,no_activation
10000,22,122,2,0,4,5,3,2,2.0,0,2,no_activation
10000,22,124,2,0,2,3,2,1,1.0,0,1,no_activation
10000,22,127,2,0,2,3,2,1,1.0,0,1,no_activation
10000,22,129,2,0,2,4,4,0,0.0,0,0,no_activation
10000,22,130,3,0,6,8,1,7,7.0,0,3,no_activation
10000,22,135,4,5,41,45,1,44,46.0,1,24,repeated_5plus
10000,22,136,5,8,41,58,4,54,56.0,1,22,repeated_5plus
10000,22,137,4,0,3,4,1,3,3.0,0,2,no_activation
10000,22,138,5,2,20,22,0,22,26.0,2,13,single_or_few
10000,22,139,2,1,7,2,1,1,1.0,0,1,single_or_few
10000,22,143,2,1,8,4,1,3,3.0,0,2,single_or_few
10000,22,145,2,1,6,3,1,2,2.0,0,2,single_or_few
10000,22,146,2,0,2,2,2,0,0.0,0,0,no_activation
10000,22,147,2,0,4,4,2,2,2.0,0,1,no_activation
10000,22,152,2,0,7,8,4,4,4.0,0,3,no_activation
10000,22,153,2,0,4,2,1,1,1.0,0,1,no_activation
10000,22,154,3,0,2,3,0,3,3.0,0,1,no_activation
10000,22,155,5,8,36,73,3,70,72.0,1,28,repeated_5plus
10000,22,156,2,0,2,1,1,0,0.0,0,0,no_activation
10000,22,161,5,7,35,40,1,39,39.0,0,20,repeated_5plus
10000,22,162,4,4,18,40,2,38,38.0,0,15,single_or_few
10000,22,163,5,7,34,51,2,49,51.0,1,21,repeated_5plus
10000,22,164,4,7,33,44,2,42,43.0,1,21,repeated_5plus
10000,22,165,5,2,33,25,2,23,27.0,2,11,single_or_few
10000,22,166,5,0,3,5,2,3,3.0,0,2,no_activation
10000,22,167,5,6,32,49,1,48,48.0,0,19,repeated_5plus
10000,22,169,2,0,2,5,3,2,2.0,0,1,no_activation
10000,22,173,3,1,14,15,3,12,14.0,1,8,single_or_few
10000,22,176,2,0,2,3,3,0,0.0,0,0,no_activation
10000,22,177,2,0,5,5,3,2,2.0,0,1,no_activation
10000,22,178,5,0,29,21,4,17,17.0,0,7,no_activation
10000,22,179,4,2,24,30,2,28,28.0,0,12,single_or_few
10000,22,187,2,0,3,4,2,2,2.0,0,2,no_activation
10000,22,190,5,2,7,11,1,10,10.0,0,4,single_or_few
10000,22,198,2,0,2,3,2,1,1.0,0,1,no_activation
10000,22,200,2,0,2,4,3,1,1.0,0,1,no_activation
10000,22,203,5,8,23,49,5,44,48.0,2,14,repeated_5plus
10000,22,204,3,0,7,6,1,5,5.0,0,3,no_activation
10000,22,205,4,1,23,26,3,23,23.0,0,10,single_or_few
10000,22,214,2,0,2,3,2,1,1.0,0,1,no_activation
10000,22,215,2,0,2,4,3,1,1.0,0,1,no_activation
10000,22,216,2,0,2,5,5,0,0.0,0,0,no_activation
10000,22,222,5,0,21,19,3,16,16.0,0,5,no_activation
10000,22,223,3,0,3,12,5,7,7.0,0,2,no_activation
10000,22,224,2,0,4,6,2,4,4.0,0,3,no_activation
10000,22,226,2,0,2,5,2,3,3.0,0,1,no_activation
10000,22,227,5,2,20,28,1,27,28.0,1,9,single_or_few
10000,22,228,2,0,4,5,1,4,4.0,0,2,no_activation
10000,22,230,2,0,2,0,0,0,0.0,0,0,no_activation
10000,22,231,2,0,2,1,1,0,0.0,0,0,no_activation
10000,22,234,2,2,6,8,3,5,5.0,0,3,single_or_few
10000,22,235,2,0,4,7,4,3,3.0,0,1,no_activation
10000,22,236,2,0,3,3,2,1,1.0,0,1,no_activation
10000,22,238,5,0,18,27,2,25,25.0,0,6,no_activation
10000,22,242,2,0,2,4,4,0,0.0,0,0,no_activation
10000,22,243,5,1,17,22,6,16,18.0,1,7,single_or_few
10000,22,246,2,0,9,10,3,7,7.0,0,4,no_activation
10000,22,248,2,0,3,6,5,1,1.0,0,1,no_activation
10000,22,251,4,3,16,32,5,27,27.0,0,8,single_or_few
10000,22,252,2,0,4,2,0,2,2.0,0,2,no_activation
10000,22,255,2,0,6,8,8,0,0.0,0,0,no_activation
10000,22,258,2,0,4,4,2,2,2.0,0,2,no_activation
10000,22,259,4,0,14,21,3,18,18.0,0,5,no_activation
10000,22,260,4,1,14,18,4,14,14.0,0,5,single_or_few
10000,22,261,3,0,3,9,1,8,8.0,0,2,no_activation
10000,22,262,2,1,6,12,3,9,9.0,0,4,single_or_few
10000,22,266,2,0,5,8,5,3,3.0,0,2,no_activation
10000,22,275,2,1,7,8,2,6,6.0,0,4,single_or_few
10000,22,276,3,1,3,13,8,5,5.0,0,2,single_or_few
10000,22,278,2,0,3,7,5,2,2.0,0,1,no_activation
10000,22,281,5,1,9,25,1,24,24.0,0,4,single_or_few
10000,22,285,2,1,6,8,3,5,5.0,0,4,single_or_few
10000,22,288,2,1,3,6,3,3,3.0,0,2,single_or_few
10000,22,289,2,0,2,8,3,5,5.0,0,1,no_activation
10000,22,290,2,0,4,8,2,6,6.0,0,2,no_activation
10000,22,292,2,1,3,8,3,5,5.0,0,2,single_or_few
10000,22,293,2,0,3,8,3,5,5.0,0,2,no_activation
10000,22,294,4,0,5,13,1,12,12.0,0,4,no_activation
10000,22,295,5,0,5,16,5,11,11.0,0,4,no_activation
10000,22,300,5,0,4,17,8,9,9.0,0,3,no_activation
10000,22,301,5,1,4,28,6,22,22.0,0,3,single_or_few
10000,22,302,2,0,3,7,4,3,3.0,0,1,no_activation
10000,22,304,2,1,2,7,6,1,1.0,0,1,single_or_few
10000,22,305,3,0,2,8,1,7,7.0,0,1,no_activation
10000,23,0,4,0,18,15,1,14,14.0,0,8,no_activation
10000,23,3,5,2,28,16,0,16,18.0,1,10,single_or_few
10000,23,8,5,10,50,75,1,74,78.0,1,34,repeated_5plus
10000,23,10,5,0,20,8,3,5,5.0,0,4,no_activation
10000,23,23,4,2,32,26,0,26,28.0,1,19,single_or_few
10000,23,32,3,2,16,9,0,9,11.0,1,7,single_or_few
10000,23,37,5,3,22,16,1,15,15.0,0,11,single_or_few
10000,23,38,5,4,50,48,0,48,50.0,1,26,single_or_few
10000,23,44,5,9,50,70,1,69,73.0,2,30,repeated_5plus
10000,23,49,5,7,50,71,0,71,75.0,2,38,repeated_5plus
10000,23,56,5,9,49,58,0,58,58.0,0,30,repeated_5plus
10000,23,57,4,0,6,4,1,3,3.0,0,1,no_activation
10000,23,60,2,0,3,3,1,2,2.0,0,1,no_activation
10000,23,63,4,3,48,45,0,45,49.0,2,22,single_or_few
10000,23,68,5,11,47,72,0,72,80.0,3,29,repeated_5plus
10000,23,69,3,0,4,4,3,1,1.0,0,1,no_activation
10000,23,71,2,1,23,9,3,6,6.0,0,5,single_or_few
10000,23,79,2,0,6,4,1,3,3.0,0,2,no_activation
10000,23,81,2,0,2,4,3,1,1.0,0,1,no_activation
10000,23,86,4,3,32,32,4,28,30.0,1,18,single_or_few
10000,23,92,2,0,9,5,2,3,3.0,0,2,no_activation
10000,23,94,3,3,12,10,1,9,9.0,0,6,single_or_few
10000,23,96,2,0,4,3,1,2,2.0,0,1,no_activation
10000,23,99,5,7,44,67,0,67,69.0,1,34,repeated_5plus
10000,23,105,2,0,5,6,3,3,3.0,0,3,no_activation
10000,23,106,2,0,2,4,3,1,1.0,0,1,no_activation
10000,23,108,5,0,3,2,1,1,1.0,0,1,no_activation
10000,23,109,5,0,4,2,0,2,2.0,0,2,no_activation
10000,23,111,2,0,2,5,3,2,2.0,0,1,no_activation
10000,23,113,2,0,2,1,1,0,0.0,0,0,no_activation
10000,23,114,5,6,39,56,2,54,56.0,1,24,repeated_5plus
10000,23,116,2,0,2,3,3,0,0.0,0,0,no_activation
10000,23,118,3,1,8,9,2,7,7.0,0,3,single_or_few
10000,23,121,5,1,7,11,2,9,9.0,0,3,single_or_few
10000,23,125,2,0,3,4,3,1,1.0,0,1,no_activation
10000,23,127,4,7,35,47,3,44,47.0,2,18,repeated_5plus
10000,23,131,5,3,13,18,2,16,16.0,0,9,single_or_few
10000,23,132,5,9,34,67,3,64,64.0,0,23,repeated_5plus
10000,23,133,5,9,34,70,6,64,64.0,0,28,repeated_5plus
10000,23,136,2,0,3,9,7,2,2.0,0,2,no_activation
10000,23,137,5,1,12,22,1,21,21.0,0,11,single_or_few
10000,23,138,2,0,4,5,3,2,2.0,0,2,no_activation
10000,23,139,2,0,2,2,2,0,0.0,0,0,no_activation
10000,23,140,2,0,2,5,5,0,0.0,0,0,no_activation
10000,23,147,4,1,31,28,0,28,28.0,0,14,single_or_few
10000,23,154,5,6,30,48,2,46,46.0,0,18,repeated_5plus
10000,23,155,4,6,29,27,2,25,27.0,2,10,repeated_5plus
10000,23,157,5,5,27,51,2,49,51.0,1,19,repeated_5plus
10000,23,158,3,1,28,21,0,21,21.0,0,10,single_or_few
10000,23,159,2,0,4,8,1,7,7.0,0,3,no_activation
10000,23,161,2,0,3,2,2,0,0.0,0,0,no_activation
10000,23,162,2,0,3,3,3,0,0.0,0,0,no_activation
10000,23,163,5,5,27,58,4,54,58.0,2,19,repeated_5plus
10000,23,165,2,0,2,3,3,0,0.0,0,0,no_activation
10000,23,173,2,0,4,2,2,0,0.0,0,0,no_activation
10000,23,174,5,6,25,46,5,41,43.0,1,15,repeated_5plus
10000,23,175,3,2,10,13,2,11,11.0,0,4,single_or_few
10000,23,176,4,0,2,4,2,2,2.0,0,1,no_activation
10000,23,179,2,2,14,11,4,7,9.0,1,5,single_or_few
10000,23,181,2,2,7,9,4,5,5.0,0,3,single_or_few
10000,23,182,2,1,4,7,1,6,6.0,0,2,single_or_few
10000,23,185,5,0,6,18,4,14,14.0,0,4,no_activation
10000,23,186,4,1,10,17,1,16,16.0,0,7,single_or_few
10000,23,191,2,1,3,4,4,0,0.0,0,0,single_or_few
10000,23,194,5,2,22,32,2,30,32.0,1,12,single_or_few
10000,23,195,2,0,2,7,5,2,2.0,0,1,no_activation
10000,23,198,2,1,4,9,2,7,7.0,0,3,single_or_few
10000,23,200,2,0,4,8,1,7,7.0,0,3,no_activation
10000,23,201,5,2,7,20,4,16,16.0,0,5,single_or_few
10000,23,204,2,0,3,6,5,1,1.0,0,1,no_activation
10000,23,206,2,0,2,3,1,2,2.0,0,1,no_activation
10000,23,212,2,1,2,4,4,0,0.0,0,0,single_or_few
10000,23,213,5,1,12,27,1,26,26.0,0,9,single_or_few
10000,23,216,2,0,3,8,5,3,3.0,0,2,no_activation
10000,23,218,5,2,15,18,5,13,13.0,0,6,single_or_few
10000,23,220,5,2,15,22,7,15,15.0,0,6,single_or_few
10000,23,221,5,0,9,17,5,12,12.0,0,3,no_activation
10000,23,224,2,0,5,9,6,3,3.0,0,2,no_activation
10000,23,227,2,0,2,7,4,3,3.0,0,1,no_activation
10000,23,235,3,1,6,9,6,3,3.0,0,1,single_or_few
10000,23,236,4,1,14,19,7,12,12.0,0,5,single_or_few
10000,23,237,4,2,5,13,2,11,11.0,0,3,single_or_few
10000,23,238,4,1,14,12,1,11,11.0,0,6,single_or_few
10000,23,239,3,0,3,5,0,5,5.0,0,2,no_activation
10000,23,241,2,0,5,8,3,5,5.0,0,2,no_activation
10000,23,243,2,0,6,9,0,9,9.0,0,4,no_activation
10000,23,249,5,1,10,21,4,17,17.0,0,4,single_or_few
10000,23,251,5,1,7,20,9,11,11.0,0,3,single_or_few
10000,23,254,2,1,3,4,3,1,1.0,0,1,single_or_few
10000,23,255,4,0,6,17,7,10,10.0,0,4,no_activation
10000,23,256,4,0,6,17,3,14,14.0,0,4,no_activation
10000,23,257,2,0,2,5,2,3,3.0,0,1,no_activation
10000,23,260,2,0,5,8,4,4,4.0,0,3,no_activation
10000,23,263,2,0,5,9,3,6,6.0,0,3,no_activation
10000,23,265,4,0,4,16,6,10,10.0,0,3,no_activation
10000,23,266,2,2,4,12,5,7,7.0,0,2,single_or_few
10000,23,271,2,0,3,5,2,3,3.0,0,1,no_activation
10000,23,277,2,0,2,6,3,3,3.0,0,1,no_activation
10000,23,278,5,0,2,8,5,3,3.0,0,1,no_activation
10000,23,280,2,0,2,8,8,0,0.0,0,0,no_activation
10000,23,282,2,0,2,4,3,1,1.0,0,1,no_activation
