{
  "mode": "C",
  "n_sentences": 613,
  "n_targets_with_gate": 707,
  "tau_field_mean": null,
  "tau_field_std": null,
  "g_max_mean": 0.24045814146963507,
  "g_max_std": 0.06331993235001492
}