atom,category,observed_rank1_sim_mean,observed_rank1_sim_std,observed_rank1_sim_min,observed_rank1_sim_max,observed_n_strong_seeds,observed_n_partial_seeds,observed_n_weak_seeds,observed_strong_ratio_24,uniform_baseline_mean,uniform_baseline_std,uniform_baseline_n_strong,uniform_baseline_strong_ratio,shuffled_baseline_mean,shuffled_baseline_std,shuffled_baseline_n_strong,shuffled_baseline_strong_ratio,delta_uniform,delta_shuffled,z_score_uniform,z_score_shuffled,direction_consistency_24,true_finding_uniform,true_finding_shuffled,true_finding_either,true_finding_both
VAL.incorrect,VAL,0.2908780301610629,0.02010518480503788,0.2500009834766388,0.3281803727149963,0,9,15,0.0,0.5343547773857912,0.015390559753289292,23,0.9583333333333334,0.47692518184582394,0.03058780951199368,6,0.25,-0.24347674722472828,-0.18604715168476105,-15.819876023202607,-6.08239539388431,True,True,True,True,True
VAL.truth,VAL,0.3846997308234374,0.018039299439757045,0.335247665643692,0.4072334170341491,0,24,0,0.0,0.6241679141918818,0.015211387654353058,24,1.0,0.5497340559959412,0.030046342511887418,23,0.9583333333333334,-0.2394681833684444,-0.16503432517250377,-15.742691515715567,-5.4926593846558935,True,True,True,True,True
EXS.void,EXS,0.3299751641849677,0.034318195467311324,0.2965834438800812,0.4571426212787628,0,22,2,0.0,0.5795985634128252,0.017256837613086308,24,1.0,0.5803450991710027,0.03093906294804206,24,1.0,-0.24962339922785753,-0.25036993498603505,-14.46518793446614,-8.09235675322479,True,True,True,True,True
COM.conduct,COM,0.5263604943950971,0.00912277618202701,0.5129325985908508,0.5608755946159363,24,0,0,1.0,0.7232603306571642,0.014465047373482195,24,1.0,0.582407442231973,0.028881328114273193,24,1.0,-0.19689983626206709,-0.056046947836875916,-13.612111400549603,-1.9405945465914165,True,True,False,True,False
FND.language,FND,0.4251464692254861,0.010615999419636219,0.3932378590106964,0.4445221126079559,0,24,0,0.0,0.6186827098329862,0.015194274535550835,24,1.0,0.4856922961771488,0.018676469066724172,5,0.20833333333333334,-0.19353624060750013,-0.06054582695166272,-12.737445289320876,-3.2418240693867073,True,True,True,True,True
TIM.past,TIM,0.5155085821946462,0.030881490556821357,0.4352052807807922,0.5679917931556702,18,6,0,0.75,0.7219102531671524,0.01703772971920973,24,1.0,0.6050907224416733,0.03379455098973967,24,1.0,-0.20640167097250617,-0.08958214024702704,-12.114388147605842,-2.6507865210052644,True,True,True,True,True
TIM.now,TIM,0.43577397366364795,0.031630878285809454,0.4062460064888,0.5294691920280457,2,22,0,0.08333333333333333,0.6186469420790672,0.015112631582589107,24,1.0,0.5499936963121096,0.028726660781421755,23,0.9583333333333334,-0.18287296841541928,-0.11421972264846164,-12.100670053129777,-3.976087701858142,True,True,True,True,True
COM.conflict,COM,0.28047556802630424,0.009372498236830385,0.2676359415054321,0.2989129722118377,0,0,24,0.0,0.5602306425571442,0.02365664817925873,24,1.0,0.5390585151811441,0.03417751441305637,22,0.9166666666666666,-0.2797550745308399,-0.25858294715483987,-11.825642940242005,-7.565879251185597,True,True,True,True,True
STA.danger,STA,0.19610186479985714,0.00709982347681927,0.1833426505327224,0.2074395716190338,0,0,24,0.0,0.5345756014188131,0.029011156858501648,20,0.8333333333333334,0.5724996998906136,0.028834917884966872,24,1.0,-0.33847373661895597,-0.3763978350907564,-11.667019632130494,-13.053542811959662,True,True,True,True,True
VAL.falsehood,VAL,0.312823382516702,0.02778681337264731,0.2649687826633453,0.374157965183258,0,16,8,0.0,0.5878598168492317,0.023680156449087362,24,1.0,0.5610831218461195,0.0416272651676609,22,0.9166666666666666,-0.2750364343325297,-0.24825973932941753,-11.614637552072832,-5.9638733971474975,True,True,True,True,True
LOG.unreason,LOG,0.21936955240865544,0.01206058166624361,0.1931826472282409,0.2452405393123626,0,0,24,0.0,0.5005837877591451,0.02478339755075839,12,0.5,0.5794102971752485,0.02946345113720816,24,1.0,-0.2812142353504897,-0.3600407447665931,-11.346879893063104,-12.219910800330947,True,True,True,True,True
ECO.loss,ECO,0.2354418976853291,0.0158002707563038,0.1921325773000717,0.2654899954795837,0,0,24,0.0,0.5327874148885409,0.02661289952503437,21,0.875,0.5715013444423676,0.02788909717704386,24,1.0,-0.2973455172032118,-0.33605944675703847,-11.172984624373724,-12.049850327663403,True,True,True,True,True
WLD.nonscience,WLD,0.3437379337847233,0.02166759556229735,0.3069095015525818,0.3836947083473205,0,24,0,0.0,0.6317651644349098,0.025807789742801457,24,1.0,0.5350564370552698,0.029475519222029817,22,0.9166666666666666,-0.28802723065018654,-0.19131850327054656,-11.16047648871309,-6.490759393563331,True,True,True,True,True
STA.war,STA,0.22319945817192388,0.010580606382554182,0.206802636384964,0.245845153927803,0,0,24,0.0,0.530321042984724,0.027872067921818622,20,0.8333333333333334,0.5173484310507774,0.02410910360980699,20,0.8333333333333334,-0.30712158481280016,-0.29414897287885355,-11.018973750863363,-12.200742824764376,True,True,True,True,True
FND.temporality,FND,0.4467747074862321,0.03654615462412738,0.4058945775032043,0.55286705493927,2,22,0,0.08333333333333333,0.6268662288784981,0.01699457449763918,24,1.0,0.6144028926889101,0.03270579023716101,24,1.0,-0.18009152139226597,-0.16762818520267803,-10.597000908571356,-5.125336644892173,True,True,True,True,True
EXS.death,EXS,0.3500763364136219,0.011232659264539788,0.3310325443744659,0.3810113668441772,0,24,0,0.0,0.5721898054083189,0.02145296161684772,24,1.0,0.6111993690331777,0.045291243892753213,24,1.0,-0.22211346899469697,-0.26112303261955583,-10.353510762833974,-5.765419762766475,True,True,True,True,True
VAL.profane,VAL,0.3204542634387811,0.02496325884499033,0.2766281366348266,0.3663059175014496,0,19,5,0.0,0.5867364754279455,0.02572529301391754,24,1.0,0.5424135029315948,0.04102460460434455,21,0.875,-0.2662822119891644,-0.22195923949281376,-10.35098849389603,-5.410393144150085,True,True,True,True,True
EMO.compassion,EMO,0.3168533407151699,0.027634522611961688,0.2577825784683227,0.3647057712078094,0,16,8,0.0,0.5852615808447202,0.026016120233752122,24,1.0,0.5591561955710252,0.04447030878323804,20,0.8333333333333334,-0.26840824012955034,-0.24230285485585534,-10.31699722010547,-5.448643409176985,True,True,True,True,True
ACT.destroy,ACT,0.11595735264321165,0.0035098025874129367,0.1128580048680305,0.1259521543979644,0,0,24,0.0,0.4170028567314148,0.029862615724135576,0,0.0,0.4465316869318485,0.013962245293107408,0,0.0,-0.30104550408820313,-0.33057433428863686,-10.081015905277582,-23.676301866135237,True,True,True,True,True
TIM.moment,TIM,0.6119436845183372,0.004263101291882202,0.604357898235321,0.6242936849594116,24,0,0,1.0,0.7628551895419756,0.014984185178508424,24,1.0,0.6245748375852903,0.040341565647709667,24,1.0,-0.15091150502363837,-0.01263115306695306,-10.07138547914426,-0.31310517735620347,True,True,False,True,False
ELM.sun,ELM,0.48820067942142487,0.01131167980529084,0.4748707115650177,0.533347487449646,2,22,0,0.08333333333333333,0.6480098615090052,0.016248357901058576,24,1.0,0.6480022321144739,0.043722751366243484,24,1.0,-0.15980918208758033,-0.15980155269304908,-9.8354050951308,-3.6548832747159916,True,True,True,True,True
FND.languageless,FND,0.3961801653107007,0.028709300962554793,0.3463893234729767,0.4360256493091583,0,24,0,0.0,0.6429328744610151,0.025391535204732318,24,1.0,0.5761592661341032,0.035918393014471715,24,1.0,-0.2467527091503144,-0.17997910082340246,-9.71791217666611,-5.010778203548469,True,True,True,True,True
VAL.evil,VAL,0.17918303484718004,0.03537192010054499,0.1154324561357498,0.2489309757947921,0,0,24,0.0,0.4839295583466689,0.0322844551945815,8,0.3333333333333333,0.5278618931770325,0.02848170994760628,20,0.8333333333333334,-0.30474652349948883,-0.34867885832985246,-9.43941973506297,-12.242202415910667,True,True,True,True,True
EXS.life,EXS,0.3856291137635708,0.04007958880554433,0.3240187168121338,0.476345419883728,0,24,0,0.0,0.6205268303553263,0.02514817899097275,24,1.0,0.590661846101284,0.03864414454108663,24,1.0,-0.2348977165917555,-0.20503273233771324,-9.340545757848908,-5.3056610457432045,True,True,True,True,True
FND.time,FND,0.42622200151284534,0.03573652844020459,0.3805308938026428,0.5244647264480591,1,23,0,0.041666666666666664,0.6229363779226939,0.02135999321819058,24,1.0,0.6273971448342005,0.047088804835075236,24,1.0,-0.1967143764098485,-0.20117514332135517,-9.20947747503603,-4.272249933417401,True,True,True,True,True
SPC.inside,SPC,0.3620804622769356,0.03326823116976532,0.3158541321754455,0.4173017144203186,0,24,0,0.0,0.602755218744278,0.026284936706632973,24,1.0,0.5572476958235105,0.02887217632516806,24,1.0,-0.24067475646734238,-0.19516723354657495,-9.15637572779882,-6.759699419556621,True,True,True,True,True
SPC.nowhere,SPC,0.44287024810910225,0.010558255652273333,0.4208351373672485,0.4584628045558929,0,24,0,0.0,0.6414411514997482,0.02170912828711365,24,1.0,0.6156172305345535,0.035020446573819954,24,1.0,-0.19857090339064598,-0.17274698242545128,-9.146885161138227,-4.93274641890463,True,True,True,True,True
STA.peace,STA,0.4386274168888728,0.05759847110954754,0.3243110179901123,0.5314929485321045,3,21,0,0.125,0.6578528434038162,0.02424951927284888,24,1.0,0.5878450497984886,0.03210082162179462,24,1.0,-0.21922542651494342,-0.14921763290961582,-9.04040298895329,-4.648405410542688,True,True,True,True,True
EMO.love,EMO,0.28748129432400066,0.01753740845381996,0.2666645050048828,0.3349732756614685,0,3,21,0.0,0.49667220811049145,0.023191078710201856,11,0.4583333333333333,0.5460908338427544,0.03216849081644757,22,0.9166666666666666,-0.2091909137864908,-0.2586095395187537,-9.02031839055709,-8.039218905057494,True,True,True,True,True
EXS.being,EXS,0.4840799371401469,0.016559668135834815,0.4607787430286407,0.5503503084182739,2,22,0,0.08333333333333333,0.6812007625897726,0.021868850126552472,24,1.0,0.5744875694314638,0.018768202420915547,24,1.0,-0.19712082544962567,-0.09040763229131693,-9.013771840261859,-4.817064003453277,True,True,True,True,True
FND.numberless,FND,0.3364393288890521,0.051284318027326734,0.2691699266433716,0.5187475681304932,1,20,3,0.041666666666666664,0.502961803227663,0.018494863201301382,14,0.5833333333333334,0.5881049682696661,0.023445181256962558,24,1.0,-0.16652247433861095,-0.251665639380614,-9.00371484374611,-10.734215983332454,False,False,False,False,False
WLD.religion,WLD,0.33960852151115734,0.031786104649181454,0.2813696265220642,0.3982898592948913,0,21,3,0.0,0.5884257902701696,0.027729252881638307,24,1.0,0.5063464740912119,0.028395869001071553,14,0.5833333333333334,-0.24881726875901228,-0.16673795258005458,-8.973096744477148,-5.871908782709292,True,True,True,True,True
EXS.presence,EXS,0.4061223280926545,0.006859504946858183,0.3947218656539917,0.4173119366168976,0,24,0,0.0,0.6013903841376305,0.02183285698666437,24,1.0,0.5368167472382387,0.02880743391732937,23,0.9583333333333334,-0.19526805604497594,-0.13069441914558416,-8.943770215883646,-4.536829608657499,True,True,True,True,True
SOC.criticize,SOC,0.27326170665522415,0.02458966012668572,0.2187270373106002,0.3153742551803589,0,3,21,0.0,0.5250828750431538,0.02818348383680652,21,0.875,0.5717775200804075,0.03451648833883072,23,0.9583333333333334,-0.2518211683879296,-0.29851581342518335,-8.935061749146183,-8.648498957796814,True,True,True,True,True
PRP.whole,PRP,0.5161606321732203,0.0032620294748872606,0.5105848908424377,0.524294912815094,24,0,0,1.0,0.6836016277472178,0.01879126968730629,24,1.0,0.5725172497332096,0.02977271454104144,23,0.9583333333333334,-0.1674409955739975,-0.05635661755998933,-8.910573812215878,-1.892894834372667,True,True,False,True,False
CHG.retreat,CHG,0.484793105473121,0.006692141141257217,0.474785715341568,0.5001426339149475,1,23,0,0.041666666666666664,0.6644687255223592,0.02039286857886408,24,1.0,0.5685978631178538,0.03352494036557281,23,0.9583333333333334,-0.17967562004923826,-0.08380475764473277,-8.810708476563258,-2.499773503871552,True,True,True,True,True
SOC.attack,SOC,0.2758295287688573,0.014798091628556748,0.2562790513038635,0.3075730800628662,0,2,22,0.0,0.5404465931157271,0.030198454499612424,23,0.9583333333333334,0.5657268563906351,0.027839439495099427,24,1.0,-0.26461706434686977,-0.28989732762177783,-8.762602879238933,-10.413188371583717,True,True,True,True,True
PRP.long,PRP,0.45732883736491203,0.022685105794471524,0.4436657726764679,0.5575591921806335,1,23,0,0.041666666666666664,0.5814537554979324,0.01463835788060308,24,1.0,0.5690004987021288,0.04368533098732089,23,0.9583333333333334,-0.1241249181330204,-0.11167166133721673,-8.479429123501292,-2.556273669292514,True,True,True,True,True
EMO.hate,EMO,0.22191022088130316,0.005767685487373825,0.2138892412185669,0.2392489910125732,0,0,24,0.0,0.43404951815803844,0.02541130608958686,0,0.0,0.5629162415862083,0.022283189411081202,24,1.0,-0.21213929727673528,-0.34100602070490516,-8.34822486214774,-15.303286006954028,True,True,True,True,True
SPC.reverse,SPC,0.47138966992497444,0.01902166739687586,0.4295274317264557,0.4982342720031738,0,24,0,0.0,0.627549889187018,0.018811454177929315,24,1.0,0.5426317950089773,0.025764873648709476,23,0.9583333333333334,-0.1561602192620436,-0.07124212508400285,-8.301336929351256,-2.7650873066699964,True,True,True,True,True
PRP.multiple,PRP,0.5138010879357656,0.006015459505377219,0.5023825764656067,0.5283478498458862,24,0,0,1.0,0.6719419832030932,0.019392100196228508,24,1.0,0.5334629776577154,0.028082876773942802,21,0.875,-0.15814089526732755,-0.01966188972194982,-8.154913272265567,-0.7001380193425716,True,True,False,True,False
VAL.good,VAL,0.26087165499726933,0.04524762265800789,0.1863144487142563,0.3524385094642639,0,5,19,0.0,0.509402501086394,0.031058589877770992,18,0.75,0.47828679407636326,0.03629447210314717,5,0.20833333333333334,-0.24853084608912462,-0.21741513907909393,-8.002000318340311,-5.990309997103978,True,True,True,True,True
EMO.forgiveness,EMO,0.32845378915468854,0.030433930992940828,0.2650842666625976,0.3852437734603882,0,19,5,0.0,0.5341564230620861,0.025805467941322362,21,0.875,0.5434917956590652,0.03928879654737104,21,0.875,-0.20570263390739757,-0.2150380065043767,-7.971280907408209,-5.473265291928768,True,True,True,True,True
LOG.cause,LOG,0.5160689999659857,0.01639238915525087,0.4990632534027099,0.5632732510566711,23,1,0,0.9583333333333334,0.6961294338107109,0.02274330073895086,24,1.0,0.6292402694622675,0.03378891837913554,24,1.0,-0.18006043384472525,-0.11317126949628187,-7.91707570996273,-3.34936052780442,True,True,True,True,True
VAL.correct,VAL,0.48011716455221176,0.018091183343028956,0.4415970146656036,0.5117594599723816,2,22,0,0.08333333333333333,0.6486313591400782,0.02177712101372428,24,1.0,0.5403688463071982,0.02818901776868407,22,0.9166666666666666,-0.16851419458786643,-0.06025168175498641,-7.738130053172142,-2.1374168567846166,True,True,True,True,True
COM.announce,COM,0.4593528186281522,0.012145555538549378,0.4391267299652099,0.486730694770813,0,24,0,0.0,0.6216952403386434,0.021025202228755497,24,1.0,0.5171198112269243,0.028190455443716494,20,0.8333333333333334,-0.16234242171049124,-0.057766992598772104,-7.72132510042927,-2.049168475270167,True,True,True,True,True
PRP.far,PRP,0.3874819688498974,0.004901533634235912,0.3791431486606598,0.3955735564231872,0,24,0,0.0,0.5346414359907309,0.01910203214918188,22,0.9166666666666666,0.4676977867881457,0.03305399907850337,2,0.08333333333333333,-0.1471594671408335,-0.08021581793824833,-7.703864488948428,-2.4268112837946014,True,True,True,True,True
WLD.science,WLD,0.5273828431963921,0.009636285560520439,0.511245846748352,0.5515082478523254,24,0,0,1.0,0.7011317536234856,0.023285752012072787,24,1.0,0.5413239374756813,0.032699871277218774,22,0.9166666666666666,-0.1737489104270935,-0.013941094279289246,-7.461597561333266,-0.4263348366451117,True,True,False,True,False
FND.history,FND,0.327034305781126,0.02708075326650354,0.2889367640018463,0.3919296264648437,0,20,4,0.0,0.502505344649156,0.023610263531753006,13,0.5416666666666666,0.44266097371776897,0.034274440986284634,2,0.08333333333333333,-0.17547103886802995,-0.11562666793664295,-7.431981376744999,-3.3735537213550026,True,True,True,True,True
EMO.respect,EMO,0.41791053116321564,0.006763312556296715,0.4085328578948974,0.4304158985614776,0,24,0,0.0,0.5443059454361597,0.01701317371452481,24,1.0,0.5309299876292547,0.020053237822182317,23,0.9583333333333334,-0.1263954142729441,-0.11301945646603906,-7.429267248651873,-5.635970483580471,True,True,True,True,True
PRP.difficult,PRP,0.4735427809258302,0.01957649268280677,0.4519739151000976,0.5326308608055115,3,21,0,0.125,0.690897765258948,0.029514033137400416,24,1.0,0.6555058558781942,0.035214518156238946,24,1.0,-0.21735498433311778,-0.18196307495236402,-7.364462299043902,-5.16727430842684,True,True,True,True,True
ABS.responsibility,ABS,0.3515009606877963,0.036522769881622646,0.2839759290218353,0.4223643839359283,0,21,3,0.0,0.5483766173322996,0.0268404193479322,23,0.9583333333333334,0.5278615479667982,0.044013756057572906,18,0.75,-0.1968756566445033,-0.1763605872790019,-7.335043990647288,-4.006942444273799,True,True,True,True,True
SOC.praise,SOC,0.37120651453733444,0.006329053293076187,0.3599194586277008,0.3859308660030365,0,24,0,0.0,0.5074581255515417,0.01859939818432387,14,0.5833333333333334,0.48640470827619237,0.026978331410964708,6,0.25,-0.13625161101420724,-0.11519819373885792,-7.325592455407734,-4.270026636711799,True,True,True,True,True
WLD.uncultured,WLD,0.33083880071838695,0.014718022881621813,0.3007802963256836,0.3566411733627319,0,24,0,0.0,0.5145109854638577,0.025207425686667076,16,0.6666666666666666,0.5843315807481607,0.038651802471850266,23,0.9583333333333334,-0.1836721847454707,-0.25349278002977377,-7.2864316661506665,-6.558368919907166,True,True,True,True,True
LOG.effect,LOG,0.5085560952623686,0.04597486426740565,0.4149771630764007,0.6161057949066162,15,9,0,0.625,0.6939035579562187,0.02585546332483986,24,1.0,0.6197525610526403,0.03171274825887246,24,1.0,-0.18534746269385016,-0.11119646579027176,-7.168599547616042,-3.5063648499515234,True,True,True,True,True
TIM.indefinite,TIM,0.40445034702618915,0.04657741385832864,0.3315575718879699,0.4981450736522674,0,24,0,0.0,0.5928375323613485,0.02652295302223337,24,1.0,0.553330252567927,0.046957450805711204,22,0.9166666666666666,-0.18838718533515936,-0.14887990554173786,-7.102798288608369,-3.1705278499409157,True,True,True,True,True
ACT.receive,ACT,0.3458256522814433,0.005649998242948735,0.3332403004169464,0.3609166741371155,0,24,0,0.0,0.5639523193240166,0.031177847490532467,24,1.0,0.5500011506179968,0.030504055246642844,22,0.9166666666666666,-0.21812666704257327,-0.20417549833655352,-6.996206749321296,-6.693388688345766,True,True,True,True,True
EMO.trust,EMO,0.28462839250763255,0.010821526123415384,0.2716463208198547,0.3129072189331054,0,2,22,0.0,0.5063961856067181,0.03173975778909503,11,0.4583333333333333,0.5303611954053243,0.033171189852835965,19,0.7916666666666666,-0.2217677930990855,-0.24573280289769178,-6.987066334049948,-7.408018946196556,True,True,True,True,True
ELM.sky,ELM,0.48602450763185817,0.009596986161640968,0.4578765332698822,0.5033013224601746,3,21,0,0.125,0.6324284796913465,0.020987065765038795,24,1.0,0.5378398224711418,0.035663343341038184,22,0.9166666666666666,-0.14640397205948835,-0.051815314839283644,-6.975914294001724,-1.4529012141062843,True,True,False,True,False
BEI.parent,BEI,0.3572698272764683,0.007291752410468957,0.3460673391819,0.3708622455596924,0,24,0,0.0,0.5342445919911066,0.026063992596547608,23,0.9583333333333334,0.5643987183769544,0.037404088050823806,24,1.0,-0.17697476471463836,-0.20712889110048616,-6.790009783001555,-5.537600350502978,True,True,True,True,True
PRP.deep,PRP,0.5166457581023375,0.04732355602630195,0.435609221458435,0.6113471984863281,16,8,0,0.6666666666666666,0.675377202530702,0.023892700169586823,24,1.0,0.6055997883280119,0.033348931704355815,24,1.0,-0.1587314444283645,-0.08895403022567439,-6.643512173245903,-2.6673727066962027,True,True,True,True,True
EMO.despair,EMO,0.2661309006313483,0.005564667019630135,0.2578880488872528,0.2819038331508636,0,0,24,0.0,0.43906035646796227,0.026508498312342997,1,0.041666666666666664,0.5837717379132906,0.03417690164865781,24,1.0,-0.17292945583661395,-0.3176408372819423,-6.523547799616164,-9.294020872556674,True,True,True,True,True
WLD.outer_realm,WLD,0.46215302621324855,0.009656009460425994,0.4352143108844757,0.4754633605480194,0,24,0,0.0,0.5756605913241705,0.017433166800106537,24,1.0,0.4916153885424137,0.034217652214210054,6,0.25,-0.11350756511092192,-0.02946236232916516,-6.511012394502429,-0.8610281659514297,True,True,False,True,False
ABS.bound,ABS,0.5189016461372375,0.005783728717128421,0.5099501609802246,0.536763608455658,24,0,0,1.0,0.6327535808086395,0.017551651928582886,24,1.0,0.550740834325552,0.028615817441275514,23,0.9583333333333334,-0.11385193467140198,-0.03183918818831444,-6.486679153316274,-1.1126429728472311,True,True,False,True,False
CHG.decay,CHG,0.26822398230433464,0.009055164975422945,0.2595250308513641,0.2965758442878723,0,0,24,0.0,0.45776235436399776,0.029234204141962514,1,0.041666666666666664,0.4791417022546132,0.02906094493250677,7,0.2916666666666667,-0.18953837205966312,-0.21091771995027858,-6.48344559473064,-7.257772258958855,True,True,True,True,True
ABS.other,ABS,0.29599712044000626,0.025769848840471815,0.2482954561710357,0.3344446420669555,0,13,11,0.0,0.5215354139606158,0.03482540160246016,17,0.7083333333333334,0.46523555864890415,0.03196722078738849,5,0.20833333333333334,-0.2255382935206095,-0.1692384382088979,-6.47625822367191,-5.294124232271852,True,True,True,True,True
SPC.direction,SPC,0.5958288237452507,0.004537453415878131,0.5881578922271729,0.6051933765411377,24,0,0,1.0,0.7102198352416357,0.017698915054055013,24,1.0,0.5822797939181328,0.03332578293316229,24,1.0,-0.11439101149638498,0.01354902982711792,-6.463165179730989,0.40656298621075637,True,True,False,True,False
SPC.outside,SPC,0.38060854375362396,0.004895315701909169,0.373477429151535,0.3890548050403595,0,24,0,0.0,0.5444843793908755,0.02550421634324842,24,1.0,0.4892413417498271,0.02667043303919071,8,0.3333333333333333,-0.1638758356372515,-0.10863279799620312,-6.425440932265044,-4.0731546366934985,True,True,True,True,True
LOG.reason,LOG,0.5030942000448704,0.021904332104071663,0.4552995860576629,0.5684335231781006,14,10,0,0.5833333333333334,0.6344948261976242,0.02060635514901243,24,1.0,0.5455428883433342,0.04264186083522575,20,0.8333333333333334,-0.13140062615275383,-0.04244868829846382,-6.376703944125279,-0.9954698849211019,True,True,False,True,False
COM.secret,COM,0.4547124666472276,0.012173788381326855,0.4396702647209167,0.4862729609012604,0,24,0,0.0,0.5786700944105784,0.019826228768242204,24,1.0,0.5604209651549658,0.024416768442703407,23,0.9583333333333334,-0.12395762776335079,-0.10570849850773817,-6.252204048099506,-4.329340254661243,True,True,True,True,True
VAL.sacred,VAL,0.2391511797904968,0.028028194706896443,0.1837176084518432,0.2814392447471618,0,0,24,0.0,0.49475203081965446,0.04165127413743189,10,0.4166666666666667,0.45179583008090657,0.03044422294189205,3,0.125,-0.25560085102915764,-0.21264465029040977,-6.136687444081089,-6.984729112524175,True,True,True,True,True
ELM.night,ELM,0.49362260351578396,0.005401489691481566,0.4838322401046753,0.5079779624938965,2,22,0,0.08333333333333333,0.6320204983154932,0.022744043224959137,24,1.0,0.5916497111320496,0.04598805927153034,24,1.0,-0.13839789479970926,-0.0980271076162656,-6.085017225425974,-2.131577395720869,True,True,True,True,True
CHG.advance,CHG,0.6118655701478323,0.014703583575757403,0.5974544882774353,0.6730075478553772,24,0,0,1.0,0.7014950886368752,0.014754445436979428,24,1.0,0.6222236181298891,0.03201366772513206,24,1.0,-0.08962951848904288,-0.010358047982056862,-6.074746683762321,-0.32355080558062277,True,True,False,True,False
SOC.family,SOC,0.3125411880513032,0.03535322323107435,0.2356860935688018,0.3728910982608795,0,15,9,0.0,0.522593238701423,0.0348790460538948,17,0.7083333333333334,0.4441053445140521,0.03435069113385248,2,0.08333333333333333,-0.21005205065011984,-0.13156415646274888,-6.022299185750356,-3.8300293857288037,True,True,True,True,True
ACT.agitate,ACT,0.42951342463493347,0.008244086898504779,0.4198120236396789,0.4448020756244659,0,24,0,0.0,0.5805039455493292,0.025144499929598926,24,1.0,0.5194940914710363,0.03354283401348834,18,0.75,-0.1509905209143957,-0.08998066683610284,-6.004912459470181,-2.682560060366979,True,True,True,True,True
REL.same,REL,0.3243095278739929,0.02885052570494186,0.2714571356773376,0.3734434843063354,0,17,7,0.0,0.5322402305901051,0.03478110803183253,19,0.7916666666666666,0.4714632046719392,0.02657931071831861,6,0.25,-0.20793070271611214,-0.14715367679794628,-5.978265629887606,-5.536399282789795,True,True,True,True,True
SOC.homeless,SOC,0.5227948625882467,0.007631210161451319,0.5113092064857483,0.5433462262153625,24,0,0,1.0,0.6291043559710184,0.017864137355201475,24,1.0,0.5607579884429773,0.044099499983639115,22,0.9166666666666666,-0.10630949338277174,-0.037963125854730606,-5.951000670727476,-0.8608516166581232,True,True,False,True,False
COM.practice,COM,0.5886432901024818,0.00889621618754352,0.5658484101295471,0.6076533794403076,24,0,0,1.0,0.7002680624524752,0.019248809416476106,24,1.0,0.6093893696864446,0.039050554341942344,24,1.0,-0.11162477234999335,-0.020746079583962795,-5.799048135125054,-0.5312621019999303,True,True,False,True,False
ELM.star,ELM,0.35089388738075894,0.017219842725514946,0.3379108905792236,0.4284111857414245,0,24,0,0.0,0.4900948405265808,0.024346328253514793,7,0.2916666666666667,0.5304083004593849,0.02594475891383542,19,0.7916666666666666,-0.13920095314582187,-0.17951441307862598,-5.717533736354102,-6.919101220975205,True,True,True,True,True
COM.cooperate,COM,0.28263423095146817,0.02495898154859701,0.2357501536607742,0.3345644772052765,0,8,16,0.0,0.5056669103602568,0.03925075184538409,12,0.5,0.4344359176854293,0.034082770412846984,0,0.0,-0.22303267940878863,-0.1518016867339611,-5.682252413593382,-4.453912780421798,True,True,True,True,True
ACT.abandon,ACT,0.4254896901547909,0.010515626271478814,0.4085743129253387,0.4481359422206878,0,24,0,0.0,0.5572316696246465,0.023297910745933414,24,1.0,0.6145961408813795,0.03847756741414635,24,1.0,-0.13174197946985566,-0.1891064507265886,-5.654669249381121,-4.914719495938385,True,True,True,True,True
REL.together,REL,0.19810959013799823,0.01935225278696385,0.1617191135883331,0.2456067055463791,0,0,24,0.0,0.42596060534318286,0.04128527588167716,2,0.08333333333333333,0.3568480722606182,0.022873451764576492,0,0.0,-0.22785101520518464,-0.15873848212261998,-5.518941325672655,-6.9398569029469375,True,True,True,True,True
CHG.end,CHG,0.5905004118879636,0.026981698276920724,0.5312992334365845,0.6366590261459351,24,0,0,1.0,0.7182024990518888,0.023209322603870167,24,1.0,0.6172950019439062,0.03595046600624513,24,1.0,-0.12770208716392517,-0.026794590055942535,-5.502189328982431,-0.7453196865734067,True,True,False,True,False
SPC.place,SPC,0.46511224781473476,0.007237207445227606,0.4518100023269653,0.4777579605579376,0,24,0,0.0,0.5712414681911469,0.019935902853335515,24,1.0,0.465672234694163,0.02118191731887554,2,0.08333333333333333,-0.10612922037641209,-0.0005599868794282647,-5.32352214781461,-0.026437025081258895,True,True,False,True,False
ELM.darkness,ELM,0.40870577717820805,0.00765064344652009,0.3947940766811371,0.4247442483901977,0,24,0,0.0,0.536071085681518,0.023992593863252608,22,0.9166666666666666,0.4753490351140499,0.03710545121048675,5,0.20833333333333334,-0.1273653085033099,-0.06664325793584186,-5.30852600720193,-1.7960503311978895,True,True,False,True,False
EMO.shame,EMO,0.36031461879611015,0.027348051980693133,0.3193158209323883,0.4100947976112366,0,24,0,0.0,0.4953996886809667,0.025614697866755926,11,0.4583333333333333,0.5670262450973192,0.048844370988909334,22,0.9166666666666666,-0.13508506988485652,-0.2067116263012091,-5.273732705634482,-4.2320460293806486,True,True,True,True,True
NAT.sea,NAT,0.3725649490952492,0.004775091654148379,0.3621108531951904,0.3800328075885772,0,24,0,0.0,0.5094403239587942,0.027046459426548427,14,0.5833333333333334,0.4166052018602689,0.021199634582870594,0,0.0,-0.13687537486354506,-0.044040252765019716,-5.060750196722241,-2.0774062209829056,True,True,True,True,True
EXS.spirit,EXS,0.3828801189859708,0.014751321721333458,0.3577616214752197,0.418011724948883,0,24,0,0.0,0.5650018254915873,0.03601309642527676,24,1.0,0.6088403065999349,0.03175630273488328,24,1.0,-0.1821217065056165,-0.22596018761396414,-5.057096572728733,-7.11544380655353,True,True,True,True,True
COM.question,COM,0.5014103017747402,0.016092215115109828,0.4794208407402038,0.5302866697311401,11,13,0,0.4583333333333333,0.5926127334435781,0.01807261149970735,24,1.0,0.5363968486587206,0.041396356050263955,19,0.7916666666666666,-0.0912024316688379,-0.034986546883980396,-5.046444542357077,-0.8451600629171154,True,True,False,True,False
FND.information,FND,0.21169435543318582,0.01695971913132356,0.1665511131286621,0.2440717071294784,0,0,24,0.0,0.38579675431052846,0.034620758086929236,0,0.0,0.3175583978494008,0.02157463957675644,0,0.0,-0.17410239887734263,-0.105864042416215,-5.028844210753244,-4.906874204761604,True,True,True,True,True
ECO.price,ECO,0.4913395990928014,0.005841281672408676,0.4803676307201385,0.5040468573570251,1,23,0,0.041666666666666664,0.641654814283053,0.02995111316406505,24,1.0,0.5310469468434652,0.032089975885720344,21,0.875,-0.15031521519025165,-0.03970734775066381,-5.018685428046055,-1.2373754312583671,True,True,False,True,False
ACT.create,ACT,0.47716720402240753,0.0008241366643168785,0.4753113090991974,0.4784993231296539,0,24,0,0.0,0.6219217528899511,0.02903928958297788,24,1.0,0.6071605210502943,0.022067181674801074,24,1.0,-0.14475454886754358,-0.12999331702788675,-4.984782718389748,-5.890798333179472,True,True,True,True,True
REL.different,REL,0.2511152271181345,0.016327055165523664,0.219327300786972,0.2835486531257629,0,0,24,0.0,0.4527524958054225,0.04177113047867733,4,0.16666666666666666,0.3899277249972026,0.02362267013091163,0,0.0,-0.20163726868728798,-0.13881249787906808,-4.827192043323238,-5.876240793686734,True,True,True,True,True
SOC.obstruct,SOC,0.40799353271722794,0.006258950467513423,0.3981245160102844,0.4198361933231354,0,24,0,0.0,0.5140846632421017,0.022703535091352253,19,0.7916666666666666,0.45549575611948967,0.03736159799077549,5,0.20833333333333334,-0.10609113052487373,-0.047502223402261734,-4.672890371389067,-1.2714184070496648,True,True,False,True,False
EMO.anger,EMO,0.31908902774254483,0.0067924889927604,0.3090803325176239,0.3406238853931427,0,24,0,0.0,0.45630792280038196,0.030020673577067874,2,0.08333333333333333,0.5956460113326708,0.04078807834619819,24,1.0,-0.13721889505783713,-0.276556983590126,-4.570813333204343,-6.780338638236032,True,True,True,True,True
PRP.murky,PRP,0.3497038061420123,0.004294948431150384,0.3410457074642181,0.3584064245223999,0,24,0,0.0,0.46368160222967464,0.025003096495369637,3,0.125,0.4145595195392768,0.02626399832988181,0,0.0,-0.11397779608766234,-0.06485571339726448,-4.5585472226918,-2.469376999749312,True,True,True,True,True
COM.teach,COM,0.5700177301963171,0.026685361323659673,0.5387980341911316,0.6242263913154602,24,0,0,1.0,0.6732639769713084,0.02293516915738376,24,1.0,0.6244120821356773,0.042956627697236044,24,1.0,-0.10324624677499128,-0.054394351939360264,-4.501656214807212,-1.2662621545326789,True,True,False,True,False
ELM.morning,ELM,0.543335922062397,0.005283370606782886,0.5335293412208557,0.55071622133255,24,0,0,1.0,0.6499661902586619,0.023706525899452265,24,1.0,0.61383239676555,0.037665474065153456,24,1.0,-0.10663026819626487,-0.07049647470315301,-4.497928909892636,-1.8716470840433002,True,True,False,True,False
ACT.dissolve,ACT,0.36180467282732326,0.00842337308681794,0.3470898270606994,0.3831462562084198,0,24,0,0.0,0.4712600074708462,0.024355298354540627,4,0.16666666666666666,0.4185108554859956,0.03216859126542846,0,0.0,-0.10945533464352292,-0.05670618265867233,-4.494107731721416,-1.7627810366571566,True,True,False,True,False
PRP.old,PRP,0.3871620198090871,0.022828602397845586,0.374653548002243,0.4858003556728363,0,24,0,0.0,0.46412254745761555,0.017373855831581617,0,0.0,0.5021662140885989,0.028496077043302648,12,0.5,-0.07696052764852845,-0.11500419427951175,-4.4296745866068585,-4.035790403877395,False,False,False,False,False
EXS.vitality,EXS,0.49287934104601544,0.007835796601037752,0.4716930389404297,0.5122790932655334,2,22,0,0.08333333333333333,0.6208710273106893,0.029075270799876554,24,1.0,0.6224043120940527,0.041095402189623646,24,1.0,-0.1279916862646739,-0.12952497104803723,-4.402080625340807,-3.1518117391911433,True,True,True,True,True
PRP.clear,PRP,0.5136814278860887,0.015143670368006406,0.4838321506977081,0.5490187406539917,18,6,0,0.75,0.6173899744947752,0.02379549083225975,24,1.0,0.5376498599847158,0.021512097048006957,24,1.0,-0.10370854660868645,-0.02396843209862709,-4.358327690727349,-1.114183895932531,True,True,False,True,False
WLD.realm,WLD,0.5787409866849581,0.018470901152015162,0.5328434705734253,0.6057764887809753,24,0,0,1.0,0.6696761747201284,0.021430554690933502,24,1.0,0.554447433600823,0.03402953485377532,23,0.9583333333333334,-0.09093518803517031,0.024293553084135056,-4.243249386057269,0.7138961254840622,True,True,False,True,False
ECO.waste,ECO,0.3059259069462617,0.0024517684607098878,0.3005280494689941,0.3108218908309936,0,24,0,0.0,0.41221533343195915,0.02544556903301346,0,0.0,0.3735341615974903,0.0369617764842891,0,0.0,-0.10628942648569745,-0.0676082546512286,-4.177129084745402,-1.8291397514393293,True,True,False,True,False
COG.know,COG,0.5354212435583273,0.028524952721227313,0.4944113194942474,0.5933902859687805,22,2,0,0.9166666666666666,0.6171060626705488,0.01967885341508919,24,1.0,0.5934641088048617,0.028235900817810463,24,1.0,-0.08168481911222147,-0.05804286524653435,-4.150893214621329,-2.0556406406528542,True,True,True,True,True
FND.spatiality,FND,0.4538031928241253,0.006069262974294071,0.438919723033905,0.4631529152393341,0,24,0,0.0,0.5436427518725395,0.022025441403219968,24,1.0,0.43833892916639644,0.023868973778922897,0,0.0,-0.08983955904841423,0.01546426365772885,-4.078899369312086,0.6478813794409675,True,True,False,True,False
ACT.give,ACT,0.5084195745488008,0.006262982742390658,0.4920177459716797,0.5176488161087036,22,2,0,0.9166666666666666,0.5850707665085793,0.019149914382087626,24,1.0,0.49800735091169673,0.02915208187835976,8,0.3333333333333333,-0.07665119195977843,0.01041222363710409,-4.002691105056644,0.35716912708156584,True,True,False,True,False
BEI.human,BEI,0.5033208169043064,0.007339703546361464,0.4837780296802521,0.5165319442749023,17,7,0,0.7083333333333334,0.6226794272661209,0.03005645625552319,24,1.0,0.5707874993483225,0.024865764254604083,24,1.0,-0.1193586103618145,-0.0674666824440161,-3.9711471421345985,-2.7132358271081145,True,True,True,True,True
PRP.heavy,PRP,0.4050792492926121,0.004374970364392013,0.3985651433467865,0.4131435751914978,0,24,0,0.0,0.48165375118454296,0.019783348918305032,3,0.125,0.4245210935672124,0.033406067039383446,1,0.041666666666666664,-0.07657450189193088,-0.01944184427460033,-3.870654165184259,-0.5819854295233179,True,True,False,True,False
STA.poverty,STA,0.40255894139409065,0.009646748577213623,0.3852726221084595,0.4319549202919006,0,24,0,0.0,0.5147097818553448,0.02902293520416895,17,0.7083333333333334,0.5915482814113299,0.039953552614387766,24,1.0,-0.11215084046125412,-0.18898934001723922,-3.864214273032743,-4.730226166400578,True,True,True,True,True
ABS.release,ABS,0.5409644072254499,0.009972290114047367,0.5288703441619873,0.5684927701950073,24,0,0,1.0,0.6161425684889158,0.01973546243127377,24,1.0,0.6328585023681322,0.04723826016691773,24,1.0,-0.07517816126346588,-0.09189409514268232,-3.8092931202024904,-1.9453319156542164,True,True,False,True,False
SOC.refuse,SOC,0.391398336738348,0.014401224122912231,0.359760969877243,0.4172940850257873,0,24,0,0.0,0.49457264443238574,0.027276737799521254,6,0.25,0.5496010233958563,0.026863615527801237,24,1.0,-0.10317430769403774,-0.15820268665750825,-3.7825017218829076,-5.889106270665012,True,True,True,True,True
CHG.stay,CHG,0.3676072557767232,0.05641804629892016,0.2811649441719055,0.4809113144874573,0,20,4,0.0,0.4553433743615945,0.023319201884839987,1,0.041666666666666664,0.552098274230957,0.026903592584877442,23,0.9583333333333334,-0.08773611858487129,-0.18449101845423382,-3.7623980022193337,-6.857486332808079,False,False,False,False,False
FND.play,FND,0.5453268761436144,0.016714878581995947,0.5104597806930542,0.5938887000083923,24,0,0,1.0,0.6144306982556978,0.018763547569057962,24,1.0,0.5726905887325605,0.04318722020614121,23,0.9583333333333334,-0.06910382211208344,-0.0273637125889461,-3.6828761649550286,-0.6336067118544246,True,True,False,True,False
ECO.money,ECO,0.5271294837196668,0.006703953963659625,0.5084871649742126,0.5397933721542358,24,0,0,1.0,0.6072703301906586,0.022344449375041337,24,1.0,0.5064626149833202,0.031806362312276744,12,0.5,-0.08014084647099173,0.0206668687363466,-3.5866109352646993,0.6497715310364027,True,True,False,True,False
SOC.request,SOC,0.4613058442870776,0.012988274618264944,0.4524208903312683,0.4973656833171844,0,24,0,0.0,0.5445535580317179,0.023244496346257637,24,1.0,0.543316134562095,0.0335202149969142,23,0.9583333333333334,-0.0832477137446403,-0.08201029027501744,-3.581394602169695,-2.4465920126874825,True,True,True,True,True
COG.intention,COG,0.43549592420458794,0.014647677170014002,0.4048039019107818,0.4617353081703186,0,24,0,0.0,0.5117594463129839,0.02133094141979422,16,0.6666666666666666,0.5492786578834057,0.0268965608609779,23,0.9583333333333334,-0.07626352210839593,-0.11378273367881775,-3.5752534596352405,-4.230382250984963,True,True,True,True,True
PRP.dark,PRP,0.4204308862487475,0.005980040664274352,0.4077297747135162,0.4313922822475433,0,24,0,0.0,0.5155475350717703,0.0270739969116063,16,0.6666666666666666,0.5035427051285902,0.04562853294464686,12,0.5,-0.09511664882302279,-0.0831118188798427,-3.5132104481495086,-1.8214878611299594,True,True,False,True,False
ACT.make,ACT,0.583909330268701,0.003842873907819754,0.5748796463012695,0.5909574031829834,24,0,0,1.0,0.6603104323148727,0.02204921494474467,24,1.0,0.5903719663619995,0.029395613062484564,24,1.0,-0.07640110204617179,-0.006462636093298557,-3.4650259538778565,-0.21985035928869057,True,True,False,True,False
COM.answer,COM,0.5610294466217359,0.004800400490173731,0.5512300729751587,0.5712698698043823,24,0,0,1.0,0.6259183660149574,0.01878263707092989,24,1.0,0.5331002573172251,0.029134806840380487,22,0.9166666666666666,-0.0648889193932215,0.027929189304510826,-3.4547289152304845,0.9586193400054162,True,True,False,True,False
PRP.impossible,PRP,0.49667542800307274,0.015747606361864244,0.4673425555229187,0.5260965824127197,10,14,0,0.4166666666666667,0.6004780009388924,0.03006756751424879,24,1.0,0.5666179458300272,0.026677640512836776,24,1.0,-0.10380257293581963,-0.06994251782695449,-3.452310297021147,-2.6217655115826104,True,True,True,True,True
VAL.ugliness,VAL,0.39852437004446983,0.01605010383965409,0.33750981092453,0.4160425364971161,0,24,0,0.0,0.5020817331969738,0.03004202053125024,13,0.5416666666666666,0.5248080169161161,0.037518955232272076,20,0.8333333333333334,-0.10355736315250397,-0.12628364687164628,-3.447083828625367,-3.3658625643984594,True,True,True,True,True
EMO.apology,EMO,0.3703068618973096,0.027502296099911092,0.3202995657920837,0.4208929538726806,0,24,0,0.0,0.45092812304695445,0.023439643040487557,2,0.08333333333333333,0.5272019281983376,0.030984778567167623,20,0.8333333333333334,-0.08062126114964485,-0.15689506630102795,-3.439525977865228,-5.063617477882464,True,True,True,True,True
FND.ahistorical,FND,0.4879280577103297,0.024009219021240685,0.4344876408576965,0.5258087515830994,7,17,0,0.2916666666666667,0.5493052278955778,0.017919401718587507,24,1.0,0.6109117170174917,0.04803198460173511,24,1.0,-0.061377170185248076,-0.12298365930716199,-3.4251796543844724,-2.5604534213378995,True,True,True,True,True
FND.number,FND,0.5523325403531393,0.008773774185375198,0.5342846512794495,0.565075159072876,24,0,0,1.0,0.6420671616991361,0.02644021965578679,24,1.0,0.5582739015420278,0.038314629559228174,23,0.9583333333333334,-0.08973462134599686,-0.00594136118888855,-3.393868224780699,-0.15506769234723186,True,True,False,True,False
NAT.river,NAT,0.36527854825059575,0.0033469592348835103,0.3586122989654541,0.3708968460559845,0,24,0,0.0,0.4580785135428111,0.027381303600604597,2,0.08333333333333333,0.37692148114244145,0.021667538079601575,0,0.0,-0.09279996529221535,-0.011642932891845703,-3.389172650281204,-0.5373445219790192,True,True,False,True,False
BEI.plant,BEI,0.4293411945303281,0.0037810941797950547,0.4227374792098999,0.4382216334342956,0,24,0,0.0,0.5135577556987604,0.02512674172696908,17,0.7083333333333334,0.41373982032140094,0.021554879107311558,0,0.0,-0.08421656116843229,0.015601374208927155,-3.3516705860052207,0.7237978061141185,True,True,False,True,False
EMO.contempt,EMO,0.35322330519557,0.007808971709489855,0.3385586440563202,0.3674355149269104,0,24,0,0.0,0.4385821558535099,0.025618886456060506,1,0.041666666666666664,0.5519134054581324,0.026714614633356105,23,0.9583333333333334,-0.08535885065793991,-0.1986901002625624,-3.3318720079555635,-7.437505761901434,True,True,True,True,True
ELM.fire,ELM,0.38040777295827866,0.004711628040393525,0.3688015639781952,0.3882441222667694,0,24,0,0.0,0.4727850283185641,0.02828029397798434,5,0.20833333333333334,0.40666840597987175,0.025031405125756863,0,0.0,-0.09237725536028546,-0.026260633021593094,-3.2664885107700563,-1.049107426836833,True,True,False,True,False
ACT.stop,ACT,0.561278355618318,0.006410836589524565,0.5507350564002991,0.5730822682380676,24,0,0,1.0,0.6304840917388598,0.021335526342347422,24,1.0,0.5619932090242704,0.02975800824200153,24,1.0,-0.06920573612054182,-0.0007148534059524536,-3.2436854385532596,-0.024022219502697888,True,True,False,True,False
COG.separate,COG,0.5362320939699808,0.005815612083279411,0.5208577513694763,0.5460085272789001,24,0,0,1.0,0.6030580302079519,0.020715471218617793,24,1.0,0.5089694373309612,0.03241053465867815,13,0.5416666666666666,-0.06682593623797106,0.02726265663901961,-3.2258950584677994,0.8411665196556651,True,True,False,True,False
PRP.hard,PRP,0.4028729895750682,0.00517202554943095,0.3920944333076477,0.4144043326377868,0,24,0,0.0,0.4818301113943259,0.024587183071249324,5,0.20833333333333334,0.40738609929879505,0.023260846916668104,0,0.0,-0.07895712181925774,-0.004513109723726871,-3.2113122349337013,-0.1940217284389975,True,True,False,True,False
SOC.defend,SOC,0.5012719494601091,0.00678377320016023,0.4885690808296203,0.5181699991226196,14,10,0,0.5833333333333334,0.5952834462126096,0.030806464497483574,24,1.0,0.5193652361631393,0.028095544249435684,18,0.75,-0.09401149675250053,-0.01809328670303023,-3.051680817192764,-0.6439913226950087,True,True,False,True,False
ABS.foolish,ABS,0.3256274114052455,0.005082143930788074,0.3176707625389099,0.337720662355423,0,24,0,0.0,0.4070304458340009,0.02721071832579268,0,0.0,0.5610105842351913,0.02363874527152044,24,1.0,-0.0814030344287554,-0.23538317282994586,-2.9915797684618473,-9.957515516423435,True,True,True,True,True
EMO.courage,EMO,0.3631237931549549,0.009139071936271084,0.3481650054454803,0.3847518563270569,0,24,0,0.0,0.4645545147359371,0.03466618340163131,3,0.125,0.5555091897646586,0.025908392818682017,24,1.0,-0.10143072158098221,-0.19238539660970366,-2.925926987861292,-7.425601346872371,True,True,True,True,True
ECO.pay,ECO,0.5365125462412834,0.004343044860799228,0.5266555547714233,0.543060839176178,24,0,0,1.0,0.6053628623485565,0.023724483005198006,24,1.0,0.568671103566885,0.034297816614296525,23,0.9583333333333334,-0.0688503161072731,-0.03215855732560158,-2.902078670889818,-0.937626954136689,True,True,False,True,False
FND.mind,FND,0.521667035917441,0.022900021035946492,0.4797386527061462,0.5602710843086243,20,4,0,0.8333333333333334,0.5885127186775208,0.023130737273883498,24,1.0,0.603163609902064,0.03451580603210505,24,1.0,-0.06684568276007974,-0.08149657398462296,-2.8899071382196713,-2.361137790287108,True,True,True,True,True
PRP.near,PRP,0.43742139637470245,0.0059353973768881095,0.4260008037090301,0.4479745328426361,0,24,0,0.0,0.5109570287168026,0.02552899244831631,15,0.625,0.41398747141162556,0.02222839754073766,0,0.0,-0.07353563234210014,0.02343392496307689,-2.8804753063002284,1.054233663048804,True,True,False,True,False
PRP.new,PRP,0.5889258037010828,0.011377130790519392,0.5661928653717041,0.6107113361358643,24,0,0,1.0,0.649372048676014,0.02170359817865373,24,1.0,0.6173426931103071,0.04510691035781159,24,1.0,-0.06044624497493112,-0.028416889409224266,-2.785079436016382,-0.6299897107517816,True,True,False,True,False
PRP.possible,PRP,0.47644032662113506,0.007279828842901962,0.4649593234062195,0.4907426238059997,0,24,0,0.0,0.5431292181213697,0.02474190421096783,23,0.9583333333333334,0.4752982308467229,0.02566442583394322,4,0.16666666666666666,-0.06668889150023466,0.0011420957744121552,-2.695382333210722,0.0445011231422775,True,True,False,True,False
WLD.secular,WLD,0.5380596270163854,0.005210121075721319,0.5284262895584106,0.5519855618476868,24,0,0,1.0,0.5939085930585861,0.021384165980043314,24,1.0,0.5615813781817754,0.017883462611621364,24,1.0,-0.05584896604220069,-0.023521751165390015,-2.611697182593958,-1.3152794666344243,True,True,False,True,False
TIM.come,TIM,0.47587500636776287,0.007481159281255271,0.4575174748897552,0.4888655245304107,0,24,0,0.0,0.5521073763569196,0.02954948571944674,24,1.0,0.4636458108822505,0.035943488036524585,2,0.08333333333333333,-0.07623236998915678,0.012229195485512379,-2.579820532679785,0.3402339659714014,True,True,False,True,False
FND.uninformed,FND,0.28621471921602887,0.018986349772189475,0.2558632493019104,0.3326003551483154,0,6,18,0.0,0.37780725459257763,0.03555124547475621,0,0.0,0.3869229579965274,0.03060639391737825,0,0.0,-0.09159253537654877,-0.1007082387804985,-2.576352365533457,-3.290431373665245,True,True,True,True,True
EMO.sorrow,EMO,0.3811265788972378,0.009436974986105542,0.3666369318962097,0.4060245752334595,0,24,0,0.0,0.4658053231736024,0.0330767714859817,1,0.041666666666666664,0.5712056905031204,0.05222492814940649,22,0.9166666666666666,-0.08467874427636463,-0.19007911160588264,-2.5600667922578966,-3.6396241860227967,True,True,True,True,True
PRP.slow,PRP,0.5641994898517927,0.007544071246638328,0.5497550964355469,0.5794848203659058,24,0,0,1.0,0.6151267662644386,0.019936272155937712,24,1.0,0.5269822192688783,0.03136585428380678,18,0.75,-0.05092727641264594,0.03721727058291435,-2.5545034705737617,1.186553704106458,True,True,False,True,False
SOC.citizen,SOC,0.5179249967137972,0.0039407357595225585,0.5036230087280273,0.5216825604438782,24,0,0,1.0,0.5769414429863294,0.024083823787880054,24,1.0,0.5390825942158699,0.026601929472426417,23,0.9583333333333334,-0.05901644627253222,-0.02115759750207269,-2.450459976469005,-0.7953407110564323,True,True,False,True,False
EXS.nonbeing,EXS,0.459747056166331,0.018152702458053595,0.4264835715293884,0.5168001651763916,1,23,0,0.041666666666666664,0.5312110185623169,0.029531838133188517,20,0.8333333333333334,0.5067609225710233,0.018532140757194893,16,0.6666666666666666,-0.0714639623959859,-0.04701386640469235,-2.419895506459287,-2.5368826527199646,True,True,True,True,True
BEI.root,BEI,0.3826822054882844,0.008966748900009447,0.3673526644706726,0.4049838781356811,0,24,0,0.0,0.44569406285881996,0.026509885452551445,1,0.041666666666666664,0.3912997556229432,0.028127285303932357,0,0.0,-0.06301185737053555,-0.008617550134658813,-2.3769192621868145,-0.3063768878347471,True,True,False,True,False
PRP.part,PRP,0.5144211699565252,0.00518219779025759,0.5042850375175476,0.5243083238601685,24,0,0,1.0,0.5598858619729677,0.01964156082866663,24,1.0,0.4691140564779441,0.02570847175251934,3,0.125,-0.04546469201644254,0.04530711347858113,-2.3147188969874204,1.7623417647974813,True,True,False,True,False
ELM.moon,ELM,0.5504585777719816,0.0052485553784743086,0.5422244668006897,0.5593619346618652,24,0,0,1.0,0.5975189929207166,0.020333252034903437,24,1.0,0.5645630322396755,0.041560154762695464,23,0.9583333333333334,-0.047060415148735046,-0.014104454467693928,-2.3144559005097944,-0.3393744452644371,True,True,False,True,False
ELM.water,ELM,0.3574705223242442,0.006399387846682707,0.3437128067016601,0.3694577515125274,0,24,0,0.0,0.42719142884016037,0.030906778909167678,0,0.0,0.36614423741896945,0.018920175824048313,0,0.0,-0.06972090651591617,-0.008673715094725254,-2.25584512448935,-0.4584373409310821,True,True,False,True,False
ELM.earth,ELM,0.3176303741832574,0.005998085035391244,0.3064833283424377,0.3283309638500213,0,24,0,0.0,0.389178058753411,0.031753601012528124,0,0.0,0.34164685507615405,0.017760237849511192,0,0.0,-0.07154768457015359,-0.024016480892896652,-2.2532148256799296,-1.3522612194947405,True,True,False,True,False
PRP.dry,PRP,0.34358584011594456,0.006113176859785742,0.330623596906662,0.3550035059452057,0,24,0,0.0,0.4105796044071515,0.02985217838483665,0,0.0,0.3544367787738641,0.02219367618312676,0,0.0,-0.06699376429120696,-0.010850938657919529,-2.2441834370531666,-0.4889202928070654,True,True,False,True,False
PRP.clean,PRP,0.40151526033878326,0.004104309954354299,0.3941141068935394,0.4110567569732666,0,24,0,0.0,0.4630245454609394,0.027460471964624183,3,0.125,0.3987480215728283,0.028469182556244654,0,0.0,-0.06150928512215614,0.0027672387659549713,-2.2399209016289006,0.09720120205376194,True,True,False,True,False
ACT.build,ACT,0.5876412863532702,0.004507645683620711,0.578785240650177,0.5955889821052551,24,0,0,1.0,0.6357441743214926,0.022067857907609827,24,1.0,0.5489208276073138,0.02586112828476851,23,0.9583333333333334,-0.048102887968222374,0.03872045874595642,-2.1797715106564417,1.4972455308054637,True,True,False,True,False
ACT.lose,ACT,0.47629142676790553,0.010828266608276392,0.4630118906497955,0.5098658204078674,1,23,0,0.041666666666666664,0.5330145210027695,0.02635929299895993,22,0.9166666666666666,0.5557601489126682,0.04632386592458502,21,0.875,-0.056723094234863936,-0.0794687221447627,-2.1519201686138576,-1.7155028095914384,True,True,False,True,False
EXS.matter,EXS,0.32575420662760735,0.005080445570542775,0.3167040944099426,0.3354343175888061,0,24,0,0.0,0.3917259909212589,0.03125264098116939,0,0.0,0.33776634310682613,0.018017477301148548,0,0.0,-0.06597178429365158,-0.012012136479218782,-2.110918700707613,-0.6666935819285341,True,True,False,True,False
EMO.unhappiness,EMO,0.37291262795527774,0.007429469482738081,0.361155241727829,0.3935912549495697,0,24,0,0.0,0.4442601663370927,0.03446272564935761,1,0.041666666666666664,0.5676410732169946,0.05218641723684282,22,0.9166666666666666,-0.07134753838181496,-0.1947284452617169,-2.0702813557970825,-3.7314009194760653,True,True,True,True,True
MAT.drink,MAT,0.38555630793174106,0.005181127772782564,0.3767552673816681,0.3955543637275696,0,24,0,0.0,0.4466609222193559,0.02976873580322955,1,0.041666666666666664,0.3700103002289931,0.01952270882321769,0,0.0,-0.06110461428761482,0.015546007702747944,-2.0526439110990298,0.7963038246137035,True,True,False,True,False
WLD.culture,WLD,0.5839075470964114,0.03403811113610288,0.5240153074264526,0.633765459060669,24,0,0,1.0,0.6355814139048258,0.025260379669199428,24,1.0,0.5828429112831751,0.02153609550065245,24,1.0,-0.05167386680841446,0.0010646358132362366,-2.0456488574248,0.04943495041633627,True,True,False,True,False
COG.think,COG,0.5333545741935571,0.01976770998331201,0.4919595420360565,0.5739458799362183,23,1,0,0.9583333333333334,0.5794370224078497,0.022659161351405104,24,1.0,0.58600764721632,0.03059762613126657,24,1.0,-0.046082448214292526,-0.0526530730227629,-2.0337225857405765,-1.7208221577999703,True,True,False,True,False
FND.body,FND,0.39985693121949833,0.005132537394652169,0.3885163068771362,0.4108993709087372,0,24,0,0.0,0.4549996890127659,0.02715153429001452,2,0.08333333333333333,0.42364467059572536,0.041727005823695894,1,0.041666666666666664,-0.05514275779326755,-0.023787739376227024,-2.0309260318135065,-0.570080189236067,True,True,False,True,False
FND.consciousness,FND,0.4218803582092126,0.012397889077683402,0.4055939614772796,0.4433599710464477,0,24,0,0.0,0.48024533192316693,0.02944054317397707,3,0.125,0.5467042426268259,0.025344536195266498,24,1.0,-0.05836497371395433,-0.12482388441761333,-1.9824693236483486,-4.925080634970397,True,False,True,True,False
PRP.soft,PRP,0.4058281009395917,0.004800341104120718,0.3957419395446777,0.4184926152229309,0,24,0,0.0,0.463802049557368,0.030644189240478768,3,0.125,0.3911623035868009,0.02570187653090588,0,0.0,-0.05797394861777627,0.014665797352790833,-1.8918414895179168,0.5706119292556545,True,False,False,False,False
ECO.sell,ECO,0.563720628619194,0.006098222514002209,0.5473715662956238,0.5724480748176575,24,0,0,1.0,0.6157406022151312,0.027900552508813792,24,1.0,0.5584701113402843,0.029034401823792914,22,0.9166666666666666,-0.05201997359593713,0.005250517278909683,-1.8644782600453524,0.18083779754701285,True,False,False,False,False
PER.untouched,PER,0.4764498807489872,0.003951594339201981,0.4696872532367706,0.4904289841651916,0,24,0,0.0,0.5292576750119528,0.028706635117025862,20,0.8333333333333334,0.6000819752613703,0.04491587523097107,24,1.0,-0.05280779426296556,-0.1236320945123831,-1.8395675441474968,-2.752525557536825,True,False,True,True,False
ELM.wind,ELM,0.3702738843858242,0.0026795278579072068,0.3659392893314361,0.375225156545639,0,24,0,0.0,0.429766529550155,0.03307185475267293,1,0.041666666666666664,0.3529564340909322,0.01569324284144909,0,0.0,-0.05949264516433078,0.01731745029489201,-1.7988904949312672,1.1034972484560714,True,False,False,False,False
PRP.narrow,PRP,0.4023347149292628,0.003924326052400315,0.395406037569046,0.412549078464508,0,24,0,0.0,0.45249080906311673,0.028246414190079647,2,0.08333333333333333,0.37812599788109463,0.01971869901978567,0,0.0,-0.05015609413385391,0.024208717048168182,-1.7756623476642606,1.2277035631953834,True,False,False,False,False
ECO.currency,ECO,0.4774041722218196,0.006905794333160181,0.4622082412242889,0.4888071417808532,0,24,0,0.0,0.5210560485720634,0.024684915284785218,19,0.7916666666666666,0.46943409865101177,0.02510741581977598,3,0.125,-0.04365187635024387,0.007970073570807812,-1.7683624126978112,0.3174390239130123,True,False,False,False,False
ABS.wise,ABS,0.491325252999862,0.025693722678441205,0.4553636014461517,0.5484954714775085,6,18,0,0.25,0.5462321614225706,0.031834413751512296,24,1.0,0.5898228511214256,0.030547075170017018,24,1.0,-0.05490690842270857,-0.09849759812156361,-1.7247658100850125,-3.2244526709464583,False,False,False,False,False
PRP.cold,PRP,0.42219291751583415,0.006231467434531329,0.408645898103714,0.4365260899066925,0,24,0,0.0,0.47064506635069847,0.028119436130339473,2,0.08333333333333333,0.4018651607135932,0.022812503614950793,0,0.0,-0.04845214883486432,0.02032775680224097,-1.7230839413094368,0.891079609031541,True,False,False,False,False
PRP.wet,PRP,0.35016970957318944,0.004191046115696422,0.3405184149742126,0.3621383011341095,0,24,0,0.0,0.4043687929709752,0.03172937117122932,0,0.0,0.3423723466694355,0.019232328252510093,0,0.0,-0.054199083397785786,0.007797362903753935,-1.7081675872269075,0.4054300031373616,True,False,False,False,False
EMO.patience,EMO,0.4752648745973905,0.008875084482483283,0.4531216323375702,0.4955131113529205,0,24,0,0.0,0.5278308354318142,0.031448471095623036,19,0.7916666666666666,0.5942253669102987,0.0345006254504721,24,1.0,-0.05256596083442372,-0.11896049231290823,-1.671494956768814,-3.4480677019517745,True,False,True,True,False
CHG.grow,CHG,0.574641096095244,0.004866101793415259,0.5648066401481628,0.5838087201118469,24,0,0,1.0,0.6114434277017912,0.022315341034047337,24,1.0,0.5037830111881098,0.021796886375493537,13,0.5416666666666666,-0.03680233160654711,0.0708580849071343,-1.6491942269847653,3.2508351737246644,True,False,True,True,False
TIM.period,TIM,0.6446653405825297,0.0038504985108906583,0.6362360119819641,0.658036470413208,24,0,0,1.0,0.6874483525753021,0.026309841173448704,24,1.0,0.6304649536808332,0.042655145310754136,24,1.0,-0.04278301199277246,0.014200386901696449,-1.6261220168804402,0.3329114646836351,True,False,False,False,False
FND.timeless,FND,0.4887996440132459,0.008589241710298698,0.472682774066925,0.5060575604438782,3,21,0,0.125,0.5214146859943867,0.020856290827565478,20,0.8333333333333334,0.5687474881609281,0.04461961504772745,24,1.0,-0.03261504198114079,-0.07994784414768225,-1.5637987718330975,-1.791764542615751,True,False,False,False,False
EMO.happiness,EMO,0.43818532923857373,0.012737285957071376,0.4081589877605438,0.4601372480392456,0,24,0,0.0,0.4902367802957694,0.03395642092408345,5,0.20833333333333334,0.549451378484567,0.03074329727893935,24,1.0,-0.05205145105719566,-0.11126604924599331,-1.5328897934669665,-3.619196998827317,True,False,True,True,False
EMO.dislike,EMO,0.38593821475903195,0.009997685689565916,0.3715023994445801,0.4155522286891937,0,24,0,0.0,0.43726295605301857,0.03385973817457926,1,0.041666666666666664,0.5380906462669373,0.03626049405718334,21,0.875,-0.05132474129398662,-0.1521524315079053,-1.5158044350301412,-4.196093723046317,True,False,True,True,False
PRP.dirty,PRP,0.37765849381685257,0.00429889929735341,0.3715194165706634,0.3887903690338135,0,24,0,0.0,0.42061325038472813,0.028464480435537377,0,0.0,0.37623945251107216,0.03350830874248007,0,0.0,-0.04295475656787556,0.0014190413057804108,-1.5090651896897913,0.042348938488245,True,False,False,False,False
COG.learn,COG,0.6227018162608147,0.016309261937659855,0.6005942821502686,0.663335382938385,24,0,0,1.0,0.6694739560286204,0.03127889210514067,24,1.0,0.6266948729753494,0.03154106711334334,24,1.0,-0.0467721397678057,-0.0039930567145347595,-1.4953259728824833,-0.1265986562910394,True,False,False,False,False
PRP.large,PRP,0.48841605459650356,0.004428635054833594,0.4813838601112366,0.4984086453914642,0,24,0,0.0,0.5281894902388254,0.026652655256135742,19,0.7916666666666666,0.4423324093222618,0.03128648955346622,1,0.041666666666666664,-0.039773435642321886,0.04608364527424175,-1.4922879262907809,1.4729567277111202,True,False,False,False,False
FND.labor,FND,0.5848403051495552,0.009670961783197886,0.5721156597137451,0.6125063300132751,24,0,0,1.0,0.6330767869949341,0.03388027452881346,24,1.0,0.5625170531372229,0.036611141883625915,22,0.9166666666666666,-0.048236481845378876,0.022323252012332317,-1.4237335002807072,0.6097392996724923,True,False,False,False,False
ACT.ascend,ACT,0.5231506203611692,0.006620965563605436,0.5120994448661804,0.5380294322967529,24,0,0,1.0,0.5543061296145121,0.02228191186107422,24,1.0,0.5184028757115205,0.033522989888738974,16,0.6666666666666666,-0.031155509253342872,0.004747744649648666,-1.3982421906878888,0.1416265275086196,True,False,False,False,False
ABS.self,ABS,0.43228061124682426,0.004649468351205099,0.4263629913330078,0.4406240880489349,0,24,0,0.0,0.4859834561745326,0.03870937891273224,7,0.2916666666666667,0.5728252157568932,0.019820185948029628,24,1.0,-0.053702844927708326,-0.1405446045100689,-1.387334192283939,-7.090983146101148,True,False,True,True,False
STA.illness,STA,0.42669737090667087,0.004217395045888473,0.4189133644104004,0.4406999051570892,0,24,0,0.0,0.4633676658074061,0.026818680300082977,2,0.08333333333333333,0.5567523054778576,0.04649936515142402,22,0.9166666666666666,-0.036670294900735256,-0.13005493457118672,-1.3673415130953255,-2.796918498729307,True,False,True,True,False
COM.speak,COM,0.4991397385795911,0.006128070160234782,0.4866351783275604,0.5139526128768921,6,18,0,0.25,0.5308732179303964,0.023291310881935957,23,0.9583333333333334,0.5304243788123131,0.01616110739357349,24,1.0,-0.03173347935080534,-0.03128464023272198,-1.3624599968487336,-1.9357980533662196,True,False,False,False,False
PRP.hot,PRP,0.4425792954862118,0.005229637514613389,0.4350577294826507,0.4543169140815735,0,24,0,0.0,0.48333219190438587,0.030173633420654006,8,0.3333333333333333,0.40549328302343685,0.020985371356550958,0,0.0,-0.04075289641817409,0.03708601246277493,-1.3506128297521678,1.7672316506897492,True,False,False,False,False
ACT.descend,ACT,0.46400704979896545,0.005631727169084421,0.4534607529640198,0.4776591956615448,0,24,0,0.0,0.4965918759504954,0.024348859922416963,11,0.4583333333333333,0.4340726261337598,0.025448271180003392,0,0.0,-0.032584826151529966,0.029934423665205656,-1.338248536291036,1.1762851571908495,True,False,False,False,False
STA.pain,STA,0.42527707169453305,0.013149921553638772,0.4088277220726013,0.4513667821884155,0,24,0,0.0,0.4614888206124306,0.027601566541177253,3,0.125,0.5000454609592756,0.05412088672711656,13,0.5416666666666666,-0.036211748917897524,-0.07476838926474255,-1.3119454239626296,-1.3815070998694636,True,False,False,False,False
PRP.wide,PRP,0.4213340940574805,0.005655565822997748,0.4114246070384979,0.4349818527698517,0,24,0,0.0,0.4604949156443278,0.030136461821895652,2,0.08333333333333333,0.39127443234125775,0.024556955676972667,0,0.0,-0.039160821586847305,0.030059661716222763,-1.2994498763088043,1.2240793244746557,True,False,False,False,False
SOC.work,SOC,0.605202836294969,0.004386362104482642,0.5981481671333313,0.6150041818618774,24,0,0,1.0,0.6393012528618177,0.026997358507342015,24,1.0,0.5699725138644377,0.029666903296558453,22,0.9166666666666666,-0.034098416566848755,0.03523032243053126,-1.2630278831751478,1.187529486254745,True,False,False,False,False
EMO.joy,EMO,0.4342726493875186,0.011806339806442547,0.4132762551307678,0.4555093050003052,0,24,0,0.0,0.4720905472834905,0.03463191766638996,4,0.16666666666666666,0.5602242449919382,0.03695306584904793,24,1.0,-0.0378178978959719,-0.12595159560441965,-1.091995489833181,-3.40842072803723,True,False,True,True,False
WLD.art,WLD,0.5899065335591634,0.01496292215294221,0.5508880019187927,0.6018537878990173,24,0,0,1.0,0.6181468591094017,0.025982943770964762,24,1.0,0.5157494246959686,0.029223863827047662,16,0.6666666666666666,-0.028240325550238254,0.07415710886319482,-1.0868793697577892,2.537553189477975,True,False,True,True,False
WLD.artless,WLD,0.6605826566616694,0.006591841980054571,0.646437406539917,0.672005295753479,24,0,0,1.0,0.6795773655176163,0.017543096859399178,24,1.0,0.6275391802191734,0.034298990798198196,24,1.0,-0.018994708855946896,0.033043476442495945,-1.0827454814951887,0.9633950059029665,True,False,False,False,False
EMO.worry,EMO,0.38946662719051045,0.007906492994936166,0.3773444294929504,0.4137613177299499,0,24,0,0.0,0.4271419545014699,0.03504075185229001,1,0.041666666666666664,0.5576459529499213,0.03878376478232204,22,0.9166666666666666,-0.03767532731095946,-0.1681793257594108,-1.0751860425191553,-4.336333171968605,True,False,True,True,False
MAT.food,MAT,0.4573984630405903,0.006634287305273739,0.4451542198657989,0.4702440202236175,0,24,0,0.0,0.4879002583523591,0.028655207015334857,8,0.3333333333333333,0.43003931144873303,0.034755657155551144,1,0.041666666666666664,-0.03050179531176883,0.027359151591857256,-1.064441631688292,0.7871855643358905,True,False,False,False,False
EMO.pleasure,EMO,0.45936041201154393,0.025866553091088762,0.4164318144321441,0.519504725933075,2,22,0,0.08333333333333333,0.4888207862774531,0.02795293879270209,6,0.25,0.5609377262492975,0.04373929474994111,21,0.875,-0.029460374265909195,-0.10157731423775357,-1.0539276204332642,-2.322335438156335,False,False,False,False,False
PRP.light,PRP,0.4656863734126091,0.009184362633743852,0.4430806338787079,0.4804130792617798,0,24,0,0.0,0.49211467305819195,0.025311512264953984,9,0.375,0.4369244910776615,0.028244982794135325,1,0.041666666666666664,-0.026428299645582853,0.028761882334947586,-1.0441217169854826,1.0183005790649513,True,False,False,False,False
EMO.hope,EMO,0.40647510811686516,0.008695679321960319,0.394624799489975,0.4337506592273712,0,24,0,0.0,0.4417513298491637,0.03402712227466003,1,0.041666666666666664,0.5215178094804287,0.028718678234966186,18,0.75,-0.03527622173229855,-0.11504270136356354,-1.036708936111495,-4.0058494483041445,True,False,True,True,False
FND.logic,FND,0.6425212745865186,0.015535352915170301,0.6056702733039856,0.6789857149124146,24,0,0,1.0,0.6686708306272825,0.02547541489357453,24,1.0,0.6004469506442547,0.05796573215455891,23,0.9583333333333334,-0.026149556040763855,0.04207432394226396,-1.0264624207301667,0.7258482275368772,False,False,False,False,False
PRP.short,PRP,0.5621710320313772,0.0070064717436495545,0.5430564284324646,0.5719380378723145,24,0,0,1.0,0.5865665202339491,0.023845461016306146,24,1.0,0.5203595000008742,0.030599322629499343,17,0.7083333333333334,-0.02439548820257187,0.04181153203050303,-1.0230663263708595,1.3664201831119795,True,False,False,False,False
EXS.absence,EXS,0.4337094898025195,0.0059857479188358655,0.4251567125320434,0.4470015168190002,0,24,0,0.0,0.47014495730400085,0.03562753569935355,2,0.08333333333333333,0.5247111258407434,0.014279971506491605,23,0.9583333333333334,-0.036435467501481356,-0.09100163603822392,-1.0226771733230617,-6.372676303790594,True,False,True,True,False
ACT.take,ACT,0.527811365822951,0.005576576124711436,0.5164988040924072,0.5370410084724426,24,0,0,1.0,0.5470591435829798,0.019180455073876883,24,1.0,0.5317930517097315,0.0390474984562715,19,0.7916666666666666,-0.01924777776002884,-0.003981685886780495,-1.0035099629228112,-0.10197031933401583,True,False,False,False,False
COG.enlightenment,COG,0.5895279993613561,0.017208878576675257,0.5584168434143066,0.6291331052780151,24,0,0,1.0,0.6146606653928757,0.025196891401778276,24,1.0,0.58324284106493,0.039652650703398754,24,1.0,-0.025132666031519535,0.006285158296426174,-0.997451059766277,0.15850537567939824,False,False,False,False,False
FND.unchanging,FND,0.5241597816348076,0.05138547007349594,0.3894888758659363,0.5627051591873169,19,5,0,0.7916666666666666,0.5495817313591639,0.02731986444426075,24,1.0,0.5905836870272955,0.051686397032977165,22,0.9166666666666666,-0.025421949724356296,-0.06642390539248788,-0.9305298632144875,-1.2851332111640097,False,False,False,False,False
BEI.beast,BEI,0.5295953551928202,0.005375248189995153,0.5196093320846558,0.5402624607086182,24,0,0,1.0,0.5497179999947548,0.02210075745499954,24,1.0,0.4705014079809189,0.027140129138725363,4,0.16666666666666666,-0.020122644801934597,0.05909394721190131,-0.910495707801297,2.1773642604958017,True,False,True,True,False
ECO.buy,ECO,0.5941835020979246,0.006879621641621561,0.5759280920028687,0.6055500507354736,24,0,0,1.0,0.6178566565116247,0.026066766756885903,24,1.0,0.5569216124713421,0.02835603616680947,22,0.9166666666666666,-0.023673154413700104,0.0372618896265825,-0.9081737921120006,1.3140725807860714,True,False,False,False,False
EMO.fear,EMO,0.43464407697319984,0.0091475341326002,0.4096227288246155,0.4530243575572967,0,24,0,0.0,0.4642125479876995,0.034219443220617415,2,0.08333333333333333,0.5585791990160942,0.045798555511688085,21,0.875,-0.029568471014499664,-0.12393512204289436,-0.8640839309940755,-2.70609237907657,True,False,True,True,False
NAT.tree,NAT,0.38334754606088,0.004522049609106615,0.3739751875400543,0.3906509578227997,0,24,0,0.0,0.409260556101799,0.030432339996016727,0,0.0,0.351348876953125,0.022859963880827,0,0.0,-0.025913010040919005,0.03199866910775501,-0.8514958115054821,1.399769014271837,True,False,False,False,False
FND.intuition,FND,0.48700597509741783,0.021857406615476332,0.4507852792739868,0.5291156768798828,7,17,0,0.2916666666666667,0.5117853830258051,0.0291449808374603,15,0.625,0.5857956111431122,0.02933967475672278,24,1.0,-0.024779407928387287,-0.09878963604569435,-0.8502118449341403,-3.367100585293914,False,False,False,False,False
NAT.flower,NAT,0.449866163233916,0.009413793410175874,0.4323289394378662,0.4631513357162475,0,24,0,0.0,0.47265903403361637,0.029319449364444927,4,0.16666666666666666,0.38129137828946114,0.02672356654866389,0,0.0,-0.022792870799700382,0.06857478494445485,-0.7773976419673424,2.5660790755447804,True,False,True,True,False
EXS.physical_body,EXS,0.4197251920898755,0.005140466367458449,0.409698486328125,0.4309006631374359,0,24,0,0.0,0.43893180415034294,0.02844823402077706,1,0.041666666666666664,0.42700110375881195,0.040494720484275784,1,0.041666666666666664,-0.01920661206046742,-0.00727591166893643,-0.6751425078421368,-0.1796755621948715,True,False,False,False,False
EMO.satisfaction,EMO,0.4544997860987981,0.008912653262160798,0.442704290151596,0.4848906397819519,0,24,0,0.0,0.47925224527716637,0.037122565378234745,5,0.20833333333333334,0.5566884490350882,0.03228882460380589,22,0.9166666666666666,-0.02475245917836827,-0.10218866293629009,-0.6667766337312677,-3.1648306864736444,False,False,False,False,False
PRP.sharp,PRP,0.5437649687131246,0.01340746567219684,0.5224258899688721,0.5891923308372498,24,0,0,1.0,0.562059628466765,0.027948571392608958,24,1.0,0.5155426984031996,0.045176465351504894,15,0.625,-0.01829465975364042,0.02822227030992508,-0.6545830016370164,0.6247117850043342,False,False,False,False,False
PRP.low,PRP,0.4179692069689433,0.005193480826811308,0.4068590104579925,0.4309646487236023,0,24,0,0.0,0.4363523597518603,0.029086835616926963,1,0.041666666666666664,0.37493698795636493,0.022967357630102738,0,0.0,-0.018383152782917023,0.043032219012578365,-0.6320093744476977,1.8736251555632641,True,False,False,False,False
SOC.pass,SOC,0.5603129540880522,0.010060425974043873,0.541923463344574,0.5822609663009644,24,0,0,1.0,0.5750886648893356,0.02590606442015517,24,1.0,0.5189022968212763,0.038032975714835264,15,0.625,-0.014775710801283481,0.04141065726677584,-0.5703572168139841,1.0888092895298505,False,False,False,False,False
SOC.official,SOC,0.5983327229817709,0.00473880016702444,0.580299973487854,0.603137195110321,24,0,0,1.0,0.6113824596007665,0.02325943489375916,24,1.0,0.5588104501366615,0.041928233648005415,24,1.0,-0.013049736618995667,0.03952227284510934,-0.5610513186843201,0.9426171676323282,True,False,False,False,False
EMO.manifest,EMO,0.6089203159014384,0.00661156480565489,0.5967074632644653,0.6212508678436279,24,0,0,1.0,0.6218254988392194,0.023093087659744556,24,1.0,0.5837043325106303,0.03023688436428232,24,1.0,-0.01290518293778109,0.025215983390808105,-0.5588331507647272,0.8339478064940707,True,False,False,False,False
ACT.arrive,ACT,0.5107452819744746,0.008253025842350353,0.4988343119621277,0.5278871059417725,22,2,0,0.9166666666666666,0.5246767488618692,0.02641049398522981,20,0.8333333333333334,0.4717407400409381,0.03704892529409608,4,0.16666666666666666,-0.013931466887394661,0.039004541933536474,-0.5274973991469413,1.0527847062746523,False,False,False,False,False
STA.wound,STA,0.45634516204396885,0.004331949674764136,0.4482744634151459,0.4624871611595154,0,24,0,0.0,0.468801108499368,0.02420131855886984,3,0.125,0.5350410888592402,0.05496028251117492,19,0.7916666666666666,-0.012455946455399158,-0.07869592681527132,-0.5146804883833086,-1.431869037413887,True,False,False,False,False
SOC.stateless,SOC,0.43170488625764847,0.009318168354899856,0.4163075983524322,0.4451598823070526,0,24,0,0.0,0.45049720630049706,0.03686221862547433,1,0.041666666666666664,0.5269274426003298,0.025336248410770205,21,0.875,-0.018792320042848587,-0.09522255634268129,-0.5097989416692842,-3.7583526494870907,True,False,True,True,False
ECO.save,ECO,0.5510977456967036,0.006282855570842881,0.5403389930725098,0.565966010093689,24,0,0,1.0,0.5688817302385966,0.03625334392250365,23,0.9583333333333334,0.5176930824915568,0.02888312219203388,19,0.7916666666666666,-0.017783984541893005,0.03340466320514679,-0.49054742591217626,1.1565461304027573,True,False,False,False,False
BEI.female,BEI,0.5237652733922005,0.0047189100307892555,0.5156497359275818,0.5309807062149048,24,0,0,1.0,0.5368681438267231,0.03202514248305855,23,0.9583333333333334,0.5721123069524765,0.03484025428857583,24,1.0,-0.013102870434522629,-0.04834703356027603,-0.4091432361762046,-1.3876774021172713,True,False,False,False,False
ACT.sink,ACT,0.45696840931971866,0.0067353575223958115,0.4425779283046722,0.470270961523056,0,24,0,0.0,0.4686400716503461,0.02934225437496749,2,0.08333333333333333,0.4077859881023566,0.02536850993246296,0,0.0,-0.011671662330627441,0.04918242121736205,-0.39777660507860596,1.9387193551492548,False,False,False,False,False
PRP.high,PRP,0.45175815497835475,0.0051248427689480494,0.4434535205364227,0.4644717276096344,0,24,0,0.0,0.4608520542581876,0.030731629269450965,2,0.08333333333333333,0.40314094970623654,0.03316055808460874,0,0.0,-0.00909389927983284,0.048617205272118214,-0.2959133471284162,1.4661154118115876,False,False,False,False,False
ACT.move,ACT,0.47803932552536327,0.007864383656771086,0.4628558456897735,0.4939830899238586,0,24,0,0.0,0.48537608484427136,0.029342664559065337,7,0.2916666666666667,0.4312887104849021,0.0349359059609945,1,0.041666666666666664,-0.007336759318908093,0.046750615040461185,-0.25003725561935786,1.3381824158977773,False,False,False,False,False
WLD.technique,WLD,0.6052211249868075,0.007766389115729716,0.5917685627937317,0.6171380877494812,24,0,0,1.0,0.6131152013937632,0.03191018638399687,24,1.0,0.564139594634374,0.027916608943295233,24,1.0,-0.007894076406955719,0.04108153035243345,-0.2473842149325283,1.471580249445019,False,False,False,False,False
STA.wealth,STA,0.4717179810007413,0.0039965542084677156,0.4618522524833679,0.4798566401004791,0,24,0,0.0,0.47807178025444347,0.026482727639017403,6,0.25,0.4373471649984519,0.03213846223854754,1,0.041666666666666664,-0.006353799253702164,0.03437081600228942,-0.2399223879167573,1.0694605033424514,False,False,False,False,False
EMO.pride,EMO,0.38362854594985646,0.006996115624946058,0.3712881803512573,0.4013837575912475,0,24,0,0.0,0.3913334595660369,0.03253641450475016,1,0.041666666666666664,0.494205005466938,0.02069229423595075,9,0.375,-0.00770491361618042,-0.11057645951708156,-0.23680893341998516,-5.343847243625903,False,False,False,False,False
COG.remember,COG,0.454594178746144,0.007393456628900641,0.4434538185596466,0.4763755798339844,0,24,0,0.0,0.4607165629665057,0.02685438733286231,2,0.08333333333333333,0.5079637728631496,0.018725182265219745,17,0.7083333333333334,-0.00612238422036171,-0.05336959411700565,-0.22798450564052197,-2.85015084825821,False,False,False,False,False
PRP.smooth,PRP,0.48454684888323146,0.005358283690974368,0.4757441878318786,0.5010336637496948,1,23,0,0.041666666666666664,0.48846908658742905,0.03155960777894798,9,0.375,0.42060190935929614,0.02580527354918465,0,0.0,-0.003922237704197584,0.06394493952393532,-0.12428030575253017,2.4779795262412843,False,False,False,False,False
PRP.blunt,PRP,0.40887008234858513,0.004706112498756483,0.3999175131320953,0.4186054170131683,0,24,0,0.0,0.4118913747370243,0.030223304066917523,0,0.0,0.35629500945409137,0.018622029585684395,0,0.0,-0.0030212923884391785,0.05257507289449376,-0.09996565503724293,2.823272976373672,False,False,False,False,False
PRP.rough,PRP,0.4031887153784434,0.004381209381822934,0.395352840423584,0.4114651381969452,0,24,0,0.0,0.40614911913871765,0.032170980651612294,0,0.0,0.35371960202852887,0.018168457879724837,0,0.0,-0.002960403760274233,0.04946911334991455,-0.09202093626965233,2.7228019943904984,False,False,False,False,False
VAL.beauty,VAL,0.5135952308773994,0.025417422185374242,0.4121340215206146,0.5374308824539185,21,3,0,0.875,0.5160071216523647,0.032064945926486635,17,0.7083333333333334,0.47388866171240807,0.031550721862335186,5,0.20833333333333334,-0.0024118907749652863,0.03970656916499138,-0.07521892538022308,1.2584995468009412,False,False,False,False,False
PRP.aged,PRP,0.5322529350717863,0.008323922916592034,0.5174725651741028,0.5638779997825623,24,0,0,1.0,0.5338154422740141,0.025886848363681585,23,0.9583333333333334,0.5845201934377352,0.027823836898785006,24,1.0,-0.0015625072022278363,-0.05226725836594892,-0.06035911286983794,-1.8785064962852516,False,False,False,False,False
EMO.wish,EMO,0.4270542400578658,0.008590514864373844,0.4116210341453552,0.4508907496929168,0,24,0,0.0,0.42876505851745605,0.036877189925558794,1,0.041666666666666664,0.5104341966410478,0.020732237775661716,17,0.7083333333333334,-0.0017108184595902576,-0.08337995658318204,-0.046392321731773975,-4.021753825390939,False,False,False,False,False
ECO.earn,ECO,0.5890551283955574,0.007049813772494506,0.5788724422454834,0.6087123155593872,24,0,0,1.0,0.5901925216118494,0.03514277345487008,24,1.0,0.5694055904944738,0.027344350300374957,24,1.0,-0.0011373932162920264,0.01964953790108359,-0.03236492469078039,0.7185958958700931,False,False,False,False,False
PER.stench,PER,0.4336683476964633,0.006724600749220162,0.4137093722820282,0.4450555741786957,0,24,0,0.0,0.4343620426952839,0.027876297002308356,1,0.041666666666666664,0.43394163995981216,0.04164869789676077,1,0.041666666666666664,-0.0006936949988206043,-0.0002732922633488788,-0.02488476137139597,-0.006561844118784182,False,False,False,False,False
PER.bitter,PER,0.4725055197874705,0.007644676920503772,0.4521955549716949,0.4844739437103271,0,24,0,0.0,0.47235069051384926,0.022548834953280725,3,0.125,0.4555560735364755,0.04436755389534196,6,0.25,0.00015482927362125976,0.016949446250995037,0.0068663979288532155,0.38202345549580813,False,False,False,False,False
ACT.calm,ACT,0.4826850965619087,0.008976011705840975,0.4715798497200012,0.515657901763916,1,23,0,0.041666666666666664,0.4808789789676666,0.03779397618883809,5,0.20833333333333334,0.5699683080116907,0.031019295905466277,24,1.0,0.001806117594242096,-0.08728321144978202,0.047788504316608714,-2.8138359979473555,False,False,False,False,False
PRP.shallow,PRP,0.5046645874778429,0.0042581770024064,0.4978219866752624,0.5145172476768494,20,4,0,0.8333333333333334,0.5025048193832239,0.041552959050229286,12,0.5,0.4666479825973511,0.01791342664753892,1,0.041666666666666664,0.002159768094619041,0.038016604880491855,0.051976276635517335,2.122240798954836,False,False,False,False,False
FND.memoryless,FND,0.38356950009862584,0.00631553611406247,0.3703000247478485,0.3999533653259277,0,24,0,0.0,0.3791096545755863,0.03903949937923594,1,0.041666666666666664,0.48934287453691167,0.01601250757083584,8,0.3333333333333333,0.004459845523039518,-0.10577337443828583,0.1142393113117529,-6.605672095414631,False,False,False,False,False
FND.memory,FND,0.4713580335179965,0.015178902580224259,0.4473556876182556,0.5049148201942444,1,23,0,0.041666666666666664,0.46405130500594777,0.03691098106167105,1,0.041666666666666664,0.5325022662679354,0.024854535616391827,22,0.9166666666666666,0.007306728512048721,-0.06114423274993891,0.19795541331834562,-2.4600834911441134,False,False,False,False,False
EMO.anxiety,EMO,0.4221445806324482,0.006306819363712043,0.4107491374015808,0.4350882470607757,0,24,0,0.0,0.4139354998866717,0.03875188771429276,1,0.041666666666666664,0.5315852339069048,0.033021608931899565,21,0.875,0.008209080745776476,-0.10944065327445662,0.21183692537250878,-3.3142132323157236,False,False,False,False,False
MAT.bare_hand,MAT,0.518606498837471,0.006475483480076994,0.5078312158584595,0.5298592448234558,24,0,0,1.0,0.5139677921930949,0.021692250182250516,18,0.75,0.47293837120135623,0.03801125381681213,6,0.25,0.004638706644376156,0.045668127636114775,0.21384165337405775,1.2014370232616758,False,False,False,False,False
EMO.like,EMO,0.4387734072903792,0.006978882603400831,0.4301476776599884,0.4552721679210663,0,24,0,0.0,0.4307370198269685,0.03338723359413128,2,0.08333333333333333,0.49546802292267483,0.020050969492156064,11,0.4583333333333333,0.008036387463410732,-0.05669461563229561,0.24070240622821015,-2.827524906188428,False,False,False,False,False
BOD.foot,BOD,0.4737116259833177,0.006226873032626401,0.4628499746322632,0.488328218460083,0,24,0,0.0,0.46715182438492775,0.025994217898431062,1,0.041666666666666664,0.44002297644813854,0.03686087004064968,1,0.041666666666666664,0.006559801598389925,0.03368864953517914,0.2523561825949707,0.9139407045473354,False,False,False,False,False
COG.ignorance,COG,0.39191508914033574,0.012391934965369814,0.3734400570392608,0.425567090511322,0,24,0,0.0,0.38158771644035977,0.028896402061931992,0,0.0,0.46858325476447743,0.022124155163777366,2,0.08333333333333333,0.010327372699975967,-0.0766681656241417,0.35739303037941905,-3.4653601485161416,False,False,False,False,False
ACT.obtain,ACT,0.5933552955587705,0.006547870318730262,0.5814018249511719,0.61380535364151,24,0,0,1.0,0.5852764571706454,0.022350468207858035,24,1.0,0.5550019765893618,0.030567592471961738,24,1.0,0.008078838388125176,0.038353318969408745,0.361461706886516,1.254705257032869,False,False,False,False,False
EMO.desire,EMO,0.4292718581855297,0.008126132931553023,0.4152917861938476,0.4487501978874206,0,24,0,0.0,0.41275473435719806,0.0397412177217168,1,0.041666666666666664,0.519029845794042,0.02844211286604781,15,0.625,0.016517123828331648,-0.08975798760851228,0.4156169532597331,-3.1558129324372044,True,False,True,True,False
PRP.easy,PRP,0.6673240090409914,0.016591307712019814,0.6411086916923523,0.6948824524879456,24,0,0,1.0,0.6561234320203463,0.023711189967219874,24,1.0,0.5893522637585799,0.04477801697297627,23,0.9583333333333334,0.011200577020645142,0.07797174528241158,0.4723751543524243,1.7412951835153365,False,False,False,False,False
PRP.strong,PRP,0.44118046139677364,0.005589112936182406,0.4282227158546448,0.453721284866333,0,24,0,0.0,0.4267923906445503,0.028464957546125956,0,0.0,0.42779651408394176,0.03701483900654048,1,0.041666666666666664,0.014388070752223314,0.013383947312831879,0.5054660885725267,0.3615832912434646,True,False,False,False,False
PRP.fast,PRP,0.5428906430800756,0.00953939001658516,0.5215210914611816,0.5610120892524719,24,0,0,1.0,0.5290991999208927,0.027115497949934408,20,0.8333333333333334,0.47357705359657604,0.03883569294202261,5,0.20833333333333334,0.013791443159182903,0.06931358948349958,0.5086184728986791,1.784790851729544,False,False,False,False,False
PER.sound,PER,0.533125722159942,0.009241646164995463,0.4936717450618744,0.5476587414741516,23,1,0,0.9583333333333334,0.5177782525618871,0.02704823705163408,16,0.6666666666666666,0.49634842202067375,0.03283863206091812,12,0.5,0.015347469598054886,0.036777300139268276,0.5674110874123565,1.1199400776208837,False,False,False,False,False
BOD.hand,BOD,0.5337043032050133,0.00849724640676027,0.5134006142616272,0.5494130253791809,24,0,0,1.0,0.519310529033343,0.023700270538324665,19,0.7916666666666666,0.4975241074959437,0.04160376260334405,9,0.375,0.014393774171670315,0.03618019570906955,0.6073253108395862,0.8696375867254237,False,False,False,False,False
EMO.doubt,EMO,0.42472343395153683,0.008740808057340723,0.4096033573150635,0.4507539272308349,0,24,0,0.0,0.40036507447560626,0.03999386658192658,1,0.041666666666666664,0.5084252692759037,0.02727892111632042,16,0.6666666666666666,0.02435835947593057,-0.08370183532436687,0.6090523762195633,-3.068370444983976,True,False,True,True,False
COG.confusion,COG,0.41713139538963634,0.008007720646259018,0.4034714102745056,0.4392419755458832,0,24,0,0.0,0.3897267480691274,0.039811931714736716,1,0.041666666666666664,0.49129752193888027,0.023265806901686406,9,0.375,0.027404647320508957,-0.07416612654924393,0.6883526154136576,-3.1877736655618873,True,False,True,True,False
ECO.income,ECO,0.5900220349431038,0.0037597195796231775,0.5826065540313721,0.598560631275177,24,0,0,1.0,0.5662759145100912,0.033406830974298786,24,1.0,0.5697158351540565,0.02958223837713912,24,1.0,0.023746120433012607,0.02030619978904724,0.7108163133247044,0.6864321600741236,True,False,False,False,False
ABS.exempt,ABS,0.45884611705938977,0.002598021393168476,0.4560800194740295,0.4687695205211639,0,24,0,0.0,0.4339811069269975,0.03345675145706673,1,0.041666666666666664,0.4986344774564107,0.022692761629239805,8,0.3333333333333333,0.024865010132392285,-0.03978836039702094,0.7431985787472591,-1.753350299407954,True,False,False,False,False
MAT.naked,MAT,0.5055409098664919,0.005144521769843211,0.496711403131485,0.5151345133781433,18,6,0,0.75,0.4818083892265956,0.028726758824171597,7,0.2916666666666667,0.4613540507853031,0.04551255348274429,4,0.16666666666666666,0.023732520639896337,0.0441868590811888,0.8261468265583464,0.9708718957713915,True,False,False,False,False
REL.alone,REL,0.44986403236786526,0.005160643555949833,0.4414796233177185,0.4611800611019134,0,24,0,0.0,0.4245183827976386,0.02989072446199198,0,0.0,0.5621520653367043,0.050293406663911765,21,0.875,0.02534564957022667,-0.11228803296883899,0.8479436355734813,-2.2326591181068616,True,False,True,True,False
ACT.go,ACT,0.5469088206688563,0.010070195625140978,0.5276777148246765,0.5655874013900757,24,0,0,1.0,0.5277818876008192,0.022373766534994417,21,0.875,0.4940291494131088,0.04137409234587777,11,0.4583333333333333,0.019126933068037033,0.05287967125574744,0.8548821244791721,1.2780865574931701,False,False,False,False,False
COG.forget,COG,0.41163524736960727,0.007150115423843349,0.3988070785999298,0.4250302612781524,0,24,0,0.0,0.3779948055744171,0.038421442857600914,1,0.041666666666666664,0.4730519726872444,0.01670044474727901,1,0.041666666666666664,0.03364044179519016,-0.061416725317637144,0.875564249886963,-3.6775502836619793,True,False,True,True,False
ACT.fall,ACT,0.49402151505152386,0.005493313454268161,0.4870937168598175,0.5070334672927856,4,20,0,0.16666666666666666,0.46686191484332085,0.02979224563496003,4,0.16666666666666666,0.4281274378299713,0.024276604859316573,0,0.0,0.027159600208203016,0.06589407722155255,0.9116331994904168,2.714303651742494,True,False,True,True,False
MAT.tool,MAT,0.494486216455698,0.006150650151884579,0.4792162775993347,0.5059037208557129,4,20,0,0.16666666666666666,0.47027499104539555,0.024701789138082415,4,0.16666666666666666,0.4454948219160239,0.03236439078495641,3,0.125,0.02421122541030246,0.048991394539674105,0.9801405588462555,1.513743758230921,True,False,False,False,False
PER.salty,PER,0.5095684640109539,0.0060841264245409254,0.4908724725246429,0.518187940120697,23,1,0,0.9583333333333334,0.47951564689477283,0.029051264352091374,4,0.16666666666666666,0.4331229751308759,0.02437840387118787,0,0.0,0.030052817116181074,0.07644548888007802,1.0344753588673878,3.1357872846805495,True,False,True,True,False
FND.unconscious,FND,0.45909254377086955,0.0034012016427930427,0.4506938457489013,0.4639596045017242,0,24,0,0.0,0.4237960974375407,0.03407608809363272,1,0.041666666666666664,0.5221619121730328,0.01760095012188843,21,0.875,0.035296446333328846,-0.0630693684021632,1.035812744595063,-3.5832933998108736,True,False,True,True,False
PER.numb,PER,0.39206987743576366,0.006064450242732603,0.382443904876709,0.404851347208023,0,24,0,0.0,0.3526748903095722,0.037691832208598654,0,0.0,0.46120795607566833,0.016944275894793345,0,0.0,0.03939498712619144,-0.06913807863990468,1.045186312731283,-4.080320638614571,True,False,True,True,False
BOD.mouth,BOD,0.5864918430646261,0.006322808345660895,0.5763288736343384,0.6039553880691528,24,0,0,1.0,0.5622230023145676,0.021841624795634052,24,1.0,0.5348135319848856,0.029479431565788444,21,0.875,0.02426884075005853,0.051678311079740524,1.111127994237391,1.7530294288209542,True,False,False,False,False
ACT.rise,ACT,0.5399664863944054,0.00866637260597974,0.5215240120887756,0.5562869906425476,24,0,0,1.0,0.510544711103042,0.026400099018815154,16,0.6666666666666666,0.4747081672151883,0.037191778086479235,6,0.25,0.02942177529136336,0.06525831917921704,1.1144570052708773,1.7546437018277747,True,False,False,False,False
COM.muteness,COM,0.3793065622448921,0.004909122624336486,0.3729698956012726,0.3904681503772735,0,24,0,0.0,0.3360975608229637,0.03795850649306417,0,0.0,0.4428624187906583,0.010236593306419052,0,0.0,0.043209001421928406,-0.06355585654576618,1.1383219576835462,-6.2086921540501425,True,False,True,True,False
MAT.clothing,MAT,0.49509462465842563,0.008377032142816938,0.4796150922775268,0.5111124515533447,9,15,0,0.375,0.4639264717698097,0.026840057372584582,2,0.08333333333333333,0.4285443164408207,0.03748540383224389,1,0.041666666666666664,0.031168152888615908,0.06655030821760494,1.161255076915454,1.7753659135015167,True,False,False,False,False
STA.comfort,STA,0.511872410774231,0.013739836901870703,0.4619562029838562,0.5351709127426147,22,2,0,0.9166666666666666,0.4830588102340698,0.02463479566432837,5,0.20833333333333334,0.5436240608493487,0.042832341135065954,19,0.7916666666666666,0.028813600540161133,-0.03175165007511771,1.1696301821526267,-0.7413008309537227,False,False,False,False,False
COG.instinct,COG,0.5253393997748693,0.010088394370060129,0.5056201219558716,0.5465985536575317,24,0,0,1.0,0.4795393571257591,0.038352997586900694,4,0.16666666666666666,0.5750909745693207,0.02826930305885904,24,1.0,0.045800042649110195,-0.04975157479445136,1.1941711347420991,-1.7599151521657412,True,False,False,False,False
SOC.city,SOC,0.5807393665115038,0.019687433731620952,0.536986231803894,0.6360124945640564,24,0,0,1.0,0.5533468052744865,0.02285264778252833,24,1.0,0.5834297637144724,0.04816514534231704,24,1.0,0.027392561237017277,-0.0026903972029685974,1.1986602820684906,-0.0558577615378825,False,False,False,False,False
COG.unlearned,COG,0.39444124574462575,0.005797109138595501,0.3853799402713775,0.407691478729248,0,24,0,0.0,0.34689447035392124,0.03676496585067136,0,0.0,0.4432238886753718,0.011445881484816293,0,0.0,0.04754677539070451,-0.04878264293074608,1.2932631457846508,-4.26202586453996,True,False,True,True,False
PER.tasteless,PER,0.5846471538146337,0.007644818347801612,0.561559796333313,0.5984029769897461,24,0,0,1.0,0.5509806027015051,0.024843839502057263,24,1.0,0.5689789317548275,0.039950178319498465,23,0.9583333333333334,0.03366655111312866,0.015668222059806225,1.355126735154637,0.3921940456560877,True,False,False,False,False
ECO.withdraw,ECO,0.592260055243969,0.004874872422557884,0.5835557579994202,0.601690411567688,24,0,0,1.0,0.541771532346805,0.03600556974879244,21,0.875,0.5366449827949206,0.02716360967516912,23,0.9583333333333334,0.05048852289716399,0.0556150724490484,1.4022420211488886,2.0474109705635852,True,False,True,True,False
PER.fragrance,PER,0.5483417473733425,0.017227557696576554,0.4832009971141815,0.5680588483810425,23,1,0,0.9583333333333334,0.5064889726539453,0.02895298463591364,13,0.5416666666666666,0.4564614047606786,0.031553206235592095,1,0.041666666666666664,0.04185277471939719,0.09188034261266392,1.4455426701495393,2.911917791385101,False,False,False,False,False
BEI.child,BEI,0.5248863796393076,0.005911406516115225,0.5131557583808899,0.5384464859962463,24,0,0,1.0,0.47682204221685726,0.032477594070784245,3,0.125,0.5385019207994143,0.024163332656986756,23,0.9583333333333334,0.048064337422450365,-0.013615541160106659,1.4799229683607453,-0.5634794402488915,True,False,False,False,False
COM.silence,COM,0.5684024393558502,0.0093386374973524,0.5469754338264465,0.5866324305534363,24,0,0,1.0,0.5314717354873816,0.024274905854265467,23,0.9583333333333334,0.5793551603953043,0.04122576750650499,23,0.9583333333333334,0.03693070386846864,-0.010952721039454105,1.5213531245057068,-0.26567658292173413,True,False,False,False,False
ACT.lie_down,ACT,0.5618461668491364,0.006938674161722196,0.5497679114341736,0.5755046606063843,24,0,0,1.0,0.5244743985434374,0.023154655030180937,20,0.8333333333333334,0.5444378517568111,0.031174533915490195,21,0.875,0.037371768305698994,0.01740831509232521,1.614006697875082,0.5584146065989862,True,False,False,False,False
SOC.village,SOC,0.4802676973243554,0.007721392901621293,0.462412029504776,0.493639588356018,0,24,0,0.0,0.4343947631617387,0.028016769401472782,0,0.0,0.48051828021804494,0.0216353059349906,3,0.125,0.04587293416261673,-0.0002505828936895105,1.6373384634491543,-0.011582128509874449,True,False,False,False,False
ACT.sit,ACT,0.5651942392190298,0.008220525816324344,0.5521253347396851,0.5828632712364197,24,0,0,1.0,0.5175351426005363,0.025665902549955565,17,0.7083333333333334,0.48184123386939365,0.03655285325847301,4,0.16666666666666666,0.047659096618493435,0.08335300534963613,1.8569032016595086,2.2803419683883304,True,False,True,True,False
ACT.emit,ACT,0.5495688219865164,0.004532305846289903,0.5429782867431641,0.5620833039283752,24,0,0,1.0,0.49390384058157605,0.02993152048639156,9,0.375,0.4479528491695722,0.03586781848657826,2,0.08333333333333333,0.055664981404940306,0.10161597281694418,1.8597445268525041,2.8330681124353543,True,False,True,True,False
BEI.male,BEI,0.5968222071727117,0.006624970052603236,0.5804482102394104,0.6086217761039734,24,0,0,1.0,0.5516609301169714,0.02340982832554468,24,1.0,0.5647644512355328,0.037216231639873004,23,0.9583333333333334,0.045161277055740356,0.03205775593717897,1.9291588313982044,0.8613917778508421,True,False,False,False,False
PER.sweet,PER,0.591199221710364,0.018526224297122165,0.5197621583938599,0.6132918000221252,24,0,0,1.0,0.5424636639654636,0.025248936621886105,23,0.9583333333333334,0.48353175073862076,0.038819917185527526,9,0.375,0.04873555774490035,0.10766747097174323,1.930202387321759,2.773511093730071,False,False,False,False,False
ACT.exit,ACT,0.5607588986555735,0.00570679019800304,0.5524753928184509,0.5732882618904114,24,0,0,1.0,0.5157117135822773,0.022821403932603294,19,0.7916666666666666,0.5401612147688866,0.02715181500207035,21,0.875,0.04504718507329619,0.020597683886686924,1.9739006945554531,0.7586116760561433,True,False,False,False,False
FND.transformation,FND,0.5421078279614449,0.04159835940895785,0.4490969479084015,0.6230305433273315,20,4,0,0.8333333333333334,0.48280154913663864,0.03000307809487599,5,0.20833333333333334,0.5709864025314649,0.03496115248294399,24,1.0,0.05930627882480621,-0.028878574570020077,1.976673147910604,-0.8260189530110217,False,False,False,False,False
STA.health,STA,0.5047052515049776,0.004408175919919574,0.4966946542263031,0.5129814147949219,20,4,0,0.8333333333333334,0.44265003005663556,0.03107794905954217,1,0.041666666666666664,0.5137617563207945,0.021457381974654834,20,0.8333333333333334,0.062055221448342024,-0.00905650481581688,1.9967605111087148,-0.42206942237940764,True,False,False,False,False
PRP.bright,PRP,0.5638879848023256,0.01895680408641305,0.4920553267002105,0.5861933827400208,23,1,0,0.9583333333333334,0.5029235345621904,0.03050916866037188,12,0.5,0.4650549590587616,0.04041081575092079,5,0.20833333333333334,0.06096445024013519,0.098833025743564,1.9982337414300457,2.4457072669044555,False,False,False,False,False
SOC.awake,SOC,0.4881632352868716,0.005301587967633115,0.4767606258392334,0.4973809123039245,0,24,0,0.0,0.41142751028140384,0.03694211115711977,1,0.041666666666666664,0.5051259932418665,0.017891727268690694,14,0.5833333333333334,0.07673572500546777,-0.016962757954994856,2.0771884064530153,-0.9480782766389765,True,True,False,True,False
SOC.public,SOC,0.47078223650654155,0.021138448683613698,0.4312550127506256,0.5039244890213013,2,22,0,0.08333333333333333,0.40298748513062793,0.03213637543485746,1,0.041666666666666664,0.4715018458664417,0.01299216890178104,0,0.0,0.06779475137591362,-0.0007196093599001752,2.109595449347984,-0.05538793140239479,True,True,False,True,False
ELM.light,ELM,0.5697042172153791,0.01433328799470159,0.5177845358848572,0.5902400016784668,24,0,0,1.0,0.5113622757295767,0.02655558674112789,15,0.625,0.4737812578678131,0.03771221408105982,6,0.25,0.05834194148580241,0.095922959347566,2.19697429601303,2.5435515173250285,True,True,True,True,True
SOC.sleep,SOC,0.49858613808949787,0.006670587662887291,0.4902020990848541,0.5102159976959229,9,15,0,0.375,0.41478599856297177,0.03780524299810601,1,0.041666666666666664,0.5094973047574362,0.01870433889354202,14,0.5833333333333334,0.0838001395265261,-0.010911166667938288,2.2166274537826505,-0.5833494960736382,True,True,False,True,False
PER.feel,PER,0.530106820166111,0.014395173780457031,0.4978147745132446,0.5532011985778809,23,1,0,0.9583333333333334,0.49113375693559647,0.017262762451798867,7,0.2916666666666667,0.52849480509758,0.030601047437879638,19,0.7916666666666666,0.038973063230514526,0.0016120150685310364,2.2576376949711974,0.05267842781536937,True,True,False,True,False
PER.touch,PER,0.5237359503904978,0.008020258587380152,0.5075508952140808,0.5401269793510437,24,0,0,1.0,0.45535575971007347,0.028881088429838945,2,0.08333333333333333,0.44770470758279163,0.04176026619475248,3,0.125,0.06838019068042434,0.07603124280770618,2.367645902492244,1.820659917566812,True,True,False,True,False
SOC.rest,SOC,0.541149211426576,0.010995217078112409,0.5030484795570374,0.5573651194572449,24,0,0,1.0,0.457158421476682,0.03538844378425843,2,0.08333333333333333,0.541469314446052,0.02690721008783856,21,0.875,0.083990789949894,-0.0003201030194759369,2.3733959724800044,-0.011896551832425618,True,True,False,True,False
PER.soundless,PER,0.5889750147859255,0.008373942234845494,0.5657679438591003,0.5996605753898621,24,0,0,1.0,0.528349240620931,0.025413939198444473,22,0.9166666666666666,0.5589240503807863,0.033405951051386065,23,0.9583333333333334,0.060625774164994484,0.030050964405139213,2.385532352603773,0.8995691922949265,True,True,False,True,False
PRP.single,PRP,0.4805949106812477,0.0059079465573047725,0.4740758240222931,0.4953238368034363,0,24,0,0.0,0.3974924373130004,0.03482629968607813,1,0.041666666666666664,0.5319101251661777,0.03133551258044592,19,0.7916666666666666,0.08310247336824733,-0.05131521448493004,2.386198766947029,-1.6376057150235324,True,True,False,True,False
PER.delicious,PER,0.5807825302084287,0.018736293396342533,0.5080329179763794,0.6025424599647522,24,0,0,1.0,0.513263501226902,0.028112640982313548,16,0.6666666666666666,0.4621340607603391,0.036785738622018394,4,0.16666666666666666,0.06751902898152673,0.11864846944808966,2.4017319832741735,3.22539315214597,False,False,False,False,False
SOC.individual,SOC,0.44978248700499535,0.005235022951757459,0.4424017071723938,0.4631951153278351,0,24,0,0.0,0.3629600654045741,0.035868724025578995,0,0.0,0.44485988716284436,0.011061863447071428,0,0.0,0.08682242160042125,0.0049225998421509876,2.420560640476247,0.4450063830298159,True,True,False,True,False
COG.mindless,COG,0.4519152007997036,0.004486031054624952,0.446445107460022,0.4647698998451233,0,24,0,0.0,0.3606051181753476,0.03740151412124994,1,0.041666666666666664,0.47459347049395245,0.020228511777291444,4,0.16666666666666666,0.09131008262435597,-0.022678269694248854,2.4413472226911126,-1.1211042089466765,True,True,False,True,False
PER.deaf,PER,0.5232524623473486,0.01087846302022587,0.502579927444458,0.5484820008277893,24,0,0,1.0,0.46530773242314655,0.023613139525252964,2,0.08333333333333333,0.5659194886684418,0.03102029653954556,24,1.0,0.05794472992420202,-0.042667026321093204,2.453918923497373,-1.3754551400467774,True,True,False,True,False
WLD.unskilled,WLD,0.45270053048928577,0.0019323888004624395,0.4477503299713135,0.4553978145122528,0,24,0,0.0,0.35676541924476624,0.038039552552082585,0,0.0,0.45852220182617504,0.014771528600823468,0,0.0,0.09593511124451953,-0.005821671336889267,2.5219831677349025,-0.3941143462000762,True,True,False,True,False
PRP.weak,PRP,0.4683032346268495,0.0049964648170923815,0.4595439732074737,0.481808453798294,0,24,0,0.0,0.39593931784232456,0.02761883592741942,0,0.0,0.4548144203921159,0.028511670869237855,2,0.08333333333333333,0.07236391678452492,0.013488814234733582,2.6200929313129917,0.47309799192747737,True,True,False,True,False
STA.healing,STA,0.6253697300950686,0.008442705314133691,0.6155614256858826,0.6547211408615112,24,0,0,1.0,0.5579688474535942,0.025436419512766432,24,1.0,0.5694758382936319,0.03302138454722295,23,0.9583333333333334,0.06740088264147437,0.05589389180143667,2.6497787004828313,1.6926574269320656,True,True,False,True,False
BOD.head,BOD,0.542159803211689,0.0054550431785448765,0.5318039655685425,0.5541853308677673,24,0,0,1.0,0.4731476741532485,0.02491469897932944,2,0.08333333333333333,0.5272050152222315,0.021394721243720313,22,0.9166666666666666,0.06901212905844051,0.014954787989457485,2.7699362980743474,0.6989942901848721,True,True,False,True,False
SOC.nation,SOC,0.4829496157666047,0.019114029576467295,0.4510896205902099,0.5211814641952515,5,19,0,0.20833333333333334,0.39663183440764743,0.030852152459038135,1,0.041666666666666664,0.46727948014934856,0.011971149915428967,0,0.0,0.08631778135895729,0.015670135617256165,2.7977879816832845,1.3089916781561457,True,True,False,True,False
BOD.face,BOD,0.5809586470325788,0.0046496212477676584,0.572760283946991,0.5892778635025024,24,0,0,1.0,0.5111877123514811,0.02478425949196433,13,0.5416666666666666,0.4846899633606275,0.031421804420367676,6,0.25,0.06977093468109774,0.09626868367195135,2.8151308980491914,3.0637541493177203,True,True,True,True,True
ACT.stand,ACT,0.5372420648733774,0.006314464128963081,0.5258190035820007,0.5521112680435181,24,0,0,1.0,0.4542007880906264,0.027138185440377917,1,0.041666666666666664,0.47605181485414505,0.03532596559008094,6,0.25,0.08304127678275103,0.061190250019232395,3.059942123440462,1.7321607207932568,True,True,False,True,False
ACT.leave,ACT,0.5508055910468102,0.0067543962469549905,0.5401034355163574,0.56447833776474,24,0,0,1.0,0.4772113698224227,0.022272941058758704,3,0.125,0.4996052955587705,0.027694542731247475,11,0.4583333333333333,0.07359422122438747,0.05120029548803967,3.30419862514955,1.8487503471314184,True,True,False,True,False
PRP.small,PRP,0.6076451117793719,0.005073904638324855,0.6003667116165161,0.6174984574317932,24,0,0,1.0,0.5284209698438644,0.02341895121484288,21,0.875,0.5087612147132555,0.03200294212400046,13,0.5416666666666666,0.07922414193550742,0.09888389706611633,3.3829073389629563,3.089837699389482,True,True,True,True,True
PER.blind,PER,0.5503792638580004,0.008903154545454586,0.5337442755699158,0.5662269592285156,24,0,0,1.0,0.4592065376540025,0.02584461413258038,2,0.08333333333333333,0.5582819978396097,0.02817949592096031,24,1.0,0.09117272620399791,-0.007902733981609344,3.5277263470172397,-0.2804427021610127,True,True,False,True,False
PRP.young,PRP,0.6182953442136446,0.003812631749412416,0.6051792502403259,0.6230968832969666,24,0,0,1.0,0.48369290803869563,0.0377829496523305,5,0.20833333333333334,0.5634771808981895,0.024625779067883005,24,1.0,0.134602436174949,0.05481816331545508,3.5625179456217113,2.2260478811388773,True,True,True,True,True
BOD.eye,BOD,0.6090857485930125,0.011292193208053886,0.585308849811554,0.6355794072151184,24,0,0,1.0,0.5157562295595804,0.022951880327144136,18,0.75,0.5364525839686394,0.039929169664201784,20,0.8333333333333334,0.093329519033432,0.07263316462437308,4.066312550569352,1.8190502140466955,True,True,False,True,False
BOD.hip,BOD,0.6110007762908936,0.00689303640150459,0.593722939491272,0.6220391988754272,24,0,0,1.0,0.5177762644986311,0.02176232559050838,17,0.7083333333333334,0.5145977884531021,0.03950084588135686,13,0.5416666666666666,0.09322451179226243,0.09640298783779144,4.283756871688484,2.4405297073218013,True,True,True,True,True
BOD.ear,BOD,0.606336385011673,0.010149699343023457,0.5832312703132629,0.6302170753479004,24,0,0,1.0,0.5124478178719679,0.021690506005268125,17,0.7083333333333334,0.5450734136005243,0.040132974841349776,21,0.875,0.09388856713970506,0.06126297141114867,4.328555872182128,1.5264996341120531,True,True,False,True,False
PER.taste,PER,0.6273855691154798,0.013446477396419304,0.5768781304359436,0.6485162973403931,24,0,0,1.0,0.5218682959675789,0.02411958101353319,19,0.7916666666666666,0.5108480080962181,0.03534753091697306,16,0.6666666666666666,0.10551727314790094,0.11653756101926172,4.374755643089179,3.296908100681598,True,True,True,True,True
TIM.appear,TIM,0.6018062457442284,0.018356887132787922,0.5696478486061096,0.6261026263237,24,0,0,1.0,0.47870483870307606,0.024921212345013172,4,0.16666666666666666,0.4837829979757468,0.04399643510185873,11,0.4583333333333333,0.1231014070411523,0.11802324776848155,4.939623535842363,2.6825638826245584,True,True,True,True,True
PER.hear,PER,0.579042449593544,0.013017983730126801,0.5580183863639832,0.6035714149475098,24,0,0,1.0,0.4689214900135994,0.021209203746042016,2,0.08333333333333333,0.5370702855288982,0.02857366323125095,22,0.9166666666666666,0.11012095957994461,0.04197216406464577,5.192130779567573,1.468910854200203,True,True,False,True,False
PER.odorless,PER,0.5776147941748301,0.007417734353213087,0.5571253299713135,0.5886421799659729,24,0,0,1.0,0.4540166991452376,0.02283566984027025,0,0.0,0.46707579990228015,0.0356952592326735,3,0.125,0.12359809502959246,0.11053899427254993,5.412501402154172,3.096741602351736,True,True,True,True,True
CHG.begin,CHG,0.6603745569785436,0.00047450430560704195,0.6590480804443359,0.6611748933792114,24,0,0,1.0,0.5601218665639559,0.01637666727902767,24,1.0,0.633248582482338,0.06302310804599753,24,1.0,0.10025269041458773,0.027125974496205685,6.121678404187499,0.43041315062417645,True,True,False,True,False
PER.see,PER,0.6080384353796641,0.01185609020038816,0.5856213569641113,0.6286072731018066,24,0,0,1.0,0.46664081265528995,0.02304841803043602,3,0.125,0.5287908564011256,0.03226753707563045,19,0.7916666666666666,0.14139762272437412,0.07924757897853851,6.1348081476852325,2.455953759123097,True,True,True,True,True
PER.smell,PER,0.6157543808221817,0.00946692728393001,0.5791205167770386,0.6324462890625,24,0,0,1.0,0.46647948026657104,0.023120335948880553,2,0.08333333333333333,0.48273376872142154,0.038499426433804405,7,0.2916666666666667,0.14927490055561066,0.13302061210076016,6.456433024401546,3.4551323077364464,True,True,True,True,True
