rank,candidate_word,total_prob,n_events_appeared,mean_prob_when_appeared,max_prob,mean_prob_per_event,event_coverage
1,smell,9.519950,600,0.015867,0.028946,0.002885,0.181818
2,mind,8.909737,1200,0.007425,0.016480,0.002700,0.363636
3,fragrant,6.702648,800,0.008378,0.013591,0.002031,0.242424
4,incense,6.346959,600,0.010578,0.017199,0.001923,0.181818
5,review,6.011354,500,0.012023,0.035804,0.001822,0.151515
6,find,5.902003,900,0.006558,0.011774,0.001788,0.272727
7,recall,5.830581,400,0.014576,0.036267,0.001767,0.121212
8,subconscious,5.224888,800,0.006531,0.012156,0.001583,0.242424
9,scent,5.171137,400,0.012928,0.018858,0.001567,0.121212
10,sweet,5.131359,700,0.007331,0.013410,0.001555,0.212121
11,perfume,5.081824,400,0.012705,0.018573,0.001540,0.121212
12,sweetness,4.928631,700,0.007041,0.013247,0.001494,0.212121
13,regard,4.892500,700,0.006989,0.016835,0.001483,0.212121
14,male,4.886736,800,0.006108,0.019360,0.001481,0.242424
15,deaf,4.798922,400,0.011997,0.016732,0.001454,0.121212
16,aromatic,4.777365,600,0.007962,0.014583,0.001448,0.181818
17,peep,4.714059,900,0.005238,0.017306,0.001429,0.272727
18,ground,4.586568,600,0.007644,0.019315,0.001390,0.181818
19,look,4.557089,600,0.007595,0.017264,0.001381,0.181818
20,stink,4.492696,400,0.011232,0.029050,0.001361,0.121212
21,see,4.465428,500,0.008931,0.017131,0.001353,0.151515
22,reek,4.389678,200,0.021948,0.029477,0.001330,0.060606
23,think,4.318183,400,0.010795,0.015260,0.001309,0.121212
24,fall,4.246209,900,0.004718,0.010162,0.001287,0.272727
25,get,4.134386,800,0.005168,0.010502,0.001253,0.242424
26,present,4.068516,900,0.004521,0.010434,0.001233,0.272727
27,aromatize,3.879368,600,0.006466,0.009766,0.001176,0.181818
28,human,3.870654,300,0.012902,0.018662,0.001173,0.090909
29,honey,3.838131,200,0.019191,0.023465,0.001163,0.060606
30,front,3.814700,400,0.009537,0.017334,0.001156,0.121212
31,access,3.763757,400,0.009409,0.022814,0.001141,0.121212
32,Neanderthal,3.755042,300,0.012517,0.018104,0.001138,0.090909
33,ego,3.737348,1200,0.003114,0.007204,0.001133,0.363636
34,squint,3.699265,400,0.009248,0.017030,0.001121,0.121212
35,peek,3.659964,300,0.012200,0.017420,0.001109,0.090909
36,odorous,3.613502,600,0.006023,0.014447,0.001095,0.181818
37,quiet,3.591198,100,0.035912,0.035912,0.001088,0.030303
38,glance,3.577591,300,0.011925,0.017028,0.001084,0.090909
39,gaze,3.561571,300,0.011872,0.016951,0.001079,0.090909
40,eyeball,3.549216,300,0.011831,0.016893,0.001076,0.090909
41,reason,3.504773,500,0.007010,0.015267,0.001062,0.151515
42,eye,3.481500,300,0.011605,0.016570,0.001055,0.090909
43,retrospect,3.434863,100,0.034349,0.034349,0.001041,0.030303
44,mum,3.424776,100,0.034248,0.034248,0.001038,0.030303
45,witness,3.416715,400,0.008542,0.015453,0.001035,0.121212
46,sniff,3.413188,400,0.008533,0.015884,0.001034,0.121212
47,nose,3.399920,500,0.006800,0.015593,0.001030,0.151515
48,stare,3.343962,300,0.011147,0.015916,0.001013,0.090909
49,gape,3.342954,300,0.011143,0.015911,0.001013,0.090909
50,retrieval,3.299686,600,0.005499,0.018158,0.001000,0.181818
51,whiff,3.298978,500,0.006598,0.013321,0.001000,0.151515
52,land,3.266981,300,0.010890,0.020309,0.000990,0.090909
53,reflex,3.252977,500,0.006506,0.009765,0.000986,0.151515
54,snuff,3.200481,300,0.010668,0.015424,0.000970,0.090909
55,odour,3.173779,500,0.006348,0.015021,0.000962,0.151515
56,bouquet,3.164934,500,0.006330,0.014778,0.000959,0.151515
57,rank,3.141522,700,0.004488,0.014388,0.000952,0.212121
58,esteem,3.104856,500,0.006210,0.011745,0.000941,0.151515
59,look back,3.100325,400,0.007751,0.017003,0.000939,0.121212
60,remembering,3.079909,500,0.006160,0.017638,0.000933,0.151515
61,glimpse,3.069376,300,0.010231,0.014609,0.000930,0.090909
62,foulness,3.067727,500,0.006135,0.014798,0.000930,0.151515
63,malodorousness,3.060141,500,0.006120,0.014942,0.000927,0.151515
64,muskiness,3.039848,500,0.006080,0.013907,0.000921,0.151515
65,musky,3.039780,500,0.006080,0.013947,0.000921,0.151515
66,retrieve,3.028867,600,0.005048,0.017631,0.000918,0.181818
67,stinkiness,3.016484,500,0.006033,0.014643,0.000914,0.151515
68,stinky,3.011673,500,0.006023,0.014873,0.000913,0.151515
69,peak,3.004928,200,0.015025,0.019824,0.000911,0.060606
70,rancidness,3.004670,500,0.006009,0.014749,0.000911,0.151515
71,catch,3.002741,700,0.004290,0.008231,0.000910,0.212121
72,smelly,2.996759,500,0.005994,0.013915,0.000908,0.151515
73,self,2.990346,400,0.007476,0.016962,0.000906,0.121212
74,odourise,2.986531,500,0.005973,0.014097,0.000905,0.151515
75,redolence,2.970704,500,0.005941,0.014220,0.000900,0.151515
76,fetid,2.970249,500,0.005940,0.014615,0.000900,0.151515
77,shore,2.967816,200,0.014839,0.019103,0.000899,0.060606
78,express,2.940651,600,0.004901,0.007805,0.000891,0.181818
79,recollection,2.931773,400,0.007329,0.018263,0.000888,0.121212
80,admirer,2.926904,700,0.004181,0.008418,0.000887,0.212121
81,get to,2.923399,300,0.009745,0.012014,0.000886,0.090909
82,admire,2.921462,600,0.004869,0.008505,0.000885,0.181818
83,retain,2.917739,400,0.007294,0.018202,0.000884,0.121212
84,olfactory property,2.917393,500,0.005835,0.013637,0.000884,0.151515
85,recollect,2.904729,400,0.007262,0.017976,0.000880,0.121212
86,remember,2.896281,400,0.007241,0.018142,0.000878,0.121212
87,malodorous,2.883583,500,0.005767,0.014092,0.000874,0.151515
88,nous,2.875304,800,0.003594,0.006508,0.000871,0.242424
89,consider,2.874163,600,0.004790,0.006669,0.000871,0.181818
90,remembrance,2.873132,500,0.005746,0.017148,0.000871,0.151515
91,retentive,2.859247,400,0.007148,0.018279,0.000866,0.121212
92,fetidness,2.858531,500,0.005717,0.014275,0.000866,0.151515
93,envy,2.843773,500,0.005688,0.010833,0.000862,0.151515
94,retention,2.842405,400,0.007106,0.017984,0.000861,0.121212
95,end,2.841678,600,0.004736,0.008831,0.000861,0.181818
96,respect,2.827704,500,0.005655,0.011404,0.000857,0.151515
97,rankness,2.818960,500,0.005638,0.014162,0.000854,0.151515
98,leer,2.793880,300,0.009313,0.013298,0.000847,0.090909
99,memory,2.788421,400,0.006971,0.016975,0.000845,0.121212
100,call back,2.779551,400,0.006949,0.017356,0.000842,0.121212
101,scented,2.774570,300,0.009249,0.013414,0.000841,0.090909
102,odorize,2.763087,500,0.005526,0.012875,0.000837,0.151515
103,rest,2.759526,600,0.004599,0.010984,0.000836,0.181818
104,thought,2.757951,400,0.006895,0.011075,0.000836,0.121212
105,squat,2.749461,600,0.004582,0.011510,0.000833,0.181818
106,unconscious,2.711328,800,0.003389,0.006560,0.000822,0.242424
107,recognition,2.687567,400,0.006719,0.016507,0.000814,0.121212
108,memorize,2.679523,400,0.006699,0.015937,0.000812,0.121212
109,foul,2.656432,500,0.005313,0.014001,0.000805,0.151515
110,recognize,2.653990,600,0.004423,0.015871,0.000804,0.181818
111,face,2.629101,600,0.004382,0.008401,0.000797,0.181818
112,psychical,2.607921,800,0.003260,0.006287,0.000790,0.242424
113,subconscious mind,2.604266,800,0.003255,0.005942,0.000789,0.242424
114,aroma,2.590018,400,0.006475,0.009466,0.000785,0.121212
115,hearing,2.576679,500,0.005153,0.010265,0.000781,0.151515
116,take,2.570732,600,0.004285,0.010550,0.000779,0.181818
117,exempt,2.570144,100,0.025701,0.025701,0.000779,0.030303
118,fragrance,2.556352,400,0.006391,0.009306,0.000775,0.121212
119,surrender,2.556038,700,0.003651,0.007993,0.000775,0.212121
120,wind,2.527064,700,0.003610,0.009371,0.000766,0.212121
121,continue,2.509307,900,0.002788,0.005377,0.000760,0.272727
122,aspirant,2.479462,300,0.008265,0.008904,0.000751,0.090909
123,unconscious mind,2.478254,800,0.003098,0.005198,0.000751,0.242424
124,spring,2.456208,600,0.004094,0.008575,0.000744,0.181818
125,brain,2.443571,600,0.004073,0.009313,0.000740,0.181818
126,sea,2.423072,200,0.012115,0.022088,0.000734,0.060606
127,stinker,2.422223,400,0.006056,0.014992,0.000734,0.121212
128,gloat,2.412702,300,0.008042,0.011483,0.000731,0.090909
129,excuse,2.407370,100,0.024074,0.024074,0.000730,0.030303
130,bruise,2.382592,400,0.005956,0.008301,0.000722,0.121212
131,immune,2.373075,100,0.023731,0.023731,0.000719,0.030303
132,psychic,2.312420,800,0.002891,0.005073,0.000701,0.242424
133,blow,2.311370,500,0.004623,0.008455,0.000700,0.151515
134,plan,2.267363,600,0.003779,0.006389,0.000687,0.181818
135,make,2.260949,600,0.003768,0.011557,0.000685,0.181818
136,foetor,2.247234,200,0.011236,0.015090,0.000681,0.060606
137,walk,2.233389,400,0.005583,0.011794,0.000677,0.121212
138,sire,2.232217,600,0.003720,0.008156,0.000676,0.181818
139,fetor,2.227158,200,0.011136,0.014956,0.000675,0.060606
140,peeper,2.222998,600,0.003705,0.007775,0.000674,0.181818
141,mindless,2.220573,400,0.005551,0.008672,0.000673,0.121212
142,promise,2.219978,500,0.004440,0.008674,0.000673,0.151515
143,fast,2.208300,200,0.011042,0.016089,0.000669,0.060606
144,odor,2.207633,200,0.011038,0.014825,0.000669,0.060606
145,smooth,2.207529,100,0.022075,0.022075,0.000669,0.030303
146,stand,2.200974,600,0.003668,0.007512,0.000667,0.181818
147,niff,2.195691,200,0.010978,0.014744,0.000665,0.060606
148,pong,2.193984,200,0.010970,0.014733,0.000665,0.060606
149,mephitis,2.192997,200,0.010965,0.014726,0.000665,0.060606
150,olfactory sensation,2.188931,200,0.010945,0.014699,0.000663,0.060606
151,malodour,2.188043,200,0.010940,0.014693,0.000663,0.060606
152,South Sea,2.187383,100,0.021874,0.021874,0.000663,0.030303
153,sweet-flavored,2.179288,200,0.010896,0.013323,0.000660,0.060606
154,ocean,2.178895,200,0.010894,0.020007,0.000660,0.060606
155,pick up,2.174948,600,0.003625,0.005110,0.000659,0.181818
156,rein,2.174726,300,0.007249,0.009884,0.000659,0.090909
157,niffy,2.173899,200,0.010869,0.014598,0.000659,0.060606
158,stench,2.172682,200,0.010863,0.014590,0.000658,0.060606
159,reach,2.172537,400,0.005431,0.012483,0.000658,0.121212
160,sugary,2.167255,200,0.010836,0.013250,0.000657,0.060606
161,oceanic,2.165648,200,0.010828,0.019464,0.000656,0.060606
162,malodor,2.164368,200,0.010822,0.014534,0.000656,0.060606
163,sweet-scented,2.149683,200,0.010748,0.013142,0.000651,0.060606
164,fragrancy,2.147707,500,0.004295,0.008043,0.000651,0.151515
165,sweet-smelling,2.145799,200,0.010729,0.013119,0.000650,0.060606
166,aromatise,2.143861,400,0.005360,0.007803,0.000650,0.121212
167,perch,2.143795,400,0.005359,0.010666,0.000650,0.121212
168,sweetened,2.138619,200,0.010693,0.013075,0.000648,0.060606
169,honeylike,2.135535,200,0.010678,0.013056,0.000647,0.060606
170,olfactory perception,2.133686,200,0.010668,0.014328,0.000647,0.060606
171,seat,2.132020,400,0.005330,0.010724,0.000646,0.121212
172,mephitic,2.131279,200,0.010656,0.014312,0.000646,0.060606
173,perfumed,2.123749,200,0.010619,0.012984,0.000644,0.060606
174,acridity,2.123327,200,0.010617,0.014258,0.000643,0.060606
175,sugared,2.120177,200,0.010601,0.012962,0.000642,0.060606
176,hope,2.116607,500,0.004233,0.009331,0.000641,0.151515
177,angelical,2.114928,200,0.010575,0.012930,0.000641,0.060606
178,honied,2.108212,200,0.010541,0.012889,0.000639,0.060606
179,sugariness,2.106945,200,0.010535,0.012881,0.000638,0.060606
180,leash,2.102936,300,0.007010,0.011284,0.000637,0.090909
181,honeyed,2.101304,200,0.010507,0.012847,0.000637,0.060606
182,deep,2.087564,100,0.020876,0.020876,0.000633,0.030303
183,muzzle,2.087466,300,0.006958,0.011201,0.000633,0.090909
184,male offspring,2.087126,400,0.005218,0.009323,0.000632,0.121212
185,rancid,2.084486,200,0.010422,0.013998,0.000632,0.060606
186,manifest,2.084117,400,0.005210,0.008270,0.000632,0.121212
187,syrupy,2.080862,200,0.010404,0.012722,0.000631,0.060606
188,boy,2.080794,300,0.006936,0.010032,0.000631,0.090909
189,pull in,2.080274,400,0.005201,0.011628,0.000630,0.121212
190,loveable,2.076492,200,0.010382,0.012695,0.000629,0.060606
191,observe,2.074995,400,0.005187,0.008925,0.000629,0.121212
192,head,2.071705,800,0.002590,0.005675,0.000628,0.242424
193,posterior,2.066233,200,0.010331,0.011186,0.000626,0.060606
194,observation,2.059966,400,0.005150,0.008782,0.000624,0.121212
195,get in,2.058737,400,0.005147,0.010718,0.000624,0.121212
196,knot,2.055462,300,0.006852,0.011029,0.000623,0.090909
197,behold,2.047926,400,0.005120,0.008817,0.000621,0.121212
198,seraphic,2.046840,200,0.010234,0.012514,0.000620,0.060606
199,saccharine,2.041488,200,0.010207,0.012481,0.000619,0.060606
200,fellow,2.039234,300,0.006797,0.009832,0.000618,0.090909
201,sprawl,2.037584,400,0.005094,0.010248,0.000617,0.121212
202,rope,2.033771,300,0.006779,0.010913,0.000616,0.090909
203,homo,2.030894,300,0.006770,0.009792,0.000615,0.090909
204,connect,2.028820,400,0.005072,0.016167,0.000615,0.121212
205,sugar-coated,2.027914,200,0.010140,0.012398,0.000615,0.060606
206,bound,2.022057,300,0.006740,0.010850,0.000613,0.090909
207,cloying,2.020529,200,0.010103,0.012353,0.000612,0.060606
208,strap,2.017539,300,0.006725,0.010826,0.000611,0.090909
209,lounge,2.014933,400,0.005037,0.010307,0.000611,0.121212
210,maleness,2.013695,300,0.006712,0.009709,0.000610,0.090909
211,adult male,2.013411,300,0.006711,0.009707,0.000610,0.090909
212,time,2.012801,200,0.010064,0.010077,0.000610,0.060606
213,gestate,2.011776,500,0.004024,0.006430,0.000610,0.151515
214,psyche,2.011017,500,0.004022,0.006576,0.000609,0.151515
215,buy,2.010885,500,0.004022,0.010179,0.000609,0.151515
216,connection,1.998545,400,0.004996,0.015956,0.000606,0.121212
217,hike,1.993954,500,0.003988,0.006783,0.000604,0.151515
218,odoriferous,1.991447,200,0.009957,0.012175,0.000603,0.060606
219,candied,1.991382,200,0.009957,0.012175,0.000603,0.060606
220,tie,1.985278,300,0.006618,0.010653,0.000602,0.090909
221,man-child,1.982043,400,0.004955,0.008768,0.000601,0.121212
222,sandblast,1.980748,300,0.006602,0.012557,0.000600,0.090909
223,male horse,1.980581,300,0.006602,0.009549,0.000600,0.090909
224,take in,1.978181,600,0.003297,0.006926,0.000599,0.181818
225,come,1.976073,600,0.003293,0.010479,0.000599,0.181818
226,cord,1.975576,300,0.006585,0.010601,0.000599,0.090909
227,man,1.972914,300,0.006576,0.009512,0.000598,0.090909
228,gag,1.968240,300,0.006561,0.010561,0.000596,0.090909
229,rule,1.964595,400,0.004911,0.009092,0.000595,0.121212
230,bachelor,1.959162,300,0.006531,0.009446,0.000594,0.090909
231,unthinking,1.952234,400,0.004881,0.006793,0.000592,0.121212
232,trammel,1.950925,300,0.006503,0.010468,0.000591,0.090909
233,manly,1.948623,300,0.006495,0.009395,0.000590,0.090909
234,Homo sapiens,1.939850,300,0.006466,0.009353,0.000588,0.090909
235,Marine,1.933906,100,0.019339,0.019339,0.000586,0.030303
236,bachelorhood,1.933355,300,0.006445,0.009321,0.000586,0.090909
237,colt,1.931940,300,0.006440,0.009315,0.000585,0.090909
238,ejaculate,1.923367,400,0.004808,0.008570,0.000583,0.121212
239,sweetish,1.906946,200,0.009535,0.011658,0.000578,0.060606
240,temporal,1.904102,200,0.009521,0.009533,0.000577,0.060606
241,priapic,1.901862,300,0.006340,0.009170,0.000576,0.090909
242,ride,1.900604,500,0.003801,0.005784,0.000576,0.151515
243,reaching,1.894063,400,0.004735,0.011113,0.000574,0.121212
244,regret,1.892276,400,0.004731,0.006903,0.000573,0.121212
245,ski jump,1.889626,300,0.006299,0.010140,0.000573,0.090909
246,top,1.889417,200,0.009447,0.013146,0.000573,0.060606
247,future,1.887087,200,0.009435,0.009448,0.000572,0.060606
248,looker,1.886077,400,0.004715,0.008400,0.000572,0.121212
249,lad,1.882562,300,0.006275,0.009077,0.000570,0.090909
250,feller,1.881192,300,0.006271,0.009070,0.000570,0.090909
251,understudy,1.874440,300,0.006248,0.008296,0.000568,0.090909
252,bloke,1.874227,300,0.006247,0.009036,0.000568,0.090909
253,hit,1.873231,400,0.004683,0.010072,0.000568,0.121212
254,stay,1.870429,600,0.003117,0.006877,0.000567,0.181818
255,still,1.867614,100,0.018676,0.018676,0.000566,0.030303
256,Rhodesian man,1.867292,300,0.006224,0.009003,0.000566,0.090909
257,finder,1.864827,500,0.003730,0.007209,0.000565,0.151515
258,plane,1.864686,200,0.009323,0.014324,0.000565,0.060606
259,beholder,1.863699,300,0.006212,0.008870,0.000565,0.090909
260,seeing,1.860565,300,0.006202,0.008855,0.000564,0.090909
261,silence,1.852056,100,0.018521,0.018521,0.000561,0.030303
262,associate,1.849209,200,0.009246,0.016179,0.000560,0.060606
263,retentiveness,1.848406,100,0.018484,0.018484,0.000560,0.030303
264,tabula rasa,1.847480,600,0.003079,0.006553,0.000560,0.181818
265,loop,1.847289,500,0.003695,0.009437,0.000560,0.151515
266,observer,1.846940,300,0.006156,0.008791,0.000560,0.090909
267,purchase,1.842406,300,0.006141,0.011134,0.000558,0.090909
268,phallic,1.837119,300,0.006124,0.008857,0.000557,0.090909
269,start,1.831293,400,0.004578,0.012035,0.000555,0.121212
270,fella,1.831221,300,0.006104,0.008829,0.000555,0.090909
271,Neandertal man,1.828145,300,0.006094,0.008814,0.000554,0.090909
272,tranquility,1.823461,100,0.018235,0.018235,0.000553,0.030303
273,observant,1.817669,300,0.006059,0.008651,0.000551,0.090909
274,connexion,1.817665,400,0.004544,0.014155,0.000551,0.121212
275,look around,1.817164,300,0.006057,0.008649,0.000551,0.090909
276,look backward,1.814852,300,0.006050,0.008638,0.000550,0.090909
277,male child,1.814608,300,0.006049,0.008749,0.000550,0.090909
278,identify,1.814480,200,0.009072,0.016255,0.000550,0.060606
279,have a look,1.813690,300,0.006046,0.008632,0.000550,0.090909
280,accept,1.812525,600,0.003021,0.006891,0.000549,0.181818
281,mankind,1.812403,300,0.006041,0.008738,0.000549,0.090909
282,Neanderthalian,1.807801,300,0.006026,0.008716,0.000548,0.090909
283,antheral,1.806674,300,0.006022,0.008711,0.000547,0.090909
284,stillness,1.806412,100,0.018064,0.018064,0.000547,0.030303
285,get a look,1.806378,300,0.006021,0.008597,0.000547,0.090909
286,get a load,1.799341,300,0.005998,0.008564,0.000545,0.090909
287,lay eyes on,1.795373,300,0.005985,0.008545,0.000544,0.090909
288,anamnesis,1.793757,100,0.017938,0.017938,0.000544,0.030303
289,note,1.792573,500,0.003585,0.007261,0.000543,0.151515
290,sentence,1.786687,300,0.005956,0.007870,0.000541,0.090909
291,noiseless,1.785797,100,0.017858,0.017858,0.000541,0.030303
292,staminate,1.785041,300,0.005950,0.008606,0.000541,0.090909
293,treacly,1.784446,200,0.008922,0.010909,0.000541,0.060606
294,arrive at,1.782491,200,0.008912,0.012009,0.000540,0.060606
295,mother's son,1.782274,300,0.005941,0.008593,0.000540,0.090909
296,take a look,1.779636,300,0.005932,0.008470,0.000539,0.090909
297,macho,1.778120,300,0.005927,0.008573,0.000539,0.090909
298,retrospective,1.777586,100,0.017776,0.017776,0.000539,0.030303
299,broth of a boy,1.776381,300,0.005921,0.008565,0.000538,0.090909
300,noiselessness,1.775717,100,0.017757,0.017757,0.000538,0.030303
301,glint,1.774816,400,0.004437,0.007752,0.000538,0.121212
302,tranquil,1.774213,100,0.017742,0.017742,0.000538,0.030303
303,retentivity,1.769326,100,0.017693,0.017693,0.000536,0.030303
304,peer,1.762247,300,0.005874,0.008387,0.000534,0.090909
305,short-term memory,1.759979,100,0.017600,0.017600,0.000533,0.030303
306,give the once over,1.759795,300,0.005866,0.008376,0.000533,0.090909
307,band,1.759315,300,0.005864,0.009440,0.000533,0.090909
308,human beings,1.758142,300,0.005860,0.008477,0.000533,0.090909
309,head sea,1.752652,100,0.017527,0.017527,0.000531,0.030303
310,get through,1.752038,200,0.008760,0.011812,0.000531,0.060606
311,gentlemanly,1.751516,300,0.005838,0.008445,0.000531,0.090909
312,talk,1.751206,400,0.004378,0.007853,0.000531,0.121212
313,starer,1.750391,300,0.005835,0.008331,0.000530,0.090909
314,think back,1.749665,100,0.017497,0.017497,0.000530,0.030303
315,roost,1.749079,200,0.008745,0.009469,0.000530,0.060606
316,soundlessness,1.749002,100,0.017490,0.017490,0.000530,0.030303
317,anamnestic,1.747272,100,0.017473,0.017473,0.000529,0.030303
318,soundless,1.746097,100,0.017461,0.017461,0.000529,0.030303
319,commemoration,1.743353,400,0.004358,0.011078,0.000528,0.121212
320,chap,1.742243,300,0.005807,0.008400,0.000528,0.090909
321,flat,1.740288,300,0.005801,0.010362,0.000527,0.090909
322,male person,1.738649,300,0.005795,0.008383,0.000527,0.090909
323,border,1.737373,300,0.005791,0.009323,0.000526,0.090909
324,put down,1.737122,300,0.005790,0.010945,0.000526,0.090909
325,muse,1.730596,300,0.005769,0.006363,0.000524,0.090909
326,tiller,1.729408,300,0.005765,0.009501,0.000524,0.090909
327,Neandertal,1.725944,300,0.005753,0.008321,0.000523,0.090909
328,olfactory modality,1.723267,300,0.005744,0.008305,0.000522,0.090909
329,tone,1.721378,500,0.003443,0.004278,0.000522,0.151515
330,design,1.719218,200,0.008596,0.009884,0.000521,0.060606
331,Homo sapiens neanderthalensis,1.717883,300,0.005726,0.008283,0.000521,0.090909
332,feel,1.717556,500,0.003435,0.008292,0.000520,0.151515
333,scale,1.716790,400,0.004292,0.010637,0.000520,0.121212
334,goggle,1.716578,300,0.005722,0.008170,0.000520,0.090909
335,bring down,1.716056,400,0.004290,0.010058,0.000520,0.121212
336,quick,1.715337,100,0.017153,0.017153,0.000520,0.030303
337,unhearing,1.713984,400,0.004285,0.005976,0.000519,0.121212
338,catch a glimpse,1.713863,300,0.005713,0.008157,0.000519,0.090909
339,retrospection,1.712042,100,0.017120,0.017120,0.000519,0.030303
340,boyhood,1.709686,300,0.005699,0.008243,0.000518,0.090909
341,working memory,1.706906,100,0.017069,0.017069,0.000517,0.030303
342,geezerhood,1.706001,300,0.005687,0.008225,0.000517,0.090909
343,womanise,1.704357,400,0.004261,0.007587,0.000516,0.121212
344,Neanderthal man,1.701742,300,0.005672,0.008205,0.000516,0.090909
345,descend,1.699857,400,0.004250,0.009930,0.000515,0.121212
346,reminisce,1.699856,100,0.016999,0.016999,0.000515,0.030303
347,sense of smell,1.698424,300,0.005661,0.008185,0.000515,0.090909
348,gestational,1.697900,500,0.003396,0.004911,0.000515,0.151515
349,female,1.694913,600,0.002825,0.006768,0.000514,0.181818
350,argue,1.694159,500,0.003388,0.006210,0.000513,0.151515
351,indifferent,1.693090,400,0.004233,0.005903,0.000513,0.121212
352,come through,1.688854,200,0.008444,0.010871,0.000512,0.060606
353,hopeful,1.688190,200,0.008441,0.009123,0.000512,0.060606
354,LTM,1.686980,100,0.016870,0.016870,0.000511,0.030303
355,landing,1.684963,200,0.008425,0.010846,0.000511,0.060606
356,callback,1.684431,100,0.016844,0.016844,0.000510,0.030303
357,olfaction,1.683863,300,0.005613,0.008115,0.000510,0.090909
358,lander,1.683420,200,0.008417,0.010836,0.000510,0.060606
359,angelic,1.682418,200,0.008412,0.010286,0.000510,0.060606
360,disembarkation,1.679695,200,0.008398,0.010812,0.000509,0.060606
361,honor,1.678406,600,0.002797,0.006089,0.000509,0.181818
362,hearing-impaired,1.677319,400,0.004193,0.005848,0.000508,0.121212
363,ruminate,1.676539,400,0.004191,0.006795,0.000508,0.121212
364,feather,1.676284,400,0.004191,0.008269,0.000508,0.121212
365,reminiscent,1.671170,100,0.016712,0.016712,0.000506,0.030303
366,snuffle,1.666944,400,0.004167,0.007322,0.000505,0.121212
367,observable,1.665263,300,0.005551,0.007926,0.000505,0.090909
368,comer,1.663247,200,0.008316,0.010706,0.000504,0.060606
369,diet,1.663106,400,0.004158,0.014374,0.000504,0.121212
370,stone-deaf,1.662488,400,0.004156,0.005796,0.000504,0.121212
371,smelling,1.661166,300,0.005537,0.008005,0.000503,0.090909
372,unheeding,1.660860,400,0.004152,0.005791,0.000503,0.121212
373,thinking,1.657567,300,0.005525,0.006943,0.000502,0.090909
374,silent,1.653758,100,0.016538,0.016538,0.000501,0.030303
375,planning,1.653708,400,0.004134,0.005877,0.000501,0.121212
376,give the eye,1.653067,300,0.005510,0.007868,0.000501,0.090909
377,broth of a man,1.651662,300,0.005506,0.007963,0.000501,0.090909
378,reckon,1.651324,300,0.005504,0.006963,0.000500,0.090909
379,fraction,1.650321,200,0.008252,0.014548,0.000500,0.060606
380,deaf as a post,1.645479,400,0.004114,0.005737,0.000499,0.121212
381,riding,1.645338,500,0.003291,0.005997,0.000499,0.151515
382,plump in,1.644504,200,0.008223,0.010585,0.000498,0.060606
383,castrate,1.642148,300,0.005474,0.007917,0.000498,0.090909
384,cherubic,1.638036,200,0.008190,0.010014,0.000496,0.060606
385,reminiscence,1.636048,100,0.016360,0.016360,0.000496,0.030303
386,sugarless,1.633673,200,0.008168,0.009988,0.000495,0.060606
387,lovable,1.631136,200,0.008156,0.009972,0.000494,0.060606
388,glower,1.630479,300,0.005435,0.007760,0.000494,0.090909
389,lift,1.629002,400,0.004073,0.007747,0.000494,0.121212
390,ogle,1.628147,300,0.005427,0.007749,0.000493,0.090909
391,run,1.627943,700,0.002326,0.004398,0.000493,0.212121
392,miss,1.626861,700,0.002324,0.003895,0.000493,0.212121
393,get at,1.626464,200,0.008132,0.010469,0.000493,0.060606
394,disrespect,1.624314,500,0.003249,0.005716,0.000492,0.151515
395,top out,1.623999,200,0.008120,0.011004,0.000492,0.060606
396,arriver,1.621767,200,0.008109,0.010439,0.000491,0.060606
397,purport,1.621115,300,0.005404,0.007581,0.000491,0.090909
398,set down,1.620550,200,0.008103,0.010431,0.000491,0.060606
399,profoundly deaf,1.619031,400,0.004048,0.005645,0.000491,0.121212
400,move in,1.618636,200,0.008093,0.010419,0.000490,0.060606
401,devil dog,1.617867,100,0.016179,0.016179,0.000490,0.030303
402,rake,1.617640,300,0.005392,0.012908,0.000490,0.090909
403,go far,1.616893,200,0.008084,0.010407,0.000490,0.060606
404,get a whiff,1.616735,300,0.005389,0.007791,0.000490,0.090909
405,pipe,1.614777,400,0.004037,0.008217,0.000489,0.121212
406,deaf-and-dumb,1.611229,400,0.004028,0.005618,0.000488,0.121212
407,debarkation,1.607839,200,0.008039,0.010349,0.000487,0.060606
408,Homo rhodesiensis,1.604640,300,0.005349,0.007737,0.000486,0.090909
409,catch sight,1.603982,300,0.005347,0.007634,0.000486,0.090909
410,drive in,1.601109,200,0.008006,0.010306,0.000485,0.060606
411,horseback riding,1.599808,500,0.003200,0.005107,0.000485,0.151515
412,forfeit,1.598745,300,0.005329,0.007943,0.000484,0.090909
413,arrive,1.593467,200,0.007967,0.010257,0.000483,0.060606
414,incommunicative,1.591832,100,0.015918,0.015918,0.000482,0.030303
415,long-term memory,1.590594,100,0.015906,0.015906,0.000482,0.030303
416,sniffer,1.589819,300,0.005299,0.007662,0.000482,0.090909
417,rationalise,1.589082,300,0.005297,0.006576,0.000482,0.090909
418,deafness,1.589013,400,0.003973,0.005540,0.000482,0.121212
419,figure,1.587828,300,0.005293,0.006702,0.000481,0.090909
420,hard-of-hearing,1.586093,400,0.003965,0.005530,0.000481,0.121212
421,colligate,1.585589,200,0.007928,0.013568,0.000480,0.060606
422,deafened,1.584202,400,0.003961,0.005523,0.000480,0.121212
423,bullock,1.583849,300,0.005279,0.007636,0.000480,0.090909
424,sprout,1.582429,300,0.005275,0.009342,0.000480,0.090909
425,rationalize,1.581892,300,0.005273,0.006606,0.000479,0.090909
426,forgetfulness,1.578662,400,0.003947,0.005728,0.000478,0.121212
427,gawk,1.578525,300,0.005262,0.007513,0.000478,0.090909
428,tranquillity,1.577866,100,0.015779,0.015779,0.000478,0.030303
429,set ashore,1.577220,200,0.007886,0.010152,0.000478,0.060606
430,clock,1.574595,200,0.007873,0.007883,0.000477,0.060606
431,contemplate,1.573550,300,0.005245,0.006597,0.000477,0.090909
432,come in,1.573263,200,0.007866,0.010127,0.000477,0.060606
433,gawp,1.572777,300,0.005243,0.007486,0.000477,0.090909
434,outline,1.569353,300,0.005231,0.008421,0.000476,0.090909
435,unmindful,1.569269,400,0.003923,0.005694,0.000476,0.121212
436,quit,1.568732,600,0.002615,0.006114,0.000475,0.181818
437,mindlessness,1.567099,400,0.003918,0.005686,0.000475,0.121212
438,southerly,1.566183,200,0.007831,0.008728,0.000475,0.060606
439,reconstruct,1.565785,100,0.015658,0.015658,0.000474,0.030303
440,seer,1.565567,300,0.005219,0.007451,0.000474,0.090909
441,maroon,1.565537,200,0.007828,0.012374,0.000474,0.060606
442,port,1.564007,400,0.003910,0.009133,0.000474,0.121212
443,uncaring,1.563385,400,0.003908,0.005673,0.000474,0.121212
444,interpret,1.560764,500,0.003122,0.006809,0.000473,0.151515
445,unthoughtful,1.560230,400,0.003901,0.005661,0.000473,0.121212
446,regurgitate,1.558428,200,0.007792,0.012901,0.000472,0.060606
447,make it,1.558237,200,0.007791,0.010030,0.000472,0.060606
448,accessible,1.556642,200,0.007783,0.010494,0.000472,0.060606
449,unconsidered,1.556444,400,0.003891,0.005648,0.000472,0.121212
450,settle,1.552302,300,0.005174,0.008999,0.000470,0.090909
451,frontage,1.551076,300,0.005170,0.007382,0.000470,0.090909
452,dandify,1.549583,300,0.005165,0.007471,0.000470,0.090909
453,disembarkment,1.547261,200,0.007736,0.009959,0.000469,0.060606
454,tramp,1.546136,400,0.003865,0.006927,0.000469,0.121212
455,commemorate,1.544537,400,0.003861,0.009571,0.000468,0.121212
456,hobble,1.542923,600,0.002572,0.005723,0.000468,0.181818
457,look away,1.540426,300,0.005135,0.007332,0.000467,0.090909
458,uncommunicative,1.539132,100,0.015391,0.015391,0.000466,0.030303
459,attain,1.538826,200,0.007694,0.009905,0.000466,0.060606
460,get a noseful,1.535626,300,0.005119,0.007400,0.000465,0.090909
461,human race,1.534266,300,0.005114,0.007397,0.000465,0.090909
462,ME,1.532691,400,0.003832,0.008694,0.000464,0.121212
463,young-begetting,1.530912,300,0.005103,0.007381,0.000464,0.090909
464,thoughtlessness,1.528986,400,0.003822,0.005548,0.000463,0.121212
465,learn,1.527946,500,0.003056,0.004846,0.000463,0.151515
466,blighter,1.524639,300,0.005082,0.007351,0.000462,0.090909
467,unmindfulness,1.524626,400,0.003812,0.005532,0.000462,0.121212
468,thread,1.524435,500,0.003049,0.005924,0.000462,0.151515
469,STM,1.522278,100,0.015223,0.015223,0.000461,0.030303
470,unreflective,1.520279,400,0.003801,0.005516,0.000461,0.121212
471,automatic,1.519334,400,0.003798,0.005513,0.000460,0.121212
472,boy wonder,1.518803,300,0.005063,0.007323,0.000460,0.090909
473,foster brother,1.516350,300,0.005054,0.007311,0.000459,0.090909
474,human being,1.515428,300,0.005051,0.007306,0.000459,0.090909
475,commendation,1.513750,400,0.003784,0.006565,0.000459,0.121212
476,bluster,1.513097,200,0.007565,0.008432,0.000459,0.060606
477,bottom,1.511674,300,0.005039,0.008402,0.000458,0.090909
478,monas,1.510360,400,0.003776,0.008567,0.000458,0.121212
479,Homo erectus,1.509356,300,0.005031,0.007277,0.000457,0.090909
480,begin,1.508806,500,0.003018,0.006125,0.000457,0.151515
481,cerebrate,1.508227,300,0.005027,0.006192,0.000457,0.090909
482,go,1.506948,500,0.003014,0.011712,0.000457,0.151515
483,one of the boys,1.503922,300,0.005013,0.007251,0.000456,0.090909
484,number one,1.502437,400,0.003756,0.008522,0.000455,0.121212
485,windy,1.501653,300,0.005006,0.007005,0.000455,0.090909
486,nonmeaningful,1.499339,400,0.003748,0.005440,0.000454,0.121212
487,northerly,1.497986,200,0.007490,0.008348,0.000454,0.060606
488,amnesiac,1.497170,400,0.003743,0.005433,0.000454,0.121212
489,resolve,1.491078,200,0.007455,0.010869,0.000452,0.060606
490,cerebration,1.489699,300,0.004966,0.006173,0.000451,0.090909
491,cachet,1.484862,400,0.003712,0.006440,0.000450,0.121212
492,take note,1.484230,300,0.004947,0.007064,0.000450,0.090909
493,tone-deaf,1.480984,400,0.003702,0.005163,0.000449,0.121212
494,humans,1.477856,300,0.004926,0.007125,0.000448,0.090909
495,consideration,1.476356,300,0.004921,0.006153,0.000447,0.090909
496,foster-brother,1.473705,300,0.004912,0.007105,0.000447,0.090909
497,glare,1.471781,300,0.004906,0.007005,0.000446,0.090909
498,involuntary,1.468664,400,0.003672,0.005329,0.000445,0.121212
499,unity,1.467464,400,0.003669,0.008324,0.000445,0.121212
500,beginning,1.459113,300,0.004864,0.006075,0.000442,0.090909
501,one,1.459009,400,0.003648,0.008276,0.000442,0.121212
502,trouble,1.456709,200,0.007284,0.008386,0.000441,0.060606
503,commend,1.450671,400,0.003627,0.006292,0.000440,0.121212
504,limp,1.448365,400,0.003621,0.009649,0.000439,0.121212
505,iodise,1.447731,400,0.003619,0.008212,0.000439,0.121212
506,identification,1.447545,200,0.007238,0.012773,0.000439,0.060606
507,stargazer,1.447235,300,0.004824,0.006888,0.000439,0.090909
508,expose,1.446793,600,0.002411,0.005622,0.000438,0.181818
509,honour,1.445283,400,0.003613,0.006268,0.000438,0.121212
510,anima,1.442437,400,0.003606,0.008182,0.000437,0.121212
511,capitulation,1.442427,400,0.003606,0.006443,0.000437,0.121212
512,give the glad eye,1.438680,300,0.004796,0.006847,0.000436,0.090909
513,nonintellectual,1.437812,400,0.003595,0.005217,0.000436,0.121212
514,monad,1.432602,400,0.003582,0.008126,0.000434,0.121212
515,meaningless,1.431631,400,0.003579,0.005195,0.000434,0.121212
516,Pine Tree State,1.431611,400,0.003579,0.008120,0.000434,0.121212
517,reasoning,1.430142,300,0.004767,0.005925,0.000433,0.090909
518,forgetful,1.424914,400,0.003562,0.005170,0.000432,0.121212
519,ride horseback,1.424031,300,0.004747,0.005488,0.000432,0.090909
520,patriarchal,1.421412,300,0.004738,0.006853,0.000431,0.090909
521,adult,1.418772,500,0.002838,0.007075,0.000430,0.151515
522,deaf-mute,1.416291,400,0.003541,0.004938,0.000429,0.121212
523,leapfrog,1.414248,300,0.004714,0.007589,0.000429,0.090909
524,Homo soloensis,1.413047,300,0.004710,0.006813,0.000428,0.090909
525,mutant,1.412548,500,0.002825,0.005802,0.000428,0.151515
526,foot,1.412130,400,0.003530,0.006941,0.000428,0.121212
527,progress to,1.410183,200,0.007051,0.009077,0.000427,0.060606
528,inconsiderate,1.409161,400,0.003523,0.005113,0.000427,0.121212
529,amble,1.408220,400,0.003521,0.007009,0.000427,0.121212
530,hang,1.408082,600,0.002347,0.004790,0.000427,0.181818
531,get down,1.405304,400,0.003513,0.006618,0.000426,0.121212
532,squall,1.405129,200,0.007026,0.007830,0.000426,0.060606
533,excogitation,1.405005,300,0.004683,0.006881,0.000426,0.090909
534,run aground,1.398449,200,0.006992,0.009291,0.000424,0.060606
535,ace,1.398347,400,0.003496,0.007932,0.000424,0.121212
536,singleton,1.397316,400,0.003493,0.007926,0.000423,0.121212
537,award,1.394362,400,0.003486,0.006047,0.000423,0.121212
538,geld,1.393990,300,0.004647,0.006721,0.000422,0.090909
539,capitulate,1.393355,400,0.003483,0.006175,0.000422,0.121212
540,humankind,1.392311,300,0.004641,0.006713,0.000422,0.090909
541,travel,1.391183,300,0.004637,0.011241,0.000422,0.090909
542,ratiocinate,1.390853,300,0.004636,0.006812,0.000421,0.090909
543,deference,1.386748,400,0.003467,0.006014,0.000420,0.121212
544,admiration,1.385648,400,0.003464,0.006010,0.000420,0.121212
545,deliberate,1.385538,300,0.004618,0.006786,0.000420,0.090909
546,flavorless,1.384720,200,0.006924,0.011244,0.000420,0.060606
547,explanation,1.384549,400,0.003461,0.005847,0.000420,0.121212
548,stroll,1.383484,400,0.003459,0.006594,0.000419,0.121212
549,roll up,1.382315,200,0.006912,0.008898,0.000419,0.060606
550,stargazing,1.381668,300,0.004606,0.006576,0.000419,0.090909
551,amnesic,1.381352,400,0.003453,0.005012,0.000419,0.121212
552,ogler,1.381068,300,0.004604,0.006573,0.000419,0.090909
553,honorary,1.379637,400,0.003449,0.005984,0.000418,0.121212
554,sit down,1.379269,200,0.006896,0.009131,0.000418,0.060606
555,homage,1.377444,400,0.003444,0.005974,0.000417,0.121212
556,medal,1.376386,400,0.003441,0.005969,0.000417,0.121212
557,estimation,1.373451,400,0.003434,0.005957,0.000416,0.121212
558,accolade,1.369645,400,0.003424,0.005940,0.000415,0.121212
559,sandpaper,1.369163,100,0.013692,0.013692,0.000415,0.030303
560,saunter,1.368851,400,0.003422,0.006513,0.000415,0.121212
561,intellect,1.363688,300,0.004546,0.006679,0.000413,0.090909
562,mentation,1.363600,300,0.004545,0.006678,0.000413,0.090909
563,mental synthesis,1.363208,300,0.004544,0.006676,0.000413,0.090909
564,flatness,1.362914,200,0.006815,0.011067,0.000413,0.060606
565,Nobel prize,1.361443,400,0.003404,0.005905,0.000413,0.121212
566,single,1.359682,400,0.003399,0.007712,0.000412,0.121212
567,promenade,1.358716,400,0.003397,0.006642,0.000412,0.121212
568,laurels,1.356896,400,0.003392,0.005885,0.000411,0.121212
569,Prix Goncourt,1.352593,400,0.003381,0.005866,0.000410,0.121212
570,giant,1.352346,500,0.002705,0.006795,0.000410,0.151515
571,immediate memory,1.352141,100,0.013521,0.013521,0.000410,0.030303
572,problem solving,1.352062,300,0.004507,0.006622,0.000410,0.090909
573,aim,1.351729,200,0.006759,0.009339,0.000410,0.060606
574,unstimulating,1.351181,200,0.006756,0.010971,0.000409,0.060606
575,historic,1.349322,300,0.004498,0.005025,0.000409,0.090909
576,airy,1.347492,300,0.004492,0.006006,0.000408,0.090909
577,out-of-the-box thinking,1.347344,300,0.004491,0.006598,0.000408,0.090909
578,reverberate,1.343670,600,0.002239,0.004277,0.000407,0.181818
579,lightweight,1.343102,100,0.013431,0.013431,0.000407,0.030303
580,arrange,1.342195,300,0.004474,0.006573,0.000407,0.090909
581,honorable mention,1.341380,400,0.003353,0.005818,0.000406,0.121212
582,ghost,1.340397,400,0.003351,0.007729,0.000406,0.121212
583,crown,1.338430,400,0.003346,0.005805,0.000406,0.121212
584,thought process,1.337610,300,0.004459,0.006551,0.000405,0.090909
585,excused,1.337128,100,0.013371,0.013371,0.000405,0.030303
586,let off,1.335453,100,0.013355,0.013355,0.000405,0.030303
587,purpose,1.335412,200,0.006677,0.008474,0.000405,0.060606
588,tacky,1.334749,200,0.006674,0.010838,0.000404,0.060606
589,spare,1.332610,100,0.013326,0.013326,0.000404,0.030303
590,thoughtless,1.332138,400,0.003330,0.004834,0.000404,0.121212
591,synthetical,1.331048,300,0.004437,0.006519,0.000403,0.090909
592,intellectual,1.329899,300,0.004433,0.006513,0.000403,0.090909
593,will,1.329708,200,0.006649,0.008856,0.000403,0.060606
594,unsalted,1.329510,200,0.006648,0.010795,0.000403,0.060606
595,analyze,1.328397,300,0.004428,0.006506,0.000403,0.090909
596,snap,1.323009,600,0.002205,0.003822,0.000401,0.181818
597,Nobelist,1.322885,400,0.003307,0.005737,0.000401,0.121212
598,medalist,1.322674,400,0.003307,0.005736,0.000401,0.121212
599,cuss,1.320670,300,0.004402,0.006367,0.000400,0.090909
600,abstract thought,1.319344,300,0.004398,0.006461,0.000400,0.090909
601,trophy,1.319105,400,0.003298,0.005721,0.000400,0.121212
602,heedless,1.318445,400,0.003296,0.004597,0.000400,0.121212
603,theoretician,1.318423,300,0.004395,0.006457,0.000400,0.090909
604,unsusceptible,1.317105,100,0.013171,0.013171,0.000399,0.030303
605,inferential,1.316926,300,0.004390,0.006450,0.000399,0.090909
606,savorless,1.315245,200,0.006576,0.010680,0.000399,0.060606
607,ideational,1.315054,300,0.004384,0.006440,0.000399,0.090909
608,varsity letter,1.314748,400,0.003287,0.005702,0.000398,0.121212
609,heat,1.312363,100,0.013124,0.013124,0.000398,0.030303
610,savourlessness,1.310149,200,0.006551,0.010638,0.000397,0.060606
611,analytical,1.310137,300,0.004367,0.006416,0.000397,0.090909
612,summit,1.309591,200,0.006548,0.008429,0.000397,0.060606
613,sense,1.307303,100,0.013073,0.013073,0.000396,0.030303
614,break,1.306966,300,0.004357,0.006732,0.000396,0.090909
615,ideation,1.305044,300,0.004350,0.006391,0.000395,0.090909
616,know,1.304432,500,0.002609,0.004914,0.000395,0.151515
617,flavourless,1.301046,200,0.006505,0.010564,0.000394,0.060606
618,deferential,1.299800,400,0.003249,0.005637,0.000394,0.121212
619,ideate,1.299260,300,0.004331,0.006363,0.000394,0.090909
620,Oscar,1.297079,400,0.003243,0.005625,0.000393,0.121212
621,medallist,1.296585,400,0.003241,0.005623,0.000393,0.121212
622,theorist,1.296133,300,0.004320,0.006348,0.000393,0.090909
623,spirit,1.293557,200,0.006468,0.008019,0.000392,0.060606
624,flavourlessness,1.292914,200,0.006465,0.010498,0.000392,0.060606
625,medallion,1.292601,400,0.003232,0.005606,0.000392,0.121212
626,seal of approval,1.292408,400,0.003231,0.005605,0.000392,0.121212
627,insipid,1.292167,200,0.006461,0.010492,0.000392,0.060606
628,rester,1.290535,500,0.002581,0.005810,0.000391,0.151515
629,display,1.290211,400,0.003226,0.005119,0.000391,0.121212
630,iodize,1.289195,400,0.003223,0.007313,0.000391,0.121212
631,tasteless,1.287882,200,0.006439,0.010457,0.000390,0.060606
632,unexciting,1.287191,200,0.006436,0.010452,0.000390,0.060606
633,forgive,1.285935,300,0.004286,0.011165,0.000390,0.090909
634,gaudy,1.281433,200,0.006407,0.010405,0.000388,0.060606
635,infer,1.280611,300,0.004269,0.006272,0.000388,0.090909
636,laurel wreath,1.280366,400,0.003201,0.005553,0.000388,0.121212
637,doctoral,1.279001,400,0.003198,0.005547,0.000388,0.121212
638,stretch,1.278004,400,0.003195,0.004572,0.000387,0.121212
639,lie,1.277326,500,0.002555,0.005623,0.000387,0.151515
640,tatty,1.273764,200,0.006369,0.010343,0.000386,0.060606
641,thoughtful,1.272740,300,0.004242,0.006233,0.000386,0.090909
642,give up,1.272663,300,0.004242,0.006290,0.000386,0.090909
643,welcome,1.271630,100,0.012716,0.012716,0.000385,0.030303
644,flavorlessness,1.271120,200,0.006356,0.010321,0.000385,0.060606
645,resistant,1.270457,100,0.012705,0.012705,0.000385,0.030303
646,vapid,1.270117,200,0.006351,0.010313,0.000385,0.060606
647,calculate,1.270039,400,0.003175,0.004533,0.000385,0.121212
648,feeling,1.268736,300,0.004229,0.005811,0.000384,0.090909
649,exemption,1.267821,100,0.012678,0.012678,0.000384,0.030303
650,value,1.267228,300,0.004224,0.004380,0.000384,0.090909
651,unflavoured,1.266157,200,0.006331,0.010281,0.000384,0.060606
652,theoretic,1.265199,300,0.004217,0.006196,0.000383,0.090909
653,immunity,1.262528,100,0.012625,0.012625,0.000383,0.030303
654,frank,1.261151,100,0.012612,0.012612,0.000382,0.030303
655,savourless,1.258990,200,0.006295,0.010223,0.000382,0.060606
656,logical thinking,1.256543,300,0.004188,0.006154,0.000381,0.090909
657,journey,1.254527,300,0.004182,0.010052,0.000380,0.090909
658,thermal,1.252141,200,0.006261,0.006978,0.000379,0.060606
659,indelicate,1.250807,200,0.006254,0.010156,0.000379,0.060606
660,get started,1.250647,200,0.006253,0.006292,0.000379,0.060606
661,mental,1.250299,300,0.004168,0.006123,0.000379,0.090909
662,trashy,1.250251,200,0.006251,0.010152,0.000379,0.060606
663,degree,1.249917,400,0.003125,0.005421,0.000379,0.121212
664,get moving,1.249557,200,0.006248,0.006487,0.000379,0.060606
665,get rolling,1.248402,200,0.006242,0.006527,0.000378,0.060606
666,prompt,1.248038,200,0.006240,0.011610,0.000378,0.060606
667,insipidity,1.247010,200,0.006235,0.010126,0.000378,0.060606
668,start out,1.246091,200,0.006230,0.006507,0.000378,0.060606
669,extract,1.242632,400,0.003107,0.006395,0.000377,0.121212
670,explore,1.242405,300,0.004141,0.006085,0.000376,0.090909
671,aspirer,1.241971,300,0.004140,0.004446,0.000376,0.090909
672,deduce,1.240132,300,0.004134,0.006073,0.000376,0.090909
673,aliyah,1.239687,400,0.003099,0.005377,0.000376,0.121212
674,evidence,1.239519,400,0.003099,0.004918,0.000376,0.121212
675,biped,1.238584,300,0.004129,0.006957,0.000375,0.090909
676,mentality,1.236670,300,0.004122,0.006056,0.000375,0.090909
677,weigh,1.236593,300,0.004122,0.006056,0.000375,0.090909
678,iodinate,1.235811,400,0.003090,0.007010,0.000374,0.121212
679,citation,1.235492,400,0.003089,0.005358,0.000374,0.121212
680,insipidness,1.235266,200,0.006176,0.010030,0.000374,0.060606
681,sitting,1.234518,400,0.003086,0.005792,0.000374,0.121212
682,excogitate,1.233368,300,0.004111,0.006040,0.000374,0.090909
683,squatting,1.231752,400,0.003079,0.005799,0.000373,0.121212
684,Maine,1.231216,400,0.003078,0.006984,0.000373,0.121212
685,philander,1.230867,300,0.004103,0.005934,0.000373,0.090909
686,capriole,1.230719,300,0.004102,0.006604,0.000373,0.090909
687,premeditate,1.230143,300,0.004100,0.006025,0.000373,0.090909
688,predict,1.229194,300,0.004097,0.006020,0.000372,0.090909
689,ribbon,1.229091,400,0.003073,0.005331,0.000372,0.121212
690,radiate,1.228081,300,0.004094,0.005911,0.000372,0.090909
691,Academy Award,1.228075,400,0.003070,0.005326,0.000372,0.121212
692,synthesise,1.226943,300,0.004090,0.006009,0.000372,0.090909
693,beach,1.225697,200,0.006128,0.007889,0.000371,0.060606
694,enter,1.225302,400,0.003063,0.006260,0.000371,0.121212
695,atomic number 53,1.224950,400,0.003062,0.006948,0.000371,0.121212
696,defenseless,1.224933,300,0.004083,0.004922,0.000371,0.090909
697,decoration,1.224590,500,0.002449,0.004713,0.000371,0.151515
698,savage,1.223214,400,0.003058,0.006386,0.000371,0.121212
699,traverse,1.221777,300,0.004073,0.010636,0.000370,0.090909
700,relieve,1.221467,300,0.004072,0.010377,0.000370,0.090909
701,decorate,1.221255,500,0.002443,0.004697,0.000370,0.151515
702,blandness,1.219891,200,0.006099,0.009905,0.000370,0.060606
703,even,1.219294,200,0.006096,0.007697,0.000369,0.060606
704,construction,1.219283,300,0.004064,0.005971,0.000369,0.090909
705,analytic,1.218114,300,0.004060,0.005966,0.000369,0.090909
706,reflexive,1.215913,400,0.003040,0.004412,0.000368,0.121212
707,womanize,1.214276,300,0.004048,0.005854,0.000368,0.090909
708,rider,1.214057,400,0.003035,0.005717,0.000368,0.121212
709,nonflavored,1.209435,200,0.006047,0.009820,0.000366,0.060606
710,insusceptible,1.208453,100,0.012085,0.012085,0.000366,0.030303
711,beg off,1.206734,100,0.012067,0.012067,0.000366,0.030303
712,air,1.206619,300,0.004022,0.004475,0.000366,0.090909
713,stunt,1.206320,500,0.002413,0.005907,0.000366,0.151515
714,bland,1.205411,200,0.006027,0.009788,0.000365,0.060606
715,mystical,1.203917,300,0.004013,0.005896,0.000365,0.090909
716,resistance,1.202066,100,0.012021,0.012021,0.000364,0.030303
717,convergent thinking,1.201763,300,0.004006,0.005886,0.000364,0.090909
718,doctorial,1.199176,400,0.002998,0.005201,0.000363,0.121212
719,have,1.199017,500,0.002398,0.006860,0.000363,0.151515
720,shop,1.198504,300,0.003995,0.005834,0.000363,0.090909
721,deduct,1.192405,300,0.003975,0.005840,0.000361,0.090909
722,set out,1.189766,200,0.005949,0.006019,0.000361,0.060606
723,receive,1.188906,400,0.002972,0.006420,0.000360,0.121212
724,off-color,1.188719,200,0.005944,0.009652,0.000360,0.060606
725,gimcrack,1.182477,200,0.005912,0.009602,0.000358,0.060606
726,leaf,1.181579,400,0.002954,0.005561,0.000358,0.121212
727,compute,1.179968,300,0.003933,0.005779,0.000358,0.090909
728,refresh,1.174383,400,0.002936,0.004253,0.000356,0.121212
729,sit,1.173762,400,0.002934,0.005415,0.000356,0.121212
730,privileged,1.173045,100,0.011730,0.011730,0.000355,0.030303
731,come on,1.169876,200,0.005849,0.006464,0.000355,0.060606
732,nonflavoured,1.168218,200,0.005841,0.009486,0.000354,0.060606
733,deferent,1.166681,400,0.002917,0.005060,0.000354,0.121212
734,ostentatious,1.163643,200,0.005818,0.009449,0.000353,0.060606
735,ratter,1.163496,400,0.002909,0.006537,0.000353,0.121212
736,prey,1.162960,400,0.002907,0.005743,0.000352,0.121212
737,instinct,1.162171,100,0.011622,0.011622,0.000352,0.030303
738,last respects,1.160871,400,0.002902,0.005035,0.000352,0.121212
739,continuance,1.159537,400,0.002899,0.005044,0.000351,0.121212
740,pureblood,1.159335,500,0.002319,0.005428,0.000351,0.151515
741,mystic,1.157139,300,0.003857,0.005667,0.000351,0.090909
742,seating,1.154868,400,0.002887,0.005455,0.000350,0.121212
743,props,1.154040,400,0.002885,0.005005,0.000350,0.121212
744,research,1.152320,300,0.003841,0.005643,0.000349,0.090909
745,sponge,1.151050,500,0.002302,0.005324,0.000349,0.151515
746,tasteful,1.150853,200,0.005754,0.009345,0.000349,0.060606
747,light,1.149826,200,0.005749,0.006625,0.000348,0.060606
748,bestir oneself,1.149204,200,0.005746,0.006094,0.000348,0.060606
749,apprentice,1.148696,100,0.011487,0.011487,0.000348,0.030303
750,flood in,1.147668,200,0.005738,0.007387,0.000348,0.060606
751,expression,1.146351,600,0.001911,0.003958,0.000347,0.181818
752,pay,1.143796,600,0.001906,0.003434,0.000347,0.181818
753,butt,1.142980,400,0.002857,0.005315,0.000346,0.121212
754,divergent thinking,1.142114,300,0.003807,0.005593,0.000346,0.090909
755,crystallize,1.141955,300,0.003807,0.005593,0.000346,0.090909
756,speed,1.140345,300,0.003801,0.008037,0.000346,0.090909
757,commence,1.139374,200,0.005697,0.006414,0.000345,0.060606
758,listener,1.138810,300,0.003796,0.005159,0.000345,0.090909
759,iodine-131,1.135177,400,0.002838,0.006439,0.000344,0.121212
760,beat,1.134843,400,0.002837,0.004742,0.000344,0.121212
761,continuation,1.134619,700,0.001621,0.003509,0.000344,0.212121
762,tawdry,1.133915,200,0.005670,0.009207,0.000344,0.060606
763,look up to,1.130351,400,0.002826,0.004902,0.000343,0.121212
764,confrontation,1.129013,300,0.003763,0.005374,0.000342,0.090909
765,unflavored,1.128886,200,0.005644,0.009166,0.000342,0.060606
766,listening,1.126885,300,0.003756,0.004970,0.000341,0.090909
767,train of thought,1.123943,300,0.003746,0.005504,0.000341,0.090909
768,rise,1.123677,300,0.003746,0.007547,0.000341,0.090909
769,rat,1.121101,400,0.002803,0.006481,0.000340,0.121212
770,memorizer,1.120106,300,0.003734,0.004958,0.000339,0.090909
771,dispense,1.119280,100,0.011193,0.011193,0.000339,0.030303
772,get weaving,1.118346,200,0.005592,0.005889,0.000339,0.060606
773,breeze,1.115812,400,0.002790,0.004479,0.000338,0.121212
774,set,1.113669,300,0.003712,0.009471,0.000337,0.090909
775,continuous,1.113593,200,0.005568,0.005575,0.000337,0.060606
776,tastelessness,1.113400,200,0.005567,0.009041,0.000337,0.060606
777,unseasoned,1.112844,200,0.005564,0.009036,0.000337,0.060606
778,chronicle,1.111530,100,0.011115,0.011115,0.000337,0.030303
779,meretricious,1.111281,200,0.005556,0.009023,0.000337,0.060606
780,binder,1.107363,300,0.003691,0.005942,0.000336,0.090909
781,intend,1.105608,300,0.003685,0.004420,0.000335,0.090909
782,stool,1.102920,300,0.003676,0.005510,0.000334,0.090909
783,reply,1.100621,200,0.005503,0.006751,0.000334,0.060606
784,pod,1.097193,300,0.003657,0.005135,0.000332,0.090909
785,memorization,1.096691,300,0.003656,0.004854,0.000332,0.090909
786,raise,1.096256,300,0.003654,0.007762,0.000332,0.090909
787,gloating,1.094970,300,0.003650,0.005212,0.000332,0.090909
788,initiate,1.094793,100,0.010948,0.010948,0.000332,0.030303
789,con,1.091241,300,0.003637,0.004830,0.000331,0.090909
790,garish,1.090539,200,0.005453,0.008855,0.000330,0.060606
791,experience,1.090371,100,0.010904,0.010904,0.000330,0.030303
792,finish,1.090337,200,0.005452,0.010403,0.000330,0.060606
793,attacker,1.086557,200,0.005433,0.005929,0.000329,0.060606
794,off-colour,1.084760,200,0.005424,0.008808,0.000329,0.060606
795,call up,1.083900,300,0.003613,0.004797,0.000328,0.090909
796,lounger,1.081697,400,0.002704,0.005168,0.000328,0.121212
797,look down on,1.080248,400,0.002701,0.004685,0.000327,0.121212
798,tighten up,1.079303,300,0.003598,0.005791,0.000327,0.090909
799,break up,1.079134,300,0.003597,0.003883,0.000327,0.090909
800,plain,1.076899,500,0.002154,0.003983,0.000326,0.151515
801,get up,1.076129,400,0.002690,0.005251,0.000326,0.121212
802,embark,1.075831,200,0.005379,0.005503,0.000326,0.060606
803,iodin,1.074123,400,0.002685,0.006093,0.000325,0.121212
804,culmination,1.072258,300,0.003574,0.006701,0.000325,0.090909
805,recollective,1.071462,300,0.003572,0.004742,0.000325,0.090909
806,angel,1.070596,200,0.005353,0.006545,0.000324,0.060606
807,computational,1.070571,300,0.003569,0.005243,0.000324,0.090909
808,hurdler,1.070475,300,0.003568,0.005744,0.000324,0.090909
809,memorisation,1.069966,300,0.003567,0.004736,0.000324,0.090909
810,duration,1.069748,200,0.005349,0.005356,0.000324,0.060606
811,barbaric,1.069547,200,0.005348,0.008685,0.000324,0.060606
812,hereafter,1.068777,200,0.005344,0.005351,0.000324,0.060606
813,bounds,1.066196,300,0.003554,0.005721,0.000323,0.090909
814,hindquarters,1.064164,200,0.005321,0.005761,0.000322,0.060606
815,tush,1.064164,200,0.005321,0.005761,0.000322,0.060606
816,period,1.064090,200,0.005320,0.005327,0.000322,0.060606
817,pessimistic,1.063839,300,0.003546,0.004595,0.000322,0.090909
818,sprawling,1.063534,200,0.005318,0.005757,0.000322,0.060606
819,lacing,1.063131,300,0.003544,0.005705,0.000322,0.090909
820,mysticism,1.063128,300,0.003544,0.005207,0.000322,0.090909
821,canter,1.062319,400,0.002656,0.004935,0.000322,0.121212
822,buttocks,1.062024,200,0.005310,0.005749,0.000322,0.060606
823,forfeiture,1.061820,300,0.003539,0.005040,0.000322,0.090909
824,think of,1.061706,300,0.003539,0.004699,0.000322,0.090909
825,optimism,1.059641,400,0.002649,0.004574,0.000321,0.121212
826,memoriser,1.058981,300,0.003530,0.004687,0.000321,0.090909
827,rear end,1.058034,200,0.005290,0.005728,0.000321,0.060606
828,scatty,1.057792,400,0.002644,0.003783,0.000321,0.121212
829,advise,1.057620,300,0.003525,0.005180,0.000320,0.090909
830,bridle,1.055346,300,0.003518,0.005663,0.000320,0.090909
831,qualify,1.054880,300,0.003516,0.004669,0.000320,0.090909
832,circumferent,1.054639,300,0.003515,0.005659,0.000320,0.090909
833,tail,1.054243,400,0.002636,0.004867,0.000319,0.121212
834,restrain,1.053854,300,0.003513,0.005655,0.000319,0.090909
835,gallop,1.053516,400,0.002634,0.004825,0.000319,0.121212
836,continuant,1.052931,200,0.005265,0.005271,0.000319,0.060606
837,longueur,1.051674,200,0.005258,0.005265,0.000319,0.060606
838,presentation,1.051579,500,0.002103,0.002820,0.000319,0.151515
839,curb,1.050701,300,0.003502,0.005638,0.000318,0.090909
840,tread,1.050584,300,0.003502,0.007230,0.000318,0.090909
841,fledgling,1.049932,100,0.010499,0.010499,0.000318,0.030303
842,brush up,1.049166,300,0.003497,0.004644,0.000318,0.090909
843,past,1.049102,200,0.005246,0.005252,0.000318,0.060606
844,difference,1.048029,300,0.003493,0.004639,0.000318,0.090909
845,beginner,1.046751,200,0.005234,0.005473,0.000317,0.060606
846,lash together,1.046544,300,0.003488,0.005616,0.000317,0.090909
847,iodine-125,1.045991,400,0.002615,0.005933,0.000317,0.121212
848,truss,1.045593,300,0.003485,0.005611,0.000317,0.090909
849,immune carrier,1.044838,100,0.010448,0.010448,0.000317,0.030303
850,flirt,1.044099,200,0.005220,0.007275,0.000316,0.060606
851,hunker,1.043384,200,0.005217,0.005648,0.000316,0.060606
852,cosmic time,1.042483,200,0.005212,0.005219,0.000316,0.060606
853,fundament,1.041870,200,0.005209,0.005640,0.000316,0.060606
854,fracture,1.039644,200,0.005198,0.006163,0.000315,0.060606
855,characterization,1.038971,300,0.003463,0.004598,0.000315,0.090909
856,bear in mind,1.037558,300,0.003459,0.004592,0.000314,0.090909
857,temporal role,1.036970,200,0.005185,0.005192,0.000314,0.060606
858,hurt,1.036591,300,0.003455,0.006732,0.000314,0.090909
859,weak,1.036469,200,0.005182,0.006254,0.000314,0.060606
860,smart,1.036293,200,0.005181,0.007251,0.000314,0.060606
861,lose,1.035981,300,0.003453,0.004270,0.000314,0.090909
862,brushup,1.032899,300,0.003443,0.004572,0.000313,0.090909
863,characterize,1.031012,300,0.003437,0.004563,0.000312,0.090909
864,active,1.030245,300,0.003434,0.008262,0.000312,0.090909
865,universal time,1.029827,200,0.005149,0.005156,0.000312,0.060606
866,proceed,1.028672,500,0.002057,0.005166,0.000312,0.151515
867,wiggle,1.027131,600,0.001712,0.003216,0.000311,0.181818
868,derriere,1.026111,200,0.005131,0.005555,0.000311,0.060606
869,characterisation,1.025224,300,0.003417,0.004538,0.000311,0.090909
870,hind end,1.023006,200,0.005115,0.005538,0.000310,0.060606
871,empty,1.022065,300,0.003407,0.004545,0.000310,0.090909
872,time value,1.020727,200,0.005104,0.005110,0.000309,0.060606
873,scrunch,1.020641,200,0.005103,0.005525,0.000309,0.060606
874,inhibitory,1.019851,300,0.003400,0.005472,0.000309,0.090909
875,rap,1.019661,400,0.002549,0.003566,0.000309,0.121212
876,prowl,1.018978,500,0.002038,0.006786,0.000309,0.151515
877,float,1.018664,300,0.003396,0.007166,0.000309,0.090909
878,tighten,1.017886,300,0.003393,0.005462,0.000308,0.090909
879,free association,1.017182,300,0.003391,0.004982,0.000308,0.090909
880,intent,1.016942,300,0.003390,0.004079,0.000308,0.090909
881,prat,1.015927,200,0.005080,0.005500,0.000308,0.060606
882,flashy,1.013526,200,0.005068,0.008230,0.000307,0.060606
883,buns,1.013210,200,0.005066,0.005485,0.000307,0.060606
884,crouch,1.013066,200,0.005065,0.005484,0.000307,0.060606
885,prison term,1.012860,200,0.005064,0.005071,0.000307,0.060606
886,restrainer,1.012497,300,0.003375,0.005433,0.000307,0.090909
887,camp,1.011806,200,0.005059,0.008216,0.000307,0.060606
888,twist,1.011585,500,0.002023,0.006709,0.000307,0.151515
889,care,1.010728,200,0.005054,0.008282,0.000306,0.060606
890,keep note,1.009224,300,0.003364,0.004467,0.000306,0.090909
891,carom,1.006837,300,0.003356,0.005403,0.000305,0.090909
892,arse,1.006468,200,0.005032,0.005449,0.000305,0.060606
893,recite,1.006409,300,0.003355,0.005473,0.000305,0.090909
894,step,1.005623,300,0.003352,0.006977,0.000305,0.090909
895,seal,1.004502,400,0.002511,0.004357,0.000304,0.121212
896,take care,1.003632,300,0.003345,0.004915,0.000304,0.090909
897,hurdle,1.001629,300,0.003339,0.005375,0.000304,0.090909
898,refresher,1.001411,300,0.003338,0.004432,0.000303,0.090909
899,vault,1.000405,300,0.003335,0.005368,0.000303,0.090909
900,temporality,0.999225,200,0.004996,0.005003,0.000303,0.060606
901,fear,0.996450,200,0.004982,0.008447,0.000302,0.060606
902,expectant,0.995963,300,0.003320,0.004548,0.000302,0.090909
903,infinite,0.995750,300,0.003319,0.003991,0.000302,0.090909
904,ass,0.995622,200,0.004978,0.005390,0.000302,0.060606
905,pace,0.995505,300,0.003318,0.006854,0.000302,0.090909
906,repute,0.993781,400,0.002484,0.004310,0.000301,0.121212
907,rear,0.993410,200,0.004967,0.005378,0.000301,0.060606
908,profit,0.991641,300,0.003305,0.005952,0.000300,0.090909
909,constrain,0.991351,300,0.003305,0.005319,0.000300,0.090909
910,sparkle,0.990822,300,0.003303,0.006345,0.000300,0.090909
911,percher,0.990152,200,0.004951,0.005360,0.000300,0.060606
912,repurchase,0.990026,100,0.009900,0.009900,0.000300,0.030303
913,stern,0.989291,200,0.004946,0.005356,0.000300,0.060606
914,ford,0.989232,200,0.004946,0.005538,0.000300,0.060606
915,tooshie,0.987556,200,0.004938,0.005346,0.000299,0.060606
916,eau de cologne,0.986235,300,0.003287,0.004577,0.000299,0.090909
917,memorise,0.985882,300,0.003286,0.004363,0.000299,0.090909
918,pickup,0.985802,400,0.002465,0.005037,0.000299,0.121212
919,closing,0.985454,600,0.001642,0.004759,0.000299,0.181818
920,aspire,0.985080,300,0.003284,0.004299,0.000299,0.090909
921,scrunch up,0.984870,200,0.004924,0.005332,0.000298,0.060606
922,backside,0.983511,200,0.004918,0.005324,0.000298,0.060606
923,sustain,0.982672,400,0.002457,0.005272,0.000298,0.121212
924,rump,0.982504,200,0.004913,0.005319,0.000298,0.060606
925,pachouli,0.982238,300,0.003274,0.004558,0.000298,0.090909
926,characterise,0.980885,300,0.003270,0.004341,0.000297,0.090909
927,halter,0.979079,300,0.003264,0.005254,0.000297,0.090909
928,hark,0.977669,200,0.004888,0.005452,0.000296,0.060606
929,city line,0.977365,300,0.003258,0.005244,0.000296,0.090909
930,hunker down,0.977124,200,0.004886,0.005290,0.000296,0.060606
931,court,0.977123,400,0.002443,0.004238,0.000296,0.121212
932,stop,0.976621,300,0.003255,0.005333,0.000296,0.090909
933,spoil,0.975810,400,0.002440,0.006061,0.000296,0.121212
934,intentional,0.975535,200,0.004878,0.005564,0.000296,0.060606
935,quality,0.975110,300,0.003250,0.004316,0.000295,0.090909
936,lifer,0.974229,400,0.002436,0.004075,0.000295,0.121212
937,restriction,0.971212,300,0.003237,0.005211,0.000294,0.090909
938,temporalty,0.970698,200,0.004853,0.004860,0.000294,0.060606
939,stiffen,0.969860,300,0.003233,0.005204,0.000294,0.090909
940,hiss,0.968787,400,0.002422,0.004888,0.000294,0.121212
941,reseat,0.968463,200,0.004842,0.005243,0.000293,0.060606
942,eternity,0.968386,400,0.002421,0.003956,0.000293,0.121212
943,past times,0.966372,200,0.004832,0.004838,0.000293,0.060606
944,lace up,0.966367,300,0.003221,0.005185,0.000293,0.090909
945,identity,0.966029,400,0.002415,0.003414,0.000293,0.121212
946,cologne,0.965651,300,0.003219,0.004481,0.000293,0.090909
947,toilet water,0.963524,300,0.003212,0.004471,0.000292,0.090909
948,listen,0.963268,200,0.004816,0.005371,0.000292,0.060606
949,unarmed,0.963103,200,0.004816,0.005820,0.000292,0.060606
950,advertency,0.961365,200,0.004807,0.005361,0.000291,0.060606
951,redolent,0.960619,300,0.003202,0.004458,0.000291,0.090909
952,prevail,0.960380,500,0.001921,0.003118,0.000291,0.151515
953,despair,0.960095,100,0.009601,0.009601,0.000291,0.030303
954,graze,0.959948,300,0.003200,0.005707,0.000291,0.090909
955,take out,0.959300,300,0.003198,0.005233,0.000291,0.090909
956,residence time,0.959085,200,0.004795,0.004802,0.000291,0.060606
957,nude,0.958931,300,0.003196,0.007664,0.000291,0.090909
958,brine,0.958750,200,0.004794,0.004922,0.000291,0.060606
959,dismay,0.958449,100,0.009584,0.009584,0.000290,0.030303
960,dart,0.957980,600,0.001597,0.003281,0.000290,0.181818
961,weaponless,0.957793,200,0.004789,0.005788,0.000290,0.060606
962,tie up,0.956519,300,0.003188,0.005133,0.000290,0.090909
963,intention,0.956069,200,0.004780,0.005330,0.000290,0.060606
964,mete,0.953719,300,0.003179,0.005118,0.000289,0.090909
965,musk,0.953083,300,0.003177,0.004423,0.000289,0.090909
966,limitation,0.952816,300,0.003176,0.005113,0.000289,0.090909
967,attender,0.952492,200,0.004762,0.005311,0.000289,0.060606
968,hamper,0.951256,300,0.003171,0.005104,0.000288,0.090909
969,patchouli,0.951061,300,0.003170,0.004413,0.000288,0.090909
970,cumber,0.950504,300,0.003168,0.005100,0.000288,0.090909
971,bounce,0.950040,500,0.001900,0.003408,0.000288,0.151515
972,advert,0.949718,200,0.004749,0.005296,0.000288,0.060606
973,limiter,0.948895,300,0.003163,0.005092,0.000288,0.090909
974,clamp down,0.948587,300,0.003162,0.005090,0.000287,0.090909
975,futurity,0.945946,200,0.004730,0.004736,0.000287,0.060606
976,restrictive,0.945792,300,0.003153,0.005075,0.000287,0.090909
977,audible,0.944706,200,0.004724,0.005268,0.000286,0.060606
978,shape,0.944516,100,0.009445,0.009445,0.000286,0.030303
979,disarm,0.943570,200,0.004718,0.005702,0.000286,0.060606
980,life sentence,0.943386,200,0.004717,0.004723,0.000286,0.060606
981,mark off,0.943037,300,0.003143,0.005060,0.000286,0.090909
982,ascertain,0.942202,200,0.004711,0.005254,0.000286,0.060606
983,embarrassment,0.940395,400,0.002351,0.002959,0.000285,0.121212
984,skid,0.940216,500,0.001880,0.006585,0.000285,0.151515
985,trust,0.939649,200,0.004698,0.007646,0.000285,0.060606
986,limit,0.939299,300,0.003131,0.005040,0.000285,0.090909
987,daylight-savings time,0.939109,200,0.004696,0.004702,0.000285,0.060606
988,daylight saving,0.938524,200,0.004693,0.004699,0.000284,0.060606
989,draw a line,0.937191,300,0.003124,0.005029,0.000284,0.090909
990,restrict,0.937172,300,0.003124,0.005029,0.000284,0.090909
991,melt,0.937147,100,0.009371,0.009371,0.000284,0.030303
992,lace,0.936888,300,0.003123,0.005027,0.000284,0.090909
993,nowadays,0.936567,200,0.004683,0.004689,0.000284,0.060606
994,patchouly,0.936521,300,0.003122,0.004346,0.000284,0.090909
995,saltate,0.935989,500,0.001872,0.004247,0.000284,0.151515
996,conjecture,0.935598,300,0.003119,0.004582,0.000284,0.090909
997,eau de toilette,0.935283,300,0.003118,0.004340,0.000283,0.090909
998,geologic time,0.934415,200,0.004672,0.004678,0.000283,0.060606
999,ditch,0.934298,300,0.003114,0.005634,0.000283,0.090909
1000,span,0.933713,200,0.004669,0.004675,0.000283,0.060606
1001,getting,0.932941,300,0.003110,0.005493,0.000283,0.090909
1002,disgrace,0.932850,200,0.004664,0.005781,0.000283,0.060606
1003,line of thought,0.932590,300,0.003109,0.004567,0.000283,0.090909
1004,nates,0.932137,200,0.004661,0.005046,0.000282,0.060606
1005,commencement,0.931652,200,0.004658,0.004779,0.000282,0.060606
1006,continuum,0.929773,200,0.004649,0.004655,0.000282,0.060606
1007,attend,0.928652,200,0.004643,0.005178,0.000281,0.060606
1008,throttle,0.928571,300,0.003095,0.004983,0.000281,0.090909
1009,standard time,0.927955,200,0.004640,0.004646,0.000281,0.060606
1010,say,0.927380,300,0.003091,0.004993,0.000281,0.090909
1011,pounce,0.927271,500,0.001855,0.004225,0.000281,0.151515
1012,cologne water,0.927197,300,0.003091,0.004303,0.000281,0.090909
1013,keister,0.926341,200,0.004632,0.005015,0.000281,0.060606
1014,rose water,0.924642,300,0.003082,0.004291,0.000280,0.090909
1015,discovery,0.924252,400,0.002311,0.003671,0.000280,0.121212
1016,mark out,0.924111,300,0.003080,0.004959,0.000280,0.090909
1017,stymie,0.921720,200,0.004609,0.005712,0.000279,0.060606
1018,daylight savings,0.921700,200,0.004608,0.004614,0.000279,0.060606
1019,essence,0.919529,300,0.003065,0.004267,0.000279,0.090909
1020,state,0.919295,300,0.003064,0.004175,0.000279,0.090909
1021,drift,0.918217,500,0.001836,0.004967,0.000278,0.151515
1022,desperate,0.917688,100,0.009177,0.009177,0.000278,0.030303
1023,ambulate,0.917569,200,0.004588,0.005590,0.000278,0.060606
1024,tier,0.917219,300,0.003057,0.004922,0.000278,0.090909
1025,listen in,0.917022,200,0.004585,0.005114,0.000278,0.060606
1026,patent,0.914715,500,0.001829,0.002719,0.000277,0.151515
1027,get the goods,0.914051,200,0.004570,0.005097,0.000277,0.060606
1028,hearken,0.913682,200,0.004568,0.005095,0.000277,0.060606
1029,uneasy,0.913347,300,0.003044,0.004232,0.000277,0.090909
1030,iodine,0.912954,400,0.002282,0.005178,0.000277,0.121212
1031,contour,0.912893,100,0.009129,0.009129,0.000277,0.030303
1032,encumber,0.912026,300,0.003040,0.004894,0.000276,0.090909
1033,give ear,0.911852,200,0.004559,0.005085,0.000276,0.060606
1034,disarmer,0.911612,200,0.004558,0.005509,0.000276,0.060606
1035,address,0.911483,200,0.004557,0.007324,0.000276,0.060606
1036,rehear,0.911471,200,0.004557,0.005083,0.000276,0.060606
1037,district line,0.911299,300,0.003038,0.004890,0.000276,0.090909
1038,lacer,0.910842,300,0.003036,0.004887,0.000276,0.090909
1039,pull,0.909675,300,0.003032,0.005901,0.000276,0.090909
1040,attack,0.909324,200,0.004547,0.004694,0.000276,0.060606
1041,tying,0.908904,300,0.003030,0.004877,0.000275,0.090909
1042,neutralisation,0.907594,200,0.004538,0.005485,0.000275,0.060606
1043,clean,0.907494,200,0.004537,0.005484,0.000275,0.060606
1044,behind,0.906127,200,0.004531,0.004905,0.000275,0.060606
1045,buyer,0.904002,300,0.003013,0.005345,0.000274,0.090909
1046,untie,0.903416,300,0.003011,0.004848,0.000274,0.090909
1047,discomfit,0.902377,300,0.003008,0.004170,0.000273,0.090909
1048,differentiation,0.902129,300,0.003007,0.003993,0.000273,0.090909
1049,civil time,0.902106,200,0.004511,0.004516,0.000273,0.060606
1050,advertence,0.901934,200,0.004510,0.005029,0.000273,0.060606
1051,disarming,0.901459,200,0.004507,0.005448,0.000273,0.060606
1052,demilitarise,0.901448,200,0.004507,0.005448,0.000273,0.060606
1053,overhear,0.899712,200,0.004499,0.005017,0.000273,0.060606
1054,sanguine,0.899198,200,0.004496,0.004859,0.000272,0.060606
1055,world,0.898688,400,0.002247,0.003793,0.000272,0.121212
1056,bind,0.898651,300,0.002996,0.004822,0.000272,0.090909
1057,perambulate,0.897804,200,0.004489,0.005325,0.000272,0.060606
1058,hear out,0.897788,200,0.004489,0.005006,0.000272,0.060606
1059,ascertainable,0.897674,200,0.004488,0.005006,0.000272,0.060606
1060,shoulder,0.897534,300,0.002992,0.007308,0.000272,0.090909
1061,attention,0.897494,200,0.004487,0.005005,0.000272,0.060606
1062,biological time,0.896065,200,0.004480,0.004486,0.000272,0.060606
1063,cloture,0.894804,100,0.008948,0.008948,0.000271,0.030303
1064,attentive,0.894668,200,0.004473,0.004989,0.000271,0.060606
1065,pretentious,0.892412,200,0.004462,0.007246,0.000270,0.060606
1066,crescent,0.891793,100,0.008918,0.008918,0.000270,0.030303
1067,tend,0.891241,500,0.001782,0.004415,0.000270,0.151515
1068,geological time,0.890661,200,0.004453,0.004459,0.000270,0.060606
1069,get word,0.889891,200,0.004449,0.004962,0.000270,0.060606
1070,anticipative,0.889394,200,0.004447,0.004806,0.000270,0.060606
1071,barehanded,0.889016,200,0.004445,0.005372,0.000269,0.060606
1072,purchaser,0.887698,300,0.002959,0.005394,0.000269,0.090909
1073,advertent,0.887501,200,0.004438,0.004949,0.000269,0.060606
1074,surface,0.885495,500,0.001771,0.003987,0.000268,0.151515
1075,academic degree,0.885182,400,0.002213,0.003839,0.000268,0.121212
1076,launch,0.881473,300,0.002938,0.006231,0.000267,0.090909
1077,stride,0.881020,300,0.002937,0.007173,0.000267,0.090909
1078,hear,0.879793,200,0.004399,0.004906,0.000267,0.060606
1079,trip,0.879083,200,0.004395,0.005670,0.000266,0.060606
1080,hoist,0.878179,300,0.002927,0.007184,0.000266,0.090909
1081,resilient,0.878061,300,0.002927,0.004712,0.000266,0.090909
1082,discompose,0.877887,300,0.002926,0.004147,0.000266,0.090909
1083,sprawler,0.877382,200,0.004387,0.004750,0.000266,0.060606
1084,take a hop,0.876097,300,0.002920,0.004701,0.000265,0.090909
1085,can,0.876006,200,0.004380,0.004742,0.000265,0.060606
1086,gain,0.875875,500,0.001752,0.003116,0.000265,0.151515
1087,unarm,0.874438,200,0.004372,0.005284,0.000265,0.060606
1088,discover,0.874382,200,0.004372,0.004876,0.000265,0.060606
1089,tied,0.874178,300,0.002914,0.004691,0.000265,0.090909
1090,fleet,0.874145,100,0.008741,0.008741,0.000265,0.030303
1091,draw the line,0.872147,300,0.002907,0.004680,0.000264,0.090909
1092,character,0.872070,300,0.002907,0.003860,0.000264,0.090909
1093,swift,0.870709,100,0.008707,0.008707,0.000264,0.030303
1094,neutralization,0.870112,200,0.004351,0.005258,0.000264,0.060606
1095,heed,0.870037,200,0.004350,0.004852,0.000264,0.060606
1096,shuffle,0.869929,300,0.002900,0.007031,0.000264,0.090909
1097,hopefulness,0.869395,200,0.004347,0.004698,0.000263,0.060606
1098,GMT,0.868842,200,0.004344,0.004350,0.000263,0.060606
1099,shoreline,0.868660,300,0.002896,0.004661,0.000263,0.090909
1100,potpourri,0.868565,300,0.002895,0.004031,0.000263,0.090909
1101,logic,0.867394,100,0.008674,0.008674,0.000263,0.030303
1102,stamp,0.866065,300,0.002887,0.003833,0.000262,0.090909
1103,disconcert,0.865543,300,0.002885,0.003990,0.000262,0.090909
1104,strangle,0.865162,300,0.002884,0.004642,0.000262,0.090909
1105,soul,0.864470,400,0.002161,0.004074,0.000262,0.121212
1106,agile,0.863617,100,0.008636,0.008636,0.000262,0.030303
1107,destination,0.863543,200,0.004318,0.004693,0.000262,0.060606
1108,receptive,0.860378,200,0.004302,0.006530,0.000261,0.060606
1109,terminus,0.860157,400,0.002150,0.005330,0.000261,0.121212
1110,bind off,0.860139,300,0.002867,0.004615,0.000261,0.090909
1111,optimistic,0.859554,200,0.004298,0.004645,0.000260,0.060606
1112,spell,0.859261,200,0.004296,0.006905,0.000260,0.060606
1113,Greenwich Time,0.858191,200,0.004291,0.004296,0.000260,0.060606
1114,hearable,0.857964,200,0.004290,0.004784,0.000260,0.060606
1115,time to come,0.856321,200,0.004282,0.004287,0.000259,0.060606
1116,local time,0.854656,200,0.004273,0.004279,0.000259,0.060606
1117,defenceless,0.853803,200,0.004269,0.005160,0.000259,0.060606
1118,jack,0.853162,300,0.002844,0.006870,0.000259,0.090909
1119,get a line,0.852966,200,0.004265,0.004756,0.000258,0.060606
1120,scatter,0.850081,100,0.008501,0.008501,0.000258,0.030303
1121,demarcate,0.849993,300,0.002833,0.004561,0.000258,0.090909
1122,regulate,0.849905,300,0.002833,0.004560,0.000258,0.090909
1123,dim,0.849844,100,0.008498,0.008498,0.000258,0.030303
1124,upbeat,0.848682,200,0.004243,0.004586,0.000257,0.060606
1125,wannabe,0.848119,200,0.004241,0.004583,0.000257,0.060606
1126,fanny,0.847745,200,0.004239,0.004589,0.000257,0.060606
1127,bindable,0.846264,300,0.002821,0.004541,0.000256,0.090909
1128,pump,0.843639,300,0.002812,0.006836,0.000256,0.090909
1129,scare,0.843510,100,0.008435,0.008435,0.000256,0.030303
1130,perfumery,0.842892,300,0.002810,0.003911,0.000255,0.090909
1131,wannabee,0.842652,200,0.004213,0.004554,0.000255,0.060606
1132,immediate,0.842241,100,0.008422,0.008422,0.000255,0.030303
1133,UT1,0.842147,200,0.004211,0.004216,0.000255,0.060606
1134,orbit period,0.841787,200,0.004209,0.004214,0.000255,0.060606
1135,shamble,0.841744,300,0.002806,0.006814,0.000255,0.090909
1136,galumph,0.841602,300,0.002805,0.004516,0.000255,0.090909
1137,resiliency,0.841421,300,0.002805,0.004515,0.000255,0.090909
1138,fly,0.840838,300,0.002803,0.005290,0.000255,0.090909
1139,mop up,0.840644,100,0.008406,0.008406,0.000255,0.030303
1140,cause,0.840400,100,0.008404,0.008404,0.000255,0.030303
1141,menopausal,0.839924,200,0.004200,0.004205,0.000255,0.060606
1142,encourage,0.839105,200,0.004196,0.004535,0.000254,0.060606
1143,stint,0.838344,200,0.004192,0.004197,0.000254,0.060606
1144,change,0.837295,500,0.001675,0.003263,0.000254,0.151515
1145,leaping,0.836788,300,0.002789,0.004490,0.000254,0.090909
1146,stray,0.836706,400,0.002092,0.003111,0.000254,0.121212
1147,view,0.836463,200,0.004182,0.004483,0.000253,0.060606
1148,time scale,0.836414,200,0.004182,0.004187,0.000253,0.060606
1149,clocking,0.836362,200,0.004182,0.004187,0.000253,0.060606
1150,race,0.835839,600,0.001393,0.003090,0.000253,0.181818
1151,rapidness,0.834656,100,0.008347,0.008347,0.000253,0.030303
1152,nimbleness,0.834647,100,0.008346,0.008346,0.000253,0.030303
1153,harken,0.834597,200,0.004173,0.004654,0.000253,0.060606
1154,press out,0.834210,300,0.002781,0.004629,0.000253,0.090909
1155,prestissimo,0.833850,100,0.008339,0.008339,0.000253,0.030303
1156,hammerhead,0.833686,300,0.002779,0.005312,0.000253,0.090909
1157,optimist,0.833294,200,0.004166,0.004503,0.000253,0.060606
1158,stupid,0.832435,100,0.008324,0.008324,0.000252,0.030303
1159,grounds,0.831882,100,0.008319,0.008319,0.000252,0.030303
1160,straightaway,0.831734,100,0.008317,0.008317,0.000252,0.030303
1161,draft,0.831471,200,0.004157,0.004634,0.000252,0.060606
1162,hopper,0.831189,300,0.002771,0.004460,0.000252,0.090909
1163,worry,0.831114,100,0.008311,0.008311,0.000252,0.030303
1164,buoyant,0.830818,300,0.002769,0.006723,0.000252,0.090909
1165,bribe,0.830638,100,0.008306,0.008306,0.000252,0.030303
1166,crackdown,0.829242,300,0.002764,0.004450,0.000251,0.090909
1167,sorrow,0.828755,300,0.002763,0.003625,0.000251,0.090909
1168,fixation,0.827979,200,0.004140,0.004617,0.000251,0.060606
1169,periodical,0.827210,200,0.004136,0.004141,0.000251,0.060606
1170,chant,0.826202,300,0.002754,0.003772,0.000250,0.090909
1171,disquiet,0.826182,100,0.008262,0.008262,0.000250,0.030303
1172,riposte,0.825803,200,0.004129,0.005908,0.000250,0.060606
1173,retry,0.825627,200,0.004128,0.004604,0.000250,0.060606
1174,anticipant,0.825172,200,0.004126,0.004459,0.000250,0.060606
1175,bite,0.823525,300,0.002745,0.006481,0.000250,0.090909
1176,facial,0.822849,300,0.002743,0.004415,0.000249,0.090909
1177,shout,0.822513,200,0.004113,0.004830,0.000249,0.060606
1178,blowy,0.822044,200,0.004110,0.004581,0.000249,0.060606
1179,alacritous,0.821130,100,0.008211,0.008211,0.000249,0.030303
1180,encouragement,0.820549,200,0.004103,0.004434,0.000249,0.060606
1181,bullish,0.820425,200,0.004102,0.004434,0.000249,0.060606
1182,tailwind,0.819671,200,0.004098,0.004568,0.000248,0.060606
1183,strain,0.819654,200,0.004098,0.006497,0.000248,0.060606
1184,crack down,0.818326,300,0.002728,0.004391,0.000248,0.090909
1185,conceding,0.817834,200,0.004089,0.006464,0.000248,0.060606
1186,light air,0.815893,200,0.004079,0.004547,0.000247,0.060606
1187,desertion,0.815794,200,0.004079,0.006448,0.000247,0.060606
1188,gentle wind,0.815464,200,0.004077,0.004544,0.000247,0.060606
1189,presto,0.815383,100,0.008154,0.008154,0.000247,0.030303
1190,caput,0.815303,300,0.002718,0.005194,0.000247,0.090909
1191,human head,0.815280,300,0.002718,0.005194,0.000247,0.090909
1192,picnic,0.815112,300,0.002717,0.003921,0.000247,0.090909
1193,tapper,0.814935,200,0.004075,0.004544,0.000247,0.060606
1194,motor,0.814177,300,0.002714,0.004909,0.000247,0.090909
1195,blustery,0.813660,200,0.004068,0.004534,0.000247,0.060606
1196,encephalon,0.812334,300,0.002708,0.005175,0.000246,0.090909
1197,spry,0.811837,100,0.008118,0.008118,0.000246,0.030303
1198,katabatic wind,0.811713,200,0.004059,0.004523,0.000246,0.060606
1199,allegretto,0.811213,100,0.008112,0.008112,0.000246,0.030303
1200,racer,0.810599,400,0.002026,0.003617,0.000246,0.121212
1201,high-velocity,0.810378,100,0.008104,0.008104,0.000246,0.030303
1202,waive,0.807094,200,0.004035,0.006379,0.000245,0.060606
1203,defector,0.806954,200,0.004035,0.006378,0.000245,0.060606
1204,clampdown,0.806491,300,0.002688,0.004328,0.000244,0.090909
1205,scurrying,0.805794,100,0.008058,0.008058,0.000244,0.030303
1206,red-hot,0.805182,100,0.008052,0.008052,0.000244,0.030303
1207,fret,0.804760,100,0.008048,0.008048,0.000244,0.030303
1208,speedy,0.804704,100,0.008047,0.008047,0.000244,0.030303
1209,brute,0.804633,500,0.001609,0.003541,0.000244,0.151515
1210,why,0.803967,100,0.008040,0.008040,0.000244,0.030303
1211,snow eater,0.803670,200,0.004018,0.004479,0.000244,0.060606
1212,ski jumping,0.803104,300,0.002677,0.004309,0.000243,0.090909
1213,strong breeze,0.802159,200,0.004011,0.004470,0.000243,0.060606
1214,fastness,0.801954,100,0.008020,0.008020,0.000243,0.030303
1215,musical time,0.801488,200,0.004007,0.004013,0.000243,0.060606
1216,moult,0.800690,500,0.001601,0.003336,0.000243,0.151515
1217,defection,0.799976,200,0.004000,0.006323,0.000242,0.060606
1218,scavenge,0.799849,500,0.001600,0.003398,0.000242,0.151515
1219,homeothermic,0.799401,500,0.001599,0.003307,0.000242,0.151515
1220,relinquishing,0.799248,200,0.003996,0.006317,0.000242,0.060606
1221,abnegate,0.798910,200,0.003995,0.006314,0.000242,0.060606
1222,northwest wind,0.797255,200,0.003986,0.004443,0.000242,0.060606
1223,want,0.797216,300,0.002657,0.003892,0.000242,0.090909
1224,win,0.797163,400,0.001993,0.005616,0.000242,0.121212
1225,concern,0.796065,100,0.007961,0.007961,0.000241,0.030303
1226,breezy,0.795867,200,0.003979,0.004435,0.000241,0.060606
1227,rant,0.795728,200,0.003979,0.004761,0.000241,0.060606
1228,renunciant,0.795435,200,0.003977,0.006287,0.000241,0.060606
1229,demarcation,0.794816,300,0.002649,0.004265,0.000241,0.090909
1230,conclude,0.794363,200,0.003972,0.005654,0.000241,0.060606
1231,speediness,0.794084,100,0.007941,0.007941,0.000241,0.030303
1232,fohn,0.793158,200,0.003966,0.004420,0.000240,0.060606
1233,crosswind,0.792841,200,0.003964,0.004418,0.000240,0.060606
1234,bilge,0.792219,200,0.003961,0.004279,0.000240,0.060606
1235,hot,0.792077,100,0.007921,0.007921,0.000240,0.030303
1236,infinity,0.791995,200,0.003960,0.003965,0.000240,0.060606
1237,agility,0.791961,100,0.007920,0.007920,0.000240,0.030303
1238,calm air,0.791779,200,0.003959,0.004412,0.000240,0.060606
1239,pollyannaish,0.791394,200,0.003957,0.004277,0.000240,0.060606
1240,molt,0.791205,500,0.001582,0.003342,0.000240,0.151515
1241,deserter,0.790931,200,0.003955,0.006251,0.000240,0.060606
1242,sea breeze,0.790827,200,0.003954,0.004407,0.000240,0.060606
1243,winged,0.790742,100,0.007907,0.007907,0.000240,0.030303
1244,khamsin,0.790702,200,0.003954,0.004406,0.000240,0.060606
1245,walk out,0.789887,200,0.003949,0.006243,0.000239,0.060606
1246,palatal,0.789642,300,0.002632,0.004237,0.000239,0.090909
1247,moderate breeze,0.788902,200,0.003945,0.004396,0.000239,0.060606
1248,cut,0.788863,200,0.003944,0.004491,0.000239,0.060606
1249,rupture,0.787985,300,0.002627,0.006724,0.000239,0.090909
1250,appear,0.787953,600,0.001313,0.002564,0.000239,0.181818
1251,quickness,0.787946,100,0.007879,0.007879,0.000239,0.030303
1252,north wind,0.787666,200,0.003938,0.004389,0.000239,0.060606
1253,defect,0.787490,200,0.003937,0.006224,0.000239,0.060606
1254,vagabond,0.786760,300,0.002623,0.005340,0.000238,0.090909
1255,current of air,0.786613,200,0.003933,0.004384,0.000238,0.060606
1256,project,0.786143,100,0.007861,0.007861,0.000238,0.030303
1257,forgo,0.785677,200,0.003928,0.006210,0.000238,0.060606
1258,abnegator,0.784885,200,0.003924,0.006204,0.000238,0.060606
1259,homothermic,0.784438,500,0.001569,0.003430,0.000238,0.151515
1260,monologuize,0.783749,400,0.001959,0.003191,0.000237,0.121212
1261,southwesterly,0.783658,200,0.003918,0.004367,0.000237,0.060606
1262,high-speed,0.782755,100,0.007828,0.007828,0.000237,0.030303
1263,snarl,0.782042,200,0.003910,0.004455,0.000237,0.060606
1264,caper,0.781782,300,0.002606,0.004195,0.000237,0.090909
1265,catabatic wind,0.781319,200,0.003907,0.004354,0.000237,0.060606
1266,strand,0.781181,200,0.003906,0.006174,0.000237,0.060606
1267,prate,0.780637,200,0.003903,0.004698,0.000237,0.060606
1268,leaven,0.780585,300,0.002602,0.006488,0.000237,0.090909
1269,bare,0.780143,100,0.007801,0.007801,0.000236,0.030303
1270,reflect,0.779567,500,0.001559,0.002438,0.000236,0.151515
1271,fuss,0.779469,100,0.007795,0.007795,0.000236,0.030303
1272,pay heed,0.779276,200,0.003896,0.004345,0.000236,0.060606
1273,eonian,0.777344,200,0.003887,0.003892,0.000236,0.060606
1274,pronk,0.777278,300,0.002591,0.004171,0.000236,0.090909
1275,round,0.777005,300,0.002590,0.004943,0.000235,0.090909
1276,stammer,0.776506,200,0.003883,0.004822,0.000235,0.060606
1277,light breeze,0.776255,200,0.003881,0.004326,0.000235,0.060606
1278,roar,0.774434,300,0.002581,0.004373,0.000235,0.090909
1279,gusty,0.772877,200,0.003864,0.004307,0.000234,0.060606
1280,relinquish,0.772856,200,0.003864,0.006109,0.000234,0.060606
1281,easy,0.771793,100,0.007718,0.007718,0.000234,0.030303
1282,burst,0.771651,300,0.002572,0.004141,0.000234,0.090909
1283,pipework,0.771535,200,0.003858,0.004300,0.000234,0.060606
1284,noddle,0.770925,300,0.002570,0.004912,0.000234,0.090909
1285,puff of air,0.770739,200,0.003854,0.004295,0.000234,0.060606
1286,senseless,0.770657,200,0.003853,0.004154,0.000234,0.060606
1287,sou'easter,0.770453,200,0.003852,0.004293,0.000233,0.060606
1288,timer,0.769522,200,0.003848,0.003853,0.000233,0.060606
1289,double-quick,0.769103,100,0.007691,0.007691,0.000233,0.030303
1290,souther,0.768594,200,0.003843,0.004283,0.000233,0.060606
1291,simoom,0.767982,200,0.003840,0.004280,0.000233,0.060606
1292,check,0.767879,300,0.002560,0.003024,0.000233,0.090909
1293,zephyr,0.767058,200,0.003835,0.004275,0.000232,0.060606
1294,wherefore,0.766651,100,0.007667,0.007667,0.000232,0.030303
1295,snivel,0.766481,200,0.003832,0.004384,0.000232,0.060606
1296,regrow,0.766418,300,0.002555,0.003950,0.000232,0.090909
1297,rational,0.766183,100,0.007662,0.007662,0.000232,0.030303
1298,seamless,0.766085,100,0.007661,0.007661,0.000232,0.030303
1299,airstream,0.764209,200,0.003821,0.004259,0.000232,0.060606
1300,subscriber,0.763279,300,0.002544,0.004453,0.000231,0.090909
1301,throw overboard,0.762955,200,0.003815,0.006030,0.000231,0.060606
1302,keep,0.762363,300,0.002541,0.003202,0.000231,0.090909
1303,open,0.762105,500,0.001524,0.004164,0.000231,0.151515
1304,vivace,0.761673,100,0.007617,0.007617,0.000231,0.030303
1305,fresh breeze,0.761014,200,0.003805,0.004241,0.000231,0.060606
1306,work up,0.760666,300,0.002536,0.004322,0.000231,0.090909
1307,prattle,0.760172,200,0.003801,0.004571,0.000230,0.060606
1308,east wind,0.759624,200,0.003798,0.004233,0.000230,0.060606
1309,gentle breeze,0.759367,200,0.003797,0.004232,0.000230,0.060606
1310,captive,0.758478,500,0.001517,0.003095,0.000230,0.151515
1311,simple absence,0.758463,300,0.002528,0.003632,0.000230,0.090909
1312,draughty,0.758334,200,0.003792,0.004226,0.000230,0.060606
1313,go through,0.758260,300,0.002528,0.005461,0.000230,0.090909
1314,easter,0.757867,200,0.003789,0.004223,0.000230,0.060606
1315,conclusion,0.757804,200,0.003789,0.005279,0.000230,0.060606
1316,wester,0.757731,200,0.003789,0.004223,0.000230,0.060606
1317,accelerated,0.756781,100,0.007568,0.007568,0.000229,0.030303
1318,foreswear,0.754416,200,0.003772,0.005963,0.000229,0.060606
1319,nimble,0.754319,100,0.007543,0.007543,0.000229,0.030303
1320,moonlight,0.754275,100,0.007543,0.007543,0.000229,0.030303
1321,forego,0.754235,200,0.003771,0.005961,0.000229,0.060606
1322,south wind,0.752969,200,0.003765,0.004196,0.000228,0.060606
1323,southeaster,0.752571,200,0.003763,0.004194,0.000228,0.060606
1324,creaseless,0.752113,100,0.007521,0.007521,0.000228,0.030303
1325,animal,0.751507,500,0.001503,0.003134,0.000228,0.151515
1326,chinook wind,0.751252,200,0.003756,0.004186,0.000228,0.060606
1327,chinook,0.750452,200,0.003752,0.004182,0.000227,0.060606
1328,young,0.750178,400,0.001875,0.003373,0.000227,0.121212
1329,gabble,0.749596,200,0.003748,0.004265,0.000227,0.060606
1330,bipedal,0.749356,500,0.001499,0.003374,0.000227,0.151515
1331,adulthood,0.748295,500,0.001497,0.003093,0.000227,0.151515
1332,mutter,0.748204,200,0.003741,0.004010,0.000227,0.060606
1333,renounce,0.747808,200,0.003739,0.005911,0.000227,0.060606
1334,unlined,0.747462,100,0.007475,0.007475,0.000227,0.030303
1335,poikilothermous,0.746888,500,0.001494,0.003453,0.000226,0.151515
1336,soliloquy,0.746425,400,0.001866,0.003137,0.000226,0.121212
1337,falter,0.745450,200,0.003727,0.004462,0.000226,0.060606
1338,panic,0.745352,100,0.007454,0.007454,0.000226,0.030303
1339,uncreased,0.745158,100,0.007452,0.007452,0.000226,0.030303
1340,velvet,0.745090,100,0.007451,0.007451,0.000226,0.030303
1341,forsake,0.744773,200,0.003724,0.005887,0.000226,0.060606
1342,rapid,0.743658,100,0.007437,0.007437,0.000225,0.030303
1343,account,0.743636,300,0.002479,0.005673,0.000225,0.090909
1344,sou'wester,0.743071,200,0.003715,0.004141,0.000225,0.060606
1345,satin,0.742515,100,0.007425,0.007425,0.000225,0.030303
1346,brass,0.742498,200,0.003712,0.004138,0.000225,0.060606
1347,boreas,0.742479,200,0.003712,0.004138,0.000225,0.060606
1348,acquire,0.742207,300,0.002474,0.005391,0.000225,0.090909
1349,eavesdropper,0.742072,200,0.003710,0.004138,0.000225,0.060606
1350,chordate,0.741635,500,0.001483,0.003182,0.000225,0.151515
1351,sprouting,0.741131,300,0.002470,0.004170,0.000225,0.090909
1352,renunciation,0.740783,200,0.003704,0.005855,0.000224,0.060606
1353,soliloquize,0.740762,400,0.001852,0.003257,0.000224,0.121212
1354,slickness,0.740199,100,0.007402,0.007402,0.000224,0.030303
1355,chuck,0.739886,200,0.003699,0.005848,0.000224,0.060606
1356,teething,0.739626,300,0.002465,0.003834,0.000224,0.090909
1357,jabber,0.739290,200,0.003696,0.004199,0.000224,0.060606
1358,silken,0.738569,100,0.007386,0.007386,0.000224,0.030303
1359,dispense with,0.738520,200,0.003693,0.005837,0.000224,0.060606
1360,hop-skip,0.738430,300,0.002461,0.003962,0.000224,0.090909
1361,exhibit,0.737716,400,0.001844,0.002927,0.000224,0.121212
1362,deregulating,0.737447,100,0.007374,0.007374,0.000223,0.030303
1363,embryonic,0.737435,500,0.001475,0.003161,0.000223,0.151515
1364,pupa,0.736580,300,0.002455,0.004168,0.000223,0.090909
1365,void,0.736162,100,0.007362,0.007362,0.000223,0.030303
1366,trumpet,0.735615,200,0.003678,0.004099,0.000223,0.060606
1367,easterly,0.735284,200,0.003676,0.004097,0.000223,0.060606
1368,larval,0.734537,500,0.001469,0.003044,0.000223,0.151515
1369,stoker,0.733883,300,0.002446,0.004676,0.000222,0.090909
1370,headwind,0.733090,200,0.003665,0.004085,0.000222,0.060606
1371,whisper,0.732962,200,0.003665,0.004089,0.000222,0.060606
1372,forsaking,0.732808,200,0.003664,0.005792,0.000222,0.060606
1373,eavesdrop,0.731931,200,0.003660,0.004081,0.000222,0.060606
1374,driving,0.731232,300,0.002437,0.005663,0.000222,0.090909
1375,planation,0.731150,100,0.007311,0.007311,0.000222,0.030303
1376,reedy,0.731054,200,0.003655,0.004074,0.000222,0.060606
1377,bull,0.730766,100,0.007308,0.007308,0.000221,0.030303
1378,romance,0.730752,200,0.003654,0.004469,0.000221,0.060606
1379,meteoric,0.730248,100,0.007302,0.007302,0.000221,0.030303
1380,mouth,0.730204,200,0.003651,0.004051,0.000221,0.060606
1381,gigantic,0.729382,500,0.001459,0.003228,0.000221,0.151515
1382,buyback,0.729180,300,0.002431,0.004406,0.000221,0.090909
1383,northwester,0.729114,200,0.003646,0.004063,0.000221,0.060606
1384,smoother,0.728578,100,0.007286,0.007286,0.000221,0.030303
1385,plunge,0.728532,300,0.002428,0.005895,0.000221,0.090909
1386,enlightened,0.728487,100,0.007285,0.007285,0.000221,0.030303
1387,fine-textured,0.728164,100,0.007282,0.007282,0.000221,0.030303
1388,mumble,0.727983,200,0.003640,0.004057,0.000221,0.060606
1389,traversal,0.727936,300,0.002426,0.005753,0.000221,0.090909
1390,subclinical absence,0.727808,300,0.002426,0.003485,0.000221,0.090909
1391,simoon,0.727383,200,0.003637,0.004053,0.000220,0.060606
1392,wind instrument,0.726402,200,0.003632,0.004048,0.000220,0.060606
1393,closure,0.726263,300,0.002421,0.005521,0.000220,0.090909
1394,organ pipe,0.726097,200,0.003630,0.004046,0.000220,0.060606
1395,club head,0.725956,300,0.002420,0.004625,0.000220,0.090909
1396,sacrifice,0.725672,100,0.007257,0.007257,0.000220,0.030303
1397,transit,0.725529,300,0.002418,0.005733,0.000220,0.090909
1398,pass,0.724763,400,0.001812,0.003268,0.000220,0.121212
1399,concede,0.724199,200,0.003621,0.005724,0.000219,0.060606
1400,wood,0.723664,200,0.003618,0.004033,0.000219,0.060606
1401,starry-eyed,0.723188,200,0.003616,0.003908,0.000219,0.060606
1402,whine,0.723167,400,0.001808,0.003311,0.000219,0.121212
1403,southwester,0.722917,200,0.003615,0.004029,0.000219,0.060606
1404,puffy,0.722772,200,0.003614,0.004028,0.000219,0.060606
1405,find out,0.721871,200,0.003609,0.004025,0.000219,0.060606
1406,blast,0.721390,200,0.003607,0.004020,0.000219,0.060606
1407,absentmindedness,0.721310,300,0.002404,0.003454,0.000219,0.090909
1408,velvet-textured,0.721198,100,0.007212,0.007212,0.000219,0.030303
1409,bounder,0.721077,300,0.002404,0.003869,0.000219,0.090909
1410,yield,0.720560,500,0.001441,0.003329,0.000218,0.151515
1411,plant,0.719772,300,0.002399,0.003413,0.000218,0.090909
1412,crossing,0.719683,300,0.002399,0.005588,0.000218,0.090909
1413,beastly,0.718564,500,0.001437,0.003166,0.000218,0.151515
1414,file,0.718478,100,0.007185,0.007185,0.000218,0.030303
1415,child's play,0.718441,200,0.003592,0.004004,0.000218,0.060606
1416,norther,0.718158,200,0.003591,0.004002,0.000218,0.060606
1417,smoothness,0.717258,100,0.007173,0.007173,0.000217,0.030303
1418,irrational,0.717026,100,0.007170,0.007170,0.000217,0.030303
1419,harmattan,0.716572,200,0.003583,0.003993,0.000217,0.060606
1420,ocarina,0.716501,200,0.003583,0.003993,0.000217,0.060606
1421,sorrowful,0.716381,300,0.002388,0.003651,0.000217,0.090909
1422,glassy,0.715969,100,0.007160,0.007160,0.000217,0.030303
1423,slick,0.715927,100,0.007159,0.007159,0.000217,0.030303
1424,blessed,0.715665,200,0.003578,0.004436,0.000217,0.060606
1425,velvety,0.714952,100,0.007150,0.007150,0.000217,0.030303
1426,animalise,0.714712,500,0.001429,0.002987,0.000217,0.151515
1427,smooth-textured,0.714628,100,0.007146,0.007146,0.000217,0.030303
1428,clubhead,0.714215,300,0.002381,0.004550,0.000216,0.090909
1429,drafty,0.712069,200,0.003560,0.003968,0.000216,0.060606
1430,heading,0.711926,300,0.002373,0.005473,0.000216,0.090909
1431,demonstrative,0.711837,400,0.001780,0.002825,0.000216,0.121212
1432,bestial,0.711828,500,0.001424,0.002988,0.000216,0.151515
1433,allegro,0.710555,100,0.007106,0.007106,0.000215,0.030303
1434,smoothen,0.710438,100,0.007104,0.007104,0.000215,0.030303
1435,aeonian,0.710404,200,0.003552,0.003557,0.000215,0.060606
1436,southeasterly,0.710350,200,0.003552,0.003959,0.000215,0.060606
1437,brass instrument,0.709703,200,0.003549,0.003955,0.000215,0.060606
1438,flight,0.709637,300,0.002365,0.005605,0.000215,0.090909
1439,murmur,0.709618,200,0.003548,0.003936,0.000215,0.060606
1440,free-reed instrument,0.709415,200,0.003547,0.003953,0.000215,0.060606
1441,silkiness,0.709359,100,0.007094,0.007094,0.000215,0.030303
1442,roving,0.708759,300,0.002363,0.005588,0.000215,0.090909
1443,show,0.708674,400,0.001772,0.002812,0.000215,0.121212
1444,embryonal,0.708130,500,0.001416,0.002980,0.000215,0.151515
1445,Santa Ana,0.706950,200,0.003535,0.003940,0.000214,0.060606
1446,plainness,0.706776,400,0.001767,0.002804,0.000214,0.121212
1447,bum,0.706695,200,0.003533,0.006137,0.000214,0.060606
1448,puff,0.706473,200,0.003532,0.003937,0.000214,0.060606
1449,gather up,0.705922,300,0.002353,0.003575,0.000214,0.090909
1450,doddle,0.705312,200,0.003527,0.003930,0.000214,0.060606
1451,apparent,0.704809,600,0.001175,0.002125,0.000214,0.181818
1452,silky,0.704705,100,0.007047,0.007047,0.000214,0.030303
1453,silk,0.704044,100,0.007040,0.007040,0.000213,0.030303
1454,horripilate,0.703927,200,0.003520,0.004860,0.000213,0.060606
1455,work,0.703692,300,0.002346,0.005409,0.000213,0.090909
1456,desolation,0.703550,200,0.003518,0.005561,0.000213,0.060606
1457,trace,0.703085,300,0.002344,0.005739,0.000213,0.090909
1458,sleek,0.702947,100,0.007029,0.007029,0.000213,0.030303
1459,absurd,0.702670,200,0.003513,0.003903,0.000213,0.060606
1460,planer,0.702566,100,0.007026,0.007026,0.000213,0.030303
1461,awol,0.702289,300,0.002341,0.003363,0.000213,0.090909
1462,sad,0.702183,300,0.002341,0.003532,0.000213,0.090909
1463,rent,0.700840,200,0.003504,0.006086,0.000212,0.060606
1464,go forward,0.700838,300,0.002336,0.005364,0.000212,0.090909
1465,rapturous,0.700117,200,0.003501,0.004340,0.000212,0.060606
1466,position,0.699860,300,0.002333,0.003941,0.000212,0.090909
1467,score,0.699227,100,0.006992,0.006992,0.000212,0.030303
1468,move around,0.699111,300,0.002330,0.005448,0.000212,0.090909
1469,traveller,0.698933,300,0.002330,0.005496,0.000212,0.090909
1470,sander,0.698777,100,0.006988,0.006988,0.000212,0.030303
1471,silklike,0.698549,100,0.006985,0.006985,0.000212,0.030303
1472,plod,0.698508,100,0.006985,0.006985,0.000212,0.030303
1473,purebred,0.698024,500,0.001396,0.003144,0.000212,0.151515
1474,terminative,0.697859,300,0.002326,0.005377,0.000211,0.090909
1475,sufferer,0.697806,300,0.002326,0.005424,0.000211,0.090909
1476,ending,0.697751,300,0.002326,0.004975,0.000211,0.090909
1477,even-textured,0.695830,100,0.006958,0.006958,0.000211,0.030303
1478,inattentive,0.695486,300,0.002318,0.003330,0.000211,0.090909
1479,itinerant,0.694803,300,0.002316,0.005680,0.000211,0.090909
1480,gust,0.694421,200,0.003472,0.003870,0.000210,0.060606
1481,carry,0.694283,300,0.002314,0.003120,0.000210,0.090909
1482,scruple,0.693849,100,0.006938,0.006938,0.000210,0.030303
1483,share,0.693829,200,0.003469,0.006025,0.000210,0.060606
1484,feeder,0.693192,400,0.001733,0.003034,0.000210,0.121212
1485,county line,0.692792,300,0.002309,0.003717,0.000210,0.090909
1486,sail,0.692379,300,0.002308,0.005328,0.000210,0.090909
1487,takeover,0.692368,300,0.002308,0.004004,0.000210,0.090909
1488,gratification,0.692224,200,0.003461,0.004291,0.000210,0.060606
1489,monsoon,0.692217,200,0.003461,0.003857,0.000210,0.060606
1490,absence seizure,0.691726,300,0.002306,0.003312,0.000210,0.090909
1491,suspect,0.690597,300,0.002302,0.005592,0.000209,0.090909
1492,absentminded,0.690538,300,0.002302,0.003306,0.000209,0.090909
1493,cornetist,0.689881,200,0.003449,0.003844,0.000209,0.060606
1494,ecstasy,0.688710,200,0.003444,0.004269,0.000209,0.060606
1495,cabaret,0.688494,400,0.001721,0.002732,0.000209,0.121212
1496,apparentness,0.688223,400,0.001721,0.002731,0.000209,0.121212
1497,leafage,0.688079,300,0.002294,0.003588,0.000209,0.090909
1498,manifestation,0.686554,400,0.001716,0.002724,0.000208,0.121212
1499,embryotic,0.686478,500,0.001373,0.002850,0.000208,0.151515
1500,rove,0.685231,300,0.002284,0.005426,0.000208,0.090909
1501,jerk,0.684649,300,0.002282,0.003838,0.000207,0.090909
1502,blusterous,0.682930,200,0.003415,0.003806,0.000207,0.060606
1503,hop,0.682841,300,0.002276,0.003664,0.000207,0.090909
1504,satiny,0.681260,100,0.006813,0.006813,0.000206,0.030303
1505,hemorrhage,0.680453,100,0.006805,0.006805,0.000206,0.030303
1506,happiness,0.679993,200,0.003400,0.004215,0.000206,0.060606
1507,pennant,0.679954,400,0.001700,0.002949,0.000206,0.121212
1508,flutist,0.679572,200,0.003398,0.003787,0.000206,0.060606
1509,instant,0.678091,100,0.006781,0.006781,0.000205,0.030303
1510,abandonment,0.678060,200,0.003390,0.005359,0.000205,0.060606
1511,presentment,0.677928,400,0.001695,0.002690,0.000205,0.121212
1512,spiritize,0.676089,200,0.003380,0.004191,0.000205,0.060606
1513,felicity,0.675594,200,0.003378,0.004188,0.000205,0.060606
1514,gash,0.675417,100,0.006754,0.006754,0.000205,0.030303
1515,patency,0.674767,400,0.001687,0.002677,0.000204,0.121212
1516,lower,0.673205,300,0.002244,0.003402,0.000204,0.090909
1517,wolf,0.672918,400,0.001682,0.003470,0.000204,0.121212
1518,sleekness,0.672868,100,0.006729,0.006729,0.000204,0.030303
1519,sand,0.672847,100,0.006728,0.006728,0.000204,0.030303
1520,baffle,0.672488,300,0.002242,0.003608,0.000204,0.090909
1521,deficit,0.672034,200,0.003360,0.004439,0.000204,0.060606
1522,intuitive feeling,0.671858,100,0.006719,0.006719,0.000204,0.030303
1523,sensual,0.669609,400,0.001674,0.002823,0.000203,0.121212
1524,wound,0.669591,100,0.006696,0.006696,0.000203,0.030303
1525,whistle,0.668342,200,0.003342,0.003724,0.000203,0.060606
1526,ecstatic,0.667375,200,0.003337,0.004137,0.000202,0.060606
1527,slant,0.667120,100,0.006671,0.006671,0.000202,0.030303
1528,parade,0.666832,400,0.001667,0.002646,0.000202,0.121212
1529,cinch,0.666505,200,0.003333,0.003714,0.000202,0.060606
1530,consign,0.665945,200,0.003330,0.005264,0.000202,0.060606
1531,apparency,0.665658,400,0.001664,0.002641,0.000202,0.121212
1532,omnivore,0.664974,300,0.002217,0.003735,0.000202,0.090909
1533,flowing,0.664393,100,0.006644,0.006644,0.000201,0.030303
1534,sting,0.664331,100,0.006643,0.006643,0.000201,0.030303
1535,curvet,0.664233,300,0.002214,0.003564,0.000201,0.090909
1536,immediacy,0.664040,100,0.006640,0.006640,0.000201,0.030303
1537,happy,0.663897,200,0.003319,0.004115,0.000201,0.060606
1538,light-duty,0.663886,100,0.006639,0.006639,0.000201,0.030303
1539,immediate apprehension,0.663141,100,0.006631,0.006631,0.000201,0.030303
1540,intuition,0.662633,100,0.006626,0.006626,0.000201,0.030303
1541,wander,0.662092,300,0.002207,0.005442,0.000201,0.090909
1542,endure,0.661797,300,0.002206,0.003506,0.000201,0.090909
1543,turn,0.661666,300,0.002206,0.002943,0.000201,0.090909
1544,attestation,0.661133,400,0.001653,0.002623,0.000200,0.121212
1545,dog show,0.660333,400,0.001651,0.002620,0.000200,0.121212
1546,surrenderer,0.660330,200,0.003302,0.005219,0.000200,0.060606
1547,sprain,0.660227,100,0.006602,0.006602,0.000200,0.030303
1548,equinoctial,0.660051,200,0.003300,0.003304,0.000200,0.060606
1549,abstracted,0.659859,300,0.002200,0.003160,0.000200,0.090909
1550,westerly,0.659597,200,0.003298,0.003676,0.000200,0.060606
1551,replete,0.659054,100,0.006591,0.006591,0.000200,0.030303
1552,go away,0.658840,200,0.003294,0.004989,0.000200,0.060606
1553,scratch,0.658521,100,0.006585,0.006585,0.000200,0.030303
1554,heliopause,0.657783,300,0.002193,0.003530,0.000199,0.090909
1555,low-density,0.657165,100,0.006572,0.006572,0.000199,0.030303
1556,demonstration,0.656942,400,0.001642,0.002607,0.000199,0.121212
1557,bean,0.656889,300,0.002190,0.004185,0.000199,0.090909
1558,discourse,0.656431,300,0.002188,0.004043,0.000199,0.090909
1559,lightness,0.655432,100,0.006554,0.006554,0.000199,0.030303
1560,pure absence,0.654649,300,0.002182,0.003135,0.000198,0.090909
1561,abstractedness,0.654527,300,0.002182,0.003134,0.000198,0.090909
1562,vitality,0.654147,100,0.006541,0.006541,0.000198,0.030303
1563,suffer,0.653945,300,0.002180,0.004423,0.000198,0.090909
1564,attest,0.653563,400,0.001634,0.002593,0.000198,0.121212
1565,invite,0.653113,100,0.006531,0.006531,0.000198,0.030303
1566,pain,0.653083,100,0.006531,0.006531,0.000198,0.030303
1567,rosy,0.652772,200,0.003264,0.003528,0.000198,0.060606
1568,intuit,0.652681,100,0.006527,0.006527,0.000198,0.030303
1569,straight,0.652269,300,0.002174,0.004695,0.000198,0.090909
1570,lead off,0.651727,100,0.006517,0.006517,0.000197,0.030303
1571,slice,0.651726,100,0.006517,0.006517,0.000197,0.030303
1572,wandering,0.651300,300,0.002171,0.005150,0.000197,0.090909
1573,be,0.651036,300,0.002170,0.003414,0.000197,0.090909
1574,weightless,0.650837,100,0.006508,0.006508,0.000197,0.030303
1575,persistent,0.650432,300,0.002168,0.003541,0.000197,0.090909
1576,streamlined,0.650091,100,0.006501,0.006501,0.000197,0.030303
1577,truant,0.649706,300,0.002166,0.003111,0.000197,0.090909
1578,post horn,0.649574,200,0.003248,0.003620,0.000197,0.060606
1579,paw,0.648553,100,0.006486,0.006486,0.000197,0.030303
1580,absorb,0.648250,100,0.006483,0.006483,0.000196,0.030303
1581,scrape,0.648055,100,0.006481,0.006481,0.000196,0.030303
1582,let,0.647936,100,0.006479,0.006479,0.000196,0.030303
1583,raree-show,0.647853,400,0.001620,0.002571,0.000196,0.121212
1584,burn,0.647562,100,0.006476,0.006476,0.000196,0.030303
1585,felicitous,0.646100,200,0.003231,0.004005,0.000196,0.060606
1586,satisfaction,0.645515,200,0.003228,0.004002,0.000196,0.060606
1587,trombonist,0.644606,200,0.003223,0.003592,0.000195,0.060606
1588,unhappiness,0.644211,200,0.003221,0.003993,0.000195,0.060606
1589,vigorous,0.643607,100,0.006436,0.006436,0.000195,0.030303
1590,squally,0.642645,200,0.003213,0.003581,0.000195,0.060606
1591,annals,0.642565,100,0.006426,0.006426,0.000195,0.030303
1592,Gnostic,0.642535,100,0.006425,0.006425,0.000195,0.030303
1593,remain,0.642171,300,0.002141,0.003326,0.000195,0.090909
1594,absence,0.641090,300,0.002137,0.003070,0.000194,0.090909
1595,abandon,0.641076,200,0.003205,0.005067,0.000194,0.060606
1596,Greenwich Mean Time,0.641025,200,0.003205,0.003209,0.000194,0.060606
1597,prevailing wind,0.640510,200,0.003203,0.003569,0.000194,0.060606
1598,judgment,0.639824,200,0.003199,0.004527,0.000194,0.060606
1599,welt,0.639747,100,0.006397,0.006397,0.000194,0.030303
1600,vital force,0.639523,100,0.006395,0.006395,0.000194,0.030303
1601,rapture,0.638881,200,0.003194,0.003960,0.000194,0.060606
1602,blistering,0.638477,100,0.006385,0.006385,0.000193,0.030303
1603,starter,0.638412,100,0.006384,0.006384,0.000193,0.030303
1604,golf-club head,0.638090,300,0.002127,0.004065,0.000193,0.090909
1605,apprenticeship,0.638038,100,0.006380,0.006380,0.000193,0.030303
1606,traveler,0.638022,300,0.002127,0.004909,0.000193,0.090909
1607,sideshow,0.638016,400,0.001595,0.002532,0.000193,0.121212
1608,woodwind instrument,0.637659,200,0.003188,0.003553,0.000193,0.060606
1609,invitation,0.637548,100,0.006375,0.006375,0.000193,0.030303
1610,unhappy,0.637384,200,0.003187,0.003951,0.000193,0.060606
1611,heartiness,0.636268,100,0.006363,0.006363,0.000193,0.030303
1612,flavour,0.636199,200,0.003181,0.003944,0.000193,0.060606
1613,pipe organ,0.635359,200,0.003177,0.003541,0.000193,0.060606
1614,jump-start,0.634713,100,0.006347,0.006347,0.000192,0.030303
1615,spiel,0.634665,200,0.003173,0.004715,0.000192,0.060606
1616,slash,0.634331,100,0.006343,0.006343,0.000192,0.030303
1617,full,0.634165,100,0.006342,0.006342,0.000192,0.030303
1618,life,0.633492,300,0.002112,0.004497,0.000192,0.090909
1619,discombobulate,0.633183,400,0.001583,0.002927,0.000192,0.121212
1620,roughen,0.632902,100,0.006329,0.006329,0.000192,0.030303
1621,rapidity,0.632421,100,0.006324,0.006324,0.000192,0.030303
1622,march,0.632150,100,0.006321,0.006321,0.000192,0.030303
1623,range,0.631312,300,0.002104,0.002917,0.000191,0.090909
1624,critter,0.630410,300,0.002101,0.003541,0.000191,0.090909
1625,kneel,0.630261,400,0.001576,0.001726,0.000191,0.121212
1626,heart,0.629606,100,0.006296,0.006296,0.000191,0.030303
1627,Here,0.629479,200,0.003147,0.004158,0.000191,0.060606
1628,vagabondage,0.628764,300,0.002096,0.005092,0.000191,0.090909
1629,exaltation,0.628387,200,0.003142,0.003895,0.000190,0.060606
1630,vigor,0.628315,100,0.006283,0.006283,0.000190,0.030303
1631,physical,0.628040,300,0.002093,0.003528,0.000190,0.090909
1632,sixth sense,0.628000,100,0.006280,0.006280,0.000190,0.030303
1633,culminate,0.627714,200,0.003139,0.004893,0.000190,0.060606
1634,abidance,0.627636,300,0.002092,0.003395,0.000190,0.090909
1635,slouch,0.627420,500,0.001255,0.002947,0.000190,0.151515
1636,shortage,0.626580,200,0.003133,0.004139,0.000190,0.060606
1637,vigour,0.625902,100,0.006259,0.006259,0.000190,0.030303
1638,bore,0.625891,300,0.002086,0.003516,0.000190,0.090909
1639,aerodynamic,0.625855,100,0.006259,0.006259,0.000190,0.030303
1640,scavenger,0.625830,300,0.002086,0.003515,0.000190,0.090909
1641,thick,0.625459,200,0.003127,0.004036,0.000190,0.060606
1642,hard time,0.625303,200,0.003127,0.003131,0.000189,0.060606
1643,mutate,0.624911,500,0.001250,0.002605,0.000189,0.151515
1644,intermezzo,0.624710,400,0.001562,0.002479,0.000189,0.121212
1645,jumpstart,0.624658,100,0.006247,0.006247,0.000189,0.030303
1646,fusible,0.624496,200,0.003122,0.004225,0.000189,0.060606
1647,rational number,0.624434,100,0.006244,0.006244,0.000189,0.030303
1648,wild,0.623660,400,0.001559,0.003042,0.000189,0.121212
1649,floaty,0.623415,100,0.006234,0.006234,0.000189,0.030303
1650,vertebrate,0.623145,300,0.002077,0.003500,0.000189,0.090909
1651,word sense,0.623095,100,0.006231,0.006231,0.000189,0.030303
1652,horseshow,0.622752,400,0.001557,0.002471,0.000189,0.121212
1653,opener,0.622750,100,0.006228,0.006228,0.000189,0.030303
1654,sense of direction,0.622605,100,0.006226,0.006226,0.000189,0.030303
1655,exalt,0.621358,200,0.003107,0.003852,0.000188,0.060606
1656,get cracking,0.620996,100,0.006210,0.006210,0.000188,0.030303
1657,jumping,0.620906,300,0.002070,0.003332,0.000188,0.090909
1658,dynamism,0.620401,100,0.006204,0.006204,0.000188,0.030303
1659,balance,0.620334,300,0.002068,0.004305,0.000188,0.090909
1660,diehard,0.620289,300,0.002068,0.003067,0.000188,0.090909
1661,profile,0.620280,100,0.006203,0.006203,0.000188,0.030303
1662,gratify,0.620230,200,0.003101,0.003845,0.000188,0.060606
1663,retort,0.619927,100,0.006199,0.006199,0.000188,0.030303
1664,ancient history,0.619621,100,0.006196,0.006196,0.000188,0.030303
1665,emotional state,0.619078,200,0.003095,0.003838,0.000188,0.060606
1666,organist,0.618978,200,0.003095,0.003449,0.000188,0.060606
1667,migrate,0.618723,500,0.001237,0.003011,0.000187,0.151515
1668,jump off,0.618484,100,0.006185,0.006185,0.000187,0.030303
1669,conjugate,0.618112,100,0.006181,0.006181,0.000187,0.030303
1670,vocalize,0.617425,400,0.001544,0.002307,0.000187,0.121212
1671,energize,0.617222,100,0.006172,0.006172,0.000187,0.030303
1672,horripilation,0.617118,100,0.006171,0.006171,0.000187,0.030303
1673,shadow,0.616893,500,0.001234,0.003786,0.000187,0.151515
1674,homotherm,0.616544,300,0.002055,0.003463,0.000187,0.090909
1675,pet,0.616376,300,0.002055,0.003462,0.000187,0.090909
1676,energy level,0.616274,100,0.006163,0.006163,0.000187,0.030303
1677,woodwind,0.616106,200,0.003081,0.003433,0.000187,0.060606
1678,sea creature,0.615994,300,0.002053,0.003460,0.000187,0.090909
1679,flavor,0.615962,200,0.003080,0.003818,0.000187,0.060606
1680,insight,0.615673,100,0.006157,0.006157,0.000187,0.030303
1681,signified,0.614716,100,0.006147,0.006147,0.000186,0.030303
1682,carry on,0.614534,300,0.002048,0.003536,0.000186,0.090909
1683,varment,0.614404,300,0.002048,0.003451,0.000186,0.090909
1684,letter,0.613808,300,0.002046,0.002860,0.000186,0.090909
1685,flautist,0.613466,200,0.003067,0.003419,0.000186,0.060606
1686,tiro,0.613164,100,0.006132,0.006132,0.000186,0.030303
1687,odourless,0.612419,100,0.006124,0.006124,0.000186,0.030303
1688,wrench,0.612263,100,0.006123,0.006123,0.000186,0.030303
1689,stayer,0.611209,300,0.002037,0.003433,0.000185,0.090909
1690,life force,0.611077,100,0.006111,0.006111,0.000185,0.030303
1691,overlook,0.611002,200,0.003055,0.004036,0.000185,0.060606
1692,united,0.610082,300,0.002034,0.003274,0.000185,0.090909
1693,wildcat,0.610033,300,0.002033,0.003427,0.000185,0.090909
1694,source,0.609940,300,0.002033,0.003091,0.000185,0.090909
1695,doldrums,0.609938,200,0.003050,0.003399,0.000185,0.060606
1696,free energy,0.609876,100,0.006099,0.006099,0.000185,0.030303
1697,odorless,0.609259,100,0.006093,0.006093,0.000185,0.030303
1698,vocaliser,0.608813,400,0.001522,0.002507,0.000184,0.121212
1699,swing,0.608625,400,0.001522,0.001691,0.000184,0.121212
1700,bosom,0.608516,100,0.006085,0.006085,0.000184,0.030303
1701,spat,0.608331,300,0.002028,0.003417,0.000184,0.090909
1702,assume,0.607199,100,0.006072,0.006072,0.000184,0.030303
1703,animation,0.607184,300,0.002024,0.004477,0.000184,0.090909
1704,lease,0.607008,200,0.003035,0.005271,0.000184,0.060606
1705,kickoff,0.606531,100,0.006065,0.006065,0.000184,0.030303
1706,word meaning,0.606144,100,0.006061,0.006061,0.000184,0.030303
1707,flow,0.605228,300,0.002017,0.002133,0.000183,0.090909
1708,gnosis,0.604879,100,0.006049,0.006049,0.000183,0.030303
1709,shallow,0.603956,100,0.006040,0.006040,0.000183,0.030303
1710,set off,0.603874,100,0.006039,0.006039,0.000183,0.030303
1711,startup,0.603085,100,0.006031,0.006031,0.000183,0.030303
1712,sea animal,0.602822,300,0.002009,0.003386,0.000183,0.090909
1713,stream,0.602253,300,0.002008,0.004628,0.000183,0.090909
1714,poikilothermic,0.602131,300,0.002007,0.003382,0.000182,0.090909
1715,creature,0.602007,300,0.002007,0.003382,0.000182,0.090909
1716,opening,0.601989,100,0.006020,0.006020,0.000182,0.030303
1717,kite,0.601961,200,0.003010,0.005228,0.000182,0.060606
1718,twinkle,0.601799,100,0.006018,0.006018,0.000182,0.030303
1719,get going,0.601184,100,0.006012,0.006012,0.000182,0.030303
1720,jumentous,0.601087,300,0.002004,0.003376,0.000182,0.090909
1721,case history,0.600924,100,0.006009,0.006009,0.000182,0.030303
1722,vocalizer,0.600422,400,0.001501,0.002598,0.000182,0.121212
1723,work animal,0.598885,300,0.001996,0.003364,0.000181,0.090909
1724,non-aromatic,0.598668,100,0.005987,0.005987,0.000181,0.030303
1725,heat energy,0.598195,100,0.005982,0.005982,0.000181,0.030303
1726,raptus,0.598127,200,0.002991,0.003708,0.000181,0.060606
1727,converse,0.597985,300,0.001993,0.003542,0.000181,0.090909
1728,electrify,0.597777,100,0.005978,0.005978,0.000181,0.030303
1729,ghostly,0.597639,200,0.002988,0.003705,0.000181,0.060606
1730,scattering,0.596968,300,0.001990,0.004564,0.000181,0.090909
1731,limited,0.596660,400,0.001492,0.002368,0.000181,0.121212
1732,hold,0.595995,300,0.001987,0.002317,0.000181,0.090909
1733,invertebrate,0.595974,300,0.001987,0.003348,0.000181,0.090909
1734,dive,0.595516,100,0.005955,0.005955,0.000180,0.030303
1735,verve,0.595516,100,0.005955,0.005955,0.000180,0.030303
1736,lighter-than-air,0.595509,100,0.005955,0.005955,0.000180,0.030303
1737,insectivorous,0.595460,300,0.001985,0.003345,0.000180,0.090909
1738,sag,0.595403,100,0.005954,0.005954,0.000180,0.030303
1739,dynamical,0.595383,100,0.005954,0.005954,0.000180,0.030303
1740,default,0.595063,200,0.002975,0.003931,0.000180,0.060606
1741,trainee,0.594969,100,0.005950,0.005950,0.000180,0.030303
1742,scentless,0.594662,100,0.005947,0.005947,0.000180,0.030303
1743,DOE,0.593641,100,0.005936,0.005936,0.000180,0.030303
1744,guilty,0.593067,300,0.001977,0.002925,0.000180,0.090909
1745,positioning,0.592915,300,0.001976,0.004540,0.000180,0.090909
1746,boreal,0.592818,200,0.002964,0.003304,0.000180,0.060606
1747,yack,0.592690,200,0.002963,0.004581,0.000180,0.060606
1748,excavation,0.592557,300,0.001975,0.002948,0.000180,0.090909
1749,predatory animal,0.591258,300,0.001971,0.003321,0.000179,0.090909
1750,id,0.591243,100,0.005912,0.005912,0.000179,0.030303
1751,create,0.590538,500,0.001181,0.002275,0.000179,0.151515
1752,funfair,0.590208,400,0.001476,0.002342,0.000179,0.121212
1753,return,0.589872,300,0.001966,0.003062,0.000179,0.090909
1754,rose-colored,0.589850,200,0.002949,0.003188,0.000179,0.060606
1755,oxygen deficit,0.589779,200,0.002949,0.003896,0.000179,0.060606
1756,yacht,0.589495,100,0.005895,0.005895,0.000179,0.030303
1757,entrant,0.589312,100,0.005893,0.005893,0.000179,0.030303
1758,break in,0.588803,100,0.005888,0.005888,0.000178,0.030303
1759,desolate,0.588792,200,0.002944,0.004654,0.000178,0.060606
1760,preserve,0.588680,300,0.001962,0.003058,0.000178,0.090909
1761,chronological record,0.588300,100,0.005883,0.005883,0.000178,0.030303
1762,itinerate,0.587266,100,0.005873,0.005873,0.000178,0.030303
1763,beatify,0.586929,200,0.002935,0.003638,0.000178,0.060606
1764,vital,0.585470,100,0.005855,0.005855,0.000177,0.030303
1765,sandblaster,0.585279,100,0.005853,0.005853,0.000177,0.030303
1766,carnality,0.585218,300,0.001951,0.003287,0.000177,0.090909
1767,red ink,0.585020,200,0.002925,0.003864,0.000177,0.060606
1768,Buffalo Bill's Wild West Show,0.584713,400,0.001462,0.002320,0.000177,0.121212
1769,certification,0.584169,400,0.001460,0.002318,0.000177,0.121212
1770,set about,0.583456,100,0.005835,0.005835,0.000177,0.030303
1771,rebound,0.583203,100,0.005832,0.005832,0.000177,0.030303
1772,pleurodont,0.582861,300,0.001943,0.003274,0.000177,0.090909
1773,prance,0.582626,300,0.001942,0.003015,0.000177,0.090909
1774,compare,0.581779,300,0.001939,0.004123,0.000176,0.090909
1775,generalisation,0.581778,300,0.001939,0.002146,0.000176,0.090909
1776,sparkly,0.581266,100,0.005813,0.005813,0.000176,0.030303
1777,sign,0.581264,400,0.001453,0.003524,0.000176,0.121212
1778,survivor,0.580427,300,0.001935,0.003260,0.000176,0.090909
1779,energy,0.580373,100,0.005804,0.005804,0.000176,0.030303
1780,unmistakable,0.579874,400,0.001450,0.002301,0.000176,0.121212
1781,sensify,0.579662,100,0.005797,0.005797,0.000176,0.030303
1782,contrive,0.578471,300,0.001928,0.004106,0.000175,0.090909
1783,sweet potato,0.578035,200,0.002890,0.003221,0.000175,0.060606
1784,decisive,0.577957,100,0.005780,0.005780,0.000175,0.030303
1785,domesticated animal,0.577525,300,0.001925,0.003244,0.000175,0.090909
1786,grubby,0.577440,300,0.001925,0.003244,0.000175,0.090909
1787,metazoan,0.577215,300,0.001924,0.003242,0.000175,0.090909
1788,humming,0.576914,400,0.001442,0.002233,0.000175,0.121212
1789,showy,0.576866,400,0.001442,0.002289,0.000175,0.121212
1790,consignor,0.576591,200,0.002883,0.004557,0.000175,0.060606
1791,evident,0.576134,400,0.001440,0.002286,0.000175,0.121212
1792,inspiration,0.575980,100,0.005760,0.005760,0.000175,0.030303
1793,circus,0.575885,400,0.001440,0.002285,0.000175,0.121212
1794,carnal,0.575593,300,0.001919,0.003233,0.000174,0.090909
1795,vocalise,0.575283,400,0.001438,0.002152,0.000174,0.121212
1796,deciding,0.575149,100,0.005751,0.005751,0.000174,0.030303
1797,unstressed,0.574782,100,0.005748,0.005748,0.000174,0.030303
1798,ramble,0.574243,300,0.001914,0.003004,0.000174,0.090909
1799,hunch,0.574104,100,0.005741,0.005741,0.000174,0.030303
1800,boat,0.574092,100,0.005741,0.005741,0.000174,0.030303
1801,center,0.573423,300,0.001911,0.004513,0.000174,0.090909
1802,recover,0.572926,400,0.001432,0.003298,0.000174,0.121212
1803,clarion,0.571884,200,0.002859,0.003187,0.000173,0.060606
1804,Assumption,0.570355,100,0.005704,0.005704,0.000173,0.030303
1805,holdover,0.569977,300,0.001900,0.002851,0.000173,0.090909
1806,radiant energy,0.569949,100,0.005699,0.005699,0.000173,0.030303
1807,misplacement,0.569916,300,0.001900,0.004156,0.000173,0.090909
1808,separation energy,0.569404,100,0.005694,0.005694,0.000173,0.030303
1809,newcomer,0.568832,100,0.005688,0.005688,0.000172,0.030303
1810,spongy,0.568773,300,0.001896,0.003195,0.000172,0.090909
1811,stutter,0.568312,200,0.002842,0.004183,0.000172,0.060606
1812,redeem,0.568138,100,0.005681,0.005681,0.000172,0.030303
1813,inherent aptitude,0.567478,100,0.005675,0.005675,0.000172,0.030303
1814,historical paper,0.567337,100,0.005673,0.005673,0.000172,0.030303
1815,harpist,0.567034,200,0.002835,0.003160,0.000172,0.060606
1816,spark,0.566820,100,0.005668,0.005668,0.000172,0.030303
1817,cub,0.566331,100,0.005663,0.005663,0.000172,0.030303
1818,droop,0.566016,100,0.005660,0.005660,0.000172,0.030303
1819,strike out,0.565699,100,0.005657,0.005657,0.000171,0.030303
1820,historical document,0.565373,100,0.005654,0.005654,0.000171,0.030303
1821,recruit,0.565117,100,0.005651,0.005651,0.000171,0.030303
1822,tool,0.564896,300,0.001883,0.003173,0.000171,0.090909
1823,stock,0.564579,400,0.001411,0.002421,0.000171,0.121212
1824,weightlessness,0.564552,100,0.005646,0.005646,0.000171,0.030303
1825,etymological,0.564418,100,0.005644,0.005644,0.000171,0.030303
1826,historical record,0.564195,100,0.005642,0.005642,0.000171,0.030303
1827,suspicion,0.563775,100,0.005638,0.005638,0.000171,0.030303
1828,rage,0.563754,200,0.002819,0.003707,0.000171,0.060606
1829,garner,0.563604,300,0.001879,0.003557,0.000171,0.090909
1830,capture,0.562640,400,0.001407,0.003140,0.000170,0.121212
1831,etymology,0.562396,100,0.005624,0.005624,0.000170,0.030303
1832,wight,0.562356,300,0.001875,0.003159,0.000170,0.090909
1833,auspicate,0.562250,100,0.005622,0.005622,0.000170,0.030303
1834,inodorous,0.562131,100,0.005621,0.005621,0.000170,0.030303
1835,depart,0.561957,100,0.005620,0.005620,0.000170,0.030303
1836,hearty,0.561915,100,0.005619,0.005619,0.000170,0.030303
1837,go up,0.561738,300,0.001872,0.003930,0.000170,0.090909
1838,fleshly,0.561148,300,0.001870,0.003152,0.000170,0.090909
1839,notarize,0.560899,400,0.001402,0.002226,0.000170,0.121212
1840,uninitiate,0.560800,100,0.005608,0.005608,0.000170,0.030303
1841,inauguration,0.560283,100,0.005603,0.005603,0.000170,0.030303
1842,follow through,0.559124,100,0.005591,0.005591,0.000169,0.030303
1843,generalization,0.558172,300,0.001861,0.002333,0.000169,0.090909
1844,sensualness,0.558060,300,0.001860,0.003135,0.000169,0.090909
1845,destine,0.557507,100,0.005575,0.005575,0.000169,0.030303
1846,predator,0.556778,300,0.001856,0.003128,0.000169,0.090909
1847,abecedarian,0.556404,100,0.005564,0.005564,0.000169,0.030303
1848,place,0.556241,300,0.001854,0.002220,0.000169,0.090909
1849,biographer,0.555837,100,0.005558,0.005558,0.000168,0.030303
1850,extractible,0.555619,300,0.001852,0.003188,0.000168,0.090909
1851,start up,0.554241,100,0.005542,0.005542,0.000168,0.030303
1852,viatical,0.553885,100,0.005539,0.005539,0.000168,0.030303
1853,gross,0.553423,300,0.001845,0.002795,0.000168,0.090909
1854,finalise,0.553421,100,0.005534,0.005534,0.000168,0.030303
1855,creepy-crawly,0.553385,300,0.001845,0.003109,0.000168,0.090909
1856,ailment,0.553361,300,0.001845,0.003415,0.000168,0.090909
1857,freeze,0.553266,200,0.002766,0.003969,0.000168,0.060606
1858,peregrination,0.552455,100,0.005525,0.005525,0.000167,0.030303
1859,moulter,0.551794,300,0.001839,0.003100,0.000167,0.090909
1860,finalize,0.550784,100,0.005508,0.005508,0.000167,0.030303
1861,fertilized egg,0.550647,300,0.001835,0.003093,0.000167,0.090909
1862,travelling,0.550174,100,0.005502,0.005502,0.000167,0.030303
1863,eat,0.550049,300,0.001833,0.003458,0.000167,0.090909
1864,disarmament,0.549647,200,0.002748,0.003322,0.000167,0.060606
1865,stratification,0.549600,300,0.001832,0.004333,0.000167,0.090909
1866,earn,0.549474,300,0.001832,0.003329,0.000167,0.090909
1867,marine animal,0.549464,300,0.001832,0.003086,0.000167,0.090909
1868,pest,0.549425,300,0.001831,0.003086,0.000166,0.090909
1869,tourist,0.549088,100,0.005491,0.005491,0.000166,0.030303
1870,close out,0.548973,100,0.005490,0.005490,0.000166,0.030303
1871,vaulter,0.548833,300,0.001829,0.002945,0.000166,0.090909
1872,introduce,0.548698,100,0.005487,0.005487,0.000166,0.030303
1873,acrodont,0.548488,300,0.001828,0.003081,0.000166,0.090909
1874,bleed,0.548221,200,0.002741,0.003292,0.000166,0.060606
1875,fledgeling,0.548199,100,0.005482,0.005482,0.000166,0.030303
1876,jerky,0.547929,300,0.001826,0.004061,0.000166,0.090909
1877,twinkly,0.547886,100,0.005479,0.005479,0.000166,0.030303
1878,move up,0.547782,300,0.001826,0.003913,0.000166,0.090909
1879,utterer,0.547570,400,0.001369,0.002432,0.000166,0.121212
1880,briny,0.547511,200,0.002738,0.004781,0.000166,0.060606
1881,wrap up,0.547362,100,0.005474,0.005474,0.000166,0.030303
1882,ectotherm,0.546480,300,0.001822,0.003070,0.000166,0.090909
1883,repositioning,0.546191,300,0.001821,0.003934,0.000166,0.090909
1884,lineation,0.545769,300,0.001819,0.002929,0.000165,0.090909
1885,etymologist,0.545708,100,0.005457,0.005457,0.000165,0.030303
1886,obvious,0.545706,400,0.001364,0.002165,0.000165,0.121212
1887,hunger strike,0.545636,100,0.005456,0.005456,0.000165,0.030303
1888,coquette,0.545606,200,0.002728,0.002866,0.000165,0.060606
1889,going,0.545355,100,0.005454,0.005454,0.000165,0.030303
1890,lurch,0.544623,300,0.001815,0.002920,0.000165,0.090909
1891,learner,0.543527,100,0.005435,0.005435,0.000165,0.030303
1892,charm,0.543483,400,0.001359,0.002892,0.000165,0.121212
1893,journeying,0.543138,100,0.005431,0.005431,0.000165,0.030303
1894,traineeship,0.543097,100,0.005431,0.005431,0.000165,0.030303
1895,traveling,0.542763,100,0.005428,0.005428,0.000164,0.030303
1896,sinking,0.542720,300,0.001809,0.003997,0.000164,0.090909
1897,climbing,0.542432,300,0.001808,0.003788,0.000164,0.090909
1898,arthropodal,0.542367,300,0.001808,0.003047,0.000164,0.090909
1899,hunger,0.542226,300,0.001807,0.003413,0.000164,0.090909
1900,clear,0.541492,300,0.001805,0.003310,0.000164,0.090909
1901,emplacement,0.540540,300,0.001802,0.004153,0.000164,0.090909
1902,tenderfoot,0.539973,100,0.005400,0.005400,0.000164,0.030303
1903,transplant,0.539844,400,0.001350,0.002002,0.000164,0.121212
1904,story,0.539594,100,0.005396,0.005396,0.000164,0.030303
1905,departure,0.539566,100,0.005396,0.005396,0.000164,0.030303
1906,insectivore,0.539492,300,0.001798,0.003030,0.000163,0.090909
1907,buy food,0.539281,100,0.005393,0.005393,0.000163,0.030303
1908,procession,0.539271,300,0.001798,0.004174,0.000163,0.090909
1909,etymologize,0.538648,100,0.005386,0.005386,0.000163,0.030303
1910,paper loss,0.538361,200,0.002692,0.003556,0.000163,0.060606
1911,blastospheric,0.538317,300,0.001794,0.003024,0.000163,0.090909
1912,black,0.538048,200,0.002690,0.004584,0.000163,0.060606
1913,electric,0.537329,100,0.005373,0.005373,0.000163,0.030303
1914,certify,0.537318,400,0.001343,0.002132,0.000163,0.121212
1915,sappy,0.536536,200,0.002683,0.003240,0.000163,0.060606
1916,goer,0.535323,100,0.005353,0.005353,0.000162,0.030303
1917,varmint,0.535253,300,0.001784,0.003007,0.000162,0.090909
1918,elevate,0.535046,300,0.001783,0.003805,0.000162,0.090909
1919,hoister,0.535010,300,0.001783,0.003677,0.000162,0.090909
1920,follow-up,0.534973,100,0.005350,0.005350,0.000162,0.030303
1921,specify,0.534018,300,0.001780,0.003531,0.000162,0.090909
1922,embark on,0.533671,100,0.005337,0.005337,0.000162,0.030303
1923,uprise,0.533201,300,0.001777,0.003741,0.000162,0.090909
1924,annalistic,0.532942,100,0.005329,0.005329,0.000161,0.030303
1925,enlist,0.532640,100,0.005326,0.005326,0.000161,0.030303
1926,trump,0.532226,200,0.002661,0.002966,0.000161,0.060606
1927,blastular,0.531866,300,0.001773,0.002988,0.000161,0.090909
1928,voyage,0.531525,100,0.005315,0.005315,0.000161,0.030303
1929,hoper,0.530983,200,0.002655,0.003421,0.000161,0.060606
1930,lever,0.530614,100,0.005306,0.005306,0.000161,0.030303
1931,climb,0.530590,300,0.001769,0.003779,0.000161,0.090909
1932,on the road,0.530571,100,0.005306,0.005306,0.000161,0.030303
1933,water travel,0.530557,100,0.005306,0.005306,0.000161,0.030303
1934,energy state,0.530498,100,0.005305,0.005305,0.000161,0.030303
1935,elan vital,0.530428,100,0.005304,0.005304,0.000161,0.030303
1936,floor show,0.529889,400,0.001325,0.002103,0.000161,0.121212
1937,inaugurate,0.529852,100,0.005299,0.005299,0.000161,0.030303
1938,boost,0.529572,100,0.005296,0.005296,0.000160,0.030303
1939,chemical energy,0.529295,100,0.005293,0.005293,0.000160,0.030303
1940,notary,0.528940,400,0.001322,0.002099,0.000160,0.121212
1941,walking,0.528917,300,0.001763,0.003594,0.000160,0.090909
1942,execution,0.528160,100,0.005282,0.005282,0.000160,0.030303
1943,come up,0.527770,300,0.001759,0.003132,0.000160,0.090909
1944,electrical energy,0.527468,100,0.005275,0.005275,0.000160,0.030303
1945,target,0.527162,100,0.005272,0.005272,0.000160,0.030303
1946,larva,0.527125,300,0.001757,0.002961,0.000160,0.090909
1947,historically,0.527123,100,0.005271,0.005271,0.000160,0.030303
1948,quarry,0.527074,300,0.001757,0.002961,0.000160,0.090909
1949,range animal,0.526624,300,0.001755,0.002958,0.000160,0.090909
1950,sustenance,0.526537,300,0.001755,0.003391,0.000160,0.090909
1951,tradition,0.525965,100,0.005260,0.005260,0.000159,0.030303
1952,novice,0.525369,100,0.005254,0.005254,0.000159,0.030303
1953,apposition,0.524884,300,0.001750,0.004136,0.000159,0.090909
1954,shove off,0.524683,100,0.005247,0.005247,0.000159,0.030303
1955,wading,0.524621,300,0.001749,0.003588,0.000159,0.090909
1956,wayfaring,0.524603,100,0.005246,0.005246,0.000159,0.030303
1957,biographical,0.524377,100,0.005244,0.005244,0.000159,0.030303
1958,verminous,0.524215,300,0.001747,0.002945,0.000159,0.090909
1959,gainer,0.523892,300,0.001746,0.003238,0.000159,0.090909
1960,plodding,0.523756,300,0.001746,0.003670,0.000159,0.090909
1961,newbie,0.523736,100,0.005237,0.005237,0.000159,0.030303
1962,demonstrate,0.523688,400,0.001309,0.002078,0.000159,0.121212
1963,stay on,0.523487,300,0.001745,0.002503,0.000159,0.090909
1964,chin-up,0.523318,300,0.001744,0.003602,0.000159,0.090909
1965,dispel,0.523173,300,0.001744,0.003778,0.000159,0.090909
1966,puppet,0.523016,300,0.001743,0.002938,0.000158,0.090909
1967,squeeze out,0.522835,300,0.001743,0.003252,0.000158,0.090909
1968,activation energy,0.522519,100,0.005225,0.005225,0.000158,0.030303
1969,reposition,0.522481,300,0.001742,0.003601,0.000158,0.090909
1970,autobiographer,0.521645,100,0.005216,0.005216,0.000158,0.030303
1971,excursionist,0.521276,100,0.005213,0.005213,0.000158,0.030303
1972,animality,0.520226,300,0.001734,0.002922,0.000158,0.090909
1973,embitter,0.519920,200,0.002600,0.003223,0.000158,0.060606
1974,space,0.519432,300,0.001731,0.004190,0.000157,0.090909
1975,lifter,0.519396,300,0.001731,0.003556,0.000157,0.090909
1976,rasp,0.519175,200,0.002596,0.002931,0.000157,0.060606
1977,ricochet,0.518216,300,0.001727,0.002781,0.000157,0.090909
1978,vexation,0.517753,200,0.002589,0.004273,0.000157,0.060606
1979,sense of responsibility,0.517199,100,0.005172,0.005172,0.000157,0.030303
1980,rookie,0.516896,100,0.005169,0.005169,0.000157,0.030303
1981,stagger,0.516416,300,0.001721,0.003545,0.000156,0.090909
1982,peregrinate,0.516160,100,0.005162,0.005162,0.000156,0.030303
1983,thoroughbred,0.515835,300,0.001719,0.002898,0.000156,0.090909
1984,execute,0.515797,100,0.005158,0.005158,0.000156,0.030303
1985,domestic animal,0.515631,300,0.001719,0.002896,0.000156,0.090909
1986,samiel,0.515177,200,0.002576,0.002871,0.000156,0.060606
1987,trudge,0.514896,300,0.001716,0.003527,0.000156,0.090909
1988,red,0.514606,200,0.002573,0.003399,0.000156,0.060606
1989,ambulation,0.514382,300,0.001715,0.003458,0.000156,0.090909
1990,earner,0.513075,300,0.001710,0.003192,0.000155,0.090909
1991,channel,0.513051,300,0.001710,0.002232,0.000155,0.090909
1992,commutation,0.512912,100,0.005129,0.005129,0.000155,0.030303
1993,twaddle,0.512786,200,0.002564,0.002830,0.000155,0.060606
1994,skidder,0.512663,300,0.001709,0.003446,0.000155,0.090909
1995,swim,0.511892,400,0.001280,0.001841,0.000155,0.121212
1996,erection,0.511783,300,0.001706,0.003714,0.000155,0.090909
1997,blind,0.511745,100,0.005117,0.005117,0.000155,0.030303
1998,fulfillment,0.511511,100,0.005115,0.005115,0.000155,0.030303
1999,commuting,0.509570,100,0.005096,0.005096,0.000154,0.030303
2000,unseamed,0.509468,100,0.005095,0.005095,0.000154,0.030303
2001,finisher,0.508852,100,0.005089,0.005089,0.000154,0.030303
2002,perambulation,0.508434,300,0.001695,0.003464,0.000154,0.090909
2003,completion,0.508043,100,0.005080,0.005080,0.000154,0.030303
2004,soar,0.507842,300,0.001693,0.003641,0.000154,0.090909
2005,vamp,0.507524,200,0.002538,0.003500,0.000154,0.060606
2006,atomic energy,0.507335,100,0.005073,0.005073,0.000154,0.030303
2007,result,0.506855,300,0.001690,0.003127,0.000154,0.090909
2008,turn out,0.506707,500,0.001013,0.001542,0.000154,0.151515
2009,accomplish,0.506542,100,0.005065,0.005065,0.000153,0.030303
2010,mad,0.506033,200,0.002530,0.004128,0.000153,0.060606
2011,discussion,0.505359,200,0.002527,0.004061,0.000153,0.060606
2012,depend upon,0.503860,200,0.002519,0.004100,0.000153,0.060606
2013,acceptance,0.503576,300,0.001679,0.002665,0.000153,0.090909
2014,redemption,0.502640,100,0.005026,0.005026,0.000152,0.030303
2015,usher in,0.500889,100,0.005009,0.005009,0.000152,0.030303
2016,dislocate,0.500422,300,0.001668,0.003454,0.000152,0.090909
2017,ambulatory,0.500325,300,0.001668,0.003563,0.000152,0.090909
2018,authenticator,0.500294,400,0.001251,0.001985,0.000152,0.121212
2019,fulfilment,0.500236,100,0.005002,0.005002,0.000152,0.030303
2020,life story,0.500189,100,0.005002,0.005002,0.000152,0.030303
2021,language,0.499506,200,0.002498,0.004014,0.000151,0.060606
2022,crawl,0.499266,400,0.001248,0.001808,0.000151,0.121212
2023,ascend,0.499119,300,0.001664,0.003340,0.000151,0.090909
2024,subscribe,0.498997,100,0.004990,0.004990,0.000151,0.030303
2025,trusty,0.498515,200,0.002493,0.004056,0.000151,0.060606
2026,earnings,0.498341,300,0.001661,0.003098,0.000151,0.090909
2027,trustfulness,0.497817,200,0.002489,0.004051,0.000151,0.060606
2028,traditional,0.497262,100,0.004973,0.004973,0.000151,0.030303
2029,freshman,0.496341,100,0.004963,0.004963,0.000150,0.030303
2030,rely upon,0.496173,200,0.002481,0.004037,0.000150,0.060606
2031,notarise,0.496124,400,0.001240,0.001969,0.000150,0.121212
2032,trustful,0.496086,200,0.002480,0.004037,0.000150,0.060606
2033,prevalent,0.496059,300,0.001654,0.002762,0.000150,0.090909
2034,interlude,0.495533,400,0.001239,0.001966,0.000150,0.121212
2035,humiliate,0.495099,200,0.002475,0.003068,0.000150,0.060606
2036,stymy,0.495037,200,0.002475,0.003068,0.000150,0.060606
2037,cadetship,0.494920,100,0.004949,0.004949,0.000150,0.030303
2038,resign,0.493570,100,0.004936,0.004936,0.000150,0.030303
2039,wash,0.493158,400,0.001233,0.001777,0.000149,0.121212
2040,heartsick,0.492922,100,0.004929,0.004929,0.000149,0.030303
2041,self-conscious,0.492909,200,0.002465,0.003054,0.000149,0.060606
2042,despairing,0.492646,100,0.004926,0.004926,0.000149,0.030303
2043,public lecture,0.491944,200,0.002460,0.003953,0.000149,0.060606
2044,dishonored,0.491650,200,0.002458,0.003047,0.000149,0.060606
2045,obstruction,0.491603,200,0.002458,0.003046,0.000149,0.060606
2046,elevator,0.491579,300,0.001639,0.003416,0.000149,0.090909
2047,abject,0.491479,100,0.004915,0.004915,0.000149,0.030303
2048,forlorn,0.491445,100,0.004914,0.004914,0.000149,0.030303
2049,embarrassed,0.491252,200,0.002456,0.003044,0.000149,0.060606
2050,focus,0.490932,100,0.004909,0.004909,0.000149,0.030303
2051,disgraced,0.490730,200,0.002454,0.003041,0.000149,0.060606
2052,degrade,0.490583,200,0.002453,0.003040,0.000149,0.060606
2053,life history,0.490518,100,0.004905,0.004905,0.000149,0.030303
2054,conscientious,0.490263,200,0.002451,0.003038,0.000149,0.060606
2055,chagrin,0.489874,200,0.002449,0.003036,0.000148,0.060606
2056,disheartenment,0.489610,100,0.004896,0.004896,0.000148,0.030303
2057,native language,0.489534,200,0.002448,0.003934,0.000148,0.060606
2058,accomplishment,0.489445,100,0.004894,0.004894,0.000148,0.030303
2059,embryo,0.489193,300,0.001631,0.002748,0.000148,0.090909
2060,migrator,0.489048,300,0.001630,0.002747,0.000148,0.090909
2061,departer,0.489000,100,0.004890,0.004890,0.000148,0.030303
2062,abide,0.488869,200,0.002444,0.003516,0.000148,0.060606
2063,helpless,0.488378,100,0.004884,0.004884,0.000148,0.030303
2064,convex,0.488286,100,0.004883,0.004883,0.000148,0.030303
2065,pay off,0.488039,100,0.004880,0.004880,0.000148,0.030303
2066,humiliation,0.487608,200,0.002438,0.003022,0.000148,0.060606
2067,zooplankton,0.487522,300,0.001625,0.002739,0.000148,0.090909
2068,desperation,0.487521,100,0.004875,0.004875,0.000148,0.030303
2069,mortify,0.487274,200,0.002436,0.003019,0.000148,0.060606
2070,shamed,0.487197,200,0.002436,0.003019,0.000148,0.060606
2071,sit tight,0.486761,200,0.002434,0.003501,0.000148,0.060606
2072,adjudicative,0.486727,100,0.004867,0.004867,0.000147,0.030303
2073,obliqueness,0.486482,100,0.004865,0.004865,0.000147,0.030303
2074,obstruct,0.486481,200,0.002432,0.003015,0.000147,0.060606
2075,seafaring,0.485829,100,0.004858,0.004858,0.000147,0.030303
2076,unskilled,0.485823,100,0.004858,0.004858,0.000147,0.030303
2077,swagger,0.485361,300,0.001618,0.003353,0.000147,0.090909
2078,turn up,0.484973,400,0.001212,0.002687,0.000147,0.121212
2079,air travel,0.484758,100,0.004848,0.004848,0.000147,0.030303
2080,symmetricalness,0.484736,100,0.004847,0.004847,0.000147,0.030303
2081,pessimism,0.484471,100,0.004845,0.004845,0.000147,0.030303
2082,object language,0.484197,200,0.002421,0.003891,0.000147,0.060606
2083,annalist,0.484012,100,0.004840,0.004840,0.000147,0.030303
2084,hang on,0.483906,200,0.002420,0.003480,0.000147,0.060606
2085,terminological,0.483769,200,0.002419,0.003887,0.000147,0.060606
2086,angle,0.483696,300,0.001612,0.003381,0.000147,0.090909
2087,indigenous language,0.483665,200,0.002418,0.003887,0.000147,0.060606
2088,follow-through,0.483192,100,0.004832,0.004832,0.000146,0.030303
2089,eke out,0.483032,300,0.001610,0.003109,0.000146,0.090909
2090,stamp out,0.482410,100,0.004824,0.004824,0.000146,0.030303
2091,spoken language,0.482083,200,0.002410,0.003874,0.000146,0.060606
2092,waddle,0.480897,300,0.001603,0.003267,0.000146,0.090909
2093,pessimist,0.480703,100,0.004807,0.004807,0.000146,0.030303
2094,discomposed,0.480595,200,0.002403,0.002978,0.000146,0.060606
2095,give,0.480571,200,0.002403,0.002437,0.000146,0.060606
2096,carnalize,0.480436,300,0.001601,0.002699,0.000146,0.090909
2097,prolongation,0.480380,200,0.002402,0.003455,0.000146,0.060606
2098,hollow,0.480305,100,0.004803,0.004803,0.000146,0.030303
2099,believe in,0.479384,200,0.002397,0.003901,0.000145,0.060606
2100,shambling,0.478948,300,0.001596,0.003266,0.000145,0.090909
2101,conversationalist,0.478455,200,0.002392,0.003845,0.000145,0.060606
2102,usage,0.478350,200,0.002392,0.003844,0.000145,0.060606
2103,despondency,0.477654,100,0.004777,0.004777,0.000145,0.030303
2104,bring up,0.477538,300,0.001592,0.003167,0.000145,0.090909
2105,bashful,0.477284,200,0.002386,0.002958,0.000145,0.060606
2106,lost,0.477214,100,0.004772,0.004772,0.000145,0.030303
2107,water,0.477069,200,0.002385,0.004227,0.000145,0.060606
2108,break off,0.477053,100,0.004771,0.004771,0.000145,0.030303
2109,obloquy,0.476946,200,0.002385,0.002955,0.000145,0.060606
2110,linguistic communication,0.476912,200,0.002385,0.003832,0.000145,0.060606
2111,persistency,0.476879,200,0.002384,0.003430,0.000145,0.060606
2112,shamefaced,0.476826,200,0.002384,0.002955,0.000144,0.060606
2113,odium,0.476509,200,0.002383,0.002953,0.000144,0.060606
2114,sop,0.476476,100,0.004765,0.004765,0.000144,0.030303
2115,despondence,0.476434,100,0.004764,0.004764,0.000144,0.030303
2116,hindrance,0.476422,200,0.002382,0.002952,0.000144,0.060606
2117,conscience,0.476094,200,0.002380,0.002950,0.000144,0.060606
2118,terminology,0.476018,200,0.002380,0.003825,0.000144,0.060606
2119,draw,0.475746,400,0.001189,0.001787,0.000144,0.121212
2120,bourn,0.475638,100,0.004756,0.004756,0.000144,0.030303
2121,bide,0.475492,200,0.002377,0.003420,0.000144,0.060606
2122,sunny,0.475359,100,0.004754,0.004754,0.000144,0.030303
2123,topographical,0.475312,100,0.004753,0.004753,0.000144,0.030303
2124,marine creature,0.475205,300,0.001584,0.002669,0.000144,0.090909
2125,despond,0.474885,100,0.004749,0.004749,0.000144,0.030303
2126,mummify,0.474772,200,0.002374,0.003415,0.000144,0.060606
2127,stumble,0.474700,300,0.001582,0.003313,0.000144,0.090909
2128,harangue,0.474655,100,0.004747,0.004747,0.000144,0.030303
2129,depend on,0.474655,200,0.002373,0.003862,0.000144,0.060606
2130,recital,0.474410,100,0.004744,0.004744,0.000144,0.030303
2131,embarrass,0.473972,200,0.002370,0.002937,0.000144,0.060606
2132,stay fresh,0.473913,200,0.002370,0.003408,0.000144,0.060606
2133,bottleneck,0.473716,200,0.002369,0.002935,0.000144,0.060606
2134,bleak,0.472975,100,0.004730,0.004730,0.000143,0.030303
2135,self-disgust,0.472721,200,0.002364,0.002929,0.000143,0.060606
2136,ignominious,0.472634,200,0.002363,0.002929,0.000143,0.060606
2137,squirm,0.472627,400,0.001182,0.001801,0.000143,0.121212
2138,confuse,0.472379,200,0.002362,0.002927,0.000143,0.060606
2139,answer,0.471981,300,0.001573,0.003005,0.000143,0.090909
2140,fall by the wayside,0.471942,100,0.004719,0.004719,0.000143,0.030303
2141,humiliated,0.471873,200,0.002359,0.002924,0.000143,0.060606
2142,blockage,0.471863,200,0.002359,0.002924,0.000143,0.060606
2143,conformation,0.471539,100,0.004715,0.004715,0.000143,0.030303
2144,inaugural address,0.471441,200,0.002357,0.003788,0.000143,0.060606
2145,doer,0.470639,100,0.004706,0.004706,0.000143,0.030303
2146,discouragement,0.470503,100,0.004705,0.004705,0.000143,0.030303
2147,spatiality,0.470449,100,0.004704,0.004704,0.000143,0.030303
2148,render,0.470415,100,0.004704,0.004704,0.000143,0.030303
2149,abash,0.470218,200,0.002351,0.002914,0.000142,0.060606
2150,tittle-tattle,0.470105,200,0.002351,0.002549,0.000142,0.060606
2151,chagrined,0.470007,200,0.002350,0.002912,0.000142,0.060606
2152,stonewall,0.469819,200,0.002349,0.002911,0.000142,0.060606
2153,unhopeful,0.469600,100,0.004696,0.004696,0.000142,0.030303
2154,shove along,0.469538,100,0.004695,0.004695,0.000142,0.030303
2155,discuss,0.469516,200,0.002348,0.003773,0.000142,0.060606
2156,abashed,0.469510,200,0.002348,0.002909,0.000142,0.060606
2157,commute,0.469427,100,0.004694,0.004694,0.000142,0.030303
2158,resignation,0.469083,100,0.004691,0.004691,0.000142,0.030303
2159,trusting,0.469055,200,0.002345,0.003817,0.000142,0.060606
2160,polish off,0.468814,200,0.002344,0.004160,0.000142,0.060606
2161,linear,0.468802,100,0.004688,0.004688,0.000142,0.030303
2162,finish up,0.467534,100,0.004675,0.004675,0.000142,0.030303
2163,drop by the wayside,0.467423,100,0.004674,0.004674,0.000142,0.030303
2164,speech communication,0.467417,200,0.002337,0.003756,0.000142,0.060606
2165,dissolving,0.467322,100,0.004673,0.004673,0.000142,0.030303
2166,stonewaller,0.467182,200,0.002336,0.002895,0.000142,0.060606
2167,no-goal,0.466949,100,0.004669,0.004669,0.000141,0.030303
2168,sunlight,0.466560,100,0.004666,0.004666,0.000141,0.030303
2169,melting,0.466447,100,0.004664,0.004664,0.000141,0.030303
2170,confab,0.466415,200,0.002332,0.003748,0.000141,0.060606
2171,decide,0.466405,100,0.004664,0.004664,0.000141,0.030303
2172,digress,0.466302,100,0.004663,0.004663,0.000141,0.030303
2173,persist,0.466208,200,0.002331,0.003353,0.000141,0.060606
2174,self-hatred,0.466171,200,0.002331,0.002889,0.000141,0.060606
2175,source language,0.466160,200,0.002331,0.003746,0.000141,0.060606
2176,mention,0.466033,100,0.004660,0.004660,0.000141,0.030303
2177,grease one's palms,0.465990,100,0.004660,0.004660,0.000141,0.030303
2178,dissipate,0.465469,100,0.004655,0.004655,0.000141,0.030303
2179,uncomfortable,0.465465,200,0.002327,0.002884,0.000141,0.060606
2180,dislocation,0.465362,300,0.001551,0.003250,0.000141,0.090909
2181,obstructer,0.464865,200,0.002324,0.002881,0.000141,0.060606
2182,homiletical,0.464751,200,0.002324,0.003735,0.000141,0.060606
2183,despondent,0.464655,100,0.004647,0.004647,0.000141,0.030303
2184,fuse,0.464512,100,0.004645,0.004645,0.000141,0.030303
2185,dissolver,0.464437,100,0.004644,0.004644,0.000141,0.030303
2186,on tour,0.464262,100,0.004643,0.004643,0.000141,0.030303
2187,top off,0.464124,100,0.004641,0.004641,0.000141,0.030303
2188,form,0.463920,100,0.004639,0.004639,0.000141,0.030303
2189,concave,0.463896,100,0.004639,0.004639,0.000141,0.030303
2190,orientation,0.463469,100,0.004635,0.004635,0.000140,0.030303
2191,recitalist,0.463400,200,0.002317,0.003724,0.000140,0.060606
2192,Zeitgeist,0.463093,200,0.002315,0.002871,0.000140,0.060606
2193,discourage,0.462983,100,0.004630,0.004630,0.000140,0.030303
2194,discredited,0.462923,200,0.002315,0.002869,0.000140,0.060606
2195,spacial,0.462898,100,0.004629,0.004629,0.000140,0.030303
2196,blockade,0.462348,200,0.002312,0.002865,0.000140,0.060606
2197,tyro,0.462074,100,0.004621,0.004621,0.000140,0.030303
2198,diver,0.461965,300,0.001540,0.003030,0.000140,0.090909
2199,strut,0.461794,300,0.001539,0.003148,0.000140,0.090909
2200,sink,0.461790,300,0.001539,0.003131,0.000140,0.090909
2201,block,0.461634,200,0.002308,0.002861,0.000140,0.060606
2202,hagiographer,0.461628,100,0.004616,0.004616,0.000140,0.030303
2203,daylight,0.461311,100,0.004613,0.004613,0.000140,0.030303
2204,constitutional,0.461176,300,0.001537,0.003004,0.000140,0.090909
2205,hopelessness,0.461147,100,0.004611,0.004611,0.000140,0.030303
2206,sheepish,0.460910,200,0.002305,0.002856,0.000140,0.060606
2207,persistence,0.460644,200,0.002303,0.003313,0.000140,0.060606
2208,hopeless,0.460540,100,0.004605,0.004605,0.000140,0.030303
2209,marching,0.460188,300,0.001534,0.003229,0.000139,0.090909
2210,finish out,0.459956,100,0.004600,0.004600,0.000139,0.030303
2211,hold over,0.459881,200,0.002299,0.003307,0.000139,0.060606
2212,bear on,0.459390,200,0.002297,0.003304,0.000139,0.060606
2213,buy back,0.459324,100,0.004593,0.004593,0.000139,0.030303
2214,symmetrical,0.459277,100,0.004593,0.004593,0.000139,0.030303
2215,throw in,0.459226,100,0.004592,0.004592,0.000139,0.030303
2216,superstrate,0.459132,200,0.002296,0.003689,0.000139,0.060606
2217,thawing,0.459002,100,0.004590,0.004590,0.000139,0.030303
2218,prolong,0.457968,200,0.002290,0.003294,0.000139,0.060606
2219,speechmaking,0.457554,200,0.002288,0.003677,0.000139,0.060606
2220,dissolve,0.457533,100,0.004575,0.004575,0.000139,0.030303
2221,quitter,0.457460,100,0.004575,0.004575,0.000139,0.030303
2222,sunniness,0.457361,100,0.004574,0.004574,0.000139,0.030303
2223,carry over,0.457292,200,0.002286,0.003289,0.000139,0.060606
2224,throw in the towel,0.457060,100,0.004571,0.004571,0.000139,0.030303
2225,ignominy,0.456887,200,0.002284,0.002831,0.000138,0.060606
2226,sharp,0.456773,100,0.004568,0.004568,0.000138,0.030303
2227,sojourn,0.456623,200,0.002283,0.003284,0.000138,0.060606
2228,tease,0.456387,200,0.002282,0.002386,0.000138,0.060606
2229,hitch,0.456199,300,0.001521,0.002997,0.000138,0.090909
2230,asymmetrical,0.456129,100,0.004561,0.004561,0.000138,0.030303
2231,shame,0.456013,200,0.002280,0.002826,0.000138,0.060606
2232,nominate,0.455927,200,0.002280,0.003664,0.000138,0.060606
2233,hang in,0.455673,200,0.002278,0.003277,0.000138,0.060606
2234,localization,0.455292,100,0.004553,0.004553,0.000138,0.030303
2235,good-naturedness,0.455251,100,0.004553,0.004553,0.000138,0.030303
2236,hinder,0.455050,200,0.002275,0.002820,0.000138,0.060606
2237,drop out,0.454907,100,0.004549,0.004549,0.000138,0.030303
2238,upholder,0.454653,200,0.002273,0.003270,0.000138,0.060606
2239,deliquesce,0.454528,100,0.004545,0.004545,0.000138,0.030303
2240,epigrammatic,0.454326,200,0.002272,0.003651,0.000138,0.060606
2241,conversational,0.454115,200,0.002271,0.003649,0.000138,0.060606
2242,autobiographical,0.454013,100,0.004540,0.004540,0.000138,0.030303
2243,mummification,0.453956,200,0.002270,0.003265,0.000138,0.060606
2244,collocation,0.453902,100,0.004539,0.004539,0.000138,0.030303
2245,defeatist,0.453818,100,0.004538,0.004538,0.000138,0.030303
2246,lecture,0.453763,200,0.002269,0.003646,0.000138,0.060606
2247,nurse,0.453594,300,0.001512,0.002492,0.000137,0.090909
2248,Moon,0.453563,100,0.004536,0.004536,0.000137,0.030303
2249,confer,0.453531,200,0.002268,0.003644,0.000137,0.060606
2250,sign language,0.453366,200,0.002267,0.003643,0.000137,0.060606
2251,allocution,0.453305,200,0.002267,0.003643,0.000137,0.060606
2252,sloganeer,0.453301,200,0.002267,0.003643,0.000137,0.060606
2253,keep on,0.452962,200,0.002265,0.003258,0.000137,0.060606
2254,topographic,0.452902,100,0.004529,0.004529,0.000137,0.030303
2255,oral presentation,0.452752,200,0.002264,0.003638,0.000137,0.060606
2256,ashamed,0.452381,200,0.002262,0.002803,0.000137,0.060606
2257,de-ice,0.451964,100,0.004520,0.004520,0.000137,0.030303
2258,crooked,0.451486,100,0.004515,0.004515,0.000137,0.030303
2259,condemnation,0.451231,400,0.001128,0.001790,0.000137,0.121212
2260,dishearten,0.450274,100,0.004503,0.004503,0.000136,0.030303
2261,sentential,0.449988,200,0.002250,0.003616,0.000136,0.060606
2262,Amerind,0.449967,200,0.002250,0.003616,0.000136,0.060606
2263,breakdown,0.449908,100,0.004499,0.004499,0.000136,0.030303
2264,harp,0.449754,200,0.002249,0.002506,0.000136,0.060606
2265,day,0.449465,100,0.004495,0.004495,0.000136,0.030303
2266,finalization,0.448828,100,0.004488,0.004488,0.000136,0.030303
2267,metalanguage,0.448791,200,0.002244,0.003606,0.000136,0.060606
2268,lopsided,0.448605,100,0.004486,0.004486,0.000136,0.030303
2269,lunar,0.448446,100,0.004484,0.004484,0.000136,0.030303
2270,meltable,0.448361,100,0.004484,0.004484,0.000136,0.030303
2271,grazing,0.448208,200,0.002241,0.002890,0.000136,0.060606
2272,echolocation,0.448106,100,0.004481,0.004481,0.000136,0.030303
2273,spatial property,0.447949,100,0.004479,0.004479,0.000136,0.030303
2274,deicer,0.447764,100,0.004478,0.004478,0.000136,0.030303
2275,melter,0.447719,100,0.004477,0.004477,0.000136,0.030303
2276,trample,0.447471,300,0.001492,0.003241,0.000136,0.090909
2277,hitting,0.447099,300,0.001490,0.002943,0.000135,0.090909
2278,resolvent,0.446691,100,0.004467,0.004467,0.000135,0.030303
2279,mean,0.446636,100,0.004466,0.004466,0.000135,0.030303
2280,curvy,0.446102,100,0.004461,0.004461,0.000135,0.030303
2281,oral communication,0.444839,200,0.002224,0.003575,0.000135,0.060606
2282,lingua franca,0.444766,200,0.002224,0.003574,0.000135,0.060606
2283,good-natured,0.444579,100,0.004446,0.004446,0.000135,0.030303
2284,juxtaposition,0.444144,300,0.001480,0.003846,0.000135,0.090909
2285,act,0.444021,200,0.002220,0.002244,0.000135,0.060606
2286,futureless,0.443770,100,0.004438,0.004438,0.000134,0.030303
2287,obstinance,0.443668,200,0.002218,0.003191,0.000134,0.060606
2288,shuffling,0.443036,300,0.001477,0.002813,0.000134,0.090909
2289,yawn,0.442642,300,0.001475,0.002849,0.000134,0.090909
2290,deliquescent,0.442609,100,0.004426,0.004426,0.000134,0.030303
2291,drink,0.442425,100,0.004424,0.004424,0.000134,0.030303
2292,supernatant,0.442298,100,0.004423,0.004423,0.000134,0.030303
2293,bourne,0.441982,100,0.004420,0.004420,0.000134,0.030303
2294,colloquium,0.441786,200,0.002209,0.003550,0.000134,0.060606
2295,go on,0.441767,400,0.001104,0.001781,0.000134,0.121212
2296,localise,0.441709,100,0.004417,0.004417,0.000134,0.030303
2297,narrow,0.441343,100,0.004413,0.004413,0.000134,0.030303
2298,perpetuate,0.441282,200,0.002206,0.003174,0.000134,0.060606
2299,preaching,0.441103,200,0.002206,0.003545,0.000134,0.060606
2300,lobular,0.440988,100,0.004410,0.004410,0.000134,0.030303
2301,contriver,0.440806,100,0.004408,0.004408,0.000134,0.030303
2302,speaking,0.440353,200,0.002202,0.002690,0.000133,0.060606
2303,credulous,0.440268,200,0.002201,0.003582,0.000133,0.060606
2304,settler,0.440167,100,0.004402,0.004402,0.000133,0.030303
2305,dialectal,0.439790,200,0.002199,0.003534,0.000133,0.060606
2306,posit,0.439669,100,0.004397,0.004397,0.000133,0.030303
2307,carry-over,0.439288,200,0.002196,0.003159,0.000133,0.060606
2308,insoluble,0.439188,100,0.004392,0.004392,0.000133,0.030303
2309,markup language,0.439058,200,0.002195,0.003528,0.000133,0.060606
2310,blunt,0.439058,100,0.004391,0.004391,0.000133,0.030303
2311,liquid,0.438872,100,0.004389,0.004389,0.000133,0.030303
2312,obstructor,0.438598,200,0.002193,0.002718,0.000133,0.060606
2313,dictate,0.437062,200,0.002185,0.003512,0.000132,0.060606
2314,sustainer,0.436929,200,0.002185,0.003142,0.000132,0.060606
2315,preservation,0.436751,200,0.002184,0.003141,0.000132,0.060606
2316,symmetrize,0.436714,100,0.004367,0.004367,0.000132,0.030303
2317,persevere,0.436126,200,0.002181,0.003137,0.000132,0.060606
2318,reasoner,0.435960,200,0.002180,0.002186,0.000132,0.060606
2319,flounce,0.435913,300,0.001453,0.003063,0.000132,0.090909
2320,two-dimensional,0.435879,100,0.004359,0.004359,0.000132,0.030303
2321,acceptation,0.435094,300,0.001450,0.002260,0.000132,0.090909
2322,chuck up the sponge,0.435011,100,0.004350,0.004350,0.000132,0.030303
2323,oratorical,0.434770,200,0.002174,0.003494,0.000132,0.060606
2324,reproach,0.434647,200,0.002173,0.002693,0.000132,0.060606
2325,circumnavigate,0.434534,100,0.004345,0.004345,0.000132,0.030303
2326,midafternoon,0.434466,100,0.004345,0.004345,0.000132,0.030303
2327,proposition,0.434437,200,0.002172,0.002293,0.000132,0.060606
2328,buy off,0.434426,100,0.004344,0.004344,0.000132,0.030303
2329,backscatter,0.433449,100,0.004334,0.004334,0.000131,0.030303
2330,filibusterer,0.433285,200,0.002166,0.002685,0.000131,0.060606
2331,euphemize,0.432861,200,0.002164,0.003478,0.000131,0.060606
2332,stonewalling,0.432783,200,0.002164,0.002682,0.000131,0.060606
2333,somnambulation,0.432070,300,0.001440,0.003100,0.000131,0.090909
2334,sunburst,0.431980,100,0.004320,0.004320,0.000131,0.030303
2335,jittery,0.431899,100,0.004319,0.004319,0.000131,0.030303
2336,puddle,0.431525,100,0.004315,0.004315,0.000131,0.030303
2337,asymmetric,0.430934,100,0.004309,0.004309,0.000131,0.030303
2338,euphemistic,0.430829,200,0.002154,0.003462,0.000131,0.060606
2339,sermon,0.430797,200,0.002154,0.003462,0.000131,0.060606
2340,short,0.430659,100,0.004307,0.004307,0.000131,0.030303
2341,fingerspell,0.430528,200,0.002153,0.003460,0.000130,0.060606
2342,speaker,0.430276,200,0.002151,0.002636,0.000130,0.060606
2343,shoal,0.430266,100,0.004303,0.004303,0.000130,0.030303
2344,toponymy,0.430211,200,0.002151,0.003457,0.000130,0.060606
2345,speak,0.430191,200,0.002151,0.002540,0.000130,0.060606
2346,abortive,0.430106,100,0.004301,0.004301,0.000130,0.030303
2347,corporate trust,0.430055,200,0.002150,0.003499,0.000130,0.060606
2348,scarey,0.429315,100,0.004293,0.004293,0.000130,0.030303
2349,idea,0.429196,100,0.004292,0.004292,0.000130,0.030303
2350,keep up,0.429027,200,0.002145,0.003086,0.000130,0.060606
2351,empyreal,0.428701,300,0.001429,0.002300,0.000130,0.090909
2352,map,0.428271,100,0.004283,0.004283,0.000130,0.030303
2353,gormless,0.428073,100,0.004281,0.004281,0.000130,0.030303
2354,utter,0.427199,200,0.002136,0.002646,0.000129,0.060606
2355,dethaw,0.426767,100,0.004268,0.004268,0.000129,0.030303
2356,curvey,0.426648,100,0.004266,0.004266,0.000129,0.030303
2357,organ,0.426573,200,0.002133,0.002377,0.000129,0.060606
2358,gossip,0.426470,200,0.002132,0.002614,0.000129,0.060606
2359,dispersion,0.426263,100,0.004263,0.004263,0.000129,0.030303
2360,monologuise,0.426073,200,0.002130,0.002603,0.000129,0.060606
2361,worriment,0.425884,100,0.004259,0.004259,0.000129,0.030303
2362,evangelize,0.425809,200,0.002129,0.003422,0.000129,0.060606
2363,vex,0.425303,100,0.004253,0.004253,0.000129,0.030303
2364,declaim,0.425215,200,0.002126,0.003417,0.000129,0.060606
2365,plot,0.424994,100,0.004250,0.004250,0.000129,0.030303
2366,unthaw,0.424650,100,0.004246,0.004246,0.000129,0.030303
2367,poll,0.424586,200,0.002123,0.003687,0.000129,0.060606
2368,gaumless,0.424583,100,0.004246,0.004246,0.000129,0.030303
2369,authentication,0.424530,400,0.001061,0.001685,0.000129,0.121212
2370,dissipation,0.424402,100,0.004244,0.004244,0.000129,0.030303
2371,sieve,0.424340,100,0.004243,0.004243,0.000129,0.030303
2372,dimensionality,0.424132,100,0.004241,0.004241,0.000129,0.030303
2373,anxious,0.424091,100,0.004241,0.004241,0.000129,0.030303
2374,edgy,0.424071,100,0.004241,0.004241,0.000129,0.030303
2375,disconcertment,0.423943,100,0.004239,0.004239,0.000128,0.030303
2376,rattlepated,0.423941,100,0.004239,0.004239,0.000128,0.030303
2377,inquietude,0.423732,100,0.004237,0.004237,0.000128,0.030303
2378,moonshine,0.423653,100,0.004237,0.004237,0.000128,0.030303
2379,uneasiness,0.423343,100,0.004233,0.004233,0.000128,0.030303
2380,insecurity,0.423217,100,0.004232,0.004232,0.000128,0.030303
2381,drown,0.422935,300,0.001410,0.002823,0.000128,0.090909
2382,keep out,0.422765,200,0.002114,0.003041,0.000128,0.060606
2383,whispering,0.422697,200,0.002113,0.002465,0.000128,0.060606
2384,insecure,0.422688,100,0.004227,0.004227,0.000128,0.030303
2385,dissolvent,0.422080,100,0.004221,0.004221,0.000128,0.030303
2386,briber,0.422061,100,0.004221,0.004221,0.000128,0.030303
2387,unquiet,0.422041,100,0.004220,0.004220,0.000128,0.030303
2388,mirror,0.421909,100,0.004219,0.004219,0.000128,0.030303
2389,mortified,0.421853,200,0.002109,0.002614,0.000128,0.060606
2390,discomposure,0.421786,100,0.004218,0.004218,0.000128,0.030303
2391,mislay,0.421679,100,0.004217,0.004217,0.000128,0.030303
2392,three-dimensional,0.421527,100,0.004215,0.004215,0.000128,0.030303
2393,nervousness,0.421337,100,0.004213,0.004213,0.000128,0.030303
2394,bilateral,0.421272,100,0.004213,0.004213,0.000128,0.030303
2395,rely on,0.420911,200,0.002105,0.003425,0.000128,0.060606
2396,uphold,0.420802,200,0.002104,0.003026,0.000128,0.060606
2397,represent,0.420564,300,0.001402,0.002638,0.000127,0.090909
2398,directionality,0.420395,100,0.004204,0.004204,0.000127,0.030303
2399,stratify,0.420127,100,0.004201,0.004201,0.000127,0.030303
2400,purchasing,0.420005,200,0.002100,0.003647,0.000127,0.060606
2401,moony,0.419862,100,0.004199,0.004199,0.000127,0.030303
2402,evangelise,0.419792,200,0.002099,0.003373,0.000127,0.060606
2403,lightheaded,0.419732,100,0.004197,0.004197,0.000127,0.030303
2404,cue,0.419667,200,0.002098,0.003372,0.000127,0.060606
2405,neophyte,0.419640,100,0.004196,0.004196,0.000127,0.030303
2406,talker,0.419447,200,0.002097,0.002518,0.000127,0.060606
2407,rattlebrained,0.419163,100,0.004192,0.004192,0.000127,0.030303
2408,overanxiety,0.418413,100,0.004184,0.004184,0.000127,0.030303
2409,dithyramb,0.418105,200,0.002091,0.003360,0.000127,0.060606
2410,restiveness,0.417871,100,0.004179,0.004179,0.000127,0.030303
2411,disconcertion,0.417841,100,0.004178,0.004178,0.000127,0.030303
2412,slang,0.417746,200,0.002089,0.003357,0.000127,0.060606
2413,levitation,0.417737,300,0.001392,0.002923,0.000127,0.090909
2414,nervous,0.417625,100,0.004176,0.004176,0.000127,0.030303
2415,disquietude,0.417509,100,0.004175,0.004175,0.000127,0.030303
2416,insane,0.417234,100,0.004172,0.004172,0.000126,0.030303
2417,lyricist,0.417139,200,0.002086,0.003352,0.000126,0.060606
2418,interposition,0.417131,100,0.004171,0.004171,0.000126,0.030303
2419,hexapod,0.416999,300,0.001390,0.002342,0.000126,0.090909
2420,chat,0.416927,200,0.002085,0.003350,0.000126,0.060606
2421,sleepwalking,0.416760,300,0.001389,0.002701,0.000126,0.090909
2422,dissymmetry,0.416459,100,0.004165,0.004165,0.000126,0.030303
2423,prater,0.415733,200,0.002079,0.002479,0.000126,0.060606
2424,wanter,0.415620,300,0.001385,0.002067,0.000126,0.090909
2425,duncish,0.415411,100,0.004154,0.004154,0.000126,0.030303
2426,extinguish,0.415263,100,0.004153,0.004153,0.000126,0.030303
2427,propose,0.414986,100,0.004150,0.004150,0.000126,0.030303
2428,solar,0.414598,100,0.004146,0.004146,0.000126,0.030303
2429,evacuation,0.414584,300,0.001382,0.002619,0.000126,0.090909
2430,impulse-buy,0.414525,100,0.004145,0.004145,0.000126,0.030303
2431,simplex,0.414037,100,0.004140,0.004140,0.000125,0.030303
2432,stupidity,0.413930,100,0.004139,0.004139,0.000125,0.030303
2433,anxiety,0.413913,100,0.004139,0.004139,0.000125,0.030303
2434,unashamed,0.413908,200,0.002070,0.002565,0.000125,0.060606
2435,headless,0.413783,100,0.004138,0.004138,0.000125,0.030303
2436,jumpy,0.413764,100,0.004138,0.004138,0.000125,0.030303
2437,worrying,0.413645,100,0.004136,0.004136,0.000125,0.030303
2438,speech,0.413348,200,0.002067,0.002500,0.000125,0.060606
2439,trustingness,0.413236,200,0.002066,0.003362,0.000125,0.060606
2440,symmetrise,0.413085,100,0.004131,0.004131,0.000125,0.030303
2441,emplace,0.413063,100,0.004131,0.004131,0.000125,0.030303
2442,dizzy,0.412581,100,0.004126,0.004126,0.000125,0.030303
2443,arise,0.412563,200,0.002063,0.003838,0.000125,0.060606
2444,fictional animal,0.412395,300,0.001375,0.002317,0.000125,0.090909
2445,non-standard speech,0.412243,200,0.002061,0.003313,0.000125,0.060606
2446,unintelligent,0.412149,100,0.004121,0.004121,0.000125,0.030303
2447,yearn,0.412138,300,0.001374,0.001967,0.000125,0.090909
2448,opprobrium,0.412068,200,0.002060,0.002553,0.000125,0.060606
2449,misgive,0.412063,100,0.004121,0.004121,0.000125,0.030303
2450,tete-a-tete,0.411505,200,0.002058,0.003307,0.000125,0.060606
2451,restive,0.411497,100,0.004115,0.004115,0.000125,0.030303
2452,appose,0.411488,100,0.004115,0.004115,0.000125,0.030303
2453,witless,0.411183,100,0.004112,0.004112,0.000125,0.030303
2454,sinking feeling,0.411156,100,0.004112,0.004112,0.000125,0.030303
2455,localisation,0.411139,100,0.004111,0.004111,0.000125,0.030303
2456,doltish,0.411124,100,0.004111,0.004111,0.000125,0.030303
2457,lumpish,0.411084,100,0.004111,0.004111,0.000125,0.030303
2458,trampler,0.411028,300,0.001370,0.002882,0.000125,0.090909
2459,thickheaded,0.410799,100,0.004108,0.004108,0.000124,0.030303
2460,dense,0.410682,100,0.004107,0.004107,0.000124,0.030303
2461,abortion,0.410475,100,0.004105,0.004105,0.000124,0.030303
2462,defroster,0.410445,100,0.004104,0.004104,0.000124,0.030303
2463,target language,0.410225,200,0.002051,0.003296,0.000124,0.060606
2464,duncical,0.410133,100,0.004101,0.004101,0.000124,0.030303
2465,prevalence,0.410128,200,0.002051,0.002950,0.000124,0.060606
2466,slow,0.410076,100,0.004101,0.004101,0.000124,0.030303
2467,hangdog,0.409858,200,0.002049,0.002540,0.000124,0.060606
2468,Evangelist,0.409850,200,0.002049,0.003293,0.000124,0.060606
2469,recommencement,0.409612,100,0.004096,0.004096,0.000124,0.030303
2470,niggle,0.409605,100,0.004096,0.004096,0.000124,0.030303
2471,perpetuation,0.409537,200,0.002048,0.002945,0.000124,0.060606
2472,followup,0.409498,100,0.004095,0.004095,0.000124,0.030303
2473,confused,0.409218,100,0.004092,0.004092,0.000124,0.030303
2474,location,0.409087,300,0.001364,0.002326,0.000124,0.090909
2475,dopey,0.409020,100,0.004090,0.004090,0.000124,0.030303
2476,worrier,0.408653,100,0.004087,0.004087,0.000124,0.030303
2477,implantation,0.408031,100,0.004080,0.004080,0.000124,0.030303
2478,hypochondriacal,0.408001,100,0.004080,0.004080,0.000124,0.030303
2479,jumpiness,0.407977,100,0.004080,0.004080,0.000124,0.030303
2480,nomenclature,0.407961,200,0.002040,0.003278,0.000124,0.060606
2481,frivolous,0.407855,100,0.004079,0.004079,0.000124,0.030303
2482,perseverance,0.407789,200,0.002039,0.002933,0.000124,0.060606
2483,whisperer,0.407631,200,0.002038,0.002275,0.000124,0.060606
2484,thaw,0.407550,100,0.004075,0.004075,0.000123,0.030303
2485,nitwitted,0.407497,100,0.004075,0.004075,0.000123,0.030303
2486,dopy,0.407042,100,0.004070,0.004070,0.000123,0.030303
2487,presence,0.406827,300,0.001356,0.002249,0.000123,0.090909
2488,loggerheaded,0.406767,100,0.004068,0.004068,0.000123,0.030303
2489,mathematical space,0.406632,100,0.004066,0.004066,0.000123,0.030303
2490,verbalizer,0.406525,200,0.002033,0.002541,0.000123,0.060606
2491,acquiring,0.406177,200,0.002031,0.003527,0.000123,0.060606
2492,wink,0.406114,300,0.001354,0.002811,0.000123,0.090909
2493,hold on,0.405921,200,0.002030,0.002919,0.000123,0.060606
2494,abstract,0.405859,100,0.004059,0.004059,0.000123,0.030303
2495,hunter,0.405757,200,0.002029,0.003524,0.000123,0.060606
2496,vacuous,0.405652,100,0.004057,0.004057,0.000123,0.030303
2497,interviewee,0.405476,200,0.002027,0.002396,0.000123,0.060606
2498,pother,0.405394,100,0.004054,0.004054,0.000123,0.030303
2499,angular,0.405249,100,0.004052,0.004052,0.000123,0.030303
2500,asinine,0.405069,100,0.004051,0.004051,0.000123,0.030303
2501,slate,0.404963,100,0.004050,0.004050,0.000123,0.030303
2502,ranting,0.404577,200,0.002023,0.002552,0.000123,0.060606
2503,nag,0.404566,100,0.004046,0.004046,0.000123,0.030303
2504,configuration,0.404523,100,0.004045,0.004045,0.000123,0.030303
2505,Austronesian,0.404453,200,0.002022,0.003250,0.000123,0.060606
2506,planting,0.404237,100,0.004042,0.004042,0.000122,0.030303
2507,verbalization,0.404202,200,0.002021,0.002472,0.000122,0.060606
2508,vocalizing,0.404143,200,0.002021,0.002501,0.000122,0.060606
2509,blockheaded,0.403694,100,0.004037,0.004037,0.000122,0.030303
2510,base,0.403679,100,0.004037,0.004037,0.000122,0.030303
2511,hypochondria,0.403675,100,0.004037,0.004037,0.000122,0.030303
2512,go game,0.403646,100,0.004036,0.004036,0.000122,0.030303
2513,interrupter,0.403630,100,0.004036,0.004036,0.000122,0.030303
2514,obsessive,0.403528,100,0.004035,0.004035,0.000122,0.030303
2515,desire,0.403483,100,0.004035,0.004035,0.000122,0.030303
2516,hypochondriasis,0.403372,100,0.004034,0.004034,0.000122,0.030303
2517,thick-skulled,0.403298,100,0.004033,0.004033,0.000122,0.030303
2518,shouter,0.402660,200,0.002013,0.002364,0.000122,0.060606
2519,lumpen,0.402564,100,0.004026,0.004026,0.000122,0.030303
2520,stay together,0.402482,200,0.002012,0.002895,0.000122,0.060606
2521,feed,0.402353,200,0.002012,0.002978,0.000122,0.060606
2522,misgiving,0.402348,100,0.004023,0.004023,0.000122,0.030303
2523,featherbrained,0.402264,100,0.004023,0.004023,0.000122,0.030303
2524,soft-witted,0.402073,100,0.004021,0.004021,0.000122,0.030303
2525,jitteriness,0.402045,100,0.004020,0.004020,0.000122,0.030303
2526,angst,0.402009,100,0.004020,0.004020,0.000122,0.030303
2527,fond,0.401709,100,0.004017,0.004017,0.000122,0.030303
2528,simpleness,0.401641,100,0.004016,0.004016,0.000122,0.030303
2529,walkabout,0.401356,300,0.001338,0.002762,0.000122,0.090909
2530,empty-headed,0.401341,100,0.004013,0.004013,0.000122,0.030303
2531,perseveration,0.401324,200,0.002007,0.002886,0.000122,0.060606
2532,eager,0.401295,100,0.004013,0.004013,0.000122,0.030303
2533,ridiculous,0.401164,100,0.004012,0.004012,0.000122,0.030303
2534,rave,0.400828,200,0.002004,0.002461,0.000121,0.060606
2535,brainless,0.400799,100,0.004008,0.004008,0.000121,0.030303
2536,goose,0.400747,100,0.004007,0.004007,0.000121,0.030303
2537,scatterbrained,0.400656,100,0.004007,0.004007,0.000121,0.030303
2538,resumption,0.400536,200,0.002003,0.002881,0.000121,0.060606
2539,melt down,0.400355,100,0.004004,0.004004,0.000121,0.030303
2540,benefit,0.399965,200,0.002000,0.003473,0.000121,0.060606
2541,jabberer,0.399827,200,0.001999,0.002450,0.000121,0.060606
2542,appreciate,0.399786,300,0.001333,0.002123,0.000121,0.090909
2543,discomfiture,0.399531,100,0.003995,0.003995,0.000121,0.030303
2544,monologue,0.399448,200,0.001997,0.002397,0.000121,0.060606
2545,equate,0.399319,300,0.001331,0.002007,0.000121,0.090909
2546,talking,0.399250,200,0.001996,0.002371,0.000121,0.060606
2547,obtuse,0.399050,100,0.003990,0.003990,0.000121,0.030303
2548,conversation,0.398343,200,0.001992,0.003201,0.000121,0.060606
2549,entr'acte,0.398210,400,0.000996,0.001580,0.000121,0.121212
2550,deice,0.398161,100,0.003982,0.003982,0.000121,0.030303
2551,dimensional,0.398088,100,0.003981,0.003981,0.000121,0.030303
2552,effortlessness,0.397929,100,0.003979,0.003979,0.000121,0.030303
2553,boneheaded,0.397500,100,0.003975,0.003975,0.000120,0.030303
2554,hunting,0.397276,200,0.001986,0.003450,0.000120,0.060606
2555,yeller,0.396788,200,0.001984,0.002374,0.000120,0.060606
2556,trapper,0.396713,200,0.001984,0.003445,0.000120,0.060606
2557,imbalance,0.396662,100,0.003967,0.003967,0.000120,0.030303
2558,lyric,0.396483,200,0.001982,0.003186,0.000120,0.060606
2559,map out,0.396479,100,0.003965,0.003965,0.000120,0.030303
2560,torment,0.396335,200,0.001982,0.003077,0.000120,0.060606
2561,silly,0.396097,100,0.003961,0.003961,0.000120,0.030303
2562,yap away,0.396001,200,0.001980,0.002272,0.000120,0.060606
2563,foolish,0.395889,100,0.003959,0.003959,0.000120,0.030303
2564,procurer,0.395846,200,0.001979,0.003438,0.000120,0.060606
2565,orator,0.395754,200,0.001979,0.002401,0.000120,0.060606
2566,mumbler,0.395661,200,0.001978,0.002297,0.000120,0.060606
2567,wooden-headed,0.395595,100,0.003956,0.003956,0.000120,0.030303
2568,dumb,0.395501,100,0.003955,0.003955,0.000120,0.030303
2569,preach,0.395455,200,0.001977,0.003178,0.000120,0.060606
2570,queasiness,0.395279,100,0.003953,0.003953,0.000120,0.030303
2571,obtainment,0.394972,200,0.001975,0.003430,0.000120,0.060606
2572,potable,0.394904,100,0.003949,0.003949,0.000120,0.030303
2573,chatty,0.394648,200,0.001973,0.003171,0.000120,0.060606
2574,talkative,0.394535,200,0.001973,0.002215,0.000120,0.060606
2575,root,0.394390,100,0.003944,0.003944,0.000120,0.030303
2576,hollering,0.394223,200,0.001971,0.002256,0.000119,0.060606
2577,unfreeze,0.394216,100,0.003942,0.003942,0.000119,0.030303
2578,echo sounding,0.394109,100,0.003941,0.003941,0.000119,0.030303
2579,lubberly,0.394069,100,0.003941,0.003941,0.000119,0.030303
2580,juxtapose,0.394051,100,0.003941,0.003941,0.000119,0.030303
2581,goosy,0.393622,100,0.003936,0.003936,0.000119,0.030303
2582,misguided,0.393577,100,0.003936,0.003936,0.000119,0.030303
2583,inane,0.393563,100,0.003936,0.003936,0.000119,0.030303
2584,dull,0.393511,100,0.003935,0.003935,0.000119,0.030303
2585,come by,0.393425,200,0.001967,0.003417,0.000119,0.060606
2586,finger,0.393410,100,0.003934,0.003934,0.000119,0.030303
2587,giddy,0.393286,100,0.003933,0.003933,0.000119,0.030303
2588,stalk,0.393259,300,0.001311,0.002521,0.000119,0.090909
2589,qualm,0.393144,100,0.003931,0.003931,0.000119,0.030303
2590,level,0.393034,200,0.001965,0.002504,0.000119,0.060606
2591,nakedness,0.392606,100,0.003926,0.003926,0.000119,0.030303
2592,discontent,0.392132,100,0.003921,0.003921,0.000119,0.030303
2593,slaphappy,0.392106,100,0.003921,0.003921,0.000119,0.030303
2594,verbalise,0.391995,200,0.001960,0.002322,0.000119,0.060606
2595,evening,0.391960,100,0.003920,0.003920,0.000119,0.030303
2596,mussitate,0.391629,200,0.001958,0.002332,0.000119,0.060606
2597,matter,0.391456,200,0.001957,0.001978,0.000119,0.060606
2598,unassisted,0.391429,100,0.003914,0.003914,0.000119,0.030303
2599,idiotic,0.391397,100,0.003914,0.003914,0.000119,0.030303
2600,lift up,0.391369,100,0.003914,0.003914,0.000119,0.030303
2601,hike up,0.391366,100,0.003914,0.003914,0.000119,0.030303
2602,intonation,0.391320,200,0.001957,0.002343,0.000119,0.060606
2603,sake,0.391220,100,0.003912,0.003912,0.000119,0.030303
2604,simplicity,0.391130,100,0.003911,0.003911,0.000119,0.030303
2605,slur,0.391120,200,0.001956,0.002314,0.000119,0.060606
2606,engineer,0.390896,300,0.001303,0.002054,0.000118,0.090909
2607,compact,0.390576,300,0.001302,0.002149,0.000118,0.090909
2608,die hard,0.390365,200,0.001952,0.002807,0.000118,0.060606
2609,nonsensical,0.390342,100,0.003903,0.003903,0.000118,0.030303
2610,unhurried,0.390313,100,0.003903,0.003903,0.000118,0.030303
2611,winnings,0.390282,200,0.001951,0.003389,0.000118,0.060606
2612,yokel-like,0.390233,100,0.003902,0.003902,0.000118,0.030303
2613,wacky,0.389959,100,0.003900,0.003900,0.000118,0.030303
2614,unprotected,0.389898,100,0.003899,0.003899,0.000118,0.030303
2615,obtain,0.389751,200,0.001949,0.003385,0.000118,0.060606
2616,dither,0.389639,100,0.003896,0.003896,0.000118,0.030303
2617,jinx,0.389596,200,0.001948,0.003131,0.000118,0.060606
2618,sleep off,0.389527,100,0.003895,0.003895,0.000118,0.030303
2619,stammerer,0.389455,200,0.001947,0.002334,0.000118,0.060606
2620,designate,0.389355,100,0.003894,0.003894,0.000118,0.030303
2621,enthuse,0.389330,200,0.001947,0.002294,0.000118,0.060606
2622,axiomatic,0.389252,200,0.001946,0.003128,0.000118,0.060606
2623,disesteem,0.389185,100,0.003892,0.003892,0.000118,0.030303
2624,corrupt,0.388830,100,0.003888,0.003888,0.000118,0.030303
2625,cheery,0.388715,100,0.003887,0.003887,0.000118,0.030303
2626,faith,0.388355,200,0.001942,0.003160,0.000118,0.060606
2627,relate,0.388216,300,0.001294,0.002309,0.000118,0.090909
2628,casual,0.388213,100,0.003882,0.003882,0.000118,0.030303
2629,eat on,0.388155,100,0.003882,0.003882,0.000118,0.030303
2630,vocalization,0.387899,200,0.001939,0.002289,0.000118,0.060606
2631,verbalize,0.387813,200,0.001939,0.002505,0.000118,0.060606
2632,whiner,0.387655,200,0.001938,0.002221,0.000117,0.060606
2633,fingering,0.387534,100,0.003875,0.003875,0.000117,0.030303
2634,ink,0.387514,100,0.003875,0.003875,0.000117,0.030303
2635,susurration,0.387281,200,0.001936,0.002160,0.000117,0.060606
2636,mutterer,0.387149,200,0.001936,0.002388,0.000117,0.060606
2637,spout,0.387116,200,0.001936,0.002295,0.000117,0.060606
2638,derisory,0.387101,100,0.003871,0.003871,0.000117,0.030303
2639,make-up,0.386811,200,0.001934,0.003359,0.000117,0.060606
2640,idiolect,0.386803,200,0.001934,0.003108,0.000117,0.060606
2641,crack-up,0.386725,100,0.003867,0.003867,0.000117,0.030303
2642,shopping,0.386657,200,0.001933,0.003358,0.000117,0.060606
2643,accentuate,0.386485,200,0.001932,0.003106,0.000117,0.060606
2644,easygoing,0.386399,100,0.003864,0.003864,0.000117,0.030303
2645,love,0.386383,300,0.001288,0.001938,0.000117,0.090909
2646,singer,0.386314,200,0.001932,0.002309,0.000117,0.060606
2647,yen,0.386270,100,0.003863,0.003863,0.000117,0.030303
2648,capturer,0.386268,200,0.001931,0.003354,0.000117,0.060606
2649,edginess,0.386032,100,0.003860,0.003860,0.000117,0.030303
2650,localize,0.385947,100,0.003859,0.003859,0.000117,0.030303
2651,partaker,0.385786,200,0.001929,0.003350,0.000117,0.060606
2652,obsession,0.385771,100,0.003858,0.003858,0.000117,0.030303
2653,acquirable,0.385306,200,0.001927,0.003346,0.000117,0.060606
2654,harebrained,0.385113,100,0.003851,0.003851,0.000117,0.030303
2655,locate,0.384959,100,0.003850,0.003850,0.000117,0.030303
2656,scrupulous,0.384869,100,0.003849,0.003849,0.000117,0.030303
2657,fancy,0.384705,100,0.003847,0.003847,0.000117,0.030303
2658,queasy,0.384199,100,0.003842,0.003842,0.000116,0.030303
2659,gooselike,0.384172,100,0.003842,0.003842,0.000116,0.030303
2660,obtention,0.384163,200,0.001921,0.003336,0.000116,0.060606
2661,snarer,0.383939,200,0.001920,0.003334,0.000116,0.060606
2662,sole,0.383892,100,0.003839,0.003839,0.000116,0.030303
2663,mortal,0.383829,200,0.001919,0.001940,0.000116,0.060606
2664,ambiguous,0.383794,200,0.001919,0.003084,0.000116,0.060606
2665,wring from,0.383652,200,0.001918,0.003332,0.000116,0.060606
2666,repossess,0.383463,200,0.001917,0.003330,0.000116,0.060606
2667,stand up,0.383395,100,0.003834,0.003834,0.000116,0.030303
2668,topological space,0.383349,100,0.003833,0.003833,0.000116,0.030303
2669,snow-blind,0.382851,100,0.003829,0.003829,0.000116,0.030303
2670,puzzle,0.382807,300,0.001276,0.002196,0.000116,0.090909
2671,erect,0.382758,100,0.003828,0.003828,0.000116,0.030303
2672,placement,0.382476,100,0.003825,0.003825,0.000116,0.030303
2673,fatuous,0.382192,100,0.003822,0.003822,0.000116,0.030303
2674,public speaking,0.382148,200,0.001911,0.003071,0.000116,0.060606
2675,regular,0.382147,100,0.003821,0.003821,0.000116,0.030303
2676,obsess,0.382078,100,0.003821,0.003821,0.000116,0.030303
2677,run up,0.382022,100,0.003820,0.003820,0.000116,0.030303
2678,local,0.381846,400,0.000955,0.001515,0.000116,0.121212
2679,long,0.381697,300,0.001272,0.001868,0.000116,0.090909
2680,adventure,0.381258,200,0.001906,0.001927,0.000116,0.060606
2681,disperse,0.381248,100,0.003812,0.003812,0.000116,0.030303
2682,filter,0.381212,100,0.003812,0.003812,0.000116,0.030303
2683,good-humoredness,0.381187,100,0.003812,0.003812,0.000116,0.030303
2684,homiletic,0.381082,200,0.001905,0.003062,0.000115,0.060606
2685,secure,0.380995,200,0.001905,0.003309,0.000115,0.060606
2686,equal,0.380987,300,0.001270,0.001774,0.000115,0.090909
2687,bag,0.380960,200,0.001905,0.003308,0.000115,0.060606
2688,hoodoo,0.380876,200,0.001904,0.001925,0.000115,0.060606
2689,foolishness,0.380809,100,0.003808,0.003808,0.000115,0.030303
2690,here,0.380750,300,0.001269,0.001925,0.000115,0.090909
2691,syntagmatic,0.380253,200,0.001901,0.003056,0.000115,0.060606
2692,lip off,0.379903,200,0.001900,0.002295,0.000115,0.060606
2693,interview,0.379869,200,0.001899,0.002601,0.000115,0.060606
2694,profiteer,0.379622,300,0.001265,0.002419,0.000115,0.090909
2695,symmetry,0.379233,100,0.003792,0.003792,0.000115,0.030303
2696,confabulate,0.379199,200,0.001896,0.003047,0.000115,0.060606
2697,dope,0.378905,100,0.003789,0.003789,0.000115,0.030303
2698,troubled,0.378904,100,0.003789,0.003789,0.000115,0.030303
2699,receiver,0.378744,200,0.001894,0.003289,0.000115,0.060606
2700,sift,0.378672,300,0.001262,0.002117,0.000115,0.090909
2701,realise,0.378550,300,0.001262,0.002125,0.000115,0.090909
2702,fatheaded,0.378522,100,0.003785,0.003785,0.000115,0.030303
2703,roaring,0.378372,200,0.001892,0.002106,0.000115,0.060606
2704,masher,0.378367,200,0.001892,0.002163,0.000115,0.060606
2705,study,0.378357,100,0.003784,0.003784,0.000115,0.030303
2706,leisureliness,0.378192,100,0.003782,0.003782,0.000115,0.030303
2707,hissing,0.377995,200,0.001890,0.002321,0.000115,0.060606
2708,muttering,0.377946,200,0.001890,0.002215,0.000115,0.060606
2709,silliness,0.377763,100,0.003778,0.003778,0.000114,0.030303
2710,tattle,0.377648,200,0.001888,0.002282,0.000114,0.060606
2711,inherent,0.377478,300,0.001258,0.002064,0.000114,0.090909
2712,procurance,0.377430,200,0.001887,0.003278,0.000114,0.060606
2713,mumbling,0.377336,200,0.001887,0.002243,0.000114,0.060606
2714,defenselessness,0.377215,100,0.003772,0.003772,0.000114,0.030303
2715,riser,0.377083,100,0.003771,0.003771,0.000114,0.030303
2716,sustainable,0.377011,200,0.001885,0.002711,0.000114,0.060606
2717,airheaded,0.376739,100,0.003767,0.003767,0.000114,0.030303
2718,paragraph,0.376699,100,0.003767,0.003767,0.000114,0.030303
2719,screamer,0.376608,200,0.001883,0.002118,0.000114,0.060606
2720,singing,0.376528,200,0.001883,0.002297,0.000114,0.060606
2721,stance,0.376498,300,0.001255,0.001894,0.000114,0.090909
2722,jack up,0.376442,100,0.003764,0.003764,0.000114,0.030303
2723,format,0.376409,100,0.003764,0.003764,0.000114,0.030303
2724,speak up,0.376190,200,0.001881,0.002105,0.000114,0.060606
2725,sneeze,0.376034,300,0.001253,0.002604,0.000114,0.090909
2726,goofy,0.375926,100,0.003759,0.003759,0.000114,0.030303
2727,cadge,0.375750,200,0.001879,0.003263,0.000114,0.060606
2728,feeler,0.375741,200,0.001879,0.003263,0.000114,0.060606
2729,reception,0.375714,200,0.001879,0.003263,0.000114,0.060606
2730,open up,0.375704,200,0.001879,0.002103,0.000114,0.060606
2731,hum,0.375501,200,0.001878,0.001898,0.000114,0.060606
2732,graduate,0.375207,200,0.001876,0.003258,0.000114,0.060606
2733,rambler,0.375137,300,0.001250,0.002397,0.000114,0.090909
2734,kick up,0.375121,100,0.003751,0.003751,0.000114,0.030303
2735,stutterer,0.375025,200,0.001875,0.002248,0.000114,0.060606
2736,trice,0.374910,100,0.003749,0.003749,0.000114,0.030303
2737,intervention,0.374812,100,0.003748,0.003748,0.000114,0.030303
2738,regain,0.374494,200,0.001872,0.003252,0.000113,0.060606
2739,utterance,0.374253,200,0.001871,0.002154,0.000113,0.060606
2740,isolate,0.374247,200,0.001871,0.003250,0.000113,0.060606
2741,centre,0.373901,300,0.001246,0.002206,0.000113,0.090909
2742,disinterment,0.373687,200,0.001868,0.003245,0.000113,0.060606
2743,cockamamie,0.373321,100,0.003733,0.003733,0.000113,0.030303
2744,misplace,0.373212,100,0.003732,0.003732,0.000113,0.030303
2745,giddiness,0.372834,100,0.003728,0.003728,0.000113,0.030303
2746,quip,0.372434,200,0.001862,0.002993,0.000113,0.060606
2747,immanent,0.372268,300,0.001241,0.002160,0.000113,0.090909
2748,reader,0.372246,200,0.001861,0.002253,0.000113,0.060606
2749,prattler,0.372126,200,0.001861,0.002181,0.000113,0.060606
2750,patentee,0.371813,200,0.001859,0.003229,0.000113,0.060606
2751,aviation,0.370935,100,0.003709,0.003709,0.000112,0.030303
2752,thirst,0.370479,100,0.003705,0.003705,0.000112,0.030303
2753,overt,0.370451,100,0.003705,0.003705,0.000112,0.030303
2754,filibuster,0.369670,200,0.001848,0.002291,0.000112,0.060606
2755,philosophy,0.369579,300,0.001232,0.002051,0.000112,0.090909
2756,recess,0.369464,100,0.003695,0.003695,0.000112,0.030303
2757,bay,0.369054,200,0.001845,0.002194,0.000112,0.060606
2758,ranter,0.369034,200,0.001845,0.002185,0.000112,0.060606
2759,grab,0.369026,200,0.001845,0.003205,0.000112,0.060606
2760,enter upon,0.368796,200,0.001844,0.003203,0.000112,0.060606
2761,divide,0.368645,300,0.001229,0.001849,0.000112,0.090909
2762,treasure,0.368463,100,0.003685,0.003685,0.000112,0.030303
2763,diploid,0.368394,200,0.001842,0.001862,0.000112,0.060606
2764,emulate,0.368283,300,0.001228,0.001656,0.000112,0.090909
2765,modulate,0.367930,200,0.001840,0.001989,0.000111,0.060606
2766,ambition,0.367777,100,0.003678,0.003678,0.000111,0.030303
2767,cheerfulness,0.367672,100,0.003677,0.003677,0.000111,0.030303
2768,jabbering,0.367555,200,0.001838,0.002041,0.000111,0.060606
2769,grace,0.367401,200,0.001837,0.001857,0.000111,0.060606
2770,get back,0.366574,200,0.001833,0.003183,0.000111,0.060606
2771,hunt,0.366553,200,0.001833,0.003183,0.000111,0.060606
2772,winning,0.366330,200,0.001832,0.003181,0.000111,0.060606
2773,grub,0.366230,200,0.001831,0.003180,0.000111,0.060606
2774,phonation,0.366209,200,0.001831,0.001955,0.000111,0.060606
2775,good-temperedness,0.366169,100,0.003662,0.003662,0.000111,0.030303
2776,stub out,0.365855,100,0.003659,0.003659,0.000111,0.030303
2777,irregular,0.365631,100,0.003656,0.003656,0.000111,0.030303
2778,mechanical energy,0.365445,100,0.003654,0.003654,0.000111,0.030303
2779,claw,0.365331,100,0.003653,0.003653,0.000111,0.030303
2780,total,0.364917,200,0.001825,0.001844,0.000111,0.060606
2781,oil cartel,0.364901,200,0.001825,0.002969,0.000111,0.060606
2782,renter,0.364755,200,0.001824,0.003168,0.000111,0.060606
2783,babyhood,0.364441,300,0.001215,0.001559,0.000110,0.090909
2784,dysphemistic,0.364314,200,0.001822,0.002928,0.000110,0.060606
2785,laughable,0.364309,100,0.003643,0.003643,0.000110,0.030303
2786,crossbreed,0.364304,200,0.001822,0.001841,0.000110,0.060606
2787,quest,0.364302,300,0.001214,0.001681,0.000110,0.090909
2788,vanish,0.364255,300,0.001214,0.001591,0.000110,0.090909
2789,trap,0.364122,200,0.001821,0.003162,0.000110,0.060606
2790,irrationality,0.363872,100,0.003639,0.003639,0.000110,0.030303
2791,unreasonable,0.363801,100,0.003638,0.003638,0.000110,0.030303
2792,discontinue,0.363771,200,0.001819,0.002616,0.000110,0.060606
2793,take the floor,0.363720,100,0.003637,0.003637,0.000110,0.030303
2794,hire,0.363638,200,0.001818,0.003158,0.000110,0.060606
2795,roarer,0.363161,200,0.001816,0.002060,0.000110,0.060606
2796,pan,0.362914,300,0.001210,0.001962,0.000110,0.090909
2797,resume,0.362635,200,0.001813,0.002608,0.000110,0.060606
2798,rasping,0.362609,200,0.001813,0.002004,0.000110,0.060606
2799,bombard,0.362531,200,0.001813,0.002913,0.000110,0.060606
2800,sibilate,0.362441,200,0.001812,0.002055,0.000110,0.060606
2801,inhere,0.362325,300,0.001208,0.001880,0.000110,0.090909
2802,heel,0.362211,300,0.001207,0.002081,0.000110,0.090909
2803,quaver,0.361857,200,0.001809,0.001933,0.000110,0.060606
2804,ill-conceived,0.361555,100,0.003616,0.003616,0.000110,0.030303
2805,cheerful,0.361389,100,0.003614,0.003614,0.000110,0.030303
2806,shoot one's mouth off,0.361362,200,0.001807,0.002171,0.000110,0.060606
2807,anatomical,0.361278,200,0.001806,0.002903,0.000109,0.060606
2808,whacky,0.361192,100,0.003612,0.003612,0.000109,0.030303
2809,symmetric,0.360787,100,0.003608,0.003608,0.000109,0.030303
2810,borrower,0.360599,200,0.001803,0.003132,0.000109,0.060606
2811,whiteout,0.360031,100,0.003600,0.003600,0.000109,0.030303
2812,wish,0.359916,100,0.003599,0.003599,0.000109,0.030303
2813,footstep,0.359738,100,0.003597,0.003597,0.000109,0.030303
2814,flirtation,0.359668,200,0.001798,0.002190,0.000109,0.060606
2815,good-tempered,0.359318,100,0.003593,0.003593,0.000109,0.030303
2816,ludicrous,0.359238,100,0.003592,0.003592,0.000109,0.030303
2817,pes,0.359161,100,0.003592,0.003592,0.000109,0.030303
2818,easiness,0.358982,100,0.003590,0.003590,0.000109,0.030303
2819,translation,0.358657,400,0.000897,0.000989,0.000109,0.121212
2820,cockeyed,0.358420,100,0.003584,0.003584,0.000109,0.030303
2821,standing,0.358093,400,0.000895,0.001001,0.000109,0.121212
2822,trice up,0.357668,100,0.003577,0.003577,0.000108,0.030303
2823,dying,0.357623,100,0.003576,0.003576,0.000108,0.030303
2824,unjustified,0.357599,100,0.003576,0.003576,0.000108,0.030303
2825,do,0.357253,400,0.000893,0.001014,0.000108,0.121212
2826,yack away,0.357232,200,0.001786,0.001969,0.000108,0.060606
2827,gait,0.357214,100,0.003572,0.003572,0.000108,0.030303
2828,adoption,0.356875,200,0.001784,0.003099,0.000108,0.060606
2829,yodeling,0.356535,200,0.001783,0.001980,0.000108,0.060606
2830,graduation,0.356356,200,0.001782,0.003095,0.000108,0.060606
2831,gossiper,0.356350,200,0.001782,0.002057,0.000108,0.060606
2832,relation,0.356315,300,0.001188,0.001820,0.000108,0.090909
2833,splinter,0.356290,100,0.003563,0.003563,0.000108,0.030303
2834,Department of Energy,0.355934,100,0.003559,0.003559,0.000108,0.030303
2835,shopper,0.355847,200,0.001779,0.003090,0.000108,0.060606
2836,implant,0.355249,100,0.003552,0.003552,0.000108,0.030303
2837,undue,0.355058,100,0.003551,0.003551,0.000108,0.030303
2838,chin,0.355042,100,0.003550,0.003550,0.000108,0.030303
2839,yodel,0.354876,200,0.001774,0.001978,0.000108,0.060606
2840,exceed,0.354864,100,0.003549,0.003549,0.000108,0.030303
2841,yell,0.354795,200,0.001774,0.001926,0.000108,0.060606
2842,speechifier,0.354793,200,0.001774,0.002148,0.000108,0.060606
2843,speechify,0.354664,200,0.001773,0.002850,0.000107,0.060606
2844,buying,0.354643,200,0.001773,0.003080,0.000107,0.060606
2845,superstratum,0.354425,200,0.001772,0.002848,0.000107,0.060606
2846,naked,0.354309,100,0.003543,0.003543,0.000107,0.030303
2847,teethe,0.354131,200,0.001771,0.003075,0.000107,0.060606
2848,excessive,0.353843,100,0.003538,0.003538,0.000107,0.030303
2849,animal foot,0.352473,100,0.003525,0.003525,0.000107,0.030303
2850,rental,0.352233,200,0.001761,0.003059,0.000107,0.060606
2851,recoverer,0.352115,200,0.001761,0.003058,0.000107,0.060606
2852,excavate,0.351691,200,0.001758,0.003054,0.000107,0.060606
2853,hindfoot,0.351676,100,0.003517,0.003517,0.000107,0.030303
2854,give-and-take,0.351537,200,0.001758,0.002825,0.000107,0.060606
2855,excessiveness,0.351337,100,0.003513,0.003513,0.000106,0.030303
2856,bribable,0.351226,100,0.003512,0.003512,0.000106,0.030303
2857,frog,0.351207,200,0.001756,0.003050,0.000106,0.060606
2858,good-humoured,0.351145,100,0.003511,0.003511,0.000106,0.030303
2859,trot,0.351136,100,0.003511,0.003511,0.000106,0.030303
2860,untenable,0.351067,100,0.003511,0.003511,0.000106,0.030303
2861,augury,0.351018,100,0.003510,0.003510,0.000106,0.030303
2862,linguistic string,0.350945,200,0.001755,0.002820,0.000106,0.060606
2863,indefensible,0.350944,100,0.003509,0.003509,0.000106,0.030303
2864,sing,0.350747,200,0.001754,0.002059,0.000106,0.060606
2865,subject,0.350649,200,0.001753,0.001772,0.000106,0.060606
2866,securer,0.350604,200,0.001753,0.003045,0.000106,0.060606
2867,hoof,0.350564,100,0.003506,0.003506,0.000106,0.030303
2868,exhumation,0.350513,200,0.001753,0.003044,0.000106,0.060606
2869,obtainable,0.350229,200,0.001751,0.003041,0.000106,0.060606
2870,itch,0.350060,100,0.003501,0.003501,0.000106,0.030303
2871,ubiquitous,0.349968,300,0.001167,0.001858,0.000106,0.090909
2872,clone,0.349912,200,0.001750,0.001768,0.000106,0.060606
2873,wade,0.349716,100,0.003497,0.003497,0.000106,0.030303
2874,hiking,0.349714,100,0.003497,0.003497,0.000106,0.030303
2875,fork,0.349377,300,0.001165,0.002106,0.000106,0.090909
2876,noctambulist,0.349338,100,0.003493,0.003493,0.000106,0.030303
2877,sidestep,0.349262,100,0.003493,0.003493,0.000106,0.030303
2878,sound,0.349235,100,0.003492,0.003492,0.000106,0.030303
2879,magic spell,0.348748,200,0.001744,0.002802,0.000106,0.060606
2880,rattle on,0.348680,200,0.001743,0.002066,0.000106,0.060606
2881,amount,0.348587,200,0.001743,0.001762,0.000106,0.060606
2882,excoriate,0.348579,100,0.003486,0.003486,0.000106,0.030303
2883,native,0.348524,200,0.001743,0.001761,0.000106,0.060606
2884,lightheadedness,0.348209,100,0.003482,0.003482,0.000106,0.030303
2885,childhood,0.348170,300,0.001161,0.001463,0.000106,0.090909
2886,stopover,0.348076,200,0.001740,0.002503,0.000105,0.060606
2887,unreason,0.347910,100,0.003479,0.003479,0.000105,0.030303
2888,light-headed,0.347868,100,0.003479,0.003479,0.000105,0.030303
2889,disband,0.347800,100,0.003478,0.003478,0.000105,0.030303
2890,last mile,0.347711,100,0.003477,0.003477,0.000105,0.030303
2891,disbandment,0.347658,100,0.003477,0.003477,0.000105,0.030303
2892,anserine,0.347637,100,0.003476,0.003476,0.000105,0.030303
2893,lust,0.347634,100,0.003476,0.003476,0.000105,0.030303
2894,leisurely,0.347551,100,0.003476,0.003476,0.000105,0.030303
2895,final cause,0.347500,100,0.003475,0.003475,0.000105,0.030303
2896,walk-through,0.347486,100,0.003475,0.003475,0.000105,0.030303
2897,generalise,0.347355,200,0.001737,0.002028,0.000105,0.060606
2898,cockamamy,0.347295,100,0.003473,0.003473,0.000105,0.030303
2899,sliver,0.347181,100,0.003472,0.003472,0.000105,0.030303
2900,proverbial,0.346932,200,0.001735,0.002788,0.000105,0.060606
2901,spouter,0.346924,200,0.001735,0.002050,0.000105,0.060606
2902,stem,0.346508,100,0.003465,0.003465,0.000105,0.030303
2903,excoriation,0.346398,100,0.003464,0.003464,0.000105,0.030303
2904,preposterous,0.346325,100,0.003463,0.003463,0.000105,0.030303
2905,puzzlement,0.346244,300,0.001154,0.001450,0.000105,0.090909
2906,gulping,0.346181,200,0.001731,0.001750,0.000105,0.060606
2907,snag,0.346045,200,0.001730,0.003005,0.000105,0.060606
2908,talk down,0.345787,200,0.001729,0.001954,0.000105,0.060606
2909,bird's foot,0.345597,100,0.003456,0.003456,0.000105,0.030303
2910,unwarranted,0.345041,100,0.003450,0.003450,0.000105,0.030303
2911,trotter,0.344968,100,0.003450,0.003450,0.000105,0.030303
2912,procural,0.344727,200,0.001724,0.002994,0.000104,0.060606
2913,menace,0.344424,200,0.001722,0.001741,0.000104,0.060606
2914,separation,0.344082,300,0.001147,0.001874,0.000104,0.090909
2915,recovery,0.343982,200,0.001720,0.002987,0.000104,0.060606
2916,koine,0.343936,200,0.001720,0.002764,0.000104,0.060606
2917,scald,0.343775,100,0.003438,0.003438,0.000104,0.030303
2918,succeed,0.343638,300,0.001145,0.001358,0.000104,0.090909
2919,throw,0.343532,400,0.000859,0.000922,0.000104,0.121212
2920,inheritor,0.343182,200,0.001716,0.002980,0.000104,0.060606
2921,immune response,0.343161,100,0.003432,0.003432,0.000104,0.030303
2922,raving,0.342951,200,0.001715,0.001979,0.000104,0.060606
2923,stab,0.342715,100,0.003427,0.003427,0.000104,0.030303
2924,Sunday,0.342532,100,0.003425,0.003425,0.000104,0.030303
2925,susurrant,0.342297,200,0.001711,0.001734,0.000104,0.060606
2926,whiplash,0.342238,100,0.003422,0.003422,0.000104,0.030303
2927,swallow,0.342123,200,0.001711,0.002012,0.000104,0.060606
2928,acquisitive,0.342075,200,0.001710,0.002971,0.000104,0.060606
2929,whiplash injury,0.341655,100,0.003417,0.003417,0.000104,0.030303
2930,forefoot,0.341625,100,0.003416,0.003416,0.000104,0.030303
2931,copyright,0.341600,200,0.001708,0.002967,0.000104,0.060606
2932,peril,0.341030,200,0.001705,0.001724,0.000103,0.060606
2933,reasonless,0.340553,100,0.003406,0.003406,0.000103,0.030303
2934,phase space,0.340547,100,0.003405,0.003405,0.000103,0.030303
2935,postmortal,0.340389,200,0.001702,0.002735,0.000103,0.060606
2936,get into,0.340302,200,0.001702,0.002955,0.000103,0.060606
2937,kill,0.339348,200,0.001697,0.001715,0.000103,0.060606
2938,gibber,0.339300,200,0.001696,0.001933,0.000103,0.060606
2939,twig,0.339135,100,0.003391,0.003391,0.000103,0.030303
2940,haemorrhagic,0.338763,100,0.003388,0.003388,0.000103,0.030303
2941,abrade,0.338637,100,0.003386,0.003386,0.000103,0.030303
2942,adoptive,0.338588,200,0.001693,0.002940,0.000103,0.060606
2943,haemorrhage,0.338325,100,0.003383,0.003383,0.000103,0.030303
2944,cadger,0.338313,200,0.001692,0.002938,0.000103,0.060606
2945,injure,0.338225,100,0.003382,0.003382,0.000102,0.030303
2946,grow,0.337943,200,0.001690,0.002935,0.000102,0.060606
2947,marshy,0.337416,100,0.003374,0.003374,0.000102,0.030303
2948,drive,0.337342,200,0.001687,0.001888,0.000102,0.060606
2949,slangy,0.337200,200,0.001686,0.002710,0.000102,0.060606
2950,onslaught,0.337163,200,0.001686,0.002709,0.000102,0.060606
2951,soliloquise,0.337126,200,0.001686,0.001841,0.000102,0.060606
2952,webfoot,0.337018,100,0.003370,0.003370,0.000102,0.030303
2953,stick together,0.336840,200,0.001684,0.002423,0.000102,0.060606
2954,blunt trauma,0.336443,100,0.003364,0.003364,0.000102,0.030303
2955,come into,0.336410,200,0.001682,0.002921,0.000102,0.060606
2956,bleeding,0.335997,100,0.003360,0.003360,0.000102,0.030303
2957,recipient,0.335989,200,0.001680,0.002918,0.000102,0.060606
2958,line up,0.335953,200,0.001680,0.002917,0.000102,0.060606
2959,automatism,0.335778,100,0.003358,0.003358,0.000102,0.030303
2960,skip,0.335741,100,0.003357,0.003357,0.000102,0.030303
2961,push,0.335544,200,0.001678,0.001878,0.000102,0.060606
2962,injury,0.335431,100,0.003354,0.003354,0.000102,0.030303
2963,incline,0.335431,400,0.000839,0.000891,0.000102,0.121212
2964,noctambulation,0.335197,100,0.003352,0.003352,0.000102,0.030303
2965,reclaim,0.334985,200,0.001675,0.002909,0.000102,0.060606
2966,lead,0.334846,400,0.000837,0.000950,0.000101,0.121212
2967,collect,0.334349,200,0.001672,0.002904,0.000101,0.060606
2968,penetrating trauma,0.334329,100,0.003343,0.003343,0.000101,0.030303
2969,wedge,0.333774,200,0.001669,0.001868,0.000101,0.060606
2970,fledge,0.333563,200,0.001668,0.002897,0.000101,0.060606
2971,wheal,0.333497,100,0.003335,0.003335,0.000101,0.030303
2972,yodeller,0.333468,200,0.001667,0.001827,0.000101,0.060606
2973,shoot,0.333433,100,0.003334,0.003334,0.000101,0.030303
2974,brake,0.333289,100,0.003333,0.003333,0.000101,0.030303
2975,immoderate,0.333230,100,0.003332,0.003332,0.000101,0.030303
2976,creolize,0.332788,200,0.001664,0.002674,0.000101,0.060606
2977,punch-drunk,0.332787,100,0.003328,0.003328,0.000101,0.030303
2978,excruciation,0.332346,100,0.003323,0.003323,0.000101,0.030303
2979,read,0.332156,200,0.001661,0.002121,0.000101,0.060606
2980,lacerate,0.332099,100,0.003321,0.003321,0.000101,0.030303
2981,wrick,0.332072,100,0.003321,0.003321,0.000101,0.030303
2982,boggy,0.331713,100,0.003317,0.003317,0.000101,0.030303
2983,rejoinder,0.331667,100,0.003317,0.003317,0.000101,0.030303
2984,jaw,0.331547,200,0.001658,0.001700,0.000100,0.060606
2985,pick,0.331206,400,0.000828,0.000917,0.000100,0.121212
2986,cease,0.331002,100,0.003310,0.003310,0.000100,0.030303
2987,splayfoot,0.330786,100,0.003308,0.003308,0.000100,0.030303
2988,dig up,0.330542,200,0.001653,0.002870,0.000100,0.060606
2989,murmuring,0.330417,200,0.001652,0.001724,0.000100,0.060606
2990,human foot,0.330416,100,0.003304,0.003304,0.000100,0.030303
2991,scorch,0.330166,100,0.003302,0.003302,0.000100,0.030303
2992,sibilation,0.330011,200,0.001650,0.001668,0.000100,0.060606
2993,flesh wound,0.329968,100,0.003300,0.003300,0.000100,0.030303
2994,bruiser,0.329579,100,0.003296,0.003296,0.000100,0.030303
2995,verbalisation,0.329329,200,0.001647,0.001992,0.000100,0.060606
2996,blabber,0.329246,100,0.003292,0.003292,0.000100,0.030303
2997,maimer,0.329219,100,0.003292,0.003292,0.000100,0.030303
2998,slide,0.328483,200,0.001642,0.001839,0.000100,0.060606
2999,correspondence,0.328453,100,0.003285,0.003285,0.000100,0.030303
3000,get hold,0.328294,200,0.001641,0.002851,0.000099,0.060606
3001,inordinate,0.328243,100,0.003282,0.003282,0.000099,0.030303
3002,heighten,0.328173,100,0.003282,0.003282,0.000099,0.030303
3003,transfer,0.328095,200,0.001640,0.001836,0.000099,0.060606
3004,harm,0.327908,100,0.003279,0.003279,0.000099,0.030303
3005,reaction,0.327739,100,0.003277,0.003277,0.000099,0.030303
3006,shock,0.327703,100,0.003277,0.003277,0.000099,0.030303
3007,trauma,0.327536,100,0.003275,0.003275,0.000099,0.030303
3008,insect bite,0.327185,100,0.003272,0.003272,0.000099,0.030303
3009,cackle,0.327059,100,0.003271,0.003271,0.000099,0.030303
3010,mouth off,0.327006,200,0.001635,0.001836,0.000099,0.060606
3011,hemorrhagic,0.326931,100,0.003269,0.003269,0.000099,0.030303
3012,superposition,0.326825,100,0.003268,0.003268,0.000099,0.030303
3013,spoilage,0.326794,100,0.003268,0.003268,0.000099,0.030303
3014,laceration,0.326736,100,0.003267,0.003267,0.000099,0.030303
3015,sweep,0.326513,200,0.001633,0.001827,0.000099,0.060606
3016,castration anxiety,0.326485,100,0.003265,0.003265,0.000099,0.030303
3017,cheer,0.326285,100,0.003263,0.003263,0.000099,0.030303
3018,isolable,0.326085,200,0.001630,0.002832,0.000099,0.060606
3019,raw,0.325979,100,0.003260,0.003260,0.000099,0.030303
3020,follow,0.325919,400,0.000815,0.000891,0.000099,0.121212
3021,muddy,0.325904,100,0.003259,0.003259,0.000099,0.030303
3022,immune reaction,0.325431,100,0.003254,0.003254,0.000099,0.030303
3023,response,0.325143,100,0.003251,0.003251,0.000099,0.030303
3024,corset,0.325085,100,0.003251,0.003251,0.000099,0.030303
3025,interrelation,0.324992,300,0.001083,0.001660,0.000098,0.090909
3026,penetrating injury,0.324890,100,0.003249,0.003249,0.000098,0.030303
3027,cryopathy,0.324764,100,0.003248,0.003248,0.000098,0.030303
3028,abrasion,0.324623,100,0.003246,0.003246,0.000098,0.030303
3029,isotonic solution,0.324520,100,0.003245,0.003245,0.000098,0.030303
3030,frostbite,0.324251,100,0.003243,0.003243,0.000098,0.030303
3031,throwaway,0.324152,200,0.001621,0.002605,0.000098,0.060606
3032,press,0.324098,400,0.000810,0.000928,0.000098,0.121212
3033,cloddish,0.323977,100,0.003240,0.003240,0.000098,0.030303
3034,automobile,0.323913,200,0.001620,0.001813,0.000098,0.060606
3035,moonlighter,0.323826,100,0.003238,0.003238,0.000098,0.030303
3036,inaugural,0.323751,200,0.001619,0.002602,0.000098,0.060606
3037,noctambulism,0.323596,100,0.003236,0.003236,0.000098,0.030303
3038,toss,0.323487,200,0.001617,0.001811,0.000098,0.060606
3039,bark,0.323319,100,0.003233,0.003233,0.000098,0.030303
3040,nictitate,0.323121,100,0.003231,0.003231,0.000098,0.030303
3041,translate,0.322871,400,0.000807,0.000863,0.000098,0.121212
3042,the absurd,0.322593,100,0.003226,0.003226,0.000098,0.030303
3043,goose step,0.322536,100,0.003225,0.003225,0.000098,0.030303
3044,mooch,0.322363,200,0.001612,0.002799,0.000098,0.060606
3045,piffle,0.322301,200,0.001612,0.001851,0.000098,0.060606
3046,Fehling's solution,0.322018,100,0.003220,0.003220,0.000098,0.030303
3047,combat injury,0.321728,100,0.003217,0.003217,0.000097,0.030303
3048,pitch,0.321677,200,0.001608,0.001800,0.000097,0.060606
3049,interviewer,0.321512,200,0.001608,0.001981,0.000097,0.060606
3050,brain damage,0.321470,100,0.003215,0.003215,0.000097,0.030303
3051,drag,0.321246,200,0.001606,0.001798,0.000097,0.060606
3052,sponger,0.321160,200,0.001606,0.002789,0.000097,0.060606
3053,seek,0.321112,300,0.001070,0.001741,0.000097,0.090909
3054,weal,0.321074,100,0.003211,0.003211,0.000097,0.030303
3055,acquisition,0.320900,200,0.001604,0.002787,0.000097,0.060606
3056,transfusion reaction,0.320846,100,0.003208,0.003208,0.000097,0.030303
3057,reverberation,0.320758,200,0.001604,0.002307,0.000097,0.060606
3058,talk about,0.320516,200,0.001603,0.002229,0.000097,0.060606
3059,somnambulist,0.320452,100,0.003205,0.003205,0.000097,0.030303
3060,switch,0.320422,200,0.001602,0.001793,0.000097,0.060606
3061,nolo contendere,0.320417,100,0.003204,0.003204,0.000097,0.030303
3062,echo,0.320360,100,0.003204,0.003204,0.000097,0.030303
3063,disablement,0.319857,100,0.003199,0.003199,0.000097,0.030303
3064,pinch,0.319623,100,0.003196,0.003196,0.000097,0.030303
3065,contusion,0.319253,100,0.003193,0.003193,0.000097,0.030303
3066,ail,0.319215,100,0.003192,0.003192,0.000097,0.030303
3067,pupate,0.319112,200,0.001596,0.002771,0.000097,0.060606
3068,undecomposable,0.318894,100,0.003189,0.003189,0.000097,0.030303
3069,injurious,0.318830,100,0.003188,0.003188,0.000097,0.030303
3070,roll,0.318654,200,0.001593,0.001784,0.000097,0.060606
3071,harmonization,0.318627,200,0.001593,0.001863,0.000097,0.060606
3072,inclination,0.318611,400,0.000797,0.000995,0.000097,0.121212
3073,babble,0.318586,100,0.003186,0.003186,0.000097,0.030303
3074,firstborn,0.318444,100,0.003184,0.003184,0.000096,0.030303
3075,gossiping,0.318425,200,0.001592,0.001866,0.000096,0.060606
3076,makeup,0.318290,200,0.001591,0.002764,0.000096,0.060606
3077,compaction,0.318275,400,0.000796,0.000934,0.000096,0.121212
3078,birth trauma,0.318001,100,0.003180,0.003180,0.000096,0.030303
3079,close,0.317777,100,0.003178,0.003178,0.000096,0.030303
3080,thrust,0.317640,200,0.001588,0.001778,0.000096,0.060606
3081,electrical skin response,0.317577,100,0.003176,0.003176,0.000096,0.030303
3082,halt,0.317446,100,0.003174,0.003174,0.000096,0.030303
3083,procure,0.317420,200,0.001587,0.002757,0.000096,0.060606
3084,rut,0.317384,200,0.001587,0.001604,0.000096,0.060606
3085,raw wound,0.317316,100,0.003173,0.003173,0.000096,0.030303
3086,GSR,0.317286,100,0.003173,0.003173,0.000096,0.030303
3087,wale,0.317198,100,0.003172,0.003172,0.000096,0.030303
3088,kick,0.317155,200,0.001586,0.001775,0.000096,0.060606
3089,learned reaction,0.316822,100,0.003168,0.003168,0.000096,0.030303
3090,baby,0.316511,100,0.003165,0.003165,0.000096,0.030303
3091,advance,0.316254,200,0.001581,0.001770,0.000096,0.060606
3092,fill,0.316053,200,0.001580,0.002616,0.000096,0.060606
3093,wriggle,0.315993,200,0.001580,0.001769,0.000096,0.060606
3094,produce,0.315922,200,0.001580,0.001855,0.000096,0.060606
3095,levitate,0.315644,100,0.003156,0.003156,0.000096,0.030303
3096,flick,0.315262,200,0.001576,0.001765,0.000096,0.060606
3097,absolute space,0.315130,100,0.003151,0.003151,0.000095,0.030303
3098,Energy Department,0.314994,100,0.003150,0.003150,0.000095,0.030303
3099,repair,0.314709,200,0.001574,0.001761,0.000095,0.060606
3100,toddler,0.314651,300,0.001049,0.001662,0.000095,0.090909
3101,drop,0.314591,200,0.001573,0.001761,0.000095,0.060606
3102,flatfoot,0.314540,100,0.003145,0.003145,0.000095,0.030303
3103,tug,0.314430,200,0.001572,0.001760,0.000095,0.060606
3104,spoiling,0.314326,100,0.003143,0.003143,0.000095,0.030303
3105,intravasation,0.314215,100,0.003142,0.003142,0.000095,0.030303
3106,flap,0.314099,200,0.001570,0.001758,0.000095,0.060606
3107,simplistic,0.313784,100,0.003138,0.003138,0.000095,0.030303
3108,wing,0.313738,200,0.001569,0.001756,0.000095,0.060606
3109,stop over,0.313292,200,0.001566,0.002253,0.000095,0.060606
3110,retreat,0.312923,200,0.001565,0.001751,0.000095,0.060606
3111,shuttle,0.312891,200,0.001564,0.001751,0.000095,0.060606
3112,distribute,0.312405,400,0.000781,0.000889,0.000095,0.121212
3113,blush,0.312371,100,0.003124,0.003124,0.000095,0.030303
3114,invalid,0.311766,100,0.003118,0.003118,0.000094,0.030303
3115,raft,0.311694,200,0.001558,0.001745,0.000094,0.060606
3116,incur,0.311501,200,0.001558,0.002705,0.000094,0.060606
3117,seed,0.311359,400,0.000778,0.000925,0.000094,0.121212
3118,chatter,0.311290,100,0.003113,0.003113,0.000094,0.030303
3119,flow off,0.311061,100,0.003111,0.003111,0.000094,0.030303
3120,omnipresent,0.310663,300,0.001036,0.001576,0.000094,0.090909
3121,knife,0.310497,100,0.003105,0.003105,0.000094,0.030303
3122,straddle,0.310448,200,0.001552,0.001738,0.000094,0.060606
3123,somnambulism,0.310362,100,0.003104,0.003104,0.000094,0.030303
3124,scratchy,0.310136,100,0.003101,0.003101,0.000094,0.030303
3125,burp,0.310069,100,0.003101,0.003101,0.000094,0.030303
3126,rock,0.310059,200,0.001550,0.001735,0.000094,0.060606
3127,fossorial foot,0.309708,100,0.003097,0.003097,0.000094,0.030303
3128,stabber,0.309617,100,0.003096,0.003096,0.000094,0.030303
3129,electric shock,0.309171,100,0.003092,0.003092,0.000094,0.030303
3130,tram,0.308765,200,0.001544,0.001728,0.000094,0.060606
3131,cozenage,0.308748,200,0.001544,0.002681,0.000094,0.060606
3132,luck into,0.308645,200,0.001543,0.002680,0.000094,0.060606
3133,preemption,0.308330,200,0.001542,0.002678,0.000093,0.060606
3134,sap,0.308095,100,0.003081,0.003081,0.000093,0.030303
3135,plea,0.308066,100,0.003081,0.003081,0.000093,0.030303
3136,come upon,0.308041,200,0.001540,0.002675,0.000093,0.060606
3137,immunologic response,0.307806,100,0.003078,0.003078,0.000093,0.030303
3138,diving,0.307765,100,0.003078,0.003078,0.000093,0.030303
3139,blast trauma,0.307661,100,0.003077,0.003077,0.000093,0.030303
3140,handicap,0.307579,100,0.003076,0.003076,0.000093,0.030303
3141,daughterly,0.307459,100,0.003075,0.003075,0.000093,0.030303
3142,shift,0.307246,200,0.001536,0.001720,0.000093,0.060606
3143,kitchen sink,0.306924,100,0.003069,0.003069,0.000093,0.030303
3144,ferry,0.306912,200,0.001535,0.001718,0.000093,0.060606
3145,lock,0.306873,200,0.001534,0.001718,0.000093,0.060606
3146,complexion,0.306374,100,0.003064,0.003064,0.000093,0.030303
3147,eruptive,0.306159,100,0.003062,0.003062,0.000093,0.030303
3148,submerge,0.306020,100,0.003060,0.003060,0.000093,0.030303
3149,singe,0.305870,100,0.003059,0.003059,0.000093,0.030303
3150,scramble,0.305164,200,0.001526,0.001708,0.000092,0.060606
3151,wheel,0.305138,200,0.001526,0.001708,0.000092,0.060606
3152,steamer,0.305136,200,0.001526,0.001708,0.000092,0.060606
3153,sleepwalk,0.304966,100,0.003050,0.003050,0.000092,0.030303
3154,unproblematic,0.304922,100,0.003049,0.003049,0.000092,0.030303
3155,gesture,0.304771,200,0.001524,0.001706,0.000092,0.060606
3156,foreclosure,0.304087,200,0.001520,0.002641,0.000092,0.060606
3157,mope,0.303618,200,0.001518,0.001535,0.000092,0.060606
3158,ill turn,0.303320,100,0.003033,0.003033,0.000092,0.030303
3159,sway,0.302764,200,0.001514,0.001695,0.000092,0.060606
3160,exhaustion,0.302375,100,0.003024,0.003024,0.000092,0.030303
3161,evacuate,0.302361,100,0.003024,0.003024,0.000092,0.030303
3162,disservice,0.302309,100,0.003023,0.003023,0.000092,0.030303
3163,kneeling,0.302224,400,0.000756,0.000849,0.000092,0.121212
3164,jar,0.302163,200,0.001511,0.001691,0.000092,0.060606
3165,taker,0.302130,200,0.001511,0.002624,0.000092,0.060606
3166,pack,0.301745,400,0.000754,0.000850,0.000091,0.121212
3167,slip,0.301745,200,0.001509,0.001689,0.000091,0.060606
3168,inborn reflex,0.301524,100,0.003015,0.003015,0.000091,0.030303
3169,depression,0.301290,300,0.001004,0.001704,0.000091,0.090909
3170,susurrus,0.301272,200,0.001506,0.001616,0.000091,0.060606
3171,submergence,0.300909,100,0.003009,0.003009,0.000091,0.030303
3172,solve,0.300630,100,0.003006,0.003006,0.000091,0.030303
3173,quiver,0.300511,200,0.001503,0.001682,0.000091,0.060606
3174,washstand,0.299992,100,0.003000,0.003000,0.000091,0.030303
3175,torturer,0.299893,100,0.002999,0.002999,0.000091,0.030303
3176,beak,0.299819,100,0.002998,0.002998,0.000091,0.030303
3177,extort,0.299582,200,0.001498,0.002602,0.000091,0.060606
3178,learned response,0.299340,100,0.002993,0.002993,0.000091,0.030303
3179,glide,0.299240,200,0.001496,0.001675,0.000091,0.060606
3180,pre-emptive,0.299179,200,0.001496,0.002598,0.000091,0.060606
3181,vacancy,0.299085,100,0.002991,0.002991,0.000091,0.030303
3182,call for,0.298987,200,0.001495,0.002596,0.000091,0.060606
3183,withdrawal,0.298900,300,0.000996,0.001438,0.000091,0.090909
3184,submersion,0.298816,100,0.002988,0.002988,0.000091,0.030303
3185,moonwalk,0.298354,100,0.002984,0.002984,0.000090,0.030303
3186,post,0.298082,200,0.001490,0.001668,0.000090,0.060606
3187,beauty,0.297921,300,0.000993,0.001224,0.000090,0.090909
3188,torture,0.297748,100,0.002977,0.002977,0.000090,0.030303
3189,submerse,0.297610,100,0.002976,0.002976,0.000090,0.030303
3190,dazzle,0.297375,100,0.002974,0.002974,0.000090,0.030303
3191,buyout,0.297372,200,0.001487,0.002582,0.000090,0.060606
3192,traumatise,0.297315,100,0.002973,0.002973,0.000090,0.030303
3193,ship,0.297285,200,0.001486,0.001664,0.000090,0.060606
3194,sag down,0.297011,100,0.002970,0.002970,0.000090,0.030303
3195,chlorine water,0.296765,100,0.002968,0.002968,0.000090,0.030303
3196,Tarchanoff phenomenon,0.296570,100,0.002966,0.002966,0.000090,0.030303
3197,wistful,0.296557,100,0.002966,0.002966,0.000090,0.030303
3198,tongue,0.296521,200,0.001483,0.002383,0.000090,0.060606
3199,outer space,0.296015,100,0.002960,0.002960,0.000090,0.030303
3200,nictate,0.295713,100,0.002957,0.002957,0.000090,0.030303
3201,tormenter,0.295620,100,0.002956,0.002956,0.000090,0.030303
3202,eldest,0.295513,100,0.002955,0.002955,0.000090,0.030303
3203,injectant,0.295295,100,0.002953,0.002953,0.000089,0.030303
3204,reflex action,0.295270,100,0.002953,0.002953,0.000089,0.030303
3205,traumatize,0.295080,100,0.002951,0.002951,0.000089,0.030303
3206,blighty wound,0.294942,100,0.002949,0.002949,0.000089,0.030303
3207,drop down,0.294813,100,0.002948,0.002948,0.000089,0.030303
3208,creep,0.294796,200,0.001474,0.001650,0.000089,0.060606
3209,swampy,0.294766,100,0.002948,0.002948,0.000089,0.030303
3210,simple,0.294764,100,0.002948,0.002948,0.000089,0.030303
3211,skin,0.294671,100,0.002947,0.002947,0.000089,0.030303
3212,somnambulate,0.294668,100,0.002947,0.002947,0.000089,0.030303
3213,submergible,0.294285,100,0.002943,0.002943,0.000089,0.030303
3214,flow away,0.294242,100,0.002942,0.002942,0.000089,0.030303
3215,comeback,0.294229,100,0.002942,0.002942,0.000089,0.030303
3216,isosmotic solution,0.293757,100,0.002938,0.002938,0.000089,0.030303
3217,net,0.293368,100,0.002934,0.002934,0.000089,0.030303
3218,bump,0.293041,100,0.002930,0.002930,0.000089,0.030303
3219,separate,0.292850,300,0.000976,0.001285,0.000089,0.090909
3220,sloucher,0.292233,100,0.002922,0.002922,0.000089,0.030303
3221,traumatic,0.292150,100,0.002921,0.002921,0.000089,0.030303
3222,electrodermal response,0.291781,100,0.002918,0.002918,0.000088,0.030303
3223,stoop,0.291536,400,0.000729,0.000858,0.000088,0.121212
3224,taxis,0.291381,100,0.002914,0.002914,0.000088,0.030303
3225,washbasin,0.291156,100,0.002912,0.002912,0.000088,0.030303
3226,bang,0.290945,200,0.001455,0.001628,0.000088,0.060606
3227,toponomy,0.290662,200,0.001453,0.002336,0.000088,0.060606
3228,collodion,0.289595,100,0.002896,0.002896,0.000088,0.030303
3229,spiral,0.288934,400,0.000722,0.000996,0.000088,0.121212
3230,wanton,0.288880,200,0.001444,0.001647,0.000088,0.060606
3231,mouthwash,0.288254,100,0.002883,0.002883,0.000087,0.030303
3232,reassure,0.288236,100,0.002882,0.002882,0.000087,0.030303
3233,innate reflex,0.287973,100,0.002880,0.002880,0.000087,0.030303
3234,submersible,0.287773,100,0.002878,0.002878,0.000087,0.030303
3235,win back,0.287479,200,0.001437,0.002497,0.000087,0.060606
3236,instinctive reflex,0.287353,100,0.002874,0.002874,0.000087,0.030303
3237,conjugate solution,0.287231,100,0.002872,0.002872,0.000087,0.030303
3238,transport,0.287217,200,0.001436,0.001608,0.000087,0.060606
3239,dilution,0.287088,100,0.002871,0.002871,0.000087,0.030303
3240,torturing,0.287045,100,0.002870,0.002870,0.000087,0.030303
3241,unconditioned reflex,0.286647,100,0.002866,0.002866,0.000087,0.030303
3242,washbowl,0.286161,100,0.002862,0.002862,0.000087,0.030303
3243,play,0.285752,200,0.001429,0.001599,0.000087,0.060606
3244,galvanic skin response,0.285336,100,0.002853,0.002853,0.000086,0.030303
3245,kinesis,0.285239,100,0.002852,0.002852,0.000086,0.030303
3246,casualness,0.285208,100,0.002852,0.002852,0.000086,0.030303
3247,evasive answer,0.285039,100,0.002850,0.002850,0.000086,0.030303
3248,wave,0.284866,200,0.001424,0.001594,0.000086,0.060606
3249,propellant,0.284642,200,0.001423,0.001593,0.000086,0.060606
3250,hustle,0.284420,300,0.000948,0.001230,0.000086,0.090909
3251,ill service,0.284411,100,0.002844,0.002844,0.000086,0.030303
3252,lesion,0.284310,100,0.002843,0.002843,0.000086,0.030303
3253,emptiness,0.284260,100,0.002843,0.002843,0.000086,0.030303
3254,jolt,0.282419,200,0.001412,0.001581,0.000086,0.060606
3255,cool,0.282132,200,0.001411,0.002276,0.000085,0.060606
3256,toner,0.282025,100,0.002820,0.002820,0.000085,0.030303
3257,dribble,0.281827,400,0.000705,0.000920,0.000085,0.121212
3258,primary solid solution,0.281664,100,0.002817,0.002817,0.000085,0.030303
3259,monologist,0.281556,200,0.001408,0.002263,0.000085,0.060606
3260,core out,0.281295,100,0.002813,0.002813,0.000085,0.030303
3261,heat sink,0.280897,100,0.002809,0.002809,0.000085,0.030303
3262,brandish,0.280355,200,0.001402,0.001569,0.000085,0.060606
3263,basin,0.280092,100,0.002801,0.002801,0.000085,0.030303
3264,bagging,0.279984,100,0.002800,0.002800,0.000085,0.030303
3265,waver,0.279973,200,0.001400,0.001567,0.000085,0.060606
3266,zigzag,0.279585,200,0.001398,0.001565,0.000085,0.060606
3267,Fere phenomenon,0.279509,100,0.002795,0.002795,0.000085,0.030303
3268,lavatory,0.278465,100,0.002785,0.002785,0.000084,0.030303
3269,caravan,0.278380,200,0.001392,0.001558,0.000084,0.060606
3270,exhaust,0.277913,100,0.002779,0.002779,0.000084,0.030303
3271,flag,0.277877,100,0.002779,0.002779,0.000084,0.030303
3272,shooter,0.277118,100,0.002771,0.002771,0.000084,0.030303
3273,sass,0.276860,100,0.002769,0.002769,0.000084,0.030303
3274,curve,0.276643,200,0.001383,0.001398,0.000084,0.060606
3275,sneezy,0.276336,100,0.002763,0.002763,0.000084,0.030303
3276,blink,0.275752,100,0.002758,0.002758,0.000084,0.030303
3277,moocher,0.275717,200,0.001379,0.002394,0.000084,0.060606
3278,liquid bleach,0.274997,100,0.002750,0.002750,0.000083,0.030303
3279,milky,0.274612,200,0.001373,0.002138,0.000083,0.060606
3280,subornation,0.274209,200,0.001371,0.002381,0.000083,0.060606
3281,physiological reaction,0.274122,100,0.002741,0.002741,0.000083,0.030303
3282,meander,0.273680,200,0.001368,0.001532,0.000083,0.060606
3283,thin air,0.273502,100,0.002735,0.002735,0.000083,0.030303
3284,female offspring,0.272987,100,0.002730,0.002730,0.000083,0.030303
3285,firmamental,0.272370,300,0.000908,0.001462,0.000083,0.090909
3286,station,0.272158,200,0.001361,0.001523,0.000082,0.060606
3287,overreact,0.271896,100,0.002719,0.002719,0.000082,0.030303
3288,flutter,0.271094,200,0.001355,0.001517,0.000082,0.060606
3289,oscitant,0.270997,100,0.002710,0.002710,0.000082,0.030303
3290,force,0.270899,200,0.001354,0.001516,0.000082,0.060606
3291,chin up,0.270656,100,0.002707,0.002707,0.000082,0.030303
3292,vacant,0.270566,100,0.002706,0.002706,0.000082,0.030303
3293,shiver,0.270461,100,0.002705,0.002705,0.000082,0.030303
3294,drain,0.269196,100,0.002692,0.002692,0.000082,0.030303
3295,spill,0.268804,200,0.001344,0.001504,0.000081,0.060606
3296,whore,0.268574,100,0.002686,0.002686,0.000081,0.030303
3297,rue,0.268421,100,0.002684,0.002684,0.000081,0.030303
3298,swag,0.268330,100,0.002683,0.002683,0.000081,0.030303
3299,drainage,0.268320,100,0.002683,0.002683,0.000081,0.030303
3300,forage,0.268250,100,0.002682,0.002682,0.000081,0.030303
3301,circuit,0.268139,200,0.001341,0.001501,0.000081,0.060606
3302,counterintuitive,0.267749,100,0.002677,0.002677,0.000081,0.030303
3303,spirits of ammonia,0.267422,100,0.002674,0.002674,0.000081,0.030303
3304,snake,0.267069,400,0.000668,0.000814,0.000081,0.121212
3305,prying,0.266590,200,0.001333,0.002315,0.000081,0.060606
3306,vestal,0.266580,100,0.002666,0.002666,0.000081,0.030303
3307,herd,0.266092,200,0.001330,0.001489,0.000081,0.060606
3308,litter,0.265984,200,0.001330,0.001344,0.000081,0.060606
3309,medium,0.265804,200,0.001329,0.002106,0.000081,0.060606
3310,nothingness,0.265673,100,0.002657,0.002657,0.000081,0.030303
3311,hiccup,0.265166,100,0.002652,0.002652,0.000080,0.030303
3312,trophotropic,0.264450,100,0.002644,0.002644,0.000080,0.030303
3313,submerging,0.263894,100,0.002639,0.002639,0.000080,0.030303
3314,knock out,0.263495,100,0.002635,0.002635,0.000080,0.030303
3315,mail,0.263303,400,0.000658,0.000732,0.000080,0.121212
3316,pinnacle,0.263047,100,0.002630,0.002630,0.000080,0.030303
3317,feed back,0.262797,100,0.002628,0.002628,0.000080,0.030303
3318,slop,0.262462,200,0.001312,0.001785,0.000080,0.060606
3319,vacuum,0.262011,100,0.002620,0.002620,0.000079,0.030303
3320,replication,0.261978,100,0.002620,0.002620,0.000079,0.030303
3321,careen,0.261665,200,0.001308,0.001465,0.000079,0.060606
3322,flit,0.261501,200,0.001308,0.001464,0.000079,0.060606
3323,Gram's solution,0.260535,100,0.002605,0.002605,0.000079,0.030303
3324,flock,0.260497,200,0.001302,0.001458,0.000079,0.060606
3325,misstatement,0.259926,100,0.002599,0.002599,0.000079,0.030303
3326,exclamation,0.259876,100,0.002599,0.002599,0.000079,0.030303
3327,retire,0.259618,300,0.000865,0.001465,0.000079,0.090909
3328,psychogalvanic response,0.259507,100,0.002595,0.002595,0.000079,0.030303
3329,propellent,0.259479,200,0.001297,0.001452,0.000079,0.060606
3330,fart,0.259410,100,0.002594,0.002594,0.000079,0.030303
3331,responder,0.259015,100,0.002590,0.002590,0.000078,0.030303
3332,development,0.258385,200,0.001292,0.002244,0.000078,0.060606
3333,constitutionalize,0.258193,100,0.002582,0.002582,0.000078,0.030303
3334,widow,0.257438,100,0.002574,0.002574,0.000078,0.030303
3335,sassing,0.257104,100,0.002571,0.002571,0.000078,0.030303
3336,jackknife,0.256400,100,0.002564,0.002564,0.000078,0.030303
3337,number,0.256309,200,0.001282,0.001295,0.000078,0.060606
3338,jilt,0.255733,100,0.002557,0.002557,0.000077,0.030303
3339,opinionative,0.254585,100,0.002546,0.002546,0.000077,0.030303
3340,vocal,0.253897,100,0.002539,0.002539,0.000077,0.030303
3341,cross-purpose,0.253766,100,0.002538,0.002538,0.000077,0.030303
3342,eluate,0.252964,100,0.002530,0.002530,0.000077,0.030303
3343,nullity,0.252802,100,0.002528,0.002528,0.000077,0.030303
3344,professing,0.252586,100,0.002526,0.002526,0.000077,0.030303
3345,indicant,0.251596,100,0.002516,0.002516,0.000076,0.030303
3346,derive,0.250862,200,0.001254,0.002179,0.000076,0.060606
3347,reflex response,0.249906,100,0.002499,0.002499,0.000076,0.030303
3348,formalin,0.249600,100,0.002496,0.002496,0.000076,0.030303
3349,treble,0.249348,100,0.002493,0.002493,0.000076,0.030303
3350,haranguer,0.249347,100,0.002493,0.002493,0.000076,0.030303
3351,pontificate,0.249164,100,0.002492,0.002492,0.000076,0.030303
3352,tell,0.248480,100,0.002485,0.002485,0.000075,0.030303
3353,resultant,0.248441,200,0.001242,0.001256,0.000075,0.060606
3354,sum,0.247967,100,0.002480,0.002480,0.000075,0.030303
3355,non sequitur,0.247895,100,0.002479,0.002479,0.000075,0.030303
3356,rainy,0.247763,100,0.002478,0.002478,0.000075,0.030303
3357,crowd,0.247168,200,0.001236,0.001383,0.000075,0.060606
3358,enunciation,0.247125,100,0.002471,0.002471,0.000075,0.030303
3359,ratiocinator,0.246525,100,0.002465,0.002465,0.000075,0.030303
3360,assessment,0.246135,100,0.002461,0.002461,0.000075,0.030303
3361,statement,0.245535,100,0.002455,0.002455,0.000074,0.030303
3362,denouement,0.245366,100,0.002454,0.002454,0.000074,0.030303
3363,fall open,0.245285,100,0.002453,0.002453,0.000074,0.030303
3364,nihility,0.245177,100,0.002452,0.002452,0.000074,0.030303
3365,formol,0.244972,100,0.002450,0.002450,0.000074,0.030303
3366,enunciate,0.244939,100,0.002449,0.002449,0.000074,0.030303
3367,standpoint,0.244773,100,0.002448,0.002448,0.000074,0.030303
3368,reamer,0.244323,200,0.001222,0.002122,0.000074,0.060606
3369,reckoner,0.244194,100,0.002442,0.002442,0.000074,0.030303
3370,rationalisation,0.243953,100,0.002440,0.002440,0.000074,0.030303
3371,rationale,0.243855,100,0.002439,0.002439,0.000074,0.030303
3372,limewater,0.243813,100,0.002438,0.002438,0.000074,0.030303
3373,mull over,0.243314,100,0.002433,0.002433,0.000074,0.030303
3374,ratiocinative,0.242950,100,0.002430,0.002430,0.000074,0.030303
3375,reappraisal,0.242585,100,0.002426,0.002426,0.000074,0.030303
3376,modulation,0.242507,100,0.002425,0.002425,0.000073,0.030303
3377,cogitative,0.242419,100,0.002424,0.002424,0.000073,0.030303
3378,think over,0.242250,100,0.002423,0.002423,0.000073,0.030303
3379,syllogiser,0.241998,100,0.002420,0.002420,0.000073,0.030303
3380,pore,0.241805,100,0.002418,0.002418,0.000073,0.030303
3381,reconsideration,0.241547,100,0.002415,0.002415,0.000073,0.030303
3382,promiser,0.241306,100,0.002413,0.002413,0.000073,0.030303
3383,lake,0.241121,100,0.002411,0.002411,0.000073,0.030303
3384,gutter,0.240927,100,0.002409,0.002409,0.000073,0.030303
3385,cavern,0.240640,100,0.002406,0.002406,0.000073,0.030303
3386,summarize,0.240573,100,0.002406,0.002406,0.000073,0.030303
3387,chew over,0.240303,100,0.002403,0.002403,0.000073,0.030303
3388,clean out,0.239994,100,0.002400,0.002400,0.000073,0.030303
3389,soggy,0.239773,100,0.002398,0.002398,0.000073,0.030303
3390,appraisal,0.239519,100,0.002395,0.002395,0.000073,0.030303
3391,prise,0.239073,100,0.002391,0.002391,0.000072,0.030303
3392,streamlet,0.238943,100,0.002389,0.002389,0.000072,0.030303
3393,clear out,0.238660,100,0.002387,0.002387,0.000072,0.030303
3394,reflective,0.238481,100,0.002385,0.002385,0.000072,0.030303
3395,liquified,0.238274,100,0.002383,0.002383,0.000072,0.030303
3396,devote,0.237999,100,0.002380,0.002380,0.000072,0.030303
3397,precede,0.237906,100,0.002379,0.002379,0.000072,0.030303
3398,factor out,0.237816,100,0.002378,0.002378,0.000072,0.030303
3399,reason out,0.237814,100,0.002378,0.002378,0.000072,0.030303
3400,inlet,0.237346,100,0.002373,0.002373,0.000072,0.030303
3401,evaluate,0.237264,100,0.002373,0.002373,0.000072,0.030303
3402,watercourse,0.237123,100,0.002371,0.002371,0.000072,0.030303
3403,meltwater,0.237024,100,0.002370,0.002370,0.000072,0.030303
3404,figuring,0.236836,100,0.002368,0.002368,0.000072,0.030303
3405,absorption,0.236755,100,0.002368,0.002368,0.000072,0.030303
3406,aqueous solution,0.236655,100,0.002367,0.002367,0.000072,0.030303
3407,twaddler,0.236640,100,0.002366,0.002366,0.000072,0.030303
3408,undried,0.236633,100,0.002366,0.002366,0.000072,0.030303
3409,suggester,0.236501,100,0.002365,0.002365,0.000072,0.030303
3410,wet,0.236493,100,0.002365,0.002365,0.000072,0.030303
3411,inflection,0.236475,100,0.002365,0.002365,0.000072,0.030303
3412,wood vinegar,0.236417,100,0.002364,0.002364,0.000072,0.030303
3413,capitalize,0.236313,100,0.002363,0.002363,0.000072,0.030303
3414,schemer,0.236178,100,0.002362,0.002362,0.000072,0.030303
3415,cogitate,0.236059,100,0.002361,0.002361,0.000072,0.030303
3416,inference,0.235868,100,0.002359,0.002359,0.000071,0.030303
3417,valuation,0.235833,100,0.002358,0.002358,0.000071,0.030303
3418,partake,0.235671,200,0.001178,0.002047,0.000071,0.060606
3419,vacuity,0.235439,100,0.002354,0.002354,0.000071,0.030303
3420,moist,0.234810,100,0.002348,0.002348,0.000071,0.030303
3421,pool,0.234593,100,0.002346,0.002346,0.000071,0.030303
3422,drippy,0.234428,100,0.002344,0.002344,0.000071,0.030303
3423,take for,0.234293,100,0.002343,0.002343,0.000071,0.030303
3424,imputation,0.234154,100,0.002342,0.002342,0.000071,0.030303
3425,holler,0.233892,100,0.002339,0.002339,0.000071,0.030303
3426,inflect,0.233741,100,0.002337,0.002337,0.000071,0.030303
3427,ammonia water,0.233683,100,0.002337,0.002337,0.000071,0.030303
3428,hereness,0.233648,100,0.002336,0.002336,0.000071,0.030303
3429,directive,0.233305,100,0.002333,0.002333,0.000071,0.030303
3430,bilge water,0.233102,100,0.002331,0.002331,0.000071,0.030303
3431,ponder,0.233098,100,0.002331,0.002331,0.000071,0.030303
3432,branch water,0.233082,100,0.002331,0.002331,0.000071,0.030303
3433,irrational number,0.232996,100,0.002330,0.002330,0.000071,0.030303
3434,freeloader,0.232703,200,0.001164,0.002021,0.000071,0.060606
3435,ubiety,0.232457,100,0.002325,0.002325,0.000070,0.030303
3436,sassy,0.231973,100,0.002320,0.002320,0.000070,0.030303
3437,telling,0.231687,100,0.002317,0.002317,0.000070,0.030303
3438,excogitative,0.231607,100,0.002316,0.002316,0.000070,0.030303
3439,abstraction,0.231596,100,0.002316,0.002316,0.000070,0.030303
3440,falls,0.231569,100,0.002316,0.002316,0.000070,0.030303
3441,saltwater,0.231499,100,0.002315,0.002315,0.000070,0.030303
3442,introspective,0.231407,100,0.002314,0.002314,0.000070,0.030303
3443,winner,0.231361,200,0.001157,0.002009,0.000070,0.060606
3444,exclamatory,0.231236,100,0.002312,0.002312,0.000070,0.030303
3445,promulgator,0.231162,100,0.002312,0.002312,0.000070,0.030303
3446,framing,0.231057,100,0.002311,0.002311,0.000070,0.030303
3447,focusing,0.230861,100,0.002309,0.002309,0.000070,0.030303
3448,damp,0.230771,100,0.002308,0.002308,0.000070,0.030303
3449,discharge,0.230311,100,0.002303,0.002303,0.000070,0.030303
3450,showery,0.230265,100,0.002303,0.002303,0.000070,0.030303
3451,mesh,0.230223,200,0.001151,0.001289,0.000070,0.060606
3452,expectation,0.230201,100,0.002302,0.002302,0.000070,0.030303
3453,liquidness,0.229731,100,0.002297,0.002297,0.000070,0.030303
3454,connective,0.229709,100,0.002297,0.002297,0.000070,0.030303
3455,mid-water,0.229628,100,0.002296,0.002296,0.000070,0.030303
3456,miry,0.229335,100,0.002293,0.002293,0.000069,0.030303
3457,rumination,0.229318,200,0.001147,0.001755,0.000069,0.060606
3458,waterfall,0.229225,100,0.002292,0.002292,0.000069,0.030303
3459,ponderer,0.229079,100,0.002291,0.002291,0.000069,0.030303
3460,well water,0.229056,100,0.002291,0.002291,0.000069,0.030303
3461,pass judgment,0.228998,100,0.002290,0.002290,0.000069,0.030303
3462,stigmata,0.228935,100,0.002289,0.002289,0.000069,0.030303
3463,judge,0.228879,100,0.002289,0.002289,0.000069,0.030303
3464,abstractive,0.228820,100,0.002288,0.002288,0.000069,0.030303
3465,main,0.228778,200,0.001144,0.001989,0.000069,0.060606
3466,ratiocination,0.228753,100,0.002288,0.002288,0.000069,0.030303
3467,slushy,0.228679,100,0.002287,0.002287,0.000069,0.030303
3468,figurer,0.228599,100,0.002286,0.002286,0.000069,0.030303
3469,factor in,0.228554,100,0.002286,0.002286,0.000069,0.030303
3470,puke,0.228374,100,0.002284,0.002284,0.000069,0.030303
3471,sodden,0.228142,100,0.002281,0.002281,0.000069,0.030303
3472,valuer,0.228100,100,0.002281,0.002281,0.000069,0.030303
3473,reconsider,0.228097,100,0.002281,0.002281,0.000069,0.030303
3474,concentrate,0.227858,100,0.002279,0.002279,0.000069,0.030303
3475,grume,0.227829,100,0.002278,0.002278,0.000069,0.030303
3476,keynote,0.227751,100,0.002278,0.002278,0.000069,0.030303
3477,think about,0.227702,100,0.002277,0.002277,0.000069,0.030303
3478,body of water,0.227659,100,0.002277,0.002277,0.000069,0.030303
3479,musing,0.227614,100,0.002276,0.002276,0.000069,0.030303
3480,offing,0.227554,100,0.002276,0.002276,0.000069,0.030303
3481,ammoniate,0.227474,100,0.002275,0.002275,0.000069,0.030303
3482,rheumy,0.227446,100,0.002274,0.002274,0.000069,0.030303
3483,ammonium hydroxide,0.227279,100,0.002273,0.002273,0.000069,0.030303
3484,breathe,0.227257,300,0.000758,0.000983,0.000069,0.090909
3485,attributable,0.227000,100,0.002270,0.002270,0.000069,0.030303
3486,rationalization,0.226923,100,0.002269,0.002269,0.000069,0.030303
3487,testifier,0.226838,100,0.002268,0.002268,0.000069,0.030303
3488,evaluative,0.226692,100,0.002267,0.002267,0.000069,0.030303
3489,liquefied,0.226658,100,0.002267,0.002267,0.000069,0.030303
3490,landscape,0.226610,100,0.002266,0.002266,0.000069,0.030303
3491,muser,0.226602,100,0.002266,0.002266,0.000069,0.030303
3492,pint-sized,0.226556,100,0.002266,0.002266,0.000069,0.030303
3493,wetness,0.226522,100,0.002265,0.002265,0.000069,0.030303
3494,representation,0.226400,100,0.002264,0.002264,0.000069,0.030303
3495,evaluation,0.226008,100,0.002260,0.002260,0.000068,0.030303
3496,assessor,0.225511,100,0.002255,0.002255,0.000068,0.030303
3497,summarisation,0.225508,100,0.002255,0.002255,0.000068,0.030303
3498,gulf,0.225383,100,0.002254,0.002254,0.000068,0.030303
3499,colligation,0.225355,100,0.002254,0.002254,0.000068,0.030303
3500,get out,0.225316,100,0.002253,0.002253,0.000068,0.030303
3501,puzzle over,0.225260,100,0.002253,0.002253,0.000068,0.030303
3502,swearer,0.225243,100,0.002252,0.002252,0.000068,0.030303
3503,ruminative,0.224940,100,0.002249,0.002249,0.000068,0.030303
3504,dishwater,0.224928,100,0.002249,0.002249,0.000068,0.030303
3505,associable,0.224756,100,0.002248,0.002248,0.000068,0.030303
3506,soft water,0.224683,100,0.002247,0.002247,0.000068,0.030303
3507,shortness,0.224491,100,0.002245,0.002245,0.000068,0.030303
3508,steaming,0.224304,100,0.002243,0.002243,0.000068,0.030303
3509,declarative,0.224085,100,0.002241,0.002241,0.000068,0.030303
3510,syllogizer,0.223980,100,0.002240,0.002240,0.000068,0.030303
3511,little,0.223900,100,0.002239,0.002239,0.000068,0.030303
3512,winnowing,0.223854,100,0.002239,0.002239,0.000068,0.030303
3513,respondent,0.223853,100,0.002239,0.002239,0.000068,0.030303
3514,philosophize,0.223820,100,0.002238,0.002238,0.000068,0.030303
3515,tap water,0.223646,100,0.002236,0.002236,0.000068,0.030303
3516,explain,0.223600,100,0.002236,0.002236,0.000068,0.030303
3517,immanency,0.223564,100,0.002236,0.002236,0.000068,0.030303
3518,thickset,0.223450,100,0.002235,0.002235,0.000068,0.030303
3519,washed,0.223267,100,0.002233,0.002233,0.000068,0.030303
3520,steamy,0.223065,100,0.002231,0.002231,0.000068,0.030303
3521,flowage,0.223015,100,0.002230,0.002230,0.000068,0.030303
3522,speculator,0.223008,100,0.002230,0.002230,0.000068,0.030303
3523,valuable,0.222996,100,0.002230,0.002230,0.000068,0.030303
3524,speculate,0.222951,100,0.002230,0.002230,0.000068,0.030303
3525,suggestion,0.222867,100,0.002229,0.002229,0.000068,0.030303
3526,clammy,0.222851,100,0.002229,0.002229,0.000068,0.030303
3527,muggy,0.222798,100,0.002228,0.002228,0.000068,0.030303
3528,remark,0.222772,100,0.002228,0.002228,0.000068,0.030303
3529,H2O,0.222714,100,0.002227,0.002227,0.000067,0.030303
3530,associative,0.222709,100,0.002227,0.002227,0.000067,0.030303
3531,ascription,0.222693,100,0.002227,0.002227,0.000067,0.030303
3532,theorization,0.222677,100,0.002227,0.002227,0.000067,0.030303
3533,cogitation,0.222642,100,0.002226,0.002226,0.000067,0.030303
3534,contemplation,0.222620,100,0.002226,0.002226,0.000067,0.030303
3535,attribution,0.222426,100,0.002224,0.002224,0.000067,0.030303
3536,view as,0.222304,100,0.002223,0.002223,0.000067,0.030303
3537,squabby,0.222247,100,0.002222,0.002222,0.000067,0.030303
3538,thawed,0.222112,100,0.002221,0.002221,0.000067,0.030303
3539,philosophiser,0.222068,100,0.002221,0.002221,0.000067,0.030303
3540,inherence,0.222019,100,0.002220,0.002220,0.000067,0.030303
3541,low,0.221848,100,0.002218,0.002218,0.000067,0.030303
3542,question,0.221838,100,0.002218,0.002218,0.000067,0.030303
3543,spring water,0.221808,100,0.002218,0.002218,0.000067,0.030303
3544,idealization,0.221795,100,0.002218,0.002218,0.000067,0.030303
3545,evaluator,0.221585,100,0.002216,0.002216,0.000067,0.030303
3546,assessable,0.221578,100,0.002216,0.002216,0.000067,0.030303
3547,scheduler,0.221423,100,0.002214,0.002214,0.000067,0.030303
3548,numeration,0.221246,100,0.002212,0.002212,0.000067,0.030303
3549,subsistence,0.221200,200,0.001106,0.001118,0.000067,0.060606
3550,sod,0.221168,100,0.002212,0.002212,0.000067,0.030303
3551,opinion,0.221116,100,0.002211,0.002211,0.000067,0.030303
3552,venerator,0.220990,100,0.002210,0.002210,0.000067,0.030303
3553,muller,0.220672,100,0.002207,0.002207,0.000067,0.030303
3554,heavyset,0.220588,100,0.002206,0.002206,0.000067,0.030303
3555,favor,0.220581,100,0.002206,0.002206,0.000067,0.030303
3556,seawater,0.220571,100,0.002206,0.002206,0.000067,0.030303
3557,equation,0.220551,100,0.002206,0.002206,0.000067,0.030303
3558,lay out,0.220410,100,0.002204,0.002204,0.000067,0.030303
3559,hypostatization,0.220410,100,0.002204,0.002204,0.000067,0.030303
3560,watery,0.220406,100,0.002204,0.002204,0.000067,0.030303
3561,besprent,0.220364,100,0.002204,0.002204,0.000067,0.030303
3562,quaggy,0.220356,100,0.002204,0.002204,0.000067,0.030303
3563,embody,0.220176,200,0.001101,0.001113,0.000067,0.060606
3564,summarization,0.220106,100,0.002201,0.002201,0.000067,0.030303
3565,unitise,0.220091,100,0.002201,0.002201,0.000067,0.030303
3566,grading,0.219885,100,0.002199,0.002199,0.000067,0.030303
3567,underside,0.219678,100,0.002197,0.002197,0.000067,0.030303
3568,philosophic,0.219443,200,0.001097,0.001109,0.000066,0.060606
3569,supply,0.219433,100,0.002194,0.002194,0.000066,0.030303
3570,embodiment,0.219418,200,0.001097,0.001109,0.000066,0.060606
3571,category,0.219346,100,0.002193,0.002193,0.000066,0.030303
3572,capitalise,0.219184,100,0.002192,0.002192,0.000066,0.030303
3573,point of view,0.219101,100,0.002191,0.002191,0.000066,0.030303
3574,electrolyte,0.219043,100,0.002190,0.002190,0.000066,0.030303
3575,maunder,0.219031,100,0.002190,0.002190,0.000066,0.030303
3576,pursue,0.218976,200,0.001095,0.001107,0.000066,0.060606
3577,belch,0.218411,100,0.002184,0.002184,0.000066,0.030303
3578,introspection,0.218391,100,0.002184,0.002184,0.000066,0.030303
3579,reckoning,0.218185,100,0.002182,0.002182,0.000066,0.030303
3580,centering,0.218172,100,0.002182,0.002182,0.000066,0.030303
3581,estuary,0.218054,100,0.002181,0.002181,0.000066,0.030303
3582,tie in,0.217959,100,0.002180,0.002180,0.000066,0.030303
3583,liken,0.217564,100,0.002176,0.002176,0.000066,0.030303
3584,squatty,0.217540,100,0.002175,0.002175,0.000066,0.030303
3585,distilled water,0.217307,100,0.002173,0.002173,0.000066,0.030303
3586,link,0.217166,100,0.002172,0.002172,0.000066,0.030303
3587,coruscate,0.217165,200,0.001086,0.001098,0.000066,0.060606
3588,rejection,0.217111,100,0.002171,0.002171,0.000066,0.030303
3589,humid,0.216928,100,0.002169,0.002169,0.000066,0.030303
3590,high sea,0.216680,100,0.002167,0.002167,0.000066,0.030303
3591,deserve,0.216637,200,0.001083,0.001095,0.000066,0.060606
3592,dialyse,0.216573,100,0.002166,0.002166,0.000066,0.030303
3593,circle,0.216557,200,0.001083,0.001212,0.000066,0.060606
3594,drinking water,0.216506,100,0.002165,0.002165,0.000066,0.030303
3595,equating,0.216267,100,0.002163,0.002163,0.000066,0.030303
3596,favour,0.216085,100,0.002161,0.002161,0.000065,0.030303
3597,backwater,0.216036,100,0.002160,0.002160,0.000065,0.030303
3598,speculative,0.215966,100,0.002160,0.002160,0.000065,0.030303
3599,critique,0.215965,100,0.002160,0.002160,0.000065,0.030303
3600,deducible,0.215836,100,0.002158,0.002158,0.000065,0.030303
3601,immersion,0.215779,100,0.002158,0.002158,0.000065,0.030303
3602,eating,0.215777,200,0.001079,0.001536,0.000065,0.060606
3603,water of hydration,0.215740,100,0.002157,0.002157,0.000065,0.030303
3604,inherency,0.215728,100,0.002157,0.002157,0.000065,0.030303
3605,fractionation,0.215658,100,0.002157,0.002157,0.000065,0.030303
3606,conclusive,0.215514,100,0.002155,0.002155,0.000065,0.030303
3607,cityscape,0.215497,100,0.002155,0.002155,0.000065,0.030303
3608,low-set,0.215253,100,0.002153,0.002153,0.000065,0.030303
3609,ascribable,0.215007,100,0.002150,0.002150,0.000065,0.030303
3610,factor,0.214908,100,0.002149,0.002149,0.000065,0.030303
3611,bath water,0.214842,100,0.002148,0.002148,0.000065,0.030303
3612,squab,0.214741,100,0.002147,0.002147,0.000065,0.030303
3613,framer,0.214468,100,0.002145,0.002145,0.000065,0.030303
3614,filtration,0.214466,100,0.002145,0.002145,0.000065,0.030303
3615,fizz,0.214410,100,0.002144,0.002144,0.000065,0.030303
3616,dank,0.214184,100,0.002142,0.002142,0.000065,0.030303
3617,concert,0.214183,100,0.002142,0.002142,0.000065,0.030303
3618,bleach liquor,0.214009,100,0.002140,0.002140,0.000065,0.030303
3619,measure,0.213948,100,0.002139,0.002139,0.000065,0.030303
3620,distillation,0.213837,100,0.002138,0.002138,0.000065,0.030303
3621,subdivider,0.213837,100,0.002138,0.002138,0.000065,0.030303
3622,parceling,0.213677,100,0.002137,0.002137,0.000065,0.030303
3623,fresh water,0.213666,100,0.002137,0.002137,0.000065,0.030303
3624,fractionate,0.213540,100,0.002135,0.002135,0.000065,0.030303
3625,peck,0.213402,200,0.001067,0.001551,0.000065,0.060606
3626,induction,0.213135,100,0.002131,0.002131,0.000065,0.030303
3627,milk,0.212951,100,0.002130,0.002130,0.000065,0.030303
3628,promissory,0.212914,100,0.002129,0.002129,0.000065,0.030303
3629,saprophytic organism,0.212899,200,0.001064,0.001076,0.000065,0.060606
3630,summation,0.212885,100,0.002129,0.002129,0.000065,0.030303
3631,harmonisation,0.212738,100,0.002127,0.002127,0.000064,0.030303
3632,swearing,0.212671,100,0.002127,0.002127,0.000064,0.030303
3633,reverberant,0.212503,100,0.002125,0.002125,0.000064,0.030303
3634,parasitic,0.212483,200,0.001062,0.001074,0.000064,0.060606
3635,grownup,0.212465,200,0.001062,0.001074,0.000064,0.060606
3636,deduction,0.212354,100,0.002124,0.002124,0.000064,0.030303
3637,bewilderment,0.212324,200,0.001062,0.001073,0.000064,0.060606
3638,boil,0.212196,200,0.001061,0.001072,0.000064,0.060606
3639,focussing,0.212097,100,0.002121,0.002121,0.000064,0.030303
3640,mash,0.212086,200,0.001060,0.001534,0.000064,0.060606
3641,forecaster,0.212015,100,0.002120,0.002120,0.000064,0.030303
3642,stocky,0.211925,100,0.002119,0.002119,0.000064,0.030303
3643,waterway,0.211925,100,0.002119,0.002119,0.000064,0.030303
3644,mull,0.211818,100,0.002118,0.002118,0.000064,0.030303
3645,starvation,0.211785,200,0.001059,0.001070,0.000064,0.060606
3646,engrossment,0.211714,100,0.002117,0.002117,0.000064,0.030303
3647,earth,0.211568,100,0.002116,0.002116,0.000064,0.030303
3648,seethe,0.211361,200,0.001057,0.001068,0.000064,0.060606
3649,liquor,0.211235,100,0.002112,0.002112,0.000064,0.030303
3650,approval,0.211209,100,0.002112,0.002112,0.000064,0.030303
3651,thereness,0.211198,100,0.002112,0.002112,0.000064,0.030303
3652,relativise,0.211119,100,0.002111,0.002111,0.000064,0.030303
3653,association,0.211112,100,0.002111,0.002111,0.000064,0.030303
3654,reeking,0.211056,100,0.002111,0.002111,0.000064,0.030303
3655,derivation,0.210817,100,0.002108,0.002108,0.000064,0.030303
3656,carve up,0.210798,100,0.002108,0.002108,0.000064,0.030303
3657,meditative,0.210555,100,0.002106,0.002106,0.000064,0.030303
3658,calculus,0.210519,100,0.002105,0.002105,0.000064,0.030303
3659,incarnate,0.210438,200,0.001052,0.001064,0.000064,0.060606
3660,suffering,0.210319,200,0.001052,0.001063,0.000064,0.060606
3661,control,0.209994,200,0.001050,0.001061,0.000064,0.060606
3662,sheep dip,0.209932,100,0.002099,0.002099,0.000064,0.030303
3663,anaerobe,0.209906,200,0.001050,0.001061,0.000064,0.060606
3664,examiner,0.209887,100,0.002099,0.002099,0.000064,0.030303
3665,philosophise,0.209627,100,0.002096,0.002096,0.000064,0.030303
3666,prologue,0.209495,100,0.002095,0.002095,0.000063,0.030303
3667,primitive,0.209390,200,0.001047,0.001058,0.000063,0.060606
3668,runty,0.209176,100,0.002092,0.002092,0.000063,0.030303
3669,rain,0.209110,100,0.002091,0.002091,0.000063,0.030303
3670,autophytic,0.209107,200,0.001046,0.001057,0.000063,0.060606
3671,philosophizing,0.209076,100,0.002091,0.002091,0.000063,0.030303
3672,prize,0.209066,100,0.002091,0.002091,0.000063,0.030303
3673,sensualism,0.208691,200,0.001043,0.001055,0.000063,0.060606
3674,sifter,0.208303,100,0.002083,0.002083,0.000063,0.030303
3675,raven,0.208089,200,0.001040,0.001497,0.000063,0.060606
3676,ideal,0.207967,100,0.002080,0.002080,0.000063,0.030303
3677,loaf,0.207906,300,0.000693,0.000724,0.000063,0.090909
3678,agnostical,0.207775,200,0.001039,0.001050,0.000063,0.060606
3679,promisor,0.207577,100,0.002076,0.002076,0.000063,0.030303
3680,sawn-off,0.207577,100,0.002076,0.002076,0.000063,0.030303
3681,alive,0.207571,200,0.001038,0.001049,0.000063,0.060606
3682,suggestible,0.207410,100,0.002074,0.002074,0.000063,0.030303
3683,mate,0.207353,200,0.001037,0.001048,0.000063,0.060606
3684,comparison,0.207340,100,0.002073,0.002073,0.000063,0.030303
3685,polymorphic,0.207335,200,0.001037,0.001048,0.000063,0.060606
3686,molten,0.207263,100,0.002073,0.002073,0.000063,0.030303
3687,beverage,0.207168,100,0.002072,0.002072,0.000063,0.030303
3688,associatory,0.207154,100,0.002072,0.002072,0.000063,0.030303
3689,linkage,0.207122,100,0.002071,0.002071,0.000063,0.030303
3690,promisee,0.206881,100,0.002069,0.002069,0.000063,0.030303
3691,comparing,0.206792,100,0.002068,0.002068,0.000063,0.030303
3692,deem,0.206751,100,0.002068,0.002068,0.000063,0.030303
3693,relativize,0.206730,100,0.002067,0.002067,0.000063,0.030303
3694,pint-size,0.206700,100,0.002067,0.002067,0.000063,0.030303
3695,lend,0.206614,200,0.001033,0.001044,0.000063,0.060606
3696,adorn,0.206587,200,0.001033,0.001044,0.000063,0.060606
3697,peptize,0.206508,100,0.002065,0.002065,0.000063,0.030303
3698,distillate,0.206456,100,0.002065,0.002065,0.000063,0.030303
3699,unmelted,0.206440,100,0.002064,0.002064,0.000063,0.030303
3700,determination,0.206428,200,0.001032,0.001043,0.000063,0.060606
3701,short-stalked,0.206417,100,0.002064,0.002064,0.000063,0.030303
3702,examination,0.206404,100,0.002064,0.002064,0.000063,0.030303
3703,quotation,0.206385,100,0.002064,0.002064,0.000063,0.030303
3704,rivet,0.206272,100,0.002063,0.002063,0.000063,0.030303
3705,digestion,0.206260,100,0.002063,0.002063,0.000063,0.030303
3706,half-length,0.206203,100,0.002062,0.002062,0.000062,0.030303
3707,strainer,0.206162,100,0.002062,0.002062,0.000062,0.030303
3708,cypher,0.206087,100,0.002061,0.002061,0.000062,0.030303
3709,inhabit,0.205884,200,0.001029,0.001041,0.000062,0.060606
3710,estimator,0.205677,100,0.002057,0.002057,0.000062,0.030303
3711,freshwater,0.205671,100,0.002057,0.002057,0.000062,0.030303
3712,tendency,0.205506,200,0.001028,0.001039,0.000062,0.060606
3713,thinker,0.205252,100,0.002053,0.002053,0.000062,0.030303
3714,try,0.205079,200,0.001025,0.001036,0.000062,0.060606
3715,winnow,0.205032,100,0.002050,0.002050,0.000062,0.030303
3716,contemplative,0.204858,100,0.002049,0.002049,0.000062,0.030303
3717,sum up,0.204837,100,0.002048,0.002048,0.000062,0.030303
3718,dumpy,0.204611,100,0.002046,0.002046,0.000062,0.030303
3719,stumpy,0.204611,100,0.002046,0.002046,0.000062,0.030303
3720,myrmecophytic,0.204420,200,0.001022,0.001033,0.000062,0.060606
3721,sniveller,0.204350,100,0.002043,0.002043,0.000062,0.030303
3722,grease,0.204332,100,0.002043,0.002043,0.000062,0.030303
3723,trifurcate,0.204326,100,0.002043,0.002043,0.000062,0.030303
3724,suffocation,0.204298,200,0.001021,0.001033,0.000062,0.060606
3725,parcelling,0.204251,100,0.002043,0.002043,0.000062,0.030303
3726,anaerobiotic,0.204225,200,0.001021,0.001032,0.000062,0.060606
3727,sloughy,0.204221,100,0.002042,0.002042,0.000062,0.030303
3728,allay,0.204192,200,0.001021,0.001032,0.000062,0.060606
3729,delimitate,0.204117,200,0.001021,0.001032,0.000062,0.060606
3730,use,0.204104,200,0.001021,0.001032,0.000062,0.060606
3731,save,0.204052,200,0.001020,0.001031,0.000062,0.060606
3732,crave,0.204042,100,0.002040,0.002040,0.000062,0.030303
3733,lust after,0.203959,100,0.002040,0.002040,0.000062,0.030303
3734,exist,0.203861,200,0.001019,0.001030,0.000062,0.060606
3735,link up,0.203739,100,0.002037,0.002037,0.000062,0.030303
3736,peptise,0.203737,100,0.002037,0.002037,0.000062,0.030303
3737,parcellation,0.203724,100,0.002037,0.002037,0.000062,0.030303
3738,subsumption,0.203699,100,0.002037,0.002037,0.000062,0.030303
3739,realize,0.203670,200,0.001018,0.001769,0.000062,0.060606
3740,cross-dress,0.203608,200,0.001018,0.001029,0.000062,0.060606
3741,leadership,0.203536,200,0.001018,0.001029,0.000062,0.060606
3742,estuarial,0.203490,100,0.002035,0.002035,0.000062,0.030303
3743,indicative,0.203457,100,0.002035,0.002035,0.000062,0.030303
3744,pyroligneous acid,0.203362,100,0.002034,0.002034,0.000062,0.030303
3745,extrapolation,0.203323,100,0.002033,0.002033,0.000062,0.030303
3746,yeasty,0.203222,200,0.001016,0.001027,0.000062,0.060606
3747,yearner,0.203140,100,0.002031,0.002031,0.000062,0.030303
3748,flirting,0.203104,100,0.002031,0.002031,0.000062,0.030303
3749,let go,0.202859,200,0.001014,0.001025,0.000061,0.060606
3750,compulsive,0.202669,200,0.001013,0.001024,0.000061,0.060606
3751,match,0.202663,200,0.001013,0.001024,0.000061,0.060606
3752,fit,0.202626,200,0.001013,0.001024,0.000061,0.060606
3753,somebody,0.202544,200,0.001013,0.001024,0.000061,0.060606
3754,glycerolize,0.202449,100,0.002024,0.002024,0.000061,0.030303
3755,rejective,0.202393,100,0.002024,0.002024,0.000061,0.030303
3756,pining,0.202343,100,0.002023,0.002023,0.000061,0.030303
3757,calculation,0.202295,100,0.002023,0.002023,0.000061,0.030303
3758,stigmatism,0.202284,200,0.001011,0.001022,0.000061,0.060606
3759,fitting,0.202250,200,0.001011,0.001022,0.000061,0.060606
3760,recline,0.202234,200,0.001011,0.001296,0.000061,0.060606
3761,sifting,0.202189,100,0.002022,0.002022,0.000061,0.030303
3762,libidinal,0.202172,100,0.002022,0.002022,0.000061,0.030303
3763,respecter,0.202121,100,0.002021,0.002021,0.000061,0.030303
3764,glow,0.202008,200,0.001010,0.001021,0.000061,0.060606
3765,clon,0.201980,200,0.001010,0.001021,0.000061,0.060606
3766,doubt,0.201979,200,0.001010,0.001021,0.000061,0.060606
3767,idealize,0.201964,100,0.002020,0.002020,0.000061,0.030303
3768,incarnation,0.201803,200,0.001009,0.001020,0.000061,0.060606
3769,intoxicate,0.201780,200,0.001009,0.001574,0.000061,0.060606
3770,planner,0.201734,100,0.002017,0.002017,0.000061,0.030303
3771,concupiscence,0.201696,100,0.002017,0.002017,0.000061,0.030303
3772,mastermind,0.201689,100,0.002017,0.002017,0.000061,0.030303
3773,delineate,0.201676,200,0.001008,0.001019,0.000061,0.060606
3774,compulsion,0.201611,200,0.001008,0.001019,0.000061,0.060606
3775,personhood,0.201550,200,0.001008,0.001019,0.000061,0.060606
3776,chicory root,0.201545,100,0.002015,0.002015,0.000061,0.030303
3777,testing,0.201497,100,0.002015,0.002015,0.000061,0.030303
3778,shovel in,0.201410,200,0.001007,0.001473,0.000061,0.060606
3779,meditate,0.201399,100,0.002014,0.002014,0.000061,0.030303
3780,philosophizer,0.201229,100,0.002012,0.002012,0.000061,0.030303
3781,melted,0.201130,100,0.002011,0.002011,0.000061,0.030303
3782,preface,0.201097,100,0.002011,0.002011,0.000061,0.030303
3783,unitize,0.201074,100,0.002011,0.002011,0.000061,0.030303
3784,own,0.201040,200,0.001005,0.001016,0.000061,0.060606
3785,sufferance,0.200859,200,0.001004,0.001015,0.000061,0.060606
3786,overreaction,0.200777,100,0.002008,0.002008,0.000061,0.030303
3787,ADP,0.200728,100,0.002007,0.002007,0.000061,0.030303
3788,relationship,0.200573,200,0.001003,0.001014,0.000061,0.060606
3789,stigmatic,0.200563,200,0.001003,0.001014,0.000061,0.060606
3790,dialyzer,0.200549,100,0.002005,0.002005,0.000061,0.030303
3791,potential,0.200549,200,0.001003,0.001014,0.000061,0.060606
3792,salsify,0.200517,100,0.002005,0.002005,0.000061,0.030303
3793,live,0.200500,200,0.001003,0.001013,0.000061,0.060606
3794,assignment,0.200369,100,0.002004,0.002004,0.000061,0.030303
3795,sloppy,0.200128,100,0.002001,0.002001,0.000061,0.030303
3796,computation,0.200051,100,0.002001,0.002001,0.000061,0.030303
3797,dissever,0.200030,100,0.002000,0.002000,0.000061,0.030303
3798,personify,0.199862,200,0.000999,0.001010,0.000061,0.060606
3799,remnant,0.199862,200,0.000999,0.001010,0.000061,0.060606
3800,libidinous,0.199856,100,0.001999,0.001999,0.000061,0.030303
3801,monstrous,0.199771,200,0.000999,0.001010,0.000061,0.060606
3802,puzzler,0.199679,200,0.000998,0.001009,0.000061,0.060606
3803,prostrate,0.199601,200,0.000998,0.001279,0.000060,0.060606
3804,recliner,0.199381,200,0.000997,0.001273,0.000060,0.060606
3805,differentiate,0.199228,200,0.000996,0.001007,0.000060,0.060606
3806,macerate,0.199171,100,0.001992,0.001992,0.000060,0.030303
3807,atavist,0.199126,200,0.000996,0.001006,0.000060,0.060606
3808,genuine,0.199055,200,0.000995,0.001006,0.000060,0.060606
3809,misty,0.198843,100,0.001988,0.001988,0.000060,0.030303
3810,forecast,0.198838,100,0.001988,0.001988,0.000060,0.030303
3811,struggle,0.198833,200,0.000994,0.001005,0.000060,0.060606
3812,snuff out,0.198736,200,0.000994,0.001004,0.000060,0.060606
3813,realistic,0.198703,200,0.000994,0.001004,0.000060,0.060606
3814,Hebrew,0.198571,200,0.000993,0.001004,0.000060,0.060606
3815,Hottentot bread,0.198559,100,0.001986,0.001986,0.000060,0.030303
3816,organismic,0.198546,200,0.000993,0.001003,0.000060,0.060606
3817,divider,0.198544,100,0.001985,0.001985,0.000060,0.030303
3818,order,0.198540,100,0.001985,0.001985,0.000060,0.030303
3819,adventitious root,0.198514,100,0.001985,0.001985,0.000060,0.030303
3820,testate,0.198447,200,0.000992,0.001003,0.000060,0.060606
3821,historical present,0.198435,100,0.001984,0.001984,0.000060,0.030303
3822,reify,0.198400,100,0.001984,0.001984,0.000060,0.030303
3823,wait,0.198391,200,0.000992,0.001003,0.000060,0.060606
3824,hybrid,0.198291,200,0.000991,0.001002,0.000060,0.060606
3825,schedule,0.198284,100,0.001983,0.001983,0.000060,0.030303
3826,contain,0.198134,200,0.000991,0.001001,0.000060,0.060606
3827,apprehend,0.198021,200,0.000990,0.001001,0.000060,0.060606
3828,shit,0.198018,200,0.000990,0.001001,0.000060,0.060606
3829,decompose,0.197998,100,0.001980,0.001980,0.000060,0.030303
3830,sarsaparilla root,0.197944,100,0.001979,0.001979,0.000060,0.030303
3831,taro,0.197750,100,0.001977,0.001977,0.000060,0.030303
3832,actable,0.197743,200,0.000989,0.000999,0.000060,0.060606
3833,Hottentot's bread,0.197717,100,0.001977,0.001977,0.000060,0.030303
3834,amative,0.197658,100,0.001977,0.001977,0.000060,0.030303
3835,branch,0.197536,100,0.001975,0.001975,0.000060,0.030303
3836,host,0.197481,200,0.000987,0.000998,0.000060,0.060606
3837,speculation,0.197456,100,0.001975,0.001975,0.000060,0.030303
3838,break down,0.197451,100,0.001975,0.001975,0.000060,0.030303
3839,laugh,0.197449,200,0.000987,0.000998,0.000060,0.060606
3840,David Low,0.197443,100,0.001974,0.001974,0.000060,0.030303
3841,battle,0.197424,200,0.000987,0.000998,0.000060,0.060606
3842,reverence,0.197283,100,0.001973,0.001973,0.000060,0.030303
3843,non vult,0.197140,100,0.001971,0.001971,0.000060,0.030303
3844,dewy,0.197060,100,0.001971,0.001971,0.000060,0.030303
3845,urge,0.196926,100,0.001969,0.001969,0.000060,0.030303
3846,fasten,0.196881,200,0.000984,0.000995,0.000060,0.060606
3847,befuddle,0.196856,200,0.000984,0.000995,0.000060,0.060606
3848,suck,0.196793,200,0.000984,0.000995,0.000060,0.060606
3849,malcontent,0.196661,200,0.000983,0.000994,0.000060,0.060606
3850,confound,0.196648,200,0.000983,0.000994,0.000060,0.060606
3851,parcel,0.196640,100,0.001966,0.001966,0.000060,0.030303
3852,freewheeler,0.196596,200,0.000983,0.000994,0.000060,0.060606
3853,neglect,0.196557,200,0.000983,0.000993,0.000060,0.060606
3854,homoiothermic,0.196253,200,0.000981,0.000992,0.000059,0.060606
3855,grumous,0.196249,100,0.001962,0.001962,0.000059,0.030303
3856,privation,0.196242,100,0.001962,0.001962,0.000059,0.030303
3857,licorice root,0.196129,100,0.001961,0.001961,0.000059,0.030303
3858,organisation,0.196105,100,0.001961,0.001961,0.000059,0.030303
3859,abundance,0.196082,200,0.000980,0.000991,0.000059,0.060606
3860,prop root,0.195916,100,0.001959,0.001959,0.000059,0.030303
3861,tryout,0.195882,100,0.001959,0.001959,0.000059,0.030303
3862,actuality,0.195840,200,0.000979,0.000990,0.000059,0.060606
3863,credit,0.195675,200,0.000978,0.000989,0.000059,0.060606
3864,cracking,0.195651,100,0.001957,0.001957,0.000059,0.030303
3865,discontented,0.195537,100,0.001955,0.001955,0.000059,0.030303
3866,lusty,0.195472,100,0.001955,0.001955,0.000059,0.030303
3867,scaling,0.195461,200,0.000977,0.000988,0.000059,0.060606
3868,Balance,0.195381,200,0.000977,0.000987,0.000059,0.060606
3869,approbation,0.195315,100,0.001953,0.001953,0.000059,0.030303
3870,scheduling,0.195302,100,0.001953,0.001953,0.000059,0.030303
3871,demand,0.195260,200,0.000976,0.000987,0.000059,0.060606
3872,endozoan,0.195181,200,0.000976,0.000986,0.000059,0.060606
3873,giving,0.195079,100,0.001951,0.001951,0.000059,0.030303
3874,chunky,0.195014,100,0.001950,0.001950,0.000059,0.030303
3875,chicory,0.194944,100,0.001949,0.001949,0.000059,0.030303
3876,meditation,0.194889,100,0.001949,0.001949,0.000059,0.030303
3877,celebrate,0.194877,200,0.000974,0.000985,0.000059,0.060606
3878,someone,0.194832,200,0.000974,0.000985,0.000059,0.060606
3879,concupiscent,0.194824,100,0.001948,0.001948,0.000059,0.030303
3880,mentioner,0.194768,100,0.001948,0.001948,0.000059,0.030303
3881,transsexual,0.194659,200,0.000973,0.000984,0.000059,0.060606
3882,attainable,0.194649,200,0.000973,0.000984,0.000059,0.060606
3883,blindfolded,0.194513,100,0.001945,0.001945,0.000059,0.030303
3884,tooth root,0.194479,100,0.001945,0.001945,0.000059,0.030303
3885,rootlet,0.194383,100,0.001944,0.001944,0.000059,0.030303
3886,craving,0.194360,100,0.001944,0.001944,0.000059,0.030303
3887,calamus,0.194158,100,0.001942,0.001942,0.000059,0.030303
3888,achieve,0.194080,200,0.000970,0.000981,0.000059,0.060606
3889,juvenile,0.194069,200,0.000970,0.000981,0.000059,0.060606
3890,true,0.193895,200,0.000969,0.000980,0.000059,0.060606
3891,undersurface,0.193871,100,0.001939,0.001939,0.000059,0.030303
3892,subsister,0.193783,200,0.000969,0.000979,0.000059,0.060606
3893,autodidactic,0.193715,200,0.000969,0.000979,0.000059,0.060606
3894,friendship,0.193713,200,0.000969,0.000979,0.000059,0.060606
3895,ordering,0.193620,100,0.001936,0.001936,0.000059,0.030303
3896,belong,0.193585,200,0.000968,0.000978,0.000059,0.060606
3897,radish,0.193488,100,0.001935,0.001935,0.000059,0.030303
3898,sitter,0.193401,200,0.000967,0.000977,0.000059,0.060606
3899,manioc,0.193401,100,0.001934,0.001934,0.000059,0.030303
3900,squashy,0.193379,100,0.001934,0.001934,0.000059,0.030303
3901,standee,0.193352,200,0.000967,0.000977,0.000059,0.060606
3902,realism,0.193347,200,0.000967,0.000977,0.000059,0.060606
3903,wishful,0.193276,100,0.001933,0.001933,0.000059,0.030303
3904,appetent,0.193172,100,0.001932,0.001932,0.000059,0.030303
3905,aliveness,0.193145,200,0.000966,0.000976,0.000059,0.060606
3906,yearning,0.193116,100,0.001931,0.001931,0.000059,0.030303
3907,individualize,0.193110,200,0.000966,0.000976,0.000059,0.060606
3908,unfortunate,0.193037,200,0.000965,0.000976,0.000058,0.060606
3909,introvert,0.193016,200,0.000965,0.000976,0.000058,0.060606
3910,stagnancy,0.192977,200,0.000965,0.000975,0.000058,0.060606
3911,indweller,0.192965,200,0.000965,0.000975,0.000058,0.060606
3912,essay,0.192944,200,0.000965,0.000975,0.000058,0.060606
3913,formatting,0.192795,100,0.001928,0.001928,0.000058,0.030303
3914,sawed-off,0.192777,100,0.001928,0.001928,0.000058,0.030303
3915,seeking,0.192721,100,0.001927,0.001927,0.000058,0.030303
3916,katharobe,0.192674,200,0.000963,0.000974,0.000058,0.060606
3917,starve,0.192577,100,0.001926,0.001926,0.000058,0.030303
3918,ricer,0.192529,100,0.001925,0.001925,0.000058,0.030303
3919,underbelly,0.192514,100,0.001925,0.001925,0.000058,0.030303
3920,grime,0.192501,100,0.001925,0.001925,0.000058,0.030303
3921,making,0.192495,200,0.000962,0.000973,0.000058,0.060606
3922,furcation,0.192492,100,0.001925,0.001925,0.000058,0.030303
3923,bill,0.192467,200,0.000962,0.001525,0.000058,0.060606
3924,dampish,0.192400,100,0.001924,0.001924,0.000058,0.030303
3925,ergotic,0.192386,200,0.000962,0.000972,0.000058,0.060606
3926,cocoyam,0.192367,100,0.001924,0.001924,0.000058,0.030303
3927,misstate,0.192327,100,0.001923,0.001923,0.000058,0.030303
3928,real,0.192284,200,0.000961,0.000972,0.000058,0.060606
3929,deductive,0.192281,100,0.001923,0.001923,0.000058,0.030303
3930,distaff,0.192190,100,0.001922,0.001922,0.000058,0.030303
3931,parasitical,0.192079,200,0.000960,0.000971,0.000058,0.060606
3932,hug,0.192040,200,0.000960,0.000971,0.000058,0.060606
3933,horseradish root,0.192031,100,0.001920,0.001920,0.000058,0.030303
3934,tempt,0.191986,100,0.001920,0.001920,0.000058,0.030303
3935,befuddlement,0.191926,200,0.000960,0.000970,0.000058,0.060606
3936,distill,0.191837,100,0.001918,0.001918,0.000058,0.030303
3937,neediness,0.191805,100,0.001918,0.001918,0.000058,0.030303
3938,eukaryote,0.191761,200,0.000959,0.000969,0.000058,0.060606
3939,bacterise,0.191742,200,0.000959,0.000969,0.000058,0.060606
3940,needy,0.191699,100,0.001917,0.001917,0.000058,0.030303
3941,senega,0.191622,100,0.001916,0.001916,0.000058,0.030303
3942,predicative,0.191483,200,0.000957,0.000968,0.000058,0.060606
3943,unfasten,0.191479,200,0.000957,0.000968,0.000058,0.060606
3944,run into,0.191236,200,0.000956,0.000967,0.000058,0.060606
3945,furcate,0.191155,100,0.001912,0.001912,0.000058,0.030303
3946,begrudge,0.191067,100,0.001911,0.001911,0.000058,0.030303
3947,stays,0.191034,100,0.001910,0.001910,0.000058,0.030303
3948,osculate,0.190996,200,0.000955,0.000965,0.000058,0.060606
3949,wishing,0.190913,100,0.001909,0.001909,0.000058,0.030303
3950,individual,0.190870,200,0.000954,0.000965,0.000058,0.060606
3951,feel like,0.190850,100,0.001909,0.001909,0.000058,0.030303
3952,filter out,0.190792,100,0.001908,0.001908,0.000058,0.030303
3953,pardon,0.190737,200,0.000954,0.000964,0.000058,0.060606
3954,calculable,0.190718,100,0.001907,0.001907,0.000058,0.030303
3955,groan,0.190693,200,0.000953,0.000964,0.000058,0.060606
3956,arbor,0.190667,100,0.001907,0.001907,0.000058,0.030303
3957,Sir David Low,0.190605,100,0.001906,0.001906,0.000058,0.030303
3958,balancer,0.190602,200,0.000953,0.000963,0.000058,0.060606
3959,beautify,0.190600,200,0.000953,0.000963,0.000058,0.060606
3960,take to,0.190520,100,0.001905,0.001905,0.000058,0.030303
3961,idealise,0.190387,100,0.001904,0.001904,0.000058,0.030303
3962,Hebraical,0.190370,200,0.000952,0.000962,0.000058,0.060606
3963,wake,0.190363,200,0.000952,0.000962,0.000058,0.060606
3964,dream,0.190276,100,0.001903,0.001903,0.000058,0.030303
3965,acceptant,0.190273,100,0.001903,0.001903,0.000058,0.030303
3966,microorganism,0.190228,200,0.000951,0.000961,0.000058,0.060606
3967,expect,0.190188,100,0.001902,0.001902,0.000058,0.030303
3968,mystification,0.190177,200,0.000951,0.000961,0.000058,0.060606
3969,colour-blind,0.190160,100,0.001902,0.001902,0.000058,0.030303
3970,abjure,0.190127,200,0.000951,0.000961,0.000058,0.060606
3971,suit,0.189687,200,0.000948,0.000959,0.000057,0.060606
3972,eukaryotic,0.189594,200,0.000948,0.000958,0.000057,0.060606
3973,dim-sighted,0.189587,100,0.001896,0.001896,0.000057,0.030303
3974,micro-organism,0.189491,200,0.000947,0.000958,0.000057,0.060606
3975,plankton,0.189488,200,0.000947,0.000958,0.000057,0.060606
3976,like,0.189446,100,0.001894,0.001894,0.000057,0.030303
3977,kick about,0.189185,200,0.000946,0.000956,0.000057,0.060606
3978,preexistent,0.189148,200,0.000946,0.000956,0.000057,0.060606
3979,kick around,0.189062,200,0.000945,0.000956,0.000057,0.060606
3980,jeopardise,0.189051,200,0.000945,0.000955,0.000057,0.060606
3981,devise,0.188976,200,0.000945,0.000955,0.000057,0.060606
3982,memorialize,0.188883,100,0.001889,0.001889,0.000057,0.030303
3983,near-blind,0.188881,100,0.001889,0.001889,0.000057,0.030303
3984,orris,0.188836,100,0.001888,0.001888,0.000057,0.030303
3985,hail,0.188836,200,0.000944,0.000954,0.000057,0.060606
3986,hypostasis,0.188826,100,0.001888,0.001888,0.000057,0.030303
3987,fauna,0.188805,200,0.000944,0.000954,0.000057,0.060606
3988,pneumatophore,0.188728,100,0.001887,0.001887,0.000057,0.030303
3989,need,0.188713,200,0.000944,0.000954,0.000057,0.060606
3990,holophytic,0.188707,200,0.000944,0.000954,0.000057,0.060606
3991,unsighted,0.188659,100,0.001887,0.001887,0.000057,0.030303
3992,account for,0.188651,200,0.000943,0.000953,0.000057,0.060606
3993,depend,0.188629,200,0.000943,0.000953,0.000057,0.060606
3994,parsnip,0.188572,100,0.001886,0.001886,0.000057,0.030303
3995,beguile,0.188507,200,0.000943,0.000953,0.000057,0.060606
3996,transcendency,0.188491,200,0.000942,0.000953,0.000057,0.060606
3997,root word,0.188425,100,0.001884,0.001884,0.000057,0.030303
3998,ruminator,0.188369,100,0.001884,0.001884,0.000057,0.030303
3999,shine,0.188366,200,0.000942,0.000952,0.000057,0.060606
4000,walk in,0.188335,200,0.000942,0.000952,0.000057,0.060606
4001,approbative,0.188331,100,0.001883,0.001883,0.000057,0.030303
4002,grounding,0.188292,100,0.001883,0.001883,0.000057,0.030303
4003,foundation garment,0.188286,100,0.001883,0.001883,0.000057,0.030303
4004,combat,0.188229,200,0.000941,0.000951,0.000057,0.060606
4005,living,0.188224,200,0.000941,0.000951,0.000057,0.060606
4006,deprivation,0.188143,100,0.001881,0.001881,0.000057,0.030303
4007,computer,0.188114,100,0.001881,0.001881,0.000057,0.030303
4008,bid,0.188051,100,0.001881,0.001881,0.000057,0.030303
4009,snow-blinded,0.188026,100,0.001880,0.001880,0.000057,0.030303
4010,transcendence,0.187941,200,0.000940,0.000950,0.000057,0.060606
4011,mesomorphic,0.187861,200,0.000939,0.000949,0.000057,0.060606
4012,washable,0.187838,200,0.000939,0.000949,0.000057,0.060606
4013,choking,0.187776,200,0.000939,0.000949,0.000057,0.060606
4014,reclining,0.187772,200,0.000939,0.001204,0.000057,0.060606
4015,color-blind,0.187748,100,0.001877,0.001877,0.000057,0.030303
4016,retardation,0.187568,200,0.000938,0.000948,0.000057,0.060606
4017,spurn,0.187523,200,0.000938,0.000948,0.000057,0.060606
4018,memorialization,0.187379,100,0.001874,0.001874,0.000057,0.030303
4019,split,0.187364,100,0.001874,0.001874,0.000057,0.030303
4020,deoxycytidine monophosphate,0.187266,100,0.001873,0.001873,0.000057,0.030303
4021,cowardly,0.187216,200,0.000936,0.000946,0.000057,0.060606
4022,failing,0.187212,100,0.001872,0.001872,0.000057,0.030303
4023,deuteranopic,0.187159,100,0.001872,0.001872,0.000057,0.030303
4024,fight,0.187063,200,0.000935,0.000945,0.000057,0.060606
4025,bacterize,0.187062,200,0.000935,0.000945,0.000057,0.060606
4026,organization,0.186946,100,0.001869,0.001869,0.000057,0.030303
4027,inky,0.186870,100,0.001869,0.001869,0.000057,0.030303
4028,procaryote,0.186791,200,0.000934,0.000944,0.000057,0.060606
4029,mystifier,0.186758,200,0.000934,0.000944,0.000057,0.060606
4030,belongings,0.186753,200,0.000934,0.000944,0.000057,0.060606
4031,mold,0.186733,200,0.000934,0.000944,0.000057,0.060606
4032,blindfold,0.186712,100,0.001867,0.001867,0.000057,0.030303
4033,blinded,0.186711,100,0.001867,0.001867,0.000057,0.030303
4034,terminate,0.186695,200,0.000933,0.000944,0.000057,0.060606
4035,relict,0.186591,200,0.000933,0.000943,0.000057,0.060606
4036,temptation,0.186468,100,0.001865,0.001865,0.000057,0.030303
4037,possibility,0.186433,200,0.000932,0.000942,0.000056,0.060606
4038,fancier,0.186414,100,0.001864,0.001864,0.000056,0.030303
4039,smother,0.186402,200,0.000932,0.000942,0.000056,0.060606
4040,congeneric,0.186394,200,0.000932,0.000942,0.000056,0.060606
4041,red-blind,0.186277,100,0.001863,0.001863,0.000056,0.030303
4042,mutation,0.186257,200,0.000931,0.000941,0.000056,0.060606
4043,divergence,0.186103,200,0.000931,0.000941,0.000056,0.060606
4044,philosophical,0.186087,200,0.000930,0.000940,0.000056,0.060606
4045,realist,0.186022,200,0.000930,0.000940,0.000056,0.060606
4046,rectify,0.185987,200,0.000930,0.000940,0.000056,0.060606
4047,AMP,0.185913,100,0.001859,0.001859,0.000056,0.030303
4048,green-blind,0.185843,100,0.001858,0.001858,0.000056,0.030303
4049,define,0.185806,200,0.000929,0.000939,0.000056,0.060606
4050,stain,0.185787,100,0.001858,0.001858,0.000056,0.030303
4051,filtrate,0.185481,100,0.001855,0.001855,0.000056,0.030303
4052,cower,0.185451,200,0.000927,0.000937,0.000056,0.060606
4053,touch,0.185405,200,0.000927,0.000937,0.000056,0.060606
4054,survival,0.185374,200,0.000927,0.000937,0.000056,0.060606
4055,polyglot,0.185325,200,0.000927,0.000937,0.000056,0.060606
4056,make sense,0.185295,200,0.000926,0.000936,0.000056,0.060606
4057,gamble,0.185263,200,0.000926,0.000936,0.000056,0.060606
4058,theologizer,0.185229,100,0.001852,0.001852,0.000056,0.030303
4059,wish well,0.185121,100,0.001851,0.001851,0.000056,0.030303
4060,mucky,0.184970,100,0.001850,0.001850,0.000056,0.030303
4061,protanopic,0.184924,100,0.001849,0.001849,0.000056,0.030303
4062,scalage,0.184664,200,0.000923,0.000933,0.000056,0.060606
4063,eyeless,0.184638,100,0.001846,0.001846,0.000056,0.030303
4064,seven seas,0.184558,100,0.001846,0.001846,0.000056,0.030303
4065,organizer,0.184436,100,0.001844,0.001844,0.000056,0.030303
4066,hankering,0.184324,100,0.001843,0.001843,0.000056,0.030303
4067,masturbate,0.183871,200,0.000919,0.000929,0.000056,0.060606
4068,saprobic,0.183841,200,0.000919,0.000929,0.000056,0.060606
4069,freestanding,0.183655,100,0.001837,0.001837,0.000056,0.030303
4070,consist,0.183343,200,0.000917,0.000927,0.000056,0.060606
4071,erotic,0.183260,100,0.001833,0.001833,0.000056,0.030303
4072,hurting,0.183165,200,0.000916,0.000926,0.000056,0.060606
4073,opportune,0.183158,200,0.000916,0.000926,0.000056,0.060606
4074,actual,0.183098,200,0.000915,0.000925,0.000055,0.060606
4075,impendency,0.183061,200,0.000915,0.000925,0.000055,0.060606
4076,individualism,0.183002,200,0.000915,0.000925,0.000055,0.060606
4077,lech after,0.182992,100,0.001830,0.001830,0.000055,0.030303
4078,pine,0.182934,100,0.001829,0.001829,0.000055,0.030303
4079,anger,0.182932,100,0.001829,0.001829,0.000055,0.030303
4080,redefinition,0.182882,200,0.000914,0.000924,0.000055,0.060606
4081,moldy,0.182845,200,0.000914,0.000924,0.000055,0.060606
4082,encounter,0.182825,200,0.000914,0.000924,0.000055,0.060606
4083,longing,0.182786,100,0.001828,0.001828,0.000055,0.030303
4084,include,0.182689,100,0.001827,0.001827,0.000055,0.030303
4085,taproot,0.182663,100,0.001827,0.001827,0.000055,0.030303
4086,minstrel,0.182624,100,0.001826,0.001826,0.000055,0.030303
4087,body forth,0.182551,200,0.000913,0.000923,0.000055,0.060606
4088,coexist,0.182545,200,0.000913,0.000923,0.000055,0.060606
4089,sexual desire,0.182541,100,0.001825,0.001825,0.000055,0.030303
4090,gravitate,0.182499,200,0.000912,0.000922,0.000055,0.060606
4091,ectozoan,0.182470,200,0.000912,0.000922,0.000055,0.060606
4092,romanticisation,0.182465,100,0.001825,0.001825,0.000055,0.030303
4093,amorous,0.182362,100,0.001824,0.001824,0.000055,0.030303
4094,hypostatisation,0.182357,100,0.001824,0.001824,0.000055,0.030303
4095,bafflement,0.182287,200,0.000911,0.000921,0.000055,0.060606
4096,ubiquitousness,0.182286,100,0.001823,0.001823,0.000055,0.030303
4097,add up,0.182244,200,0.000911,0.000921,0.000055,0.060606
4098,preexist,0.182229,200,0.000911,0.000921,0.000055,0.060606
4099,buzz,0.182215,200,0.000911,0.000921,0.000055,0.060606
4100,appearance,0.182135,200,0.000911,0.000921,0.000055,0.060606
4101,scintillate,0.182118,200,0.000911,0.000920,0.000055,0.060606
4102,eucaryote,0.182063,200,0.000910,0.000920,0.000055,0.060606
4103,separate out,0.182021,100,0.001820,0.001820,0.000055,0.030303
4104,polymorph,0.181964,200,0.000910,0.000920,0.000055,0.060606
4105,dialysis,0.181804,100,0.001818,0.001818,0.000055,0.030303
4106,unseeing,0.181760,100,0.001818,0.001818,0.000055,0.030303
4107,loiterer,0.181752,200,0.000909,0.000919,0.000055,0.060606
4108,suffocative,0.181745,200,0.000909,0.000919,0.000055,0.060606
4109,plant life,0.181719,200,0.000909,0.000918,0.000055,0.060606
4110,cut across,0.181655,200,0.000908,0.000918,0.000055,0.060606
4111,pleasure,0.181646,100,0.001816,0.001816,0.000055,0.030303
4112,effect,0.181632,200,0.000908,0.000918,0.000055,0.060606
4113,stagnation,0.181608,200,0.000908,0.000918,0.000055,0.060606
4114,sibilant,0.181604,100,0.001816,0.001816,0.000055,0.030303
4115,require,0.181576,200,0.000908,0.000918,0.000055,0.060606
4116,abominate,0.181442,200,0.000907,0.000917,0.000055,0.060606
4117,eros,0.181394,100,0.001814,0.001814,0.000055,0.030303
4118,dance,0.181236,200,0.000906,0.000916,0.000055,0.060606
4119,plantlet,0.181232,200,0.000906,0.000916,0.000055,0.060606
4120,ambitious,0.181231,100,0.001812,0.001812,0.000055,0.030303
4121,possible,0.181221,200,0.000906,0.000916,0.000055,0.060606
4122,dissociation,0.181159,100,0.001812,0.001812,0.000055,0.030303
4123,dasheen,0.181058,100,0.001811,0.001811,0.000055,0.030303
4124,mystery,0.180690,200,0.000903,0.000913,0.000055,0.060606
4125,subtend,0.180653,200,0.000903,0.000913,0.000055,0.060606
4126,tritanopic,0.180650,100,0.001807,0.001807,0.000055,0.030303
4127,go for,0.180646,100,0.001806,0.001806,0.000055,0.030303
4128,visionary,0.180611,200,0.000903,0.000913,0.000055,0.060606
4129,coherent,0.180595,200,0.000903,0.000913,0.000055,0.060606
4130,coruscation,0.180578,200,0.000903,0.000913,0.000055,0.060606
4131,resist,0.180575,200,0.000903,0.000913,0.000055,0.060606
4132,hanker,0.180557,100,0.001806,0.001806,0.000055,0.030303
4133,hungriness,0.180546,100,0.001805,0.001805,0.000055,0.030303
4134,visitor,0.180512,200,0.000903,0.001298,0.000055,0.060606
4135,congener,0.180402,200,0.000902,0.000912,0.000055,0.060606
4136,immanence,0.180326,100,0.001803,0.001803,0.000055,0.030303
4137,sightlessness,0.180314,100,0.001803,0.001803,0.000055,0.030303
4138,lay,0.180164,200,0.000901,0.001168,0.000055,0.060606
4139,nostalgic,0.180151,100,0.001802,0.001802,0.000055,0.030303
4140,categorization,0.180085,100,0.001801,0.001801,0.000055,0.030303
4141,animate being,0.180073,200,0.000900,0.000910,0.000055,0.060606
4142,existent,0.180025,200,0.000900,0.000910,0.000055,0.060606
4143,run away,0.179856,200,0.000899,0.000909,0.000055,0.060606
4144,aspiration,0.179837,100,0.001798,0.001798,0.000054,0.030303
4145,adenosine monophosphate,0.179736,100,0.001797,0.001797,0.000054,0.030303
4146,cohere,0.179628,200,0.000898,0.000908,0.000054,0.060606
4147,beingness,0.179543,200,0.000898,0.000907,0.000054,0.060606
4148,reverent,0.179518,100,0.001795,0.001795,0.000054,0.030303
4149,briarroot,0.179334,100,0.001793,0.001793,0.000054,0.030303
4150,impendence,0.179213,200,0.000896,0.000906,0.000054,0.060606
4151,nekton,0.179164,200,0.000896,0.000906,0.000054,0.060606
4152,hearer,0.179012,100,0.001790,0.001790,0.000054,0.030303
4153,procaryotic,0.178955,200,0.000895,0.000904,0.000054,0.060606
4154,stone-blind,0.178794,100,0.001788,0.001788,0.000054,0.030303
4155,lustful,0.178661,100,0.001787,0.001787,0.000054,0.030303
4156,sexy,0.178381,100,0.001784,0.001784,0.000054,0.030303
4157,promulgation,0.178323,100,0.001783,0.001783,0.000054,0.030303
4158,stagnant,0.178262,200,0.000891,0.000901,0.000054,0.060606
4159,mandrake root,0.178180,100,0.001782,0.001782,0.000054,0.030303
4160,blinder,0.178138,100,0.001781,0.001781,0.000054,0.030303
4161,phone,0.178118,100,0.001781,0.001781,0.000054,0.030303
4162,purblind,0.178108,100,0.001781,0.001781,0.000054,0.030303
4163,discordance,0.177997,200,0.000890,0.000900,0.000054,0.060606
4164,coexistent,0.177965,200,0.000890,0.000899,0.000054,0.060606
4165,pre-existent,0.177961,200,0.000890,0.000899,0.000054,0.060606
4166,imperil,0.177794,200,0.000889,0.000899,0.000054,0.060606
4167,organic,0.177726,200,0.000889,0.000898,0.000054,0.060606
4168,avulse,0.177684,100,0.001777,0.001777,0.000054,0.030303
4169,aquatic,0.177621,200,0.000888,0.000898,0.000054,0.060606
4170,antagonistic,0.177602,200,0.000888,0.000898,0.000054,0.060606
4171,chatterer,0.177463,100,0.001775,0.001775,0.000054,0.030303
4172,iridesce,0.177449,200,0.000887,0.000897,0.000054,0.060606
4173,prokaryotic,0.177401,200,0.000887,0.000897,0.000054,0.060606
4174,vary,0.177167,200,0.000886,0.000895,0.000054,0.060606
4175,mandrake,0.177136,100,0.001771,0.001771,0.000054,0.030303
4176,adenosine triphosphate,0.177102,100,0.001771,0.001771,0.000054,0.030303
4177,denizen,0.177096,200,0.000885,0.000895,0.000054,0.060606
4178,visually impaired,0.177040,100,0.001770,0.001770,0.000054,0.030303
4179,epiphytic,0.176968,200,0.000885,0.000894,0.000054,0.060606
4180,mediocre,0.176865,200,0.000884,0.000894,0.000054,0.060606
4181,terrorist,0.176812,200,0.000884,0.000894,0.000054,0.060606
4182,deoxythymidine monophosphate,0.176796,100,0.001768,0.001768,0.000054,0.030303
4183,atavistic,0.176431,200,0.000882,0.000892,0.000053,0.060606
4184,sentimentalism,0.176329,200,0.000882,0.000891,0.000053,0.060606
4185,undo,0.176171,200,0.000881,0.000890,0.000053,0.060606
4186,search,0.176121,200,0.000881,0.000890,0.000053,0.060606
4187,animalize,0.176113,200,0.000881,0.000890,0.000053,0.060606
4188,repeat,0.175963,200,0.000880,0.000889,0.000053,0.060606
4189,microbial,0.175844,200,0.000879,0.000889,0.000053,0.060606
4190,deliver,0.175819,200,0.000879,0.000889,0.000053,0.060606
4191,bacterial,0.175783,200,0.000879,0.000888,0.000053,0.060606
4192,ward,0.175666,200,0.000878,0.000888,0.000053,0.060606
4193,viewpoint,0.175659,100,0.001757,0.001757,0.000053,0.030303
4194,gather,0.175637,200,0.000878,0.000888,0.000053,0.060606
4195,blindness,0.175604,100,0.001756,0.001756,0.000053,0.030303
4196,draw up,0.175588,100,0.001756,0.001756,0.000053,0.030303
4197,friendly,0.175585,200,0.000878,0.000887,0.000053,0.060606
4198,trill,0.175497,100,0.001755,0.001755,0.000053,0.030303
4199,transcendent,0.175459,200,0.000877,0.000887,0.000053,0.060606
4200,prostration,0.175273,200,0.000876,0.001123,0.000053,0.060606
4201,opalescent,0.175117,200,0.000876,0.000885,0.000053,0.060606
4202,disorientation,0.175109,200,0.000876,0.000885,0.000053,0.060606
4203,arborize,0.174871,100,0.001749,0.001749,0.000053,0.030303
4204,smile,0.174848,200,0.000874,0.000884,0.000053,0.060606
4205,pointer,0.174764,200,0.000874,0.000883,0.000053,0.060606
4206,orchestration,0.174762,100,0.001748,0.001748,0.000053,0.030303
4207,bake,0.174587,200,0.000873,0.000882,0.000053,0.060606
4208,present tense,0.174484,100,0.001745,0.001745,0.000053,0.030303
4209,ATP,0.174463,100,0.001745,0.001745,0.000053,0.030303
4210,international waters,0.174414,100,0.001744,0.001744,0.000053,0.030303
4211,chitchat,0.174361,100,0.001744,0.001744,0.000053,0.030303
4212,heave,0.174316,200,0.000872,0.000976,0.000053,0.060606
4213,grant,0.174261,200,0.000871,0.000881,0.000053,0.060606
4214,layout,0.174239,100,0.001742,0.001742,0.000053,0.030303
4215,intone,0.174207,100,0.001742,0.001742,0.000053,0.030303
4216,tyrannous,0.174202,200,0.000871,0.000880,0.000053,0.060606
4217,rail,0.174094,200,0.000870,0.001093,0.000053,0.060606
4218,existence,0.174030,200,0.000870,0.000880,0.000053,0.060606
4219,bedevil,0.173816,200,0.000869,0.000878,0.000053,0.060606
4220,judging,0.173807,100,0.001738,0.001738,0.000053,0.030303
4221,assimilate,0.173762,200,0.000869,0.000878,0.000053,0.060606
4222,stifle,0.173747,200,0.000869,0.000878,0.000053,0.060606
4223,threaten,0.173523,200,0.000868,0.000877,0.000053,0.060606
4224,stirrer,0.173367,200,0.000867,0.000970,0.000053,0.060606
4225,enjoy,0.173335,200,0.000867,0.000876,0.000053,0.060606
4226,disapproval,0.173328,100,0.001733,0.001733,0.000053,0.030303
4227,appraiser,0.173292,100,0.001733,0.001733,0.000053,0.030303
4228,mutational,0.173184,200,0.000866,0.000875,0.000052,0.060606
4229,carroty,0.173105,100,0.001731,0.001731,0.000052,0.030303
4230,flora,0.173099,200,0.000865,0.000875,0.000052,0.060606
4231,capital,0.173028,200,0.000865,0.000874,0.000052,0.060606
4232,adhere,0.173012,200,0.000865,0.000874,0.000052,0.060606
4233,ambulant,0.172997,200,0.000865,0.000968,0.000052,0.060606
4234,stagnate,0.172995,200,0.000865,0.000874,0.000052,0.060606
4235,confusion,0.172991,200,0.000865,0.000874,0.000052,0.060606
4236,glisten,0.172981,200,0.000865,0.000874,0.000052,0.060606
4237,aboriginal,0.172974,200,0.000865,0.000874,0.000052,0.060606
4238,myrmecophile,0.172928,200,0.000865,0.000874,0.000052,0.060606
4239,jeopardize,0.172841,200,0.000864,0.000874,0.000052,0.060606
4240,tiddler,0.172823,100,0.001728,0.001728,0.000052,0.030303
4241,instantiation,0.172799,200,0.000864,0.000873,0.000052,0.060606
4242,elevation,0.172753,200,0.000864,0.000967,0.000052,0.060606
4243,mover,0.172619,200,0.000863,0.000966,0.000052,0.060606
4244,nymphomaniacal,0.172475,100,0.001725,0.001725,0.000052,0.030303
4245,eyelessness,0.172451,100,0.001725,0.001725,0.000052,0.030303
4246,split up,0.172413,100,0.001724,0.001724,0.000052,0.030303
4247,initialize,0.172360,100,0.001724,0.001724,0.000052,0.030303
4248,survive,0.172299,200,0.000861,0.000871,0.000052,0.060606
4249,phonate,0.172030,100,0.001720,0.001720,0.000052,0.030303
4250,antagonism,0.171906,200,0.000860,0.000869,0.000052,0.060606
4251,deification,0.171861,100,0.001719,0.001719,0.000052,0.030303
4252,blubber out,0.171683,100,0.001717,0.001717,0.000052,0.030303
4253,argument,0.171647,100,0.001716,0.001716,0.000052,0.030303
4254,put out,0.171620,200,0.000858,0.000867,0.000052,0.060606
4255,abstain,0.171584,200,0.000858,0.000867,0.000052,0.060606
4256,possess,0.171565,200,0.000858,0.000867,0.000052,0.060606
4257,neighborhood,0.171521,200,0.000858,0.000867,0.000052,0.060606
4258,stick by,0.171427,200,0.000857,0.000866,0.000052,0.060606
4259,owe,0.171378,200,0.000857,0.000866,0.000052,0.060606
4260,seel,0.171343,100,0.001713,0.001713,0.000052,0.030303
4261,outrage,0.171221,100,0.001712,0.001712,0.000052,0.030303
4262,modify,0.171050,200,0.000855,0.000864,0.000052,0.060606
4263,point,0.170893,200,0.000854,0.000864,0.000052,0.060606
4264,hauler,0.170719,200,0.000854,0.000956,0.000052,0.060606
4265,drive away,0.170641,200,0.000853,0.000955,0.000052,0.060606
4266,tyke,0.170577,100,0.001706,0.001706,0.000052,0.030303
4267,avulsion,0.170538,100,0.001705,0.001705,0.000052,0.030303
4268,sightless,0.170433,100,0.001704,0.001704,0.000052,0.030303
4269,lecherous,0.170393,100,0.001704,0.001704,0.000052,0.030303
4270,dazzled,0.170243,100,0.001702,0.001702,0.000052,0.030303
4271,funnel,0.170234,200,0.000851,0.000953,0.000052,0.060606
4272,beautification,0.170190,200,0.000851,0.000860,0.000052,0.060606
4273,nipper,0.170153,100,0.001702,0.001702,0.000052,0.030303
4274,propeller,0.170088,200,0.000850,0.000952,0.000052,0.060606
4275,relative,0.170016,200,0.000850,0.000859,0.000052,0.060606
4276,transposition,0.170014,200,0.000850,0.000952,0.000052,0.060606
4277,Hera,0.170012,100,0.001700,0.001700,0.000052,0.030303
4278,stick,0.169838,200,0.000849,0.000858,0.000051,0.060606
4279,anomalous,0.169742,200,0.000849,0.000858,0.000051,0.060606
4280,count,0.169710,200,0.000849,0.000858,0.000051,0.060606
4281,clack,0.169594,100,0.001696,0.001696,0.000051,0.030303
4282,initialisation,0.169484,100,0.001695,0.001695,0.000051,0.030303
4283,sand-blind,0.169450,100,0.001694,0.001694,0.000051,0.030303
4284,childly,0.169431,100,0.001694,0.001694,0.000051,0.030303
4285,bowler,0.169375,200,0.000847,0.000948,0.000051,0.060606
4286,zip,0.169345,200,0.000847,0.000948,0.000051,0.060606
4287,disaccord,0.169340,200,0.000847,0.000856,0.000051,0.060606
4288,hie,0.169235,200,0.000846,0.000947,0.000051,0.060606
4289,bring outside,0.169131,200,0.000846,0.000947,0.000051,0.060606
4290,orrisroot,0.169103,100,0.001691,0.001691,0.000051,0.030303
4291,winch,0.168961,200,0.000845,0.000946,0.000051,0.060606
4292,predicator,0.168892,200,0.000844,0.000854,0.000051,0.060606
4293,cackler,0.168826,100,0.001688,0.001688,0.000051,0.030303
4294,leave off,0.168728,100,0.001687,0.001687,0.000051,0.030303
4295,stroller,0.168695,200,0.000843,0.000944,0.000051,0.060606
4296,oral cavity,0.168623,100,0.001686,0.001686,0.000051,0.030303
4297,wend,0.168601,200,0.000843,0.000944,0.000051,0.060606
4298,visually challenged,0.168573,100,0.001686,0.001686,0.000051,0.030303
4299,youngster,0.168550,100,0.001686,0.001686,0.000051,0.030303
4300,move on,0.168533,200,0.000843,0.000943,0.000051,0.060606
4301,sling,0.168522,200,0.000843,0.000943,0.000051,0.060606
4302,indwell,0.168522,200,0.000843,0.000852,0.000051,0.060606
4303,sighted,0.168463,100,0.001685,0.001685,0.000051,0.030303
4304,approbatory,0.168405,100,0.001684,0.001684,0.000051,0.030303
4305,pathogenic,0.168391,200,0.000842,0.000851,0.000051,0.060606
4306,truck,0.168287,200,0.000841,0.000942,0.000051,0.060606
4307,explanatory,0.168248,100,0.001682,0.001682,0.000051,0.030303
4308,pressure,0.168239,200,0.000841,0.000850,0.000051,0.060606
4309,perceive,0.168162,200,0.000841,0.000850,0.000051,0.060606
4310,divergency,0.168149,200,0.000841,0.000850,0.000051,0.060606
4311,coexistence,0.167977,200,0.000840,0.000849,0.000051,0.060606
4312,conveyer,0.167973,200,0.000840,0.000940,0.000051,0.060606
4313,scooter,0.167948,200,0.000840,0.000940,0.000051,0.060606
4314,longer,0.167913,100,0.001679,0.001679,0.000051,0.030303
4315,adenosine diphosphate,0.167906,100,0.001679,0.001679,0.000051,0.030303
4316,bellowing,0.167895,100,0.001679,0.001679,0.000051,0.030303
4317,winder,0.167867,200,0.000839,0.000940,0.000051,0.060606
4318,bear,0.167865,100,0.001679,0.001679,0.000051,0.030303
4319,mangle,0.167859,200,0.000839,0.000848,0.000051,0.060606
4320,stir,0.167787,200,0.000839,0.000939,0.000051,0.060606
4321,heterosexual,0.167730,200,0.000839,0.000848,0.000051,0.060606
4322,draw back,0.167626,200,0.000838,0.000938,0.000051,0.060606
4323,blower,0.167586,200,0.000838,0.000938,0.000051,0.060606
4324,manipulate,0.167570,200,0.000838,0.000847,0.000051,0.060606
4325,drive off,0.167524,200,0.000838,0.000938,0.000051,0.060606
4326,turn over,0.167504,200,0.000838,0.000938,0.000051,0.060606
4327,swarm,0.167471,200,0.000837,0.000846,0.000051,0.060606
4328,timeless existence,0.167368,200,0.000837,0.000846,0.000051,0.060606
4329,expectorate,0.167352,200,0.000837,0.000846,0.000051,0.060606
4330,cock,0.167331,200,0.000837,0.000937,0.000051,0.060606
4331,cessation,0.167174,100,0.001672,0.001672,0.000051,0.030303
4332,go across,0.167148,200,0.000836,0.000936,0.000051,0.060606
4333,prokaryote,0.167004,200,0.000835,0.000844,0.000051,0.060606
4334,trundle,0.167001,200,0.000835,0.000935,0.000051,0.060606
4335,atavism,0.166979,200,0.000835,0.000844,0.000051,0.060606
4336,stroke,0.166978,200,0.000835,0.000935,0.000051,0.060606
4337,girdle,0.166967,100,0.001670,0.001670,0.000051,0.030303
4338,gulp,0.166963,100,0.001670,0.001670,0.000051,0.030303
4339,move,0.166907,200,0.000835,0.000934,0.000051,0.060606
4340,net income,0.166893,100,0.001669,0.001669,0.000051,0.030303
4341,extravert,0.166833,200,0.000834,0.000843,0.000051,0.060606
4342,unperceiving,0.166797,100,0.001668,0.001668,0.000051,0.030303
4343,beast,0.166766,200,0.000834,0.000843,0.000051,0.060606
4344,oral fissure,0.166765,100,0.001668,0.001668,0.000051,0.030303
4345,misogamy,0.166740,200,0.000834,0.000843,0.000051,0.060606
4346,greet,0.166726,200,0.000834,0.000843,0.000051,0.060606
4347,preschooler,0.166712,100,0.001667,0.001667,0.000051,0.030303
4348,orate,0.166606,100,0.001666,0.001666,0.000050,0.030303
4349,kid,0.166557,100,0.001666,0.001666,0.000050,0.030303
4350,luxation,0.166436,200,0.000832,0.000932,0.000050,0.060606
4351,outcaste,0.166426,200,0.000832,0.000841,0.000050,0.060606
4352,running,0.166401,200,0.000832,0.000931,0.000050,0.060606
4353,sensualist,0.166378,100,0.001664,0.001664,0.000050,0.030303
4354,adductive,0.166375,200,0.000832,0.000931,0.000050,0.060606
4355,opalescence,0.166346,200,0.000832,0.000841,0.000050,0.060606
4356,hang around,0.166210,200,0.000831,0.000840,0.000050,0.060606
4357,murmurer,0.166193,100,0.001662,0.001662,0.000050,0.030303
4358,tot,0.166188,100,0.001662,0.001662,0.000050,0.030303
4359,adductor,0.166185,200,0.000831,0.000930,0.000050,0.060606
4360,unperceptive,0.166114,100,0.001661,0.001661,0.000050,0.030303
4361,poke,0.166076,200,0.000830,0.000930,0.000050,0.060606
4362,raising,0.166043,200,0.000830,0.000929,0.000050,0.060606
4363,calculator,0.165994,100,0.001660,0.001660,0.000050,0.030303
4364,cassava,0.165930,100,0.001659,0.001659,0.000050,0.030303
4365,decanter,0.165904,200,0.000830,0.000929,0.000050,0.060606
4366,limper,0.165835,200,0.000829,0.000928,0.000050,0.060606
4367,acting,0.165693,200,0.000828,0.000837,0.000050,0.060606
4368,saprophyte,0.165640,200,0.000828,0.000837,0.000050,0.060606
4369,Wade,0.165593,200,0.000828,0.000927,0.000050,0.060606
4370,propellor,0.165574,200,0.000828,0.000927,0.000050,0.060606
4371,luggage,0.165558,200,0.000828,0.000927,0.000050,0.060606
4372,perennial,0.165536,200,0.000828,0.000837,0.000050,0.060606
4373,beater,0.165529,200,0.000828,0.000926,0.000050,0.060606
4374,pelt along,0.165518,200,0.000828,0.000926,0.000050,0.060606
4375,zoom,0.165462,200,0.000827,0.000926,0.000050,0.060606
4376,babbling,0.165397,100,0.001654,0.001654,0.000050,0.030303
4377,carter,0.165266,200,0.000826,0.000925,0.000050,0.060606
4378,unravel,0.165218,200,0.000826,0.000835,0.000050,0.060606
4379,dismount,0.165194,200,0.000826,0.000925,0.000050,0.060606
4380,hauling,0.165159,200,0.000826,0.000924,0.000050,0.060606
4381,pronate,0.165152,200,0.000826,0.000924,0.000050,0.060606
4382,lance,0.165079,200,0.000825,0.000924,0.000050,0.060606
4383,physical attraction,0.165056,100,0.001651,0.001651,0.000050,0.030303
4384,get around,0.165038,200,0.000825,0.000924,0.000050,0.060606
4385,correlation,0.165007,100,0.001650,0.001650,0.000050,0.030303
4386,crank,0.164977,200,0.000825,0.000923,0.000050,0.060606
4387,walker,0.164962,200,0.000825,0.000923,0.000050,0.060606
4388,poker,0.164933,200,0.000825,0.000923,0.000050,0.060606
4389,passer,0.164897,200,0.000824,0.000923,0.000050,0.060606
4390,animalculum,0.164868,200,0.000824,0.000833,0.000050,0.060606
4391,hybridize,0.164845,200,0.000824,0.000833,0.000050,0.060606
4392,moveable,0.164814,200,0.000824,0.000922,0.000050,0.060606
4393,siphon,0.164759,200,0.000824,0.000922,0.000050,0.060606
4394,preexistence,0.164751,200,0.000824,0.000833,0.000050,0.060606
4395,bus stop,0.164719,100,0.001647,0.001647,0.000050,0.030303
4396,yanker,0.164718,200,0.000824,0.000922,0.000050,0.060606
4397,organism,0.164687,200,0.000823,0.000832,0.000050,0.060606
4398,gesticulate,0.164622,200,0.000823,0.000921,0.000050,0.060606
4399,descent,0.164471,200,0.000822,0.000921,0.000050,0.060606
4400,pile,0.164457,200,0.000822,0.000920,0.000050,0.060606
4401,eversion,0.164353,200,0.000822,0.000920,0.000050,0.060606
4402,floating,0.164302,200,0.000822,0.000920,0.000050,0.060606
4403,ladle,0.164285,200,0.000821,0.000920,0.000050,0.060606
4404,possibleness,0.164276,200,0.000821,0.000830,0.000050,0.060606
4405,bloodlust,0.164269,100,0.001643,0.001643,0.000050,0.030303
4406,compartment,0.164225,200,0.000821,0.000919,0.000050,0.060606
4407,transferral,0.164210,200,0.000821,0.000919,0.000050,0.060606
4408,grandchild,0.164181,100,0.001642,0.001642,0.000050,0.030303
4409,body English,0.164132,200,0.000821,0.000919,0.000050,0.060606
4410,radical,0.163914,100,0.001639,0.001639,0.000050,0.030303
4411,ascender,0.163869,200,0.000819,0.000917,0.000050,0.060606
4412,flipper,0.163854,200,0.000819,0.000917,0.000050,0.060606
4413,cutting,0.163854,200,0.000819,0.000917,0.000050,0.060606
4414,chanter,0.163799,100,0.001638,0.001638,0.000050,0.030303
4415,suckle,0.163781,100,0.001638,0.001638,0.000050,0.030303
4416,entozoan,0.163768,200,0.000819,0.000828,0.000050,0.060606
4417,moon around,0.163679,200,0.000818,0.000827,0.000050,0.060606
4418,retraction,0.163583,200,0.000818,0.000916,0.000050,0.060606
4419,child,0.163572,100,0.001636,0.001636,0.000050,0.030303
4420,eye movement,0.163545,200,0.000818,0.000915,0.000050,0.060606
4421,skating,0.163423,200,0.000817,0.000915,0.000050,0.060606
4422,comfort,0.163391,200,0.000817,0.000826,0.000050,0.060606
4423,saccade,0.163387,200,0.000817,0.000914,0.000050,0.060606
4424,ratchet,0.163347,200,0.000817,0.000914,0.000049,0.060606
4425,glider,0.163343,200,0.000817,0.000914,0.000049,0.060606
4426,lie in,0.163303,200,0.000817,0.000825,0.000049,0.060606
4427,linger,0.163240,200,0.000816,0.000825,0.000049,0.060606
4428,knock over,0.163229,200,0.000816,0.000914,0.000049,0.060606
4429,hitter,0.163224,200,0.000816,0.000914,0.000049,0.060606
4430,compressing,0.163218,200,0.000816,0.000914,0.000049,0.060606
4431,lurk,0.163194,200,0.000816,0.000825,0.000049,0.060606
4432,iridescent,0.163178,200,0.000816,0.000825,0.000049,0.060606
4433,brainstorm,0.163144,100,0.001631,0.001631,0.000049,0.030303
4434,shake,0.163125,200,0.000816,0.000913,0.000049,0.060606
4435,jump,0.163054,200,0.000815,0.000913,0.000049,0.060606
4436,pull away,0.163032,200,0.000815,0.000912,0.000049,0.060606
4437,shunter,0.163021,200,0.000815,0.000912,0.000049,0.060606
4438,flapping,0.162986,200,0.000815,0.000912,0.000049,0.060606
4439,angler,0.162986,200,0.000815,0.000912,0.000049,0.060606
4440,coming,0.162981,200,0.000815,0.000912,0.000049,0.060606
4441,slice through,0.162976,200,0.000815,0.000912,0.000049,0.060606
4442,memorialisation,0.162947,100,0.001629,0.001629,0.000049,0.030303
4443,pole,0.162890,200,0.000814,0.000912,0.000049,0.060606
4444,comprise,0.162842,200,0.000814,0.000823,0.000049,0.060606
4445,pad,0.162826,200,0.000814,0.000911,0.000049,0.060606
4446,ascent,0.162808,200,0.000814,0.000911,0.000049,0.060606
4447,hurrying,0.162764,200,0.000814,0.000911,0.000049,0.060606
4448,withhold,0.162731,200,0.000814,0.000822,0.000049,0.060606
4449,pass by,0.162700,200,0.000813,0.000911,0.000049,0.060606
4450,abundant,0.162668,200,0.000813,0.000822,0.000049,0.060606
4451,army brat,0.162610,100,0.001626,0.001626,0.000049,0.030303
4452,Elizabethan,0.162610,200,0.000813,0.000822,0.000049,0.060606
4453,victimise,0.162596,200,0.000813,0.000822,0.000049,0.060606
4454,perennate,0.162587,200,0.000813,0.000822,0.000049,0.060606
4455,turn a nice dime,0.162579,100,0.001626,0.001626,0.000049,0.030303
4456,move back,0.162557,200,0.000813,0.000910,0.000049,0.060606
4457,pitching,0.162555,200,0.000813,0.000910,0.000049,0.060606
4458,harmonizer,0.162544,100,0.001625,0.001625,0.000049,0.030303
4459,locomote,0.162536,200,0.000813,0.000910,0.000049,0.060606
4460,steam,0.162516,200,0.000813,0.000910,0.000049,0.060606
4461,nonexistence,0.162474,200,0.000812,0.000821,0.000049,0.060606
4462,hold forth,0.162366,100,0.001624,0.001624,0.000049,0.030303
4463,pacer,0.162164,200,0.000811,0.000908,0.000049,0.060606
4464,fin,0.162155,200,0.000811,0.000908,0.000049,0.060606
4465,quester,0.162143,100,0.001621,0.001621,0.000049,0.030303
4466,talk turkey,0.162107,100,0.001621,0.001621,0.000049,0.030303
4467,mutilate,0.162075,200,0.000810,0.000819,0.000049,0.060606
4468,tap,0.162015,200,0.000810,0.000907,0.000049,0.060606
4469,squeeze,0.161989,200,0.000810,0.000907,0.000049,0.060606
4470,ascensive,0.161960,200,0.000810,0.000906,0.000049,0.060606
4471,Hebraic,0.161858,200,0.000809,0.000818,0.000049,0.060606
4472,turn a nice dollar,0.161804,100,0.001618,0.001618,0.000049,0.030303
4473,skier,0.161779,200,0.000809,0.000905,0.000049,0.060606
4474,go past,0.161758,200,0.000809,0.000905,0.000049,0.060606
4475,rush along,0.161748,200,0.000809,0.000905,0.000049,0.060606
4476,mollycoddle,0.161735,200,0.000809,0.000817,0.000049,0.060606
4477,ejector,0.161717,200,0.000809,0.000905,0.000049,0.060606
4478,charioteer,0.161694,200,0.000808,0.000905,0.000049,0.060606
4479,nod,0.161664,200,0.000808,0.000905,0.000049,0.060606
4480,rake in,0.161660,100,0.001617,0.001617,0.000049,0.030303
4481,tee,0.161644,200,0.000808,0.000905,0.000049,0.060606
4482,riffle,0.161576,200,0.000808,0.000904,0.000049,0.060606
4483,rocker,0.161534,200,0.000808,0.000904,0.000049,0.060606
4484,snowboard,0.161524,200,0.000808,0.000904,0.000049,0.060606
4485,pitchfork,0.161522,200,0.000808,0.000904,0.000049,0.060606
4486,slay,0.161495,200,0.000807,0.000816,0.000049,0.060606
4487,swimmer,0.161438,200,0.000807,0.000904,0.000049,0.060606
4488,gob,0.161385,100,0.001614,0.001614,0.000049,0.030303
4489,transplanter,0.161363,200,0.000807,0.000903,0.000049,0.060606
4490,unwind,0.161311,200,0.000807,0.000903,0.000049,0.060606
4491,abound,0.161298,200,0.000806,0.000815,0.000049,0.060606
4492,wind off,0.161295,200,0.000806,0.000903,0.000049,0.060606
4493,jab,0.161242,200,0.000806,0.000902,0.000049,0.060606
4494,motion,0.161224,200,0.000806,0.000902,0.000049,0.060606
4495,taxi,0.161211,200,0.000806,0.000902,0.000049,0.060606
4496,cutter,0.161195,200,0.000806,0.000902,0.000049,0.060606
4497,supinate,0.161191,200,0.000806,0.000902,0.000049,0.060606
4498,timeless,0.161143,200,0.000806,0.000814,0.000049,0.060606
4499,wader,0.161113,200,0.000806,0.000902,0.000049,0.060606
4500,lateralize,0.161108,200,0.000806,0.000902,0.000049,0.060606
4501,stockpile,0.161040,100,0.001610,0.001610,0.000049,0.030303
4502,haploid,0.161011,200,0.000805,0.000814,0.000049,0.060606
4503,interrelate,0.161006,200,0.000805,0.000814,0.000049,0.060606
4504,trailer,0.160973,200,0.000805,0.000901,0.000049,0.060606
4505,uplift,0.160965,200,0.000805,0.000901,0.000049,0.060606
4506,impulse,0.160958,100,0.001610,0.001610,0.000049,0.030303
4507,blackball,0.160802,200,0.000804,0.000900,0.000049,0.060606
4508,flier,0.160788,200,0.000804,0.000900,0.000049,0.060606
4509,loader,0.160730,200,0.000804,0.000900,0.000049,0.060606
4510,ski,0.160679,200,0.000803,0.000899,0.000049,0.060606
4511,come down,0.160642,200,0.000803,0.000899,0.000049,0.060606
4512,nucleotide,0.160634,100,0.001606,0.001606,0.000049,0.030303
4513,water ski,0.160588,200,0.000803,0.000899,0.000049,0.060606
4514,rush,0.160545,200,0.000803,0.000899,0.000049,0.060606
4515,come in for,0.160489,200,0.000802,0.000811,0.000049,0.060606
4516,backstroker,0.160477,200,0.000802,0.000898,0.000049,0.060606
4517,back,0.160428,200,0.000802,0.000898,0.000049,0.060606
4518,discontinuance,0.160300,100,0.001603,0.001603,0.000049,0.030303
4519,kneeler,0.160270,200,0.000801,0.000810,0.000049,0.060606
4520,circumduction,0.160269,200,0.000801,0.000897,0.000049,0.060606
4521,communicate,0.160260,200,0.000801,0.000810,0.000049,0.060606
4522,inch,0.160252,200,0.000801,0.000897,0.000049,0.060606
4523,cheek,0.160242,100,0.001602,0.001602,0.000049,0.030303
4524,dragger,0.160221,200,0.000801,0.000897,0.000049,0.060606
4525,slice into,0.160206,200,0.000801,0.000897,0.000049,0.060606
4526,cart,0.160202,200,0.000801,0.000897,0.000049,0.060606
4527,waddler,0.160108,200,0.000801,0.000896,0.000049,0.060606
4528,embellish,0.160105,200,0.000801,0.000809,0.000049,0.060606
4529,rolling,0.160008,200,0.000800,0.000896,0.000048,0.060606
4530,put,0.159982,200,0.000800,0.000895,0.000048,0.060606
4531,bucket,0.159960,200,0.000800,0.000895,0.000048,0.060606
4532,white,0.159955,200,0.000800,0.000808,0.000048,0.060606
4533,sanctification,0.159882,100,0.001599,0.001599,0.000048,0.030303
4534,swimming,0.159879,200,0.000799,0.000895,0.000048,0.060606
4535,initialization,0.159852,100,0.001599,0.001599,0.000048,0.030303
4536,shut off,0.159847,100,0.001598,0.001598,0.000048,0.030303
4537,bottle,0.159846,200,0.000799,0.000895,0.000048,0.060606
4538,yap,0.159822,100,0.001598,0.001598,0.000048,0.030303
4539,foster child,0.159805,100,0.001598,0.001598,0.000048,0.030303
4540,creeping,0.159805,200,0.000799,0.000894,0.000048,0.060606
4541,backdown,0.159778,200,0.000799,0.000894,0.000048,0.060606
4542,endoparasitic,0.159768,200,0.000799,0.000807,0.000048,0.060606
4543,snowboarding,0.159660,200,0.000798,0.000894,0.000048,0.060606
4544,bowl over,0.159624,200,0.000798,0.000893,0.000048,0.060606
4545,checkpoint,0.159611,100,0.001596,0.001596,0.000048,0.030303
4546,traverser,0.159603,200,0.000798,0.000893,0.000048,0.060606
4547,ascendent,0.159578,200,0.000798,0.000893,0.000048,0.060606
4548,splintering,0.159559,100,0.001596,0.001596,0.000048,0.030303
4549,benthos,0.159532,200,0.000798,0.000806,0.000048,0.060606
4550,roll-on,0.159529,100,0.001595,0.001595,0.000048,0.030303
4551,drip,0.159503,200,0.000798,0.000893,0.000048,0.060606
4552,sizz,0.159501,100,0.001595,0.001595,0.000048,0.030303
4553,initialise,0.159430,100,0.001594,0.001594,0.000048,0.030303
4554,approach,0.159423,200,0.000797,0.000892,0.000048,0.060606
4555,depress,0.159354,200,0.000797,0.000892,0.000048,0.060606
4556,bucket along,0.159335,200,0.000797,0.000892,0.000048,0.060606
4557,engage,0.159279,200,0.000796,0.000891,0.000048,0.060606
4558,departed,0.159268,200,0.000796,0.000805,0.000048,0.060606
4559,pull up short,0.159262,100,0.001593,0.001593,0.000048,0.030303
4560,parent,0.159229,200,0.000796,0.000805,0.000048,0.060606
4561,snowshoe,0.159197,200,0.000796,0.000891,0.000048,0.060606
4562,pushing,0.159119,200,0.000796,0.000891,0.000048,0.060606
4563,wriggly,0.159101,200,0.000796,0.000890,0.000048,0.060606
4564,rascally,0.158952,100,0.001590,0.001590,0.000048,0.030303
4565,chariot,0.158936,200,0.000795,0.000890,0.000048,0.060606
4566,dwarf,0.158906,200,0.000795,0.000803,0.000048,0.060606
4567,saint,0.158873,100,0.001589,0.001589,0.000048,0.030303
4568,headshaking,0.158855,200,0.000794,0.000889,0.000048,0.060606
4569,dodderer,0.158846,200,0.000794,0.000889,0.000048,0.060606
4570,decantation,0.158831,200,0.000794,0.000889,0.000048,0.060606
4571,appreciative,0.158824,100,0.001588,0.001588,0.000048,0.030303
4572,scamp,0.158785,100,0.001588,0.001588,0.000048,0.030303
4573,jounce,0.158696,200,0.000793,0.000888,0.000048,0.060606
4574,go down,0.158662,200,0.000793,0.000888,0.000048,0.060606
4575,fetal movement,0.158662,200,0.000793,0.000888,0.000048,0.060606
4576,endanger,0.158650,200,0.000793,0.000802,0.000048,0.060606
4577,transplanting,0.158647,200,0.000793,0.000888,0.000048,0.060606
4578,close off,0.158645,100,0.001586,0.001586,0.000048,0.030303
4579,call it a day,0.158632,100,0.001586,0.001586,0.000048,0.030303
4580,lean,0.158629,200,0.000793,0.000888,0.000048,0.060606
4581,translocation,0.158568,200,0.000793,0.000888,0.000048,0.060606
4582,take the air,0.158554,200,0.000793,0.000887,0.000048,0.060606
4583,stomp,0.158554,200,0.000793,0.000887,0.000048,0.060606
4584,load,0.158554,200,0.000793,0.000887,0.000048,0.060606
4585,chauffeur,0.158541,200,0.000793,0.000887,0.000048,0.060606
4586,buoy,0.158528,200,0.000793,0.000887,0.000048,0.060606
4587,shack,0.158472,200,0.000792,0.000887,0.000048,0.060606
4588,pull back,0.158410,200,0.000792,0.000887,0.000048,0.060606
4589,shove,0.158399,200,0.000792,0.000887,0.000048,0.060606
4590,paddle,0.158369,200,0.000792,0.000886,0.000048,0.060606
4591,chat up,0.158347,100,0.001583,0.001583,0.000048,0.030303
4592,weave,0.158338,200,0.000792,0.000886,0.000048,0.060606
4593,depressor,0.158334,200,0.000792,0.000886,0.000048,0.060606
4594,haul,0.158253,200,0.000791,0.000886,0.000048,0.060606
4595,cast,0.158251,200,0.000791,0.000886,0.000048,0.060606
4596,wag,0.158243,200,0.000791,0.000886,0.000048,0.060606
4597,demoralization,0.158243,200,0.000791,0.000800,0.000048,0.060606
4598,underlie,0.158234,200,0.000791,0.000800,0.000048,0.060606
4599,bomb,0.158187,200,0.000791,0.000799,0.000048,0.060606
4600,go around,0.158174,200,0.000791,0.000885,0.000048,0.060606
4601,minor,0.158172,100,0.001582,0.001582,0.000048,0.030303
4602,dictation,0.158096,100,0.001581,0.001581,0.000048,0.030303
4603,delimit,0.158051,200,0.000790,0.000799,0.000048,0.060606
4604,locomotion,0.157979,200,0.000790,0.000884,0.000048,0.060606
4605,portage,0.157945,200,0.000790,0.000884,0.000048,0.060606
4606,island hop,0.157939,200,0.000790,0.000884,0.000048,0.060606
4607,sower,0.157935,200,0.000790,0.000884,0.000048,0.060606
4608,retract,0.157921,200,0.000790,0.000884,0.000048,0.060606
4609,maim,0.157916,200,0.000790,0.000798,0.000048,0.060606
4610,instance,0.157909,200,0.000790,0.000798,0.000048,0.060606
4611,quick buck,0.157894,100,0.001579,0.001579,0.000048,0.030303
4612,anomalist,0.157869,200,0.000789,0.000798,0.000048,0.060606
4613,eucaryotic,0.157847,200,0.000789,0.000798,0.000048,0.060606
4614,bastard,0.157838,100,0.001578,0.001578,0.000048,0.030303
4615,propulsive,0.157729,200,0.000789,0.000883,0.000048,0.060606
4616,chance,0.157723,200,0.000789,0.000797,0.000048,0.060606
4617,plow,0.157687,200,0.000788,0.000883,0.000048,0.060606
4618,drone,0.157665,100,0.001577,0.001577,0.000048,0.030303
4619,travel by,0.157658,200,0.000788,0.000882,0.000048,0.060606
4620,tramper,0.157635,200,0.000788,0.000882,0.000048,0.060606
4621,stomper,0.157631,200,0.000788,0.000882,0.000048,0.060606
4622,Young,0.157621,100,0.001576,0.001576,0.000048,0.030303
4623,kicker,0.157553,200,0.000788,0.000882,0.000048,0.060606
4624,kindergartner,0.157553,100,0.001576,0.001576,0.000048,0.030303
4625,sailor,0.157507,200,0.000788,0.000882,0.000048,0.060606
4626,illegitimate,0.157484,100,0.001575,0.001575,0.000048,0.030303
4627,cross,0.157468,200,0.000787,0.000796,0.000048,0.060606
4628,cruise,0.157405,200,0.000787,0.000881,0.000048,0.060606
4629,forking,0.157398,100,0.001574,0.001574,0.000048,0.030303
4630,seem,0.157345,200,0.000787,0.000795,0.000048,0.060606
4631,neighbourhood,0.157340,200,0.000787,0.000795,0.000048,0.060606
4632,cryptogamous,0.157331,200,0.000787,0.000795,0.000048,0.060606
4633,packing,0.157295,200,0.000786,0.000880,0.000048,0.060606
4634,urinate,0.157284,200,0.000786,0.000795,0.000048,0.060606
4635,displace,0.157262,200,0.000786,0.000880,0.000048,0.060606
4636,step on it,0.157184,200,0.000786,0.000880,0.000048,0.060606
4637,existential,0.157179,200,0.000786,0.000794,0.000048,0.060606
4638,slider,0.157161,200,0.000786,0.000880,0.000048,0.060606
4639,mortgager,0.157125,200,0.000786,0.000794,0.000048,0.060606
4640,cut out,0.157110,100,0.001571,0.001571,0.000048,0.030303
4641,reel,0.157080,200,0.000785,0.000879,0.000048,0.060606
4642,snowboarder,0.157001,200,0.000785,0.000879,0.000048,0.060606
4643,upstage,0.156973,200,0.000785,0.000879,0.000048,0.060606
4644,waterlogged,0.156970,100,0.001570,0.001570,0.000048,0.030303
4645,conveyance,0.156969,200,0.000785,0.000879,0.000048,0.060606
4646,litterer,0.156875,200,0.000784,0.000793,0.000048,0.060606
4647,single-foot,0.156875,200,0.000784,0.000878,0.000048,0.060606
4648,skater,0.156843,200,0.000784,0.000878,0.000048,0.060606
4649,marry,0.156823,200,0.000784,0.000793,0.000048,0.060606
4650,blubber,0.156804,100,0.001568,0.001568,0.000048,0.030303
4651,dropper,0.156760,200,0.000784,0.000877,0.000048,0.060606
4652,drippings,0.156719,200,0.000784,0.000877,0.000047,0.060606
4653,unroll,0.156715,200,0.000784,0.000877,0.000047,0.060606
4654,stockist,0.156636,100,0.001566,0.001566,0.000047,0.030303
4655,stepchild,0.156629,100,0.001566,0.001566,0.000047,0.030303
4656,withdraw,0.156617,200,0.000783,0.000877,0.000047,0.060606
4657,correlative,0.156587,100,0.001566,0.001566,0.000047,0.030303
4658,sledge,0.156552,200,0.000783,0.000876,0.000047,0.060606
4659,transferer,0.156504,200,0.000783,0.000876,0.000047,0.060606
4660,positioner,0.156494,200,0.000782,0.000876,0.000047,0.060606
4661,sympatric,0.156452,100,0.001565,0.001565,0.000047,0.030303
4662,tiptoe,0.156438,200,0.000782,0.000876,0.000047,0.060606
4663,illegitimate child,0.156380,100,0.001564,0.001564,0.000047,0.030303
4664,retroflexion,0.156346,200,0.000782,0.000875,0.000047,0.060606
4665,tip over,0.156340,200,0.000782,0.000875,0.000047,0.060606
4666,merit,0.156339,200,0.000782,0.000790,0.000047,0.060606
4667,hole,0.156326,100,0.001563,0.001563,0.000047,0.030303
4668,water-skiing,0.156318,200,0.000782,0.000875,0.000047,0.060606
4669,tilt,0.156291,200,0.000781,0.000875,0.000047,0.060606
4670,throw out,0.156215,200,0.000781,0.000874,0.000047,0.060606
4671,pacing,0.156133,200,0.000781,0.000874,0.000047,0.060606
4672,impel,0.156112,200,0.000781,0.000874,0.000047,0.060606
4673,wrap,0.156093,200,0.000780,0.000874,0.000047,0.060606
4674,pulling,0.156086,200,0.000780,0.000874,0.000047,0.060606
4675,crawling,0.156073,200,0.000780,0.000874,0.000047,0.060606
4676,acrogenous,0.156062,200,0.000780,0.000789,0.000047,0.060606
4677,plop,0.155989,200,0.000780,0.000873,0.000047,0.060606
4678,postdiluvian,0.155961,200,0.000780,0.000788,0.000047,0.060606
4679,skiing,0.155927,200,0.000780,0.000873,0.000047,0.060606
4680,shelver,0.155897,200,0.000779,0.000873,0.000047,0.060606
4681,surfing,0.155893,200,0.000779,0.000873,0.000047,0.060606
4682,rapscallion,0.155849,100,0.001558,0.001558,0.000047,0.030303
4683,tugger,0.155827,200,0.000779,0.000872,0.000047,0.060606
4684,lighter,0.155801,200,0.000779,0.000872,0.000047,0.060606
4685,trucking,0.155760,200,0.000779,0.000872,0.000047,0.060606
4686,waif,0.155724,100,0.001557,0.001557,0.000047,0.030303
4687,orphan,0.155694,100,0.001557,0.001557,0.000047,0.030303
4688,onanism,0.155688,200,0.000778,0.000787,0.000047,0.060606
4689,scalawag,0.155645,100,0.001556,0.001556,0.000047,0.030303
4690,motility,0.155640,200,0.000778,0.000871,0.000047,0.060606
4691,hasten,0.155542,200,0.000778,0.000871,0.000047,0.060606
4692,ambler,0.155542,200,0.000778,0.000871,0.000047,0.060606
4693,lowering,0.155530,200,0.000778,0.000871,0.000047,0.060606
4694,heaver,0.155503,200,0.000778,0.000870,0.000047,0.060606
4695,mounting,0.155411,200,0.000777,0.000870,0.000047,0.060606
4696,lingerer,0.155408,200,0.000777,0.000785,0.000047,0.060606
4697,splay,0.155330,200,0.000777,0.000869,0.000047,0.060606
4698,tatterdemalion,0.155310,100,0.001553,0.001553,0.000047,0.030303
4699,progeny,0.155292,100,0.001553,0.001553,0.000047,0.030303
4700,youth,0.155243,100,0.001552,0.001552,0.000047,0.030303
4701,take down,0.155195,200,0.000776,0.000869,0.000047,0.060606
4702,pipage,0.155157,200,0.000776,0.000868,0.000047,0.060606
4703,breaststroker,0.155140,200,0.000776,0.000868,0.000047,0.060606
4704,middle,0.155116,200,0.000776,0.000868,0.000047,0.060606
4705,haulage,0.154991,200,0.000775,0.000867,0.000047,0.060606
4706,prolapse,0.154934,200,0.000775,0.000867,0.000047,0.060606
4707,turnover,0.154915,200,0.000775,0.000867,0.000047,0.060606
4708,call it quits,0.154803,100,0.001548,0.001548,0.000047,0.030303
4709,reeler,0.154778,200,0.000774,0.000866,0.000047,0.060606
4710,kiddy,0.154766,100,0.001548,0.001548,0.000047,0.030303
4711,disturb,0.154733,200,0.000774,0.000866,0.000047,0.060606
4712,scrambler,0.154701,200,0.000774,0.000866,0.000047,0.060606
4713,plantal,0.154658,200,0.000773,0.000782,0.000047,0.060606
4714,raise up,0.154647,200,0.000773,0.000866,0.000047,0.060606
4715,let down,0.154641,200,0.000773,0.000866,0.000047,0.060606
4716,pusher,0.154629,200,0.000773,0.000865,0.000047,0.060606
4717,twirl,0.154567,200,0.000773,0.000865,0.000047,0.060606
4718,adornment,0.154561,200,0.000773,0.000781,0.000047,0.060606
4719,arguer,0.154538,100,0.001545,0.001545,0.000047,0.030303
4720,passing,0.154509,200,0.000773,0.000865,0.000047,0.060606
4721,dependent,0.154489,200,0.000772,0.000781,0.000047,0.060606
4722,bump around,0.154468,200,0.000772,0.000865,0.000047,0.060606
4723,twine,0.154457,200,0.000772,0.000864,0.000047,0.060606
4724,enclosure,0.154443,200,0.000772,0.000864,0.000047,0.060606
4725,heaving,0.154346,200,0.000772,0.000864,0.000047,0.060606
4726,spool,0.154343,200,0.000772,0.000864,0.000047,0.060606
4727,timelessness,0.154318,200,0.000772,0.000780,0.000047,0.060606
4728,stupefaction,0.154286,200,0.000771,0.000780,0.000047,0.060606
4729,being,0.154220,200,0.000771,0.000779,0.000047,0.060606
4730,commove,0.154166,200,0.000771,0.000863,0.000047,0.060606
4731,strike,0.154141,200,0.000771,0.000863,0.000047,0.060606
4732,motorist,0.154113,200,0.000771,0.000863,0.000047,0.060606
4733,dominatrix,0.154110,100,0.001541,0.001541,0.000047,0.030303
4734,stamper,0.154081,200,0.000770,0.000862,0.000047,0.060606
4735,inclining,0.154073,200,0.000770,0.000862,0.000047,0.060606
4736,fungous,0.154028,200,0.000770,0.000778,0.000047,0.060606
4737,insertion,0.153935,200,0.000770,0.000862,0.000047,0.060606
4738,surfer,0.153913,200,0.000770,0.000861,0.000047,0.060606
4739,chaser,0.153912,200,0.000770,0.000861,0.000047,0.060606
4740,turn back,0.153894,200,0.000769,0.000861,0.000047,0.060606
4741,propel,0.153890,200,0.000769,0.000861,0.000047,0.060606
4742,meritable,0.153877,200,0.000769,0.000778,0.000047,0.060606
4743,babbler,0.153864,100,0.001539,0.001539,0.000047,0.030303
4744,belt along,0.153847,200,0.000769,0.000861,0.000047,0.060606
4745,pull up,0.153826,100,0.001538,0.001538,0.000047,0.030303
4746,blurt,0.153815,100,0.001538,0.001538,0.000047,0.030303
4747,sporting lady,0.153753,100,0.001538,0.001538,0.000047,0.030303
4748,poise,0.153738,200,0.000769,0.000860,0.000047,0.060606
4749,coil,0.153723,200,0.000769,0.000860,0.000047,0.060606
4750,advocate,0.153718,200,0.000769,0.000777,0.000047,0.060606
4751,blue-blind,0.153691,100,0.001537,0.001537,0.000047,0.030303
4752,cantillation,0.153681,100,0.001537,0.001537,0.000047,0.030303
4753,spin,0.153611,200,0.000768,0.000860,0.000047,0.060606
4754,bowl,0.153608,200,0.000768,0.000860,0.000047,0.060606
4755,roller,0.153591,200,0.000768,0.000860,0.000047,0.060606
4756,everting,0.153558,200,0.000768,0.000859,0.000047,0.060606
4757,formication,0.153505,200,0.000768,0.000859,0.000047,0.060606
4758,impeller,0.153455,200,0.000767,0.000859,0.000047,0.060606
4759,waggle,0.153436,200,0.000767,0.000859,0.000046,0.060606
4760,barrel,0.153406,200,0.000767,0.000859,0.000046,0.060606
4761,accumulation,0.153321,100,0.001533,0.001533,0.000046,0.030303
4762,chattering,0.153305,100,0.001533,0.001533,0.000046,0.030303
4763,hurry,0.153266,200,0.000766,0.000858,0.000046,0.060606
4764,dislodgement,0.153230,200,0.000766,0.000858,0.000046,0.060606
4765,deposit,0.153203,200,0.000766,0.000857,0.000046,0.060606
4766,pluck,0.153127,200,0.000766,0.000857,0.000046,0.060606
4767,freighter,0.153097,200,0.000765,0.000857,0.000046,0.060606
4768,sprog,0.153081,100,0.001531,0.001531,0.000046,0.030303
4769,rice,0.153076,100,0.001531,0.001531,0.000046,0.030303
4770,coquet,0.153070,100,0.001531,0.001531,0.000046,0.030303
4771,register,0.153060,200,0.000765,0.000774,0.000046,0.060606
4772,poster child,0.153053,100,0.001531,0.001531,0.000046,0.030303
4773,cyprian,0.153007,100,0.001530,0.001530,0.000046,0.030303
4774,vanishing,0.152962,100,0.001530,0.001530,0.000046,0.030303
4775,discriminate,0.152933,200,0.000765,0.000773,0.000046,0.060606
4776,runner,0.152932,200,0.000765,0.000856,0.000046,0.060606
4777,chase away,0.152925,200,0.000765,0.000856,0.000046,0.060606
4778,congenator,0.152921,200,0.000765,0.000773,0.000046,0.060606
4779,be adrift,0.152890,200,0.000764,0.000856,0.000046,0.060606
4780,trail,0.152844,200,0.000764,0.000855,0.000046,0.060606
4781,transplantation,0.152843,200,0.000764,0.000855,0.000046,0.060606
4782,travel rapidly,0.152837,200,0.000764,0.000855,0.000046,0.060606
4783,gyrate,0.152813,200,0.000764,0.000855,0.000046,0.060606
4784,stocker,0.152746,100,0.001527,0.001527,0.000046,0.030303
4785,nestling,0.152739,100,0.001527,0.001527,0.000046,0.030303
4786,dash,0.152737,200,0.000764,0.000855,0.000046,0.060606
4787,muscle,0.152721,200,0.000764,0.000855,0.000046,0.060606
4788,amplification,0.152693,100,0.001527,0.001527,0.000046,0.030303
4789,splatter,0.152673,200,0.000763,0.000855,0.000046,0.060606
4790,speeding,0.152667,200,0.000763,0.000854,0.000046,0.060606
4791,bar girl,0.152650,100,0.001527,0.001527,0.000046,0.030303
4792,canton,0.152634,100,0.001526,0.001526,0.000046,0.030303
4793,huddle,0.152626,200,0.000763,0.000771,0.000046,0.060606
4794,neb,0.152610,100,0.001526,0.001526,0.000046,0.030303
4795,blurt out,0.152556,100,0.001526,0.001526,0.000046,0.030303
4796,vibrate,0.152527,200,0.000763,0.000854,0.000046,0.060606
4797,trudger,0.152467,200,0.000762,0.000853,0.000046,0.060606
4798,young woman,0.152450,100,0.001525,0.001525,0.000046,0.030303
4799,recombinant,0.152441,200,0.000762,0.000770,0.000046,0.060606
4800,trucker,0.152421,200,0.000762,0.000853,0.000046,0.060606
4801,career,0.152381,200,0.000762,0.000853,0.000046,0.060606
4802,sinker,0.152323,200,0.000762,0.000853,0.000046,0.060606
4803,sign off,0.152323,100,0.001523,0.001523,0.000046,0.030303
4804,shadowing,0.152309,200,0.000762,0.000852,0.000046,0.060606
4805,propulsion,0.152301,200,0.000762,0.000852,0.000046,0.060606
4806,jostle,0.152279,200,0.000761,0.000852,0.000046,0.060606
4807,mobilise,0.152268,200,0.000761,0.000852,0.000046,0.060606
4808,run off,0.152258,200,0.000761,0.000852,0.000046,0.060606
4809,small fry,0.152251,100,0.001523,0.001523,0.000046,0.030303
4810,prod,0.152183,200,0.000761,0.000852,0.000046,0.060606
4811,flying,0.152150,200,0.000761,0.000852,0.000046,0.060606
4812,stoppage,0.152116,100,0.001521,0.001521,0.000046,0.030303
4813,slither,0.152014,200,0.000760,0.000851,0.000046,0.060606
4814,porter,0.152010,200,0.000760,0.000851,0.000046,0.060606
4815,following,0.152007,200,0.000760,0.000851,0.000046,0.060606
4816,abductor,0.151996,200,0.000760,0.000851,0.000046,0.060606
4817,concentration,0.151956,100,0.001520,0.001520,0.000046,0.030303
4818,strider,0.151942,200,0.000760,0.000850,0.000046,0.060606
4819,bellow,0.151925,100,0.001519,0.001519,0.000046,0.030303
4820,press down,0.151924,200,0.000760,0.000850,0.000046,0.060606
4821,scintillation,0.151904,200,0.000760,0.000768,0.000046,0.060606
4822,bairn,0.151893,100,0.001519,0.001519,0.000046,0.030303
4823,apposable,0.151854,200,0.000759,0.000850,0.000046,0.060606
4824,wheeling,0.151790,200,0.000759,0.000850,0.000046,0.060606
4825,compression,0.151781,200,0.000759,0.000850,0.000046,0.060606
4826,supinator,0.151687,200,0.000758,0.000849,0.000046,0.060606
4827,foster-child,0.151676,100,0.001517,0.001517,0.000046,0.030303
4828,exteriorize,0.151673,200,0.000758,0.000849,0.000046,0.060606
4829,totterer,0.151655,200,0.000758,0.000849,0.000046,0.060606
4830,trailing,0.151573,200,0.000758,0.000848,0.000046,0.060606
4831,ubiquity,0.151553,100,0.001516,0.001516,0.000046,0.030303
4832,turner,0.151424,200,0.000757,0.000848,0.000046,0.060606
4833,pose,0.151410,200,0.000757,0.000847,0.000046,0.060606
4834,overfly,0.151408,200,0.000757,0.000847,0.000046,0.060606
4835,predation,0.151382,100,0.001514,0.001514,0.000046,0.030303
4836,accession,0.151338,100,0.001513,0.001513,0.000046,0.030303
4837,dumper,0.151314,200,0.000757,0.000847,0.000046,0.060606
4838,scanner,0.151311,200,0.000757,0.000847,0.000046,0.060606
4839,socialise,0.151298,200,0.000756,0.000765,0.000046,0.060606
4840,pull the plug,0.151289,100,0.001513,0.001513,0.000046,0.030303
4841,overtaking,0.151242,200,0.000756,0.000847,0.000046,0.060606
4842,bring in,0.151242,100,0.001512,0.001512,0.000046,0.030303
4843,deity,0.151141,100,0.001511,0.001511,0.000046,0.030303
4844,underlayment,0.151140,200,0.000756,0.000846,0.000046,0.060606
4845,swap,0.151117,200,0.000756,0.000846,0.000046,0.060606
4846,uracil,0.151030,100,0.001510,0.001510,0.000046,0.030303
4847,saccadic,0.150965,200,0.000755,0.000845,0.000046,0.060606
4848,holy water,0.150931,100,0.001509,0.001509,0.000046,0.030303
4849,escort,0.150919,200,0.000755,0.000845,0.000046,0.060606
4850,scrap,0.150847,200,0.000754,0.000762,0.000046,0.060606
4851,push back,0.150783,200,0.000754,0.000844,0.000046,0.060606
4852,wifely,0.150727,100,0.001507,0.001507,0.000046,0.030303
4853,bambino,0.150696,100,0.001507,0.001507,0.000046,0.030303
4854,attainment,0.150646,100,0.001506,0.001506,0.000046,0.030303
4855,shudder,0.150604,200,0.000753,0.000843,0.000046,0.060606
4856,adduct,0.150590,200,0.000753,0.000843,0.000046,0.060606
4857,lady friend,0.150475,100,0.001505,0.001505,0.000046,0.030303
4858,partnership,0.150407,200,0.000752,0.000760,0.000046,0.060606
4859,drool,0.150366,200,0.000752,0.000760,0.000046,0.060606
4860,bed,0.150298,200,0.000751,0.000841,0.000046,0.060606
4861,retirement,0.150276,100,0.001503,0.001503,0.000046,0.030303
4862,operate,0.150274,200,0.000751,0.000841,0.000046,0.060606
4863,launcher,0.150232,200,0.000751,0.000841,0.000046,0.060606
4864,Balkanize,0.150214,100,0.001502,0.001502,0.000046,0.030303
4865,ball-breaker,0.150140,100,0.001501,0.001501,0.000045,0.030303
4866,bargee,0.150066,200,0.000750,0.000840,0.000045,0.060606
4867,pursuer,0.150063,200,0.000750,0.000840,0.000045,0.060606
4868,dislodge,0.150006,200,0.000750,0.000840,0.000045,0.060606
4869,toe,0.149986,200,0.000750,0.000839,0.000045,0.060606
4870,spiller,0.149916,200,0.000750,0.000839,0.000045,0.060606
4871,saprobe,0.149912,200,0.000750,0.000758,0.000045,0.060606
4872,whisk,0.149865,200,0.000749,0.000839,0.000045,0.060606
4873,caprice,0.149816,100,0.001498,0.001498,0.000045,0.030303
4874,spirt,0.149812,200,0.000749,0.000838,0.000045,0.060606
4875,changeling,0.149798,100,0.001498,0.001498,0.000045,0.030303
4876,saltation,0.149766,200,0.000749,0.000838,0.000045,0.060606
4877,billow,0.149718,200,0.000749,0.000838,0.000045,0.060606
4878,plodder,0.149582,200,0.000748,0.000837,0.000045,0.060606
4879,rocky,0.149580,200,0.000748,0.000837,0.000045,0.060606
4880,inclusive,0.149568,100,0.001496,0.001496,0.000045,0.030303
4881,convection,0.149522,200,0.000748,0.000837,0.000045,0.060606
4882,take back,0.149511,200,0.000748,0.000837,0.000045,0.060606
4883,puller,0.149496,200,0.000747,0.000837,0.000045,0.060606
4884,boomerang,0.149483,200,0.000747,0.000837,0.000045,0.060606
4885,dawdler,0.149455,200,0.000747,0.000837,0.000045,0.060606
4886,glycerol,0.149440,200,0.000747,0.000836,0.000045,0.060606
4887,shipping,0.149410,200,0.000747,0.000836,0.000045,0.060606
4888,barge,0.149381,200,0.000747,0.000836,0.000045,0.060606
4889,way station,0.149379,100,0.001494,0.001494,0.000045,0.030303
4890,cannonball along,0.149280,200,0.000746,0.000836,0.000045,0.060606
4891,Sir David Alexander Cecil Low,0.149153,100,0.001492,0.001492,0.000045,0.030303
4892,plough,0.149055,200,0.000745,0.000834,0.000045,0.060606
4893,freight,0.149018,200,0.000745,0.000834,0.000045,0.060606
4894,venture,0.148988,200,0.000745,0.000753,0.000045,0.060606
4895,street child,0.148915,100,0.001489,0.001489,0.000045,0.030303
4896,rafter,0.148833,200,0.000744,0.000833,0.000045,0.060606
4897,scallywag,0.148829,100,0.001488,0.001488,0.000045,0.030303
4898,saunterer,0.148775,200,0.000744,0.000833,0.000045,0.060606
4899,relocate,0.148672,200,0.000743,0.000832,0.000045,0.060606
4900,subsist,0.148667,200,0.000743,0.000751,0.000045,0.060606
4901,descendent,0.148654,200,0.000743,0.000832,0.000045,0.060606
4902,rake off,0.148650,100,0.001486,0.001486,0.000045,0.030303
4903,direct,0.148633,200,0.000743,0.000832,0.000045,0.060606
4904,forge,0.148573,200,0.000743,0.000832,0.000045,0.060606
4905,travel purposefully,0.148519,200,0.000743,0.000831,0.000045,0.060606
4906,force out,0.148480,200,0.000742,0.000831,0.000045,0.060606
4907,predicate,0.148414,200,0.000742,0.000750,0.000045,0.060606
4908,spillage,0.148413,200,0.000742,0.000831,0.000045,0.060606
4909,babe,0.148366,100,0.001484,0.001484,0.000045,0.030303
4910,inversion,0.148352,200,0.000742,0.000830,0.000045,0.060606
4911,agitate,0.148313,200,0.000742,0.000830,0.000045,0.060606
4912,planter,0.148304,200,0.000742,0.000830,0.000045,0.060606
4913,archaize,0.148303,200,0.000742,0.000750,0.000045,0.060606
4914,acquaintanceship,0.148299,200,0.000741,0.000750,0.000045,0.060606
4915,neighborly,0.148291,200,0.000741,0.000749,0.000045,0.060606
4916,rouse,0.148171,200,0.000741,0.000829,0.000045,0.060606
4917,march on,0.148159,200,0.000741,0.000829,0.000045,0.060606
4918,recede,0.148144,200,0.000741,0.000829,0.000045,0.060606
4919,disappear,0.148068,100,0.001481,0.001481,0.000045,0.030303
4920,set in motion,0.148059,200,0.000740,0.000829,0.000045,0.060606
4921,thrower,0.148043,200,0.000740,0.000829,0.000045,0.060606
4922,bathe,0.148022,200,0.000740,0.000748,0.000045,0.060606
4923,swinger,0.148018,200,0.000740,0.000828,0.000045,0.060606
4924,operation,0.147980,200,0.000740,0.000828,0.000045,0.060606
4925,store,0.147950,100,0.001480,0.001480,0.000045,0.030303
4926,adduction,0.147931,200,0.000740,0.000828,0.000045,0.060606
4927,despatch,0.147862,200,0.000739,0.000828,0.000045,0.060606
4928,take home,0.147858,100,0.001479,0.001479,0.000045,0.030303
4929,swan,0.147825,200,0.000739,0.000827,0.000045,0.060606
4930,offspring,0.147803,100,0.001478,0.001478,0.000045,0.030303
4931,dame,0.147772,100,0.001478,0.001478,0.000045,0.030303
4932,shipper,0.147717,200,0.000739,0.000827,0.000045,0.060606
4933,swaggerer,0.147691,200,0.000738,0.000827,0.000045,0.060606
4934,generalize,0.147678,100,0.001477,0.001477,0.000045,0.030303
4935,spit,0.147665,200,0.000738,0.000746,0.000045,0.060606
4936,nondescript,0.147657,200,0.000738,0.000746,0.000045,0.060606
4937,travel along,0.147604,200,0.000738,0.000826,0.000045,0.060606
4938,tailing,0.147603,200,0.000738,0.000826,0.000045,0.060606
4939,line one's pockets,0.147536,100,0.001475,0.001475,0.000045,0.030303
4940,hummer,0.147507,100,0.001475,0.001475,0.000045,0.030303
4941,crooning,0.147490,100,0.001475,0.001475,0.000045,0.030303
4942,whish,0.147480,200,0.000737,0.000825,0.000045,0.060606
4943,advective,0.147469,200,0.000737,0.000825,0.000045,0.060606
4944,beat down,0.147463,200,0.000737,0.000825,0.000045,0.060606
4945,ascension,0.147457,200,0.000737,0.000825,0.000045,0.060606
4946,mistress,0.147443,100,0.001474,0.001474,0.000045,0.030303
4947,exteriorization,0.147407,200,0.000737,0.000825,0.000045,0.060606
4948,catapult,0.147407,200,0.000737,0.000825,0.000045,0.060606
4949,go off,0.147340,100,0.001473,0.001473,0.000045,0.030303
4950,wife,0.147271,100,0.001473,0.001473,0.000045,0.030303
4951,rein in,0.147264,100,0.001473,0.001473,0.000045,0.030303
4952,marcher,0.147223,200,0.000736,0.000824,0.000045,0.060606
4953,maidenly,0.147213,100,0.001472,0.001472,0.000045,0.030303
4954,leaner,0.147204,200,0.000736,0.000824,0.000045,0.060606
4955,wanderer,0.147188,200,0.000736,0.000824,0.000045,0.060606
4956,deprive,0.147129,100,0.001471,0.001471,0.000045,0.030303
4957,punt,0.147128,200,0.000736,0.000823,0.000045,0.060606
4958,tote,0.147104,200,0.000736,0.000823,0.000045,0.060606
4959,be given,0.147065,200,0.000735,0.000743,0.000045,0.060606
4960,chirp,0.147061,100,0.001471,0.001471,0.000045,0.030303
4961,mobilize,0.147047,200,0.000735,0.000823,0.000045,0.060606
4962,faller,0.147040,200,0.000735,0.000823,0.000045,0.060606
4963,allopatric,0.147033,100,0.001470,0.001470,0.000045,0.030303
4964,feminine,0.147016,100,0.001470,0.001470,0.000045,0.030303
4965,discussant,0.146997,100,0.001470,0.001470,0.000045,0.030303
4966,fosterling,0.146966,100,0.001470,0.001470,0.000045,0.030303
4967,quivering,0.146945,200,0.000735,0.000822,0.000045,0.060606
4968,sleepwalker,0.146850,200,0.000734,0.000822,0.000045,0.060606
4969,go out,0.146834,100,0.001468,0.001468,0.000044,0.030303
4970,rotate,0.146807,200,0.000734,0.000822,0.000044,0.060606
4971,interspersion,0.146748,200,0.000734,0.000821,0.000044,0.060606
4972,speeder,0.146717,200,0.000734,0.000821,0.000044,0.060606
4973,lubricant,0.146703,200,0.000734,0.000741,0.000044,0.060606
4974,locomotive,0.146698,200,0.000733,0.000821,0.000044,0.060606
4975,chit chat,0.146682,100,0.001467,0.001467,0.000044,0.030303
4976,ball-buster,0.146629,100,0.001466,0.001466,0.000044,0.030303
4977,maw,0.146622,100,0.001466,0.001466,0.000044,0.030303
4978,go by,0.146606,200,0.000733,0.000821,0.000044,0.060606
4979,carrier,0.146534,200,0.000733,0.000820,0.000044,0.060606
4980,headshake,0.146470,200,0.000732,0.000820,0.000044,0.060606
4981,rima oris,0.146404,100,0.001464,0.001464,0.000044,0.030303
4982,bring home,0.146401,100,0.001464,0.001464,0.000044,0.030303
4983,germy,0.146401,200,0.000732,0.000740,0.000044,0.060606
4984,porterage,0.146362,200,0.000732,0.000819,0.000044,0.060606
4985,ferrying,0.146339,200,0.000732,0.000819,0.000044,0.060606
4986,Black woman,0.146210,100,0.001462,0.001462,0.000044,0.030303
4987,feeding,0.146190,100,0.001462,0.001462,0.000044,0.030303
4988,bawd,0.146162,100,0.001462,0.001462,0.000044,0.030303
4989,co-occurrence,0.146146,200,0.000731,0.000739,0.000044,0.060606
4990,chase,0.146139,200,0.000731,0.000818,0.000044,0.060606
4991,unseat,0.146092,200,0.000730,0.000818,0.000044,0.060606
4992,expatriation,0.146077,200,0.000730,0.000818,0.000044,0.060606
4993,swash,0.146033,200,0.000730,0.000817,0.000044,0.060606
4994,roamer,0.145993,200,0.000730,0.000817,0.000044,0.060606
4995,crooner,0.145960,100,0.001460,0.001460,0.000044,0.030303
4996,herder,0.145950,200,0.000730,0.000817,0.000044,0.060606
4997,bearer,0.145860,200,0.000729,0.000816,0.000044,0.060606
4998,ma'am,0.145749,100,0.001457,0.001457,0.000044,0.030303
4999,stir up,0.145646,200,0.000728,0.000815,0.000044,0.060606
5000,pullback,0.145611,200,0.000728,0.000815,0.000044,0.060606
5001,scanning,0.145577,200,0.000728,0.000815,0.000044,0.060606
5002,scan,0.145556,200,0.000728,0.000815,0.000044,0.060606
5003,sluice,0.145555,200,0.000728,0.000815,0.000044,0.060606
5004,setting,0.145554,200,0.000728,0.000815,0.000044,0.060606
5005,fort,0.145496,200,0.000727,0.000814,0.000044,0.060606
5006,lady,0.145486,100,0.001455,0.001455,0.000044,0.030303
5007,shipment,0.145471,200,0.000727,0.000814,0.000044,0.060606
5008,transmitter,0.145341,200,0.000727,0.000813,0.000044,0.060606
5009,blether,0.145268,100,0.001453,0.001453,0.000044,0.030303
5010,trampling,0.145258,200,0.000726,0.000813,0.000044,0.060606
5011,raver,0.145255,100,0.001453,0.001453,0.000044,0.030303
5012,old woman,0.145250,100,0.001452,0.001452,0.000044,0.030303
5013,skate,0.145165,200,0.000726,0.000812,0.000044,0.060606
5014,profits,0.145164,100,0.001452,0.001452,0.000044,0.030303
5015,temptress,0.145111,100,0.001451,0.001451,0.000044,0.030303
5016,tump over,0.144840,200,0.000724,0.000811,0.000044,0.060606
5017,whirl,0.144828,200,0.000724,0.000811,0.000044,0.060606
5018,blunder out,0.144826,100,0.001448,0.001448,0.000044,0.030303
5019,shifting,0.144732,200,0.000724,0.000810,0.000044,0.060606
5020,dispatch,0.144700,200,0.000724,0.000810,0.000044,0.060606
5021,ruffle,0.144699,200,0.000723,0.000810,0.000044,0.060606
5022,fiduciary,0.144665,200,0.000723,0.000731,0.000044,0.060606
5023,nationalist,0.144599,100,0.001446,0.001446,0.000044,0.030303
5024,turn a nice penny,0.144520,100,0.001445,0.001445,0.000044,0.030303
5025,knock about,0.144488,200,0.000722,0.000730,0.000044,0.060606
5026,tarry,0.144478,200,0.000722,0.000730,0.000044,0.060606
5027,spinsterhood,0.144452,100,0.001445,0.001445,0.000044,0.030303
5028,bastardize,0.144400,100,0.001444,0.001444,0.000044,0.030303
5029,girlfriend,0.144398,100,0.001444,0.001444,0.000044,0.030303
5030,movable,0.144388,200,0.000722,0.000808,0.000044,0.060606
5031,siss,0.144382,100,0.001444,0.001444,0.000044,0.030303
5032,mortgagee,0.144373,200,0.000722,0.000730,0.000044,0.060606
5033,young lady,0.144359,100,0.001444,0.001444,0.000044,0.030303
5034,referee,0.144246,200,0.000721,0.000807,0.000044,0.060606
5035,neutral,0.144202,200,0.000721,0.000729,0.000044,0.060606
5036,whoosh,0.144192,200,0.000721,0.000807,0.000044,0.060606
5037,bust,0.144179,200,0.000721,0.000729,0.000044,0.060606
5038,luxate,0.144160,200,0.000721,0.000807,0.000044,0.060606
5039,imp,0.144091,100,0.001441,0.001441,0.000044,0.030303
5040,supination,0.144068,200,0.000720,0.000806,0.000044,0.060606
5041,impaction,0.144048,200,0.000720,0.000806,0.000044,0.060606
5042,maid of honor,0.144024,100,0.001440,0.001440,0.000044,0.030303
5043,coast,0.143964,200,0.000720,0.000806,0.000044,0.060606
5044,teleportation,0.143908,200,0.000720,0.000805,0.000044,0.060606
5045,resort,0.143868,200,0.000719,0.000805,0.000044,0.060606
5046,get about,0.143809,200,0.000719,0.000805,0.000044,0.060606
5047,flicker,0.143788,200,0.000719,0.000805,0.000044,0.060606
5048,circumnavigation,0.143779,200,0.000719,0.000805,0.000044,0.060606
5049,footslogger,0.143657,200,0.000718,0.000804,0.000044,0.060606
5050,repulse,0.143618,200,0.000718,0.000804,0.000044,0.060606
5051,smut,0.143561,200,0.000718,0.000726,0.000044,0.060606
5052,territorial waters,0.143364,100,0.001434,0.001434,0.000043,0.030303
5053,rotation,0.143363,200,0.000717,0.000802,0.000043,0.060606
5054,jerker,0.143271,200,0.000716,0.000802,0.000043,0.060606
5055,linguistic,0.143267,200,0.000716,0.000724,0.000043,0.060606
5056,daze,0.143264,100,0.001433,0.001433,0.000043,0.030303
5057,gin,0.143234,200,0.000716,0.000802,0.000043,0.060606
5058,love child,0.143222,100,0.001432,0.001432,0.000043,0.030303
5059,creeper,0.143190,200,0.000716,0.000801,0.000043,0.060606
5060,hotfoot,0.143103,200,0.000716,0.000801,0.000043,0.060606
5061,space walk,0.143084,200,0.000715,0.000801,0.000043,0.060606
5062,blab,0.143056,100,0.001431,0.001431,0.000043,0.030303
5063,socialize,0.143025,200,0.000715,0.000723,0.000043,0.060606
5064,shut,0.142984,200,0.000715,0.000800,0.000043,0.060606
5065,extirpate,0.142956,200,0.000715,0.000800,0.000043,0.060606
5066,rating,0.142948,200,0.000715,0.000722,0.000043,0.060606
5067,toter,0.142905,200,0.000715,0.000800,0.000043,0.060606
5068,marshal,0.142886,200,0.000714,0.000800,0.000043,0.060606
5069,loading area,0.142839,100,0.001428,0.001428,0.000043,0.030303
5070,jolty,0.142835,200,0.000714,0.000799,0.000043,0.060606
5071,minx,0.142834,100,0.001428,0.001428,0.000043,0.030303
5072,heterotroph,0.142808,200,0.000714,0.000722,0.000043,0.060606
5073,come out,0.142645,100,0.001426,0.001426,0.000043,0.030303
5074,repulsive,0.142640,200,0.000713,0.000798,0.000043,0.060606
5075,adult female,0.142622,100,0.001426,0.001426,0.000043,0.030303
5076,tumble,0.142615,200,0.000713,0.000798,0.000043,0.060606
5077,maidhood,0.142594,100,0.001426,0.001426,0.000043,0.030303
5078,cripple,0.142540,200,0.000713,0.000720,0.000043,0.060606
5079,slalom,0.142534,200,0.000713,0.000798,0.000043,0.060606
5080,matriarch,0.142481,100,0.001425,0.001425,0.000043,0.030303
5081,drifter,0.142442,200,0.000712,0.000797,0.000043,0.060606
5082,pour,0.142423,200,0.000712,0.000797,0.000043,0.060606
5083,gravitation,0.142397,200,0.000712,0.000720,0.000043,0.060606
5084,Balkanise,0.142330,100,0.001423,0.001423,0.000043,0.030303
5085,by-blow,0.142300,100,0.001423,0.001423,0.000043,0.030303
5086,release,0.142267,200,0.000711,0.000796,0.000043,0.060606
5087,bratty,0.142260,100,0.001423,0.001423,0.000043,0.030303
5088,omnipresence,0.142221,100,0.001422,0.001422,0.000043,0.030303
5089,propound,0.142167,200,0.000711,0.000719,0.000043,0.060606
5090,cow,0.142163,200,0.000711,0.000719,0.000043,0.060606
5091,trier,0.142107,100,0.001421,0.001421,0.000043,0.030303
5092,punter,0.141923,200,0.000710,0.000794,0.000043,0.060606
5093,shover,0.141900,200,0.000709,0.000794,0.000043,0.060606
5094,maidenhood,0.141889,100,0.001419,0.001419,0.000043,0.030303
5095,transferee,0.141867,200,0.000709,0.000794,0.000043,0.060606
5096,cocotte,0.141818,100,0.001418,0.001418,0.000043,0.030303
5097,bachelor girl,0.141753,100,0.001418,0.001418,0.000043,0.030303
5098,betake oneself,0.141724,200,0.000709,0.000793,0.000043,0.060606
5099,agitation,0.141706,200,0.000709,0.000793,0.000043,0.060606
5100,retroflex,0.141689,200,0.000708,0.000793,0.000043,0.060606
5101,follower,0.141655,200,0.000708,0.000793,0.000043,0.060606
5102,deposition,0.141640,200,0.000708,0.000793,0.000043,0.060606
5103,indication,0.141629,100,0.001416,0.001416,0.000043,0.030303
5104,yearling,0.141580,100,0.001416,0.001416,0.000043,0.030303
5105,repulsion,0.141557,200,0.000708,0.000792,0.000043,0.060606
5106,jerking,0.141548,200,0.000708,0.000792,0.000043,0.060606
5107,foetal movement,0.141541,200,0.000708,0.000792,0.000043,0.060606
5108,tracker,0.141518,200,0.000708,0.000792,0.000043,0.060606
5109,disgorge,0.141437,200,0.000707,0.000792,0.000043,0.060606
5110,loiter,0.141395,200,0.000707,0.000715,0.000043,0.060606
5111,suspension,0.141394,200,0.000707,0.000791,0.000043,0.060606
5112,hygrophytic,0.141348,200,0.000707,0.000714,0.000043,0.060606
5113,chit-chat,0.141318,100,0.001413,0.001413,0.000043,0.030303
5114,loading,0.141259,200,0.000706,0.000791,0.000043,0.060606
5115,turn a profit,0.141249,100,0.001412,0.001412,0.000043,0.030303
5116,dogmatize,0.141230,100,0.001412,0.001412,0.000043,0.030303
5117,abate,0.141151,200,0.000706,0.000713,0.000043,0.060606
5118,perturb,0.141104,200,0.000706,0.000790,0.000043,0.060606
5119,variation,0.141077,200,0.000705,0.000713,0.000043,0.060606
5120,shikse,0.141050,100,0.001410,0.001410,0.000043,0.030303
5121,vamper,0.141046,100,0.001410,0.001410,0.000043,0.030303
5122,driver,0.141015,200,0.000705,0.000789,0.000043,0.060606
5123,pigeonhole,0.140991,200,0.000705,0.000789,0.000043,0.060606
5124,Thomas Young,0.140965,100,0.001410,0.001410,0.000043,0.030303
5125,uxorial,0.140927,100,0.001409,0.001409,0.000043,0.030303
5126,Delilah,0.140821,100,0.001408,0.001408,0.000043,0.030303
5127,unmarried woman,0.140754,100,0.001408,0.001408,0.000043,0.030303
5128,penetration,0.140706,200,0.000704,0.000788,0.000043,0.060606
5129,retiree,0.140573,100,0.001406,0.001406,0.000043,0.030303
5130,come in handy,0.140523,200,0.000703,0.000710,0.000043,0.060606
5131,widow woman,0.140460,100,0.001405,0.001405,0.000043,0.030303
5132,mailing,0.140435,200,0.000702,0.000786,0.000043,0.060606
5133,mother figure,0.140403,100,0.001404,0.001404,0.000043,0.030303
5134,bob,0.140346,200,0.000702,0.000786,0.000043,0.060606
5135,upset,0.140241,200,0.000701,0.000785,0.000042,0.060606
5136,defecate,0.140157,200,0.000701,0.000708,0.000042,0.060606
5137,soppy,0.140136,100,0.001401,0.001401,0.000042,0.030303
5138,track,0.140113,200,0.000701,0.000784,0.000042,0.060606
5139,crowding,0.140113,200,0.000701,0.000784,0.000042,0.060606
5140,overturn,0.140106,200,0.000701,0.000784,0.000042,0.060606
5141,hiker,0.140066,200,0.000700,0.000784,0.000042,0.060606
5142,lucre,0.140039,100,0.001400,0.001400,0.000042,0.030303
5143,little girl,0.139913,100,0.001399,0.001399,0.000042,0.030303
5144,break even,0.139911,100,0.001399,0.001399,0.000042,0.030303
5145,derange,0.139890,200,0.000699,0.000783,0.000042,0.060606
5146,transporter,0.139883,200,0.000699,0.000783,0.000042,0.060606
5147,upend,0.139761,200,0.000699,0.000782,0.000042,0.060606
5148,trench,0.139740,200,0.000699,0.000782,0.000042,0.060606
5149,bastardly,0.139617,100,0.001396,0.001396,0.000042,0.030303
5150,urchin,0.139555,100,0.001396,0.001396,0.000042,0.030303
5151,dependant,0.139517,200,0.000698,0.000705,0.000042,0.060606
5152,decease,0.139476,200,0.000697,0.000705,0.000042,0.060606
5153,uproot,0.139453,200,0.000697,0.000781,0.000042,0.060606
5154,coffin,0.139446,200,0.000697,0.000780,0.000042,0.060606
5155,bastardise,0.139442,100,0.001394,0.001394,0.000042,0.030303
5156,blather,0.139418,100,0.001394,0.001394,0.000042,0.030303
5157,bas bleu,0.139409,100,0.001394,0.001394,0.000042,0.030303
5158,womanly,0.139363,100,0.001394,0.001394,0.000042,0.030303
5159,bottler,0.139304,200,0.000697,0.000780,0.000042,0.060606
5160,prostitute,0.139161,100,0.001392,0.001392,0.000042,0.030303
5161,grunt,0.139138,200,0.000696,0.000703,0.000042,0.060606
5162,installing,0.139094,200,0.000695,0.000779,0.000042,0.060606
5163,nullipara,0.139013,100,0.001390,0.001390,0.000042,0.030303
5164,lay off,0.138907,100,0.001389,0.001389,0.000042,0.030303
5165,madam,0.138892,100,0.001389,0.001389,0.000042,0.030303
5166,divorcee,0.138882,100,0.001389,0.001389,0.000042,0.030303
5167,floater,0.138791,200,0.000694,0.000777,0.000042,0.060606
5168,earning per share,0.138678,100,0.001387,0.001387,0.000042,0.030303
5169,bachelorette,0.138642,100,0.001386,0.001386,0.000042,0.030303
5170,kicking,0.138599,200,0.000693,0.000776,0.000042,0.060606
5171,deck,0.138543,200,0.000693,0.000700,0.000042,0.060606
5172,ape,0.138508,200,0.000693,0.000700,0.000042,0.060606
5173,infancy,0.138499,100,0.001385,0.001385,0.000042,0.030303
5174,gentlewoman,0.138497,100,0.001385,0.001385,0.000042,0.030303
5175,girlhood,0.138468,100,0.001385,0.001385,0.000042,0.030303
5176,war,0.138434,200,0.000692,0.000700,0.000042,0.060606
5177,haul up,0.138381,100,0.001384,0.001384,0.000042,0.030303
5178,transferrer,0.138368,200,0.000692,0.000774,0.000042,0.060606
5179,stay in place,0.138363,200,0.000692,0.000774,0.000042,0.060606
5180,nanny,0.138336,100,0.001383,0.001383,0.000042,0.030303
5181,femaleness,0.138262,100,0.001383,0.001383,0.000042,0.030303
5182,polyploid,0.138240,200,0.000691,0.000699,0.000042,0.060606
5183,tike,0.138234,100,0.001382,0.001382,0.000042,0.030303
5184,flourish,0.138192,200,0.000691,0.000773,0.000042,0.060606
5185,laggard,0.138080,200,0.000690,0.000773,0.000042,0.060606
5186,surf,0.138054,200,0.000690,0.000773,0.000042,0.060606
5187,guess,0.138033,200,0.000690,0.000698,0.000042,0.060606
5188,screen,0.137839,100,0.001378,0.001378,0.000042,0.030303
5189,sender,0.137787,200,0.000689,0.000771,0.000042,0.060606
5190,shadower,0.137664,200,0.000688,0.000771,0.000042,0.060606
5191,jostling,0.137578,200,0.000688,0.000770,0.000042,0.060606
5192,mark up,0.137421,100,0.001374,0.001374,0.000042,0.030303
5193,rotary motion,0.137322,200,0.000687,0.000769,0.000042,0.060606
5194,jezebel,0.137289,100,0.001373,0.001373,0.000042,0.030303
5195,mantrap,0.137276,100,0.001373,0.001373,0.000042,0.030303
5196,switching,0.137237,200,0.000686,0.000768,0.000042,0.060606
5197,working girl,0.137215,100,0.001372,0.001372,0.000042,0.030303
5198,prowler,0.137201,200,0.000686,0.000768,0.000042,0.060606
5199,receding,0.137119,200,0.000686,0.000767,0.000042,0.060606
5200,technology,0.136911,200,0.000685,0.000692,0.000041,0.060606
5201,impulsion,0.136908,200,0.000685,0.000766,0.000041,0.060606
5202,Cinderella,0.136725,100,0.001367,0.001367,0.000041,0.030303
5203,fille,0.136707,100,0.001367,0.001367,0.000041,0.030303
5204,rocket,0.136653,200,0.000683,0.000765,0.000041,0.060606
5205,widowhood,0.136548,100,0.001365,0.001365,0.000041,0.030303
5206,hurtle,0.136470,200,0.000682,0.000764,0.000041,0.060606
5207,run low,0.136387,100,0.001364,0.001364,0.000041,0.030303
5208,infant,0.136320,100,0.001363,0.001363,0.000041,0.030303
5209,invert,0.136276,200,0.000681,0.000763,0.000041,0.060606
5210,cakehole,0.136224,100,0.001362,0.001362,0.000041,0.030303
5211,circumvolve,0.136198,200,0.000681,0.000762,0.000041,0.060606
5212,convert,0.136156,200,0.000681,0.000688,0.000041,0.060606
5213,grass widow,0.136145,100,0.001361,0.001361,0.000041,0.030303
5214,pillow,0.136037,200,0.000680,0.000761,0.000041,0.060606
5215,pickaninny,0.135852,100,0.001359,0.001359,0.000041,0.030303
5216,shutting,0.135792,200,0.000679,0.000760,0.000041,0.060606
5217,arranger,0.135682,200,0.000678,0.000759,0.000041,0.060606
5218,ravisher,0.135641,100,0.001356,0.001356,0.000041,0.030303
5219,advection,0.135547,200,0.000678,0.000759,0.000041,0.060606
5220,pass around,0.135537,200,0.000678,0.000759,0.000041,0.060606
5221,junior,0.135525,200,0.000678,0.000685,0.000041,0.060606
5222,infant prodigy,0.135498,100,0.001355,0.001355,0.000041,0.030303
5223,whim,0.135367,100,0.001354,0.001354,0.000041,0.030303
5224,strayer,0.135342,200,0.000677,0.000758,0.000041,0.060606
5225,discordant,0.135332,200,0.000677,0.000684,0.000041,0.060606
5226,shiksa,0.135305,100,0.001353,0.001353,0.000041,0.030303
5227,dish,0.135302,200,0.000677,0.000796,0.000041,0.060606
5228,eternal,0.135280,200,0.000676,0.000684,0.000041,0.060606
5229,detached,0.135271,100,0.001353,0.001353,0.000041,0.030303
5230,nolle prosequi,0.135236,100,0.001352,0.001352,0.000041,0.030303
5231,foster sister,0.135112,100,0.001351,0.001351,0.000041,0.030303
5232,passage,0.135081,200,0.000675,0.000756,0.000041,0.060606
5233,stalking,0.135067,200,0.000675,0.000756,0.000041,0.060606
5234,mill around,0.134975,200,0.000675,0.000682,0.000041,0.060606
5235,commensal,0.134937,200,0.000675,0.000682,0.000041,0.060606
5236,circulation,0.134933,200,0.000675,0.000755,0.000041,0.060606
5237,ex-wife,0.134741,100,0.001347,0.001347,0.000041,0.030303
5238,conk,0.134528,100,0.001345,0.001345,0.000041,0.030303
5239,debutante,0.134523,100,0.001345,0.001345,0.000041,0.030303
5240,suspension point,0.134426,100,0.001344,0.001344,0.000041,0.030303
5241,wiggly,0.134369,200,0.000672,0.000752,0.000041,0.060606
5242,skyrocket,0.134350,200,0.000672,0.000752,0.000041,0.060606
5243,meshing,0.134327,200,0.000672,0.000752,0.000041,0.060606
5244,censorious,0.134323,200,0.000672,0.000679,0.000041,0.060606
5245,selling,0.134257,200,0.000671,0.000679,0.000041,0.060606
5246,err,0.134145,200,0.000671,0.000751,0.000041,0.060606
5247,Slavonic,0.134127,200,0.000671,0.000678,0.000041,0.060606
5248,transportation,0.134035,200,0.000670,0.000750,0.000041,0.060606
5249,complexify,0.133802,200,0.000669,0.000676,0.000041,0.060606
5250,bedazzle,0.133739,100,0.001337,0.001337,0.000041,0.030303
5251,run out,0.133720,100,0.001337,0.001337,0.000041,0.030303
5252,outflank,0.133604,200,0.000668,0.000748,0.000040,0.060606
5253,eurythmy,0.133598,200,0.000668,0.000748,0.000040,0.060606
5254,mailer,0.133574,200,0.000668,0.000748,0.000040,0.060606
5255,ruefulness,0.133552,100,0.001336,0.001336,0.000040,0.030303
5256,sweetheart,0.133503,100,0.001335,0.001335,0.000040,0.030303
5257,divorce,0.133485,100,0.001335,0.001335,0.000040,0.030303
5258,singsong,0.133459,200,0.000667,0.000747,0.000040,0.060606
5259,heroine,0.133435,100,0.001334,0.001334,0.000040,0.030303
5260,prancer,0.133323,200,0.000667,0.000746,0.000040,0.060606
5261,B-girl,0.133308,100,0.001333,0.001333,0.000040,0.030303
5262,foster-sister,0.133291,100,0.001333,0.001333,0.000040,0.030303
5263,married woman,0.133224,100,0.001332,0.001332,0.000040,0.030303
5264,heir,0.133204,100,0.001332,0.001332,0.000040,0.030303
5265,young-bearing,0.133190,100,0.001332,0.001332,0.000040,0.030303
5266,brokenhearted,0.133098,100,0.001331,0.001331,0.000040,0.030303
5267,slobber,0.132947,200,0.000665,0.000672,0.000040,0.060606
5268,nursemaid,0.132919,100,0.001329,0.001329,0.000040,0.030303
5269,garrison,0.132847,200,0.000664,0.000744,0.000040,0.060606
5270,cartage,0.132769,200,0.000664,0.000743,0.000040,0.060606
5271,net profit,0.132729,100,0.001327,0.001327,0.000040,0.030303
5272,droning,0.132717,100,0.001327,0.001327,0.000040,0.030303
5273,fluctuation,0.132622,200,0.000663,0.000742,0.000040,0.060606
5274,dolor,0.132618,100,0.001326,0.001326,0.000040,0.030303
5275,nymphet,0.132356,100,0.001324,0.001324,0.000040,0.030303
5276,speak in tongues,0.132323,100,0.001323,0.001323,0.000040,0.030303
5277,roam,0.132286,200,0.000661,0.000740,0.000040,0.060606
5278,dandle,0.132223,200,0.000661,0.000740,0.000040,0.060606
5279,gross profit,0.132162,100,0.001322,0.001322,0.000040,0.030303
5280,materfamilias,0.132154,100,0.001322,0.001322,0.000040,0.030303
5281,journeyer,0.132005,200,0.000660,0.000739,0.000040,0.060606
5282,channelization,0.131939,200,0.000660,0.000738,0.000040,0.060606
5283,posting,0.131896,200,0.000659,0.000738,0.000040,0.060606
5284,toddle,0.131880,100,0.001319,0.001319,0.000040,0.030303
5285,home,0.131690,200,0.000658,0.000737,0.000040,0.060606
5286,name,0.131668,200,0.000658,0.000665,0.000040,0.060606
5287,rising,0.131647,200,0.000658,0.000737,0.000040,0.060606
5288,tracking,0.131642,200,0.000658,0.000737,0.000040,0.060606
5289,self-pity,0.131635,100,0.001316,0.001316,0.000040,0.030303
5290,smash,0.131632,200,0.000658,0.000665,0.000040,0.060606
5291,lapse,0.131559,200,0.000658,0.000736,0.000040,0.060606
5292,dolourous,0.131531,100,0.001315,0.001315,0.000040,0.030303
5293,catty,0.131520,100,0.001315,0.001315,0.000040,0.030303
5294,housewifely,0.131509,100,0.001315,0.001315,0.000040,0.030303
5295,blasphemer,0.131469,100,0.001315,0.001315,0.000040,0.030303
5296,piccaninny,0.131338,100,0.001313,0.001313,0.000040,0.030303
5297,lady of pleasure,0.131320,100,0.001313,0.001313,0.000040,0.030303
5298,heartache,0.131320,100,0.001313,0.001313,0.000040,0.030303
5299,deportee,0.131185,200,0.000656,0.000734,0.000040,0.060606
5300,androgynous,0.131100,100,0.001311,0.001311,0.000040,0.030303
5301,woman,0.131071,100,0.001311,0.001311,0.000040,0.030303
5302,evert,0.131057,200,0.000655,0.000734,0.000040,0.060606
5303,aged,0.131056,100,0.001311,0.001311,0.000040,0.030303
5304,female child,0.130968,100,0.001310,0.001310,0.000040,0.030303
5305,flirtatious,0.130965,100,0.001310,0.001310,0.000040,0.030303
5306,channelize,0.130792,200,0.000654,0.000732,0.000040,0.060606
5307,fast buck,0.130716,100,0.001307,0.001307,0.000040,0.030303
5308,dishy,0.130672,100,0.001307,0.001307,0.000040,0.030303
5309,archaise,0.130592,200,0.000653,0.000660,0.000040,0.060606
5310,woeful,0.130320,100,0.001303,0.001303,0.000039,0.030303
5311,virago,0.130279,100,0.001303,0.001303,0.000039,0.030303
5312,opponent,0.130263,200,0.000651,0.000658,0.000039,0.060606
5313,climber,0.130222,200,0.000651,0.000729,0.000039,0.060606
5314,offset,0.130146,200,0.000651,0.000728,0.000039,0.060606
5315,wonder child,0.130120,100,0.001301,0.001301,0.000039,0.030303
5316,spread,0.130116,200,0.000651,0.000728,0.000039,0.060606
5317,nudge,0.130107,200,0.000651,0.000728,0.000039,0.060606
5318,deportation,0.130078,200,0.000650,0.000728,0.000039,0.060606
5319,lagger,0.129984,200,0.000650,0.000728,0.000039,0.060606
5320,remorse,0.129977,100,0.001300,0.001300,0.000039,0.030303
5321,fancy woman,0.129950,100,0.001300,0.001300,0.000039,0.030303
5322,park,0.129871,200,0.000649,0.000727,0.000039,0.060606
5323,arrogate,0.129444,200,0.000647,0.000654,0.000039,0.060606
5324,contrition,0.129442,100,0.001294,0.001294,0.000039,0.030303
5325,transshipment,0.129438,200,0.000647,0.000724,0.000039,0.060606
5326,victimize,0.129367,200,0.000647,0.000654,0.000039,0.060606
5327,singalong,0.129312,100,0.001293,0.001293,0.000039,0.030303
5328,contriteness,0.129295,100,0.001293,0.001293,0.000039,0.030303
5329,geisha,0.129051,100,0.001291,0.001291,0.000039,0.030303
5330,postage,0.129031,200,0.000645,0.000722,0.000039,0.060606
5331,inclusion,0.129028,100,0.001290,0.001290,0.000039,0.030303
5332,whoredom,0.129011,100,0.001290,0.001290,0.000039,0.030303
5333,test,0.128826,200,0.000644,0.000651,0.000039,0.060606
5334,girl wonder,0.128753,100,0.001288,0.001288,0.000039,0.030303
5335,argumentative,0.128669,100,0.001287,0.001287,0.000039,0.030303
5336,progression,0.128466,200,0.000642,0.000719,0.000039,0.060606
5337,retrograde,0.128372,200,0.000642,0.000719,0.000039,0.060606
5338,rout out,0.128367,200,0.000642,0.000718,0.000039,0.060606
5339,derailment,0.128313,200,0.000642,0.000718,0.000039,0.060606
5340,self-reproach,0.128255,100,0.001283,0.001283,0.000039,0.030303
5341,song,0.128247,100,0.001282,0.001282,0.000039,0.030303
5342,severance,0.128219,200,0.000641,0.000718,0.000039,0.060606
5343,donna,0.128213,100,0.001282,0.001282,0.000039,0.030303
5344,transition,0.128211,200,0.000641,0.000718,0.000039,0.060606
5345,gross profit margin,0.128068,100,0.001281,0.001281,0.000039,0.030303
5346,kept woman,0.128059,100,0.001281,0.001281,0.000039,0.030303
5347,dolour,0.128040,100,0.001280,0.001280,0.000039,0.030303
5348,change hands,0.127971,200,0.000640,0.000716,0.000039,0.060606
5349,bridesmaid,0.127914,100,0.001279,0.001279,0.000039,0.030303
5350,memorialise,0.127663,100,0.001277,0.001277,0.000039,0.030303
5351,sorrowfulness,0.127415,100,0.001274,0.001274,0.000039,0.030303
5352,blunder,0.127341,100,0.001273,0.001273,0.000039,0.030303
5353,mournful,0.127278,100,0.001273,0.001273,0.000039,0.030303
5354,fry,0.127243,100,0.001272,0.001272,0.000039,0.030303
5355,swoop,0.127227,200,0.000636,0.000712,0.000039,0.060606
5356,stunner,0.127116,100,0.001271,0.001271,0.000039,0.030303
5357,coaster,0.127110,200,0.000636,0.000711,0.000039,0.060606
5358,woman of the street,0.126946,100,0.001269,0.001269,0.000038,0.030303
5359,melancholy,0.126907,100,0.001269,0.001269,0.000038,0.030303
5360,banishment,0.126899,200,0.000634,0.000710,0.000038,0.060606
5361,nymph,0.126895,100,0.001269,0.001269,0.000038,0.030303
5362,upstager,0.126628,200,0.000633,0.000709,0.000038,0.060606
5363,womanhood,0.126484,100,0.001265,0.001265,0.000038,0.030303
5364,national,0.126381,200,0.000632,0.000639,0.000038,0.060606
5365,spurt,0.126326,200,0.000632,0.000707,0.000038,0.060606
5366,sweat,0.126272,200,0.000631,0.000638,0.000038,0.060606
5367,abduction,0.126239,200,0.000631,0.000707,0.000038,0.060606
5368,wonder woman,0.126135,100,0.001261,0.001261,0.000038,0.030303
5369,sadness,0.126063,100,0.001261,0.001261,0.000038,0.030303
5370,pursuit,0.125952,200,0.000630,0.000705,0.000038,0.060606
5371,entertain,0.125944,200,0.000630,0.000637,0.000038,0.060606
5372,circulate,0.125760,200,0.000629,0.000704,0.000038,0.060606
5373,broken heart,0.125736,100,0.001257,0.001257,0.000038,0.030303
5374,short-change,0.125722,100,0.001257,0.001257,0.000038,0.030303
5375,matron,0.125716,100,0.001257,0.001257,0.000038,0.030303
5376,retard,0.125708,200,0.000629,0.000635,0.000038,0.060606
5377,dolorous,0.125581,100,0.001256,0.001256,0.000038,0.030303
5378,rack,0.125550,200,0.000628,0.000703,0.000038,0.060606
5379,stalker,0.125465,200,0.000627,0.000702,0.000038,0.060606
5380,femme fatale,0.125446,100,0.001254,0.001254,0.000038,0.030303
5381,doleful,0.125401,100,0.001254,0.001254,0.000038,0.030303
5382,melancholic,0.125374,100,0.001254,0.001254,0.000038,0.030303
5383,rumpus,0.125335,200,0.000627,0.000702,0.000038,0.060606
5384,heavyhearted,0.125258,100,0.001253,0.001253,0.000038,0.030303
5385,forwarding,0.125209,200,0.000626,0.000701,0.000038,0.060606
5386,pensive,0.125198,100,0.001252,0.001252,0.000038,0.030303
5387,deb,0.124998,100,0.001250,0.001250,0.000038,0.030303
5388,ruthfulness,0.124696,100,0.001247,0.001247,0.000038,0.030303
5389,penitential,0.124661,100,0.001247,0.001247,0.000038,0.030303
5390,yellow woman,0.124658,100,0.001247,0.001247,0.000038,0.030303
5391,benthonic,0.124596,200,0.000623,0.000630,0.000038,0.060606
5392,penitent,0.124579,100,0.001246,0.001246,0.000038,0.030303
5393,surge,0.124518,200,0.000623,0.000697,0.000038,0.060606
5394,piss,0.124284,200,0.000621,0.000628,0.000038,0.060606
5395,ornamentation,0.124194,200,0.000621,0.000628,0.000038,0.060606
5396,lighterage,0.124157,200,0.000621,0.000695,0.000038,0.060606
5397,sneak,0.124124,200,0.000621,0.000695,0.000038,0.060606
5398,thunder,0.124019,100,0.001240,0.001240,0.000038,0.030303
5399,debase,0.123885,200,0.000619,0.000626,0.000038,0.060606
5400,heartbreak,0.123871,100,0.001239,0.001239,0.000038,0.030303
5401,sport,0.123837,200,0.000619,0.000626,0.000038,0.060606
5402,reciprocation,0.123701,200,0.000619,0.000692,0.000037,0.060606
5403,bawdy,0.123308,100,0.001233,0.001233,0.000037,0.030303
5404,drive out,0.123233,200,0.000616,0.000690,0.000037,0.060606
5405,brainstorming,0.123165,100,0.001232,0.001232,0.000037,0.030303
5406,expel,0.123057,200,0.000615,0.000689,0.000037,0.060606
5407,brokenheartedness,0.122816,100,0.001228,0.001228,0.000037,0.030303
5408,forcible,0.122809,200,0.000614,0.000687,0.000037,0.060606
5409,rampage,0.122776,200,0.000614,0.000687,0.000037,0.060606
5410,whoreson,0.122775,100,0.001228,0.001228,0.000037,0.030303
5411,skinny-dipper,0.122754,200,0.000614,0.000687,0.000037,0.060606
5412,adjournment,0.122692,100,0.001227,0.001227,0.000037,0.030303
5413,freightage,0.122636,200,0.000613,0.000686,0.000037,0.060606
5414,abduct,0.122528,200,0.000613,0.000686,0.000037,0.060606
5415,encroacher,0.122514,200,0.000613,0.000686,0.000037,0.060606
5416,drifting,0.122458,200,0.000612,0.000685,0.000037,0.060606
5417,vibration,0.122204,200,0.000611,0.000684,0.000037,0.060606
5418,girl,0.122132,100,0.001221,0.001221,0.000037,0.030303
5419,insert,0.122106,200,0.000611,0.000683,0.000037,0.060606
5420,reading,0.121952,100,0.001220,0.001220,0.000037,0.030303
5421,compartmental,0.121946,200,0.000610,0.000683,0.000037,0.060606
5422,tear,0.121944,200,0.000610,0.000683,0.000037,0.060606
5423,marly,0.121919,100,0.001219,0.001219,0.000037,0.030303
5424,fluctuate,0.121591,200,0.000608,0.000681,0.000037,0.060606
5425,eurhythmics,0.121582,200,0.000608,0.000680,0.000037,0.060606
5426,eurhythmy,0.121490,200,0.000607,0.000680,0.000037,0.060606
5427,contrite,0.121320,100,0.001213,0.001213,0.000037,0.030303
5428,butter,0.121290,100,0.001213,0.001213,0.000037,0.030303
5429,child prodigy,0.121207,100,0.001212,0.001212,0.000037,0.030303
5430,tagalong,0.121071,200,0.000605,0.000678,0.000037,0.060606
5431,fad,0.121040,200,0.000605,0.000612,0.000037,0.060606
5432,mildew,0.120809,200,0.000604,0.000611,0.000037,0.060606
5433,mill about,0.120724,200,0.000604,0.000610,0.000037,0.060606
5434,mournfulness,0.120656,100,0.001207,0.001207,0.000037,0.030303
5435,peach,0.120621,100,0.001206,0.001206,0.000037,0.030303
5436,dalliance,0.120601,100,0.001206,0.001206,0.000037,0.030303
5437,inamorata,0.120600,100,0.001206,0.001206,0.000037,0.030303
5438,breakfast,0.120566,100,0.001206,0.001206,0.000037,0.030303
5439,skinny-dip,0.120455,200,0.000602,0.000674,0.000037,0.060606
5440,descant,0.120300,100,0.001203,0.001203,0.000036,0.030303
5441,dictator,0.120294,100,0.001203,0.001203,0.000036,0.030303
5442,repent,0.120070,100,0.001201,0.001201,0.000036,0.030303
5443,lollygag,0.120026,200,0.000600,0.000607,0.000036,0.060606
5444,grief,0.119448,100,0.001194,0.001194,0.000036,0.030303
5445,accompany,0.119358,200,0.000597,0.000668,0.000036,0.060606
5446,ornamental,0.119311,200,0.000597,0.000603,0.000036,0.060606
5447,murmuration,0.119291,100,0.001193,0.001193,0.000036,0.030303
5448,maenad,0.119163,100,0.001192,0.001192,0.000036,0.030303
5449,exile,0.119107,200,0.000596,0.000667,0.000036,0.060606
5450,infiltration,0.118969,200,0.000595,0.000666,0.000036,0.060606
5451,truckage,0.118943,200,0.000595,0.000666,0.000036,0.060606
5452,white woman,0.118931,100,0.001189,0.001189,0.000036,0.030303
5453,ruminant,0.118849,100,0.001188,0.001188,0.000036,0.030303
5454,bittersweet,0.118801,100,0.001188,0.001188,0.000036,0.030303
5455,silty,0.118751,100,0.001188,0.001188,0.000036,0.030303
5456,surfacing,0.118439,200,0.000592,0.000663,0.000036,0.060606
5457,rulership,0.118368,200,0.000592,0.000598,0.000036,0.060606
5458,enchantress,0.118362,100,0.001184,0.001184,0.000036,0.030303
5459,pass away,0.118227,100,0.001182,0.001182,0.000036,0.030303
5460,approachable,0.117959,200,0.000590,0.000660,0.000036,0.060606
5461,neighbourly,0.117724,200,0.000589,0.000595,0.000036,0.060606
5462,climax,0.117574,100,0.001176,0.001176,0.000036,0.030303
5463,cycle,0.117541,200,0.000588,0.000658,0.000036,0.060606
5464,mousey,0.117521,200,0.000588,0.000594,0.000036,0.060606
5465,pasture,0.117318,100,0.001173,0.001173,0.000036,0.030303
5466,attrition,0.117289,100,0.001173,0.001173,0.000036,0.030303
5467,lunch,0.117147,100,0.001171,0.001171,0.000035,0.030303
5468,pecker,0.117053,100,0.001171,0.001171,0.000035,0.030303
5469,kick out,0.117017,200,0.000585,0.000655,0.000035,0.060606
5470,average,0.116960,200,0.000585,0.000591,0.000035,0.060606
5471,fungal,0.116926,200,0.000585,0.000591,0.000035,0.060606
5472,compunction,0.116845,100,0.001168,0.001168,0.000035,0.030303
5473,tragic,0.116778,100,0.001168,0.001168,0.000035,0.030303
5474,missy,0.116583,100,0.001166,0.001166,0.000035,0.030303
5475,female person,0.116548,100,0.001165,0.001165,0.000035,0.030303
5476,slatternly,0.116128,100,0.001161,0.001161,0.000035,0.030303
5477,ancient,0.116103,200,0.000581,0.000587,0.000035,0.060606
5478,tragical,0.116060,100,0.001161,0.001161,0.000035,0.030303
5479,matronly,0.116057,100,0.001161,0.001161,0.000035,0.030303
5480,ruthful,0.115984,100,0.001160,0.001160,0.000035,0.030303
5481,sward,0.115739,100,0.001157,0.001157,0.000035,0.030303
5482,turf,0.115725,100,0.001157,0.001157,0.000035,0.030303
5483,infiltrator,0.115664,200,0.000578,0.000647,0.000035,0.060606
5484,knock,0.115269,200,0.000576,0.000583,0.000035,0.060606
5485,cytostome,0.115206,100,0.001152,0.001152,0.000035,0.030303
5486,theme,0.114944,100,0.001149,0.001149,0.000035,0.030303
5487,woosh,0.114821,200,0.000574,0.000643,0.000035,0.060606
5488,confabulation,0.114769,100,0.001148,0.001148,0.000035,0.030303
5489,dip,0.114761,100,0.001148,0.001148,0.000035,0.030303
5490,stun,0.114684,100,0.001147,0.001147,0.000035,0.030303
5491,rampageous,0.114627,200,0.000573,0.000642,0.000035,0.060606
5492,nosh,0.114567,100,0.001146,0.001146,0.000035,0.030303
5493,gravida,0.114389,100,0.001144,0.001144,0.000035,0.030303
5494,coastland,0.114373,100,0.001144,0.001144,0.000035,0.030303
5495,choir,0.114165,100,0.001142,0.001142,0.000035,0.030303
5496,baggage,0.114067,100,0.001141,0.001141,0.000035,0.030303
5497,referral,0.113919,200,0.000570,0.000638,0.000035,0.060606
5498,knockout,0.113856,100,0.001139,0.001139,0.000035,0.030303
5499,brunch,0.113752,100,0.001138,0.001138,0.000034,0.030303
5500,loamy,0.113733,100,0.001137,0.001137,0.000034,0.030303
5501,pamper,0.113574,200,0.000568,0.000574,0.000034,0.060606
5502,baulk,0.113514,200,0.000568,0.000574,0.000034,0.060606
5503,moon about,0.113470,200,0.000567,0.000573,0.000034,0.060606
5504,overburden,0.113458,100,0.001135,0.001135,0.000034,0.030303
5505,warbler,0.113362,100,0.001134,0.001134,0.000034,0.030303
5506,addressee,0.113360,200,0.000567,0.000634,0.000034,0.060606
5507,saprolite,0.113319,100,0.001133,0.001133,0.000034,0.030303
5508,cat,0.113223,100,0.001132,0.001132,0.000034,0.030303
5509,tide,0.113207,200,0.000566,0.000634,0.000034,0.060606
5510,plaintive,0.112940,100,0.001129,0.001129,0.000034,0.030303
5511,nibble,0.112836,100,0.001128,0.001128,0.000034,0.030303
5512,shake up,0.112698,200,0.000563,0.000631,0.000034,0.060606
5513,expulsion,0.112670,200,0.000563,0.000631,0.000034,0.060606
5514,tailgater,0.112525,200,0.000563,0.000630,0.000034,0.060606
5515,grunge,0.112464,100,0.001125,0.001125,0.000034,0.030303
5516,comestible,0.112361,100,0.001124,0.001124,0.000034,0.030303
5517,windfall profit,0.112312,100,0.001123,0.001123,0.000034,0.030303
5518,kieselguhr,0.112163,100,0.001122,0.001122,0.000034,0.030303
5519,gimp,0.112113,200,0.000561,0.000627,0.000034,0.060606
5520,lubricator,0.112011,200,0.000560,0.000566,0.000034,0.060606
5521,sylph,0.111903,100,0.001119,0.001119,0.000034,0.030303
5522,rangeland,0.111751,100,0.001118,0.001118,0.000034,0.030303
5523,mount,0.111717,200,0.000559,0.000625,0.000034,0.060606
5524,greensward,0.111704,100,0.001117,0.001117,0.000034,0.030303
5525,rueful,0.111467,100,0.001115,0.001115,0.000034,0.030303
5526,pistillate,0.111437,100,0.001114,0.001114,0.000034,0.030303
5527,rocketry,0.111421,200,0.000557,0.000624,0.000034,0.060606
5528,bottomland,0.111275,100,0.001113,0.001113,0.000034,0.030303
5529,drivel,0.111146,200,0.000556,0.000562,0.000034,0.060606
5530,propagation,0.111091,200,0.000555,0.000622,0.000034,0.060606
5531,diatomaceous earth,0.111062,100,0.001111,0.001111,0.000034,0.030303
5532,sandy,0.111019,100,0.001110,0.001110,0.000034,0.030303
5533,repentant,0.110875,100,0.001109,0.001109,0.000034,0.030303
5534,posing,0.110874,200,0.000554,0.000621,0.000034,0.060606
5535,polder,0.110684,100,0.001107,0.001107,0.000034,0.030303
5536,transgression,0.110667,200,0.000553,0.000619,0.000034,0.060606
5537,avalanche,0.110660,200,0.000553,0.000619,0.000034,0.060606
5538,permafrost,0.110604,100,0.001106,0.001106,0.000034,0.030303
5539,tragicomical,0.110437,100,0.001104,0.001104,0.000033,0.030303
5540,coincident,0.110338,200,0.000552,0.000558,0.000033,0.060606
5541,wetland,0.110015,100,0.001100,0.001100,0.000033,0.030303
5542,streetwalk,0.109905,100,0.001099,0.001099,0.000033,0.030303
5543,cultivated land,0.109702,100,0.001097,0.001097,0.000033,0.030303
5544,dirt,0.109515,100,0.001095,0.001095,0.000033,0.030303
5545,poser,0.109379,200,0.000547,0.000553,0.000033,0.060606
5546,decorative,0.109370,200,0.000547,0.000553,0.000033,0.060606
5547,reciprocate,0.109259,200,0.000546,0.000612,0.000033,0.060606
5548,lubricate,0.108563,200,0.000543,0.000549,0.000033,0.060606
5549,badlands,0.108551,100,0.001086,0.001086,0.000033,0.030303
5550,silt,0.108508,100,0.001085,0.001085,0.000033,0.030303
5551,FTP,0.108356,200,0.000542,0.000606,0.000033,0.060606
5552,precess,0.108340,200,0.000542,0.000606,0.000033,0.060606
5553,egg-producing,0.108340,100,0.001083,0.001083,0.000033,0.030303
5554,talk of,0.108015,100,0.001080,0.001080,0.000033,0.030303
5555,fallback,0.107757,200,0.000539,0.000603,0.000033,0.060606
5556,lallygag,0.107631,200,0.000538,0.000544,0.000033,0.060606
5557,fox,0.107519,200,0.000538,0.000543,0.000033,0.060606
5558,penitentiary,0.107482,100,0.001075,0.001075,0.000033,0.030303
5559,orbit,0.107441,200,0.000537,0.000601,0.000033,0.060606
5560,powder,0.107260,200,0.000536,0.000542,0.000033,0.060606
5561,farmland,0.107142,100,0.001071,0.001071,0.000032,0.030303
5562,fallow,0.107132,100,0.001071,0.001071,0.000032,0.030303
5563,cleanup,0.106889,100,0.001069,0.001069,0.000032,0.030303
5564,orbiter,0.106621,200,0.000533,0.000597,0.000032,0.060606
5565,rate,0.106327,200,0.000532,0.000537,0.000032,0.060606
5566,nudger,0.106279,200,0.000531,0.000595,0.000032,0.060606
5567,broad,0.106247,100,0.001062,0.001062,0.000032,0.030303
5568,nutrient,0.106118,100,0.001061,0.001061,0.000032,0.030303
5569,earthy,0.105795,100,0.001058,0.001058,0.000032,0.030303
5570,mud,0.105663,100,0.001057,0.001057,0.000032,0.030303
5571,loop gain,0.105596,100,0.001056,0.001056,0.000032,0.030303
5572,diatomite,0.105307,100,0.001053,0.001053,0.000032,0.030303
5573,obtrusive,0.105092,200,0.000525,0.000588,0.000032,0.060606
5574,dogma,0.105076,100,0.001051,0.001051,0.000032,0.030303
5575,mess,0.104929,100,0.001049,0.001049,0.000032,0.030303
5576,disunite,0.104881,200,0.000524,0.000587,0.000032,0.060606
5577,grungy,0.104834,100,0.001048,0.001048,0.000032,0.030303
5578,over-crowding,0.104829,200,0.000524,0.000587,0.000032,0.060606
5579,reference,0.104670,200,0.000523,0.000586,0.000032,0.060606
5580,tilth,0.104411,100,0.001044,0.001044,0.000032,0.030303
5581,imbrication,0.104277,200,0.000521,0.000584,0.000032,0.060606
5582,tillage,0.104038,100,0.001040,0.001040,0.000032,0.030303
5583,trim,0.103915,200,0.000520,0.000525,0.000031,0.060606
5584,moraine,0.103197,100,0.001032,0.001032,0.000031,0.030303
5585,commitment,0.103061,200,0.000515,0.000577,0.000031,0.060606
5586,humic,0.102904,100,0.001029,0.001029,0.000031,0.030303
5587,compartmentalisation,0.102530,200,0.000513,0.000574,0.000031,0.060606
5588,shaver,0.102247,100,0.001022,0.001022,0.000031,0.030303
5589,grimy,0.102201,100,0.001022,0.001022,0.000031,0.030303
5590,preposition,0.101876,200,0.000509,0.000570,0.000031,0.060606
5591,progress,0.101866,200,0.000509,0.000570,0.000031,0.060606
5592,tragicomic,0.101747,100,0.001017,0.001017,0.000031,0.030303
5593,lateralization,0.101142,200,0.000506,0.000566,0.000031,0.060606
5594,tilled land,0.101046,100,0.001010,0.001010,0.000031,0.030303
5595,snake oil,0.101037,100,0.001010,0.001010,0.000031,0.030303
5596,worldly concern,0.100714,100,0.001007,0.001007,0.000031,0.030303
5597,globe,0.100677,100,0.001007,0.001007,0.000031,0.030303
5598,feast,0.099334,100,0.000993,0.000993,0.000030,0.030303
5599,coquetry,0.099052,100,0.000991,0.000991,0.000030,0.030303
5600,cascade,0.099043,200,0.000495,0.000554,0.000030,0.060606
5601,standard,0.098965,200,0.000495,0.000554,0.000030,0.060606
5602,mess about,0.098686,200,0.000493,0.000499,0.000030,0.060606
5603,annual,0.098625,200,0.000493,0.000498,0.000030,0.060606
5604,psalmist,0.098102,100,0.000981,0.000981,0.000030,0.030303
5605,swamp,0.097603,100,0.000976,0.000976,0.000030,0.030303
5606,iridescence,0.096396,200,0.000482,0.000487,0.000029,0.060606
5607,filthy,0.095816,100,0.000958,0.000958,0.000029,0.030303
5608,circular,0.095437,200,0.000477,0.000534,0.000029,0.060606
5609,introduction,0.095020,200,0.000475,0.000532,0.000029,0.060606
5610,till,0.094887,100,0.000949,0.000949,0.000029,0.030303
5611,filthy lucre,0.094786,100,0.000948,0.000948,0.000029,0.030303
5612,earthly concern,0.094619,100,0.000946,0.000946,0.000029,0.030303
5613,disconnection,0.094439,200,0.000472,0.000529,0.000029,0.060606
5614,aggravated,0.094334,100,0.000943,0.000943,0.000029,0.030303
5615,viral,0.094210,200,0.000471,0.000476,0.000029,0.060606
5616,raging,0.093638,100,0.000936,0.000936,0.000028,0.030303
5617,rumor,0.093631,100,0.000936,0.000936,0.000028,0.030303
5618,livid,0.093537,100,0.000935,0.000935,0.000028,0.030303
5619,temper,0.093382,100,0.000934,0.000934,0.000028,0.030303
5620,ireful,0.093256,100,0.000933,0.000933,0.000028,0.030303
5621,bad temper,0.093219,100,0.000932,0.000932,0.000028,0.030303
5622,lubrication,0.093153,200,0.000466,0.000471,0.000028,0.060606
5623,ire,0.093091,100,0.000931,0.000931,0.000028,0.030303
5624,encroachment,0.093007,200,0.000465,0.000521,0.000028,0.060606
5625,wrothful,0.092902,100,0.000929,0.000929,0.000028,0.030303
5626,pique,0.092822,100,0.000928,0.000928,0.000028,0.030303
5627,fierceness,0.092767,100,0.000928,0.000928,0.000028,0.030303
5628,furious,0.092497,100,0.000925,0.000925,0.000028,0.030303
5629,maddened,0.091908,100,0.000919,0.000919,0.000028,0.030303
5630,irascible,0.091900,100,0.000919,0.000919,0.000028,0.030303
5631,enraged,0.091886,100,0.000919,0.000919,0.000028,0.030303
5632,angered,0.091828,100,0.000918,0.000918,0.000028,0.030303
5633,enrage,0.091799,100,0.000918,0.000918,0.000028,0.030303
5634,infuriation,0.091698,100,0.000917,0.000917,0.000028,0.030303
5635,displease,0.091502,100,0.000915,0.000915,0.000028,0.030303
5636,ira,0.091392,100,0.000914,0.000914,0.000028,0.030303
5637,indignant,0.091177,100,0.000912,0.000912,0.000028,0.030303
5638,revolve,0.091109,200,0.000456,0.000510,0.000028,0.060606
5639,angry,0.091090,100,0.000911,0.000911,0.000028,0.030303
5640,ill temper,0.091075,100,0.000911,0.000911,0.000028,0.030303
5641,umbrage,0.091005,100,0.000910,0.000910,0.000028,0.030303
5642,wrath,0.090855,100,0.000909,0.000909,0.000028,0.030303
5643,wroth,0.090652,100,0.000907,0.000907,0.000027,0.030303
5644,outraged,0.090644,100,0.000906,0.000906,0.000027,0.030303
5645,choler,0.090472,100,0.000905,0.000905,0.000027,0.030303
5646,irritate,0.090337,100,0.000903,0.000903,0.000027,0.030303
5647,binge,0.090300,100,0.000903,0.000903,0.000027,0.030303
5648,frustrate,0.090197,100,0.000902,0.000902,0.000027,0.030303
5649,upending,0.090052,200,0.000450,0.000504,0.000027,0.060606
5650,incensed,0.089998,100,0.000900,0.000900,0.000027,0.030303
5651,exasperate,0.089833,100,0.000898,0.000898,0.000027,0.030303
5652,furiousness,0.089826,100,0.000898,0.000898,0.000027,0.030303
5653,tempestuous,0.089633,100,0.000896,0.000896,0.000027,0.030303
5654,consort,0.089031,200,0.000445,0.000498,0.000027,0.060606
5655,fierce,0.088980,100,0.000890,0.000890,0.000027,0.030303
5656,splenetic,0.088464,100,0.000885,0.000885,0.000027,0.030303
5657,offence,0.088351,100,0.000884,0.000884,0.000027,0.030303
5658,provoked,0.088310,100,0.000883,0.000883,0.000027,0.030303
5659,offense,0.088309,100,0.000883,0.000883,0.000027,0.030303
5660,infuriated,0.088260,100,0.000883,0.000883,0.000027,0.030303
5661,filth,0.087887,100,0.000879,0.000879,0.000027,0.030303
5662,ferocious,0.087759,100,0.000878,0.000878,0.000027,0.030303
5663,choleric,0.087593,100,0.000876,0.000876,0.000027,0.030303
5664,wildness,0.087409,100,0.000874,0.000874,0.000026,0.030303
5665,stormy,0.087388,100,0.000874,0.000874,0.000026,0.030303
5666,angriness,0.087283,100,0.000873,0.000873,0.000026,0.030303
5667,irate,0.087227,100,0.000872,0.000872,0.000026,0.030303
5668,dirty,0.087209,100,0.000872,0.000872,0.000026,0.030303
5669,chafe,0.087073,100,0.000871,0.000871,0.000026,0.030303
5670,madness,0.086986,100,0.000870,0.000870,0.000026,0.030303
5671,deracination,0.086875,200,0.000434,0.000486,0.000026,0.060606
5672,aggravate,0.086811,100,0.000868,0.000868,0.000026,0.030303
5673,extradition,0.086720,200,0.000434,0.000485,0.000026,0.060606
5674,fury,0.086684,100,0.000867,0.000867,0.000026,0.030303
5675,violent,0.086660,100,0.000867,0.000867,0.000026,0.030303
5676,ferocity,0.086475,100,0.000865,0.000865,0.000026,0.030303
5677,glitter,0.086170,200,0.000431,0.000436,0.000026,0.060606
5678,scablands,0.085965,100,0.000860,0.000860,0.000026,0.030303
5679,debatable,0.085727,100,0.000857,0.000857,0.000026,0.030303
5680,offend,0.085589,100,0.000856,0.000856,0.000026,0.030303
5681,infuriate,0.085153,100,0.000852,0.000852,0.000026,0.030303
5682,worldly,0.085052,100,0.000851,0.000851,0.000026,0.030303
5683,biennial,0.084515,200,0.000423,0.000427,0.000026,0.060606
5684,huffy,0.084299,100,0.000843,0.000843,0.000026,0.030303
5685,sore,0.083910,100,0.000839,0.000839,0.000025,0.030303
5686,docket,0.083578,200,0.000418,0.000468,0.000025,0.060606
5687,soil,0.083161,100,0.000832,0.000832,0.000025,0.030303
5688,wrathful,0.082484,100,0.000825,0.000825,0.000025,0.030303
5689,umbrageous,0.082039,100,0.000820,0.000820,0.000025,0.030303
5690,savageness,0.081860,100,0.000819,0.000819,0.000025,0.030303
5691,smouldering,0.081841,100,0.000818,0.000818,0.000025,0.030303
5692,annoyance,0.081626,100,0.000816,0.000816,0.000025,0.030303
5693,enragement,0.081603,100,0.000816,0.000816,0.000025,0.030303
5694,hot under the collar,0.081501,100,0.000815,0.000815,0.000025,0.030303
5695,smoldering,0.080695,100,0.000807,0.000807,0.000024,0.030303
5696,ferociousness,0.080582,100,0.000806,0.000806,0.000024,0.030303
5697,polarization,0.080577,200,0.000403,0.000451,0.000024,0.060606
5698,chorus,0.080496,100,0.000805,0.000805,0.000024,0.030303
5699,tempestuousness,0.079643,100,0.000796,0.000796,0.000024,0.030303
5700,exclusion,0.079608,200,0.000398,0.000446,0.000024,0.060606
5701,indignation,0.075690,100,0.000757,0.000757,0.000023,0.030303
5702,earthling,0.072308,100,0.000723,0.000723,0.000022,0.030303
5703,huffiness,0.072176,100,0.000722,0.000722,0.000022,0.030303
5704,advancement,0.072014,200,0.000360,0.000403,0.000022,0.060606
5705,repose,0.070073,100,0.000701,0.000701,0.000021,0.030303
5706,saline,0.069278,100,0.000693,0.000693,0.000021,0.030303
5707,alimentary paste,0.064244,100,0.000642,0.000642,0.000019,0.030303
5708,takeout,0.063665,100,0.000637,0.000637,0.000019,0.030303
5709,yoghourt,0.063489,100,0.000635,0.000635,0.000019,0.030303
5710,eat up,0.063423,100,0.000634,0.000634,0.000019,0.030303
5711,coconut meat,0.063340,100,0.000633,0.000633,0.000019,0.030303
5712,ostracism,0.062870,200,0.000314,0.000352,0.000019,0.060606
5713,fodder,0.062660,100,0.000627,0.000627,0.000019,0.030303
5714,fish,0.062508,100,0.000625,0.000625,0.000019,0.030303
5715,victuals,0.062395,100,0.000624,0.000624,0.000019,0.030303
5716,solid food,0.062371,100,0.000624,0.000624,0.000019,0.030303
5717,lunching,0.062041,100,0.000620,0.000620,0.000019,0.030303
5718,gobble,0.061848,100,0.000618,0.000618,0.000019,0.030303
5719,dine in,0.061795,100,0.000618,0.000618,0.000019,0.030303
5720,victual,0.061565,100,0.000616,0.000616,0.000019,0.030303
5721,green groceries,0.061539,100,0.000615,0.000615,0.000019,0.030303
5722,food product,0.061335,100,0.000613,0.000613,0.000019,0.030303
5723,baked goods,0.061260,100,0.000613,0.000613,0.000019,0.030303
5724,gobble up,0.061173,100,0.000612,0.000612,0.000019,0.030303
5725,garden truck,0.061156,100,0.000612,0.000612,0.000019,0.030303
5726,diner,0.061045,100,0.000610,0.000610,0.000018,0.030303
5727,snack,0.060965,100,0.000610,0.000610,0.000018,0.030303
5728,fresh foods,0.060938,100,0.000609,0.000609,0.000018,0.030303
5729,viands,0.060764,100,0.000608,0.000608,0.000018,0.030303
5730,provisions,0.060756,100,0.000608,0.000608,0.000018,0.030303
5731,fill up,0.060628,100,0.000606,0.000606,0.000018,0.030303
5732,communication,0.060609,200,0.000303,0.000339,0.000018,0.060606
5733,vitellus,0.060373,100,0.000604,0.000604,0.000018,0.030303
5734,eatable,0.060134,100,0.000601,0.000601,0.000018,0.030303
5735,dika bread,0.060131,100,0.000601,0.000601,0.000018,0.030303
5736,eyeful,0.060071,100,0.000601,0.000601,0.000018,0.030303
5737,devour,0.060052,100,0.000601,0.000601,0.000018,0.030303
5738,alimentary,0.060041,100,0.000600,0.000600,0.000018,0.030303
5739,breakfast food,0.059970,100,0.000600,0.000600,0.000018,0.030303
5740,comfort food,0.059908,100,0.000599,0.000599,0.000018,0.030303
5741,peck at,0.059841,100,0.000598,0.000598,0.000018,0.030303
5742,nutriment,0.059837,100,0.000598,0.000598,0.000018,0.030303
5743,yogurt,0.059738,100,0.000597,0.000597,0.000018,0.030303
5744,global,0.059627,100,0.000596,0.000596,0.000018,0.030303
5745,fare,0.059621,100,0.000596,0.000596,0.000018,0.030303
5746,dunk,0.059575,100,0.000596,0.000596,0.000018,0.030303
5747,meal,0.059522,100,0.000595,0.000595,0.000018,0.030303
5748,slurp,0.059510,100,0.000595,0.000595,0.000018,0.030303
5749,yoghurt,0.059469,100,0.000595,0.000595,0.000018,0.030303
5750,health food,0.059375,100,0.000594,0.000594,0.000018,0.030303
5751,cereal,0.059299,100,0.000593,0.000593,0.000018,0.030303
5752,dinner,0.059247,100,0.000592,0.000592,0.000018,0.030303
5753,snacker,0.059176,100,0.000592,0.000592,0.000018,0.030303
5754,coconut,0.059081,100,0.000591,0.000591,0.000018,0.030303
5755,scarf out,0.059053,100,0.000591,0.000591,0.000018,0.030303
5756,piece,0.058994,100,0.000590,0.000590,0.000018,0.030303
5757,picknicker,0.058942,100,0.000589,0.000589,0.000018,0.030303
5758,alimentation,0.058926,100,0.000589,0.000589,0.000018,0.030303
5759,picnicker,0.058738,100,0.000587,0.000587,0.000018,0.030303
5760,leftovers,0.058669,100,0.000587,0.000587,0.000018,0.030303
5761,mince,0.058520,100,0.000585,0.000585,0.000018,0.030303
5762,pabulum,0.058473,100,0.000585,0.000585,0.000018,0.030303
5763,treat,0.058455,100,0.000585,0.000585,0.000018,0.030303
5764,englut,0.058384,100,0.000584,0.000584,0.000018,0.030303
5765,consume,0.058363,100,0.000584,0.000584,0.000018,0.030303
5766,buttery,0.058296,100,0.000583,0.000583,0.000018,0.030303
5767,eater,0.058190,100,0.000582,0.000582,0.000018,0.030303
5768,ingurgitate,0.058139,100,0.000581,0.000581,0.000018,0.030303
5769,flour,0.058113,100,0.000581,0.000581,0.000018,0.030303
5770,eat out,0.058031,100,0.000580,0.000580,0.000018,0.030303
5771,fresh food,0.058012,100,0.000580,0.000580,0.000018,0.030303
5772,snail,0.057847,100,0.000578,0.000578,0.000018,0.030303
5773,juicy,0.057442,100,0.000574,0.000574,0.000017,0.030303
5774,takeaway,0.057135,100,0.000571,0.000571,0.000017,0.030303
5775,meaty,0.057103,100,0.000571,0.000571,0.000017,0.030303
5776,eat in,0.056988,100,0.000570,0.000570,0.000017,0.030303
5777,convenience food,0.056898,100,0.000569,0.000569,0.000017,0.030303
5778,colour,0.056869,100,0.000569,0.000569,0.000017,0.030303
5779,dig in,0.056835,100,0.000568,0.000568,0.000017,0.030303
5780,provender,0.056763,100,0.000568,0.000568,0.000017,0.030303
5781,nourishment,0.056762,100,0.000568,0.000568,0.000017,0.030303
5782,banquet,0.056670,100,0.000567,0.000567,0.000017,0.030303
5783,bread,0.056528,100,0.000565,0.000565,0.000017,0.030303
5784,mealy,0.056483,100,0.000565,0.000565,0.000017,0.030303
5785,dipper,0.056356,100,0.000564,0.000564,0.000017,0.030303
5786,take away,0.056242,100,0.000562,0.000562,0.000017,0.030303
5787,dietetic,0.056240,100,0.000562,0.000562,0.000017,0.030303
5788,nutrify,0.056125,100,0.000561,0.000561,0.000017,0.030303
5789,yolk,0.056090,100,0.000561,0.000561,0.000017,0.030303
5790,gormandize,0.055842,100,0.000558,0.000558,0.000017,0.030303
5791,chyme,0.055822,100,0.000558,0.000558,0.000017,0.030303
5792,concoct,0.055625,100,0.000556,0.000556,0.000017,0.030303
5793,soul food,0.055599,100,0.000556,0.000556,0.000017,0.030303
5794,guttle,0.055542,100,0.000555,0.000555,0.000017,0.030303
5795,chocolate,0.055533,100,0.000555,0.000555,0.000017,0.030303
5796,satiate,0.055517,100,0.000555,0.000555,0.000017,0.030303
5797,descendant,0.055468,200,0.000277,0.000310,0.000017,0.060606
5798,gamey,0.055288,100,0.000553,0.000553,0.000017,0.030303
5799,foodstuff,0.055175,100,0.000552,0.000552,0.000017,0.030303
5800,nutritious,0.055166,100,0.000552,0.000552,0.000017,0.030303
5801,nutritional,0.054919,100,0.000549,0.000549,0.000017,0.030303
5802,pick at,0.054868,100,0.000549,0.000549,0.000017,0.030303
5803,gourmandizer,0.054715,100,0.000547,0.000547,0.000017,0.030303
5804,gourmandize,0.054646,100,0.000546,0.000546,0.000017,0.030303
5805,hackles,0.054642,100,0.000546,0.000546,0.000017,0.030303
5806,pasta,0.054531,100,0.000545,0.000545,0.000017,0.030303
5807,gamy,0.054405,100,0.000544,0.000544,0.000016,0.030303
5808,floury,0.054384,100,0.000544,0.000544,0.000016,0.030303
5809,feasting,0.054119,100,0.000541,0.000541,0.000016,0.030303
5810,stuff,0.053929,100,0.000539,0.000539,0.000016,0.030303
5811,nutrition,0.053872,100,0.000539,0.000539,0.000016,0.030303
5812,nibbler,0.053602,100,0.000536,0.000536,0.000016,0.030303
5813,wolf down,0.053577,100,0.000536,0.000536,0.000016,0.030303
5814,dietetical,0.053571,100,0.000536,0.000536,0.000016,0.030303
5815,nutritionary,0.053494,100,0.000535,0.000535,0.000016,0.030303
5816,butyraceous,0.053415,100,0.000534,0.000534,0.000016,0.030303
5817,overeating,0.053367,100,0.000534,0.000534,0.000016,0.030303
5818,rumen,0.053355,100,0.000534,0.000534,0.000016,0.030303
5819,ensile,0.053189,100,0.000532,0.000532,0.000016,0.030303
5820,meat,0.053038,100,0.000530,0.000530,0.000016,0.030303
5821,miraculous food,0.052763,100,0.000528,0.000528,0.000016,0.030303
5822,culture medium,0.052655,100,0.000527,0.000527,0.000016,0.030303
5823,gormandise,0.052487,100,0.000525,0.000525,0.000016,0.030303
5824,bolt,0.052473,100,0.000525,0.000525,0.000016,0.030303
5825,shrimp,0.052358,100,0.000524,0.000524,0.000016,0.030303
5826,dine out,0.052351,100,0.000524,0.000524,0.000016,0.030303
5827,alcoholize,0.052157,100,0.000522,0.000522,0.000016,0.030303
5828,overindulgence,0.052081,100,0.000521,0.000521,0.000016,0.030303
5829,pig,0.052051,100,0.000521,0.000521,0.000016,0.030303
5830,down,0.052051,100,0.000521,0.000521,0.000016,0.030303
5831,gluttonize,0.051954,100,0.000520,0.000520,0.000016,0.030303
5832,engorge,0.051927,100,0.000519,0.000519,0.000016,0.030303
5833,overeat,0.051449,100,0.000514,0.000514,0.000016,0.030303
5834,dainty,0.050826,100,0.000508,0.000508,0.000015,0.030303
5835,gourmand,0.050539,100,0.000505,0.000505,0.000015,0.030303
5836,nosher,0.050507,100,0.000505,0.000505,0.000015,0.030303
5837,gluttonise,0.050419,100,0.000504,0.000504,0.000015,0.030303
5838,gorge,0.050182,100,0.000502,0.000502,0.000015,0.030303
5839,nutritionist,0.049920,100,0.000499,0.000499,0.000015,0.030303
5840,cheese,0.049776,100,0.000498,0.000498,0.000015,0.030303
5841,nourish,0.048692,100,0.000487,0.000487,0.000015,0.030303
5842,drinkable,0.048556,100,0.000486,0.000486,0.000015,0.030303
5843,garbage down,0.048436,100,0.000484,0.000484,0.000015,0.030303
5844,glutton,0.047800,100,0.000478,0.000478,0.000014,0.030303
5845,egg,0.047699,100,0.000477,0.000477,0.000014,0.030303
5846,color,0.047181,100,0.000472,0.000472,0.000014,0.030303
5847,gorger,0.047036,100,0.000470,0.000470,0.000014,0.030303
5848,overgorge,0.046450,100,0.000465,0.000465,0.000014,0.030303
5849,seafood,0.045813,100,0.000458,0.000458,0.000014,0.030303
5850,pitch in,0.044689,100,0.000447,0.000447,0.000014,0.030303
5851,overindulge,0.044094,100,0.000441,0.000441,0.000013,0.030303
5852,halal,0.042976,100,0.000430,0.000430,0.000013,0.030303
5853,pig out,0.042587,100,0.000426,0.000426,0.000013,0.030303
5854,break bread,0.041161,100,0.000412,0.000412,0.000012,0.030303
5855,glut,0.041022,100,0.000410,0.000410,0.000012,0.030303
5856,folding money,0.040747,100,0.000407,0.000407,0.000012,0.030303
5857,hundred dollar bill,0.040595,100,0.000406,0.000406,0.000012,0.030303
5858,bank note,0.040478,100,0.000405,0.000405,0.000012,0.030303
5859,greenback,0.040008,100,0.000400,0.000400,0.000012,0.030303
5860,manna from heaven,0.039926,100,0.000399,0.000399,0.000012,0.030303
5861,fiver,0.039730,100,0.000397,0.000397,0.000012,0.030303
5862,banknote,0.039476,100,0.000395,0.000395,0.000012,0.030303
5863,intellectual nourishment,0.039454,100,0.000395,0.000395,0.000012,0.030303
5864,twenty,0.039433,100,0.000394,0.000394,0.000012,0.030303
5865,hard cash,0.039341,100,0.000393,0.000393,0.000012,0.030303
5866,twenty dollar bill,0.039249,100,0.000392,0.000392,0.000012,0.030303
5867,two dollar bill,0.039198,100,0.000392,0.000392,0.000012,0.030303
5868,currency,0.039131,100,0.000391,0.000391,0.000012,0.030303
5869,government note,0.039015,100,0.000390,0.000390,0.000012,0.030303
5870,tenner,0.038930,100,0.000389,0.000389,0.000012,0.030303
5871,ready money,0.038891,100,0.000389,0.000389,0.000012,0.030303
5872,ready cash,0.038737,100,0.000387,0.000387,0.000012,0.030303
5873,dollar,0.038648,100,0.000386,0.000386,0.000012,0.030303
5874,buck,0.038591,100,0.000386,0.000386,0.000012,0.030303
5875,bank bill,0.038453,100,0.000385,0.000385,0.000012,0.030303
5876,c-note,0.038427,100,0.000384,0.000384,0.000012,0.030303
5877,dollar bill,0.038399,100,0.000384,0.000384,0.000012,0.030303
5878,metal money,0.038166,100,0.000382,0.000382,0.000012,0.030303
5879,fifty,0.038082,100,0.000381,0.000381,0.000012,0.030303
5880,silver certificate,0.038010,100,0.000380,0.000380,0.000012,0.030303
5881,immediate payment,0.037736,100,0.000377,0.000377,0.000011,0.030303
5882,kip,0.037623,100,0.000376,0.000376,0.000011,0.030303
5883,fifty dollar bill,0.037554,100,0.000376,0.000376,0.000011,0.030303
5884,ten dollar bill,0.037364,100,0.000374,0.000374,0.000011,0.030303
5885,specie,0.037316,100,0.000373,0.000373,0.000011,0.030303
5886,spending money,0.037294,100,0.000373,0.000373,0.000011,0.030303
5887,five-spot,0.037230,100,0.000372,0.000372,0.000011,0.030303
5888,one dollar bill,0.037072,100,0.000371,0.000371,0.000011,0.030303
5889,monetary,0.036820,100,0.000368,0.000368,0.000011,0.030303
5890,lie down,0.036806,100,0.000368,0.000368,0.000011,0.030303
5891,slumberer,0.036753,100,0.000368,0.000368,0.000011,0.030303
5892,Federal Reserve note,0.036736,100,0.000367,0.000367,0.000011,0.030303
5893,currentness,0.036535,100,0.000365,0.000365,0.000011,0.030303
5894,pocket money,0.036427,100,0.000364,0.000364,0.000011,0.030303
5895,lay to rest,0.036395,100,0.000364,0.000364,0.000011,0.030303
5896,banker's bill,0.036381,100,0.000364,0.000364,0.000011,0.030303
5897,slumber,0.036333,100,0.000363,0.000363,0.000011,0.030303
5898,sleeping,0.036312,100,0.000363,0.000363,0.000011,0.030303
5899,recumb,0.036308,100,0.000363,0.000363,0.000011,0.030303
5900,contemporaneity,0.036256,100,0.000363,0.000363,0.000011,0.030303
5901,bow down,0.036244,100,0.000362,0.000362,0.000011,0.030303
5902,breather,0.036169,100,0.000362,0.000362,0.000011,0.030303
5903,recumbent,0.036011,100,0.000360,0.000360,0.000011,0.030303
5904,current,0.035957,100,0.000360,0.000360,0.000011,0.030303
5905,stretch out,0.035929,100,0.000359,0.000359,0.000011,0.030303
5906,rest period,0.035667,100,0.000357,0.000357,0.000011,0.030303
5907,mintage,0.035593,100,0.000356,0.000356,0.000011,0.030303
5908,breathing place,0.035436,100,0.000354,0.000354,0.000011,0.030303
5909,salty,0.035380,100,0.000354,0.000354,0.000011,0.030303
5910,pin money,0.035324,100,0.000353,0.000353,0.000011,0.030303
5911,small change,0.035232,100,0.000352,0.000352,0.000011,0.030303
5912,breathing time,0.035224,100,0.000352,0.000352,0.000011,0.030303
5913,sleeper,0.035010,100,0.000350,0.000350,0.000011,0.030303
5914,saltiness,0.034961,100,0.000350,0.000350,0.000011,0.030303
5915,saliferous,0.034909,100,0.000349,0.000349,0.000011,0.030303
5916,cold cash,0.034717,100,0.000347,0.000347,0.000011,0.030303
5917,food for thought,0.034354,100,0.000344,0.000344,0.000010,0.030303
5918,salt,0.034071,100,0.000341,0.000341,0.000010,0.030303
5919,respite,0.034037,100,0.000340,0.000340,0.000010,0.030303
5920,breath,0.033997,100,0.000340,0.000340,0.000010,0.030303
5921,up-to-dateness,0.033773,100,0.000338,0.000338,0.000010,0.030303
5922,salinity,0.033718,100,0.000337,0.000337,0.000010,0.030303
5923,sleep,0.033555,100,0.000336,0.000336,0.000010,0.030303
5924,breathing spell,0.033367,100,0.000334,0.000334,0.000010,0.030303
5925,inter,0.033196,100,0.000332,0.000332,0.000010,0.030303
5926,tasty,0.033118,100,0.000331,0.000331,0.000010,0.030303
5927,modernity,0.033115,100,0.000331,0.000331,0.000010,0.030303
5928,up-to-date,0.033103,100,0.000331,0.000331,0.000010,0.030303
5929,drowse,0.032972,100,0.000330,0.000330,0.000010,0.030303
5930,piquant,0.032685,100,0.000327,0.000327,0.000010,0.030303
5931,bury,0.032338,100,0.000323,0.000323,0.000010,0.030303
5932,saline solution,0.032129,100,0.000321,0.000321,0.000010,0.030303
5933,five dollar bill,0.031831,100,0.000318,0.000318,0.000010,0.030303
5934,saltish,0.031822,100,0.000318,0.000318,0.000010,0.030303
5935,layer,0.031435,100,0.000314,0.000314,0.000010,0.030303
5936,commissariat,0.031334,100,0.000313,0.000313,0.000009,0.030303
5937,relief,0.031159,100,0.000312,0.000312,0.000009,0.030303
5938,burial,0.030853,100,0.000309,0.000309,0.000009,0.030303
5939,salinate,0.030324,100,0.000303,0.000303,0.000009,0.030303
5940,breathing space,0.029881,100,0.000299,0.000299,0.000009,0.030303
5941,chump change,0.029875,100,0.000299,0.000299,0.000009,0.030303
5942,modernness,0.029456,100,0.000295,0.000295,0.000009,0.030303
5943,inhumation,0.028894,100,0.000289,0.000289,0.000009,0.030303
5944,quietus,0.028375,100,0.000284,0.000284,0.000009,0.030303
5945,entombment,0.028353,100,0.000284,0.000284,0.000009,0.030303
5946,interment,0.027509,100,0.000275,0.000275,0.000008,0.030303
5947,eternal sleep,0.026994,100,0.000270,0.000270,0.000008,0.030303
5948,reburial,0.025063,100,0.000251,0.000251,0.000008,0.030303
5949,rebury,0.022756,100,0.000228,0.000228,0.000007,0.030303
5950,eternal rest,0.020526,100,0.000205,0.000205,0.000006,0.030303
5951,modernistic,0.019494,100,0.000195,0.000195,0.000006,0.030303
