{
  "mode": "BC",
  "n_sentences": 613,
  "n_targets_with_gate": 707,
  "tau_field_mean": 0.07024273592609875,
  "tau_field_std": 0.029256973866401702,
  "g_max_mean": 0.24045814146963507,
  "g_max_std": 0.06331993235001492
}